ano,parlamentar,favorecido_consulta,cnpj_consulta,tipo_favorecido,funcao,subfuncao,fase,valor,data,documento
2026,0000,MUNICIPIO DE ITAJAI,83102277000152,Administração pública,12 - Educação,365 - Educação infantil,EMPENHADO,520873.65,09/03/2026,157241152532026NE790240
2026,0000,MUNICIPIO DE ITAJAI,83102277000152,Administração pública,12 - Educação,365 - Educação infantil,PAGO,305329.13,18/03/2026,157241152532026OB000834
2026,0000,MUNICIPIO DE ITAJAI,83102277000152,Administração pública,12 - Educação,365 - Educação infantil,EMPENHADO,236010.09,08/07/2026,153173152532026NE630668
2026,0000,MUNICIPIO DE ITAJAI,83102277000152,Administração pública,12 - Educação,365 - Educação infantil,EMPENHADO,232953.16,29/07/2026,157241152532026NE791320
2026,0000,MUNICIPIO DE ITAJAI,83102277000152,Administração pública,12 - Educação,365 - Educação infantil,PAGO,199415.54,16/04/2026,157241152532026OB001082
2026,0000,MUNICIPIO DE ITAJAI,83102277000152,Administração pública,12 - Educação,365 - Educação infantil,EMPENHADO,179500.0,22/05/2026,157241152532026NE790931
2026,0000,MUNICIPIO DE ITAJAI,83102277000152,Administração pública,12 - Educação,365 - Educação infantil,PAGO,178940.42,02/06/2026,157241152532026OB001593
2026,0000,MUNICIPIO DE ITAJAI,83102277000152,Administração pública,12 - Educação,365 - Educação infantil,EMPENHADO,174365.46,11/03/2026,153173152532026NE650560
2026,0000,HOSPITAL E MATERNIDADE MARIETA KONDER BORNHAUSEN,60194990002200,Hospital,05 - Defesa nacional,331 - Proteção e benefícios ao trabalhador,EMPENHADO,155463.74,07/04/2026,785344000012026NE000095
2026,0000,HOSPITAL E MATERNIDADE MARIETA KONDER BORNHAUSEN,60194990002200,Hospital,05 - Defesa nacional,331 - Proteção e benefícios ao trabalhador,PAGO,155463.74,30/04/2026,785344000012026OB000198
2026,0000,MUNICIPIO DE ITAJAI,83102277000152,Administração pública,12 - Educação,365 - Educação infantil,EMPENHADO,145600.07,01/07/2026,157241152532026NE791236
2026,0000,HOSPITAL E MATERNIDADE MARIETA KONDER BORNHAUSEN,60194990002200,Hospital,05 - Defesa nacional,331 - Proteção e benefícios ao trabalhador,EMPENHADO,127014.99,27/01/2026,785344000012026NE000001
2026,0000,HOSPITAL E MATERNIDADE MARIETA KONDER BORNHAUSEN,60194990002200,Hospital,05 - Defesa nacional,331 - Proteção e benefícios ao trabalhador,PAGO,127014.99,11/02/2026,785344000012026OB000083
2026,0000,HOSPITAL E MATERNIDADE MARIETA KONDER BORNHAUSEN,60194990002200,Hospital,05 - Defesa nacional,331 - Proteção e benefícios ao trabalhador,EMPENHADO,89832.99,26/06/2026,785344000012026NE000291
2026,0000,HOSPITAL E MATERNIDADE MARIETA KONDER BORNHAUSEN,60194990002200,Hospital,05 - Defesa nacional,331 - Proteção e benefícios ao trabalhador,PAGO,89832.99,23/07/2026,785344000012026OB000348
2026,0000,HOSPITAL E MATERNIDADE MARIETA KONDER BORNHAUSEN,60194990002200,Hospital,05 - Defesa nacional,331 - Proteção e benefícios ao trabalhador,EMPENHADO,77231.78,02/03/2026,120073000012026NE000194
2026,0000,HOSPITAL E MATERNIDADE MARIETA KONDER BORNHAUSEN,60194990002200,Hospital,05 - Defesa nacional,331 - Proteção e benefícios ao trabalhador,PAGO,77231.78,14/04/2026,120073000012026OB000567
2026,0000,HOSPITAL E MATERNIDADE MARIETA KONDER BORNHAUSEN,60194990002200,Hospital,05 - Defesa nacional,331 - Proteção e benefícios ao trabalhador,EMPENHADO,74744.75,03/06/2026,785344000012026NE000212
2026,0000,HOSPITAL E MATERNIDADE MARIETA KONDER BORNHAUSEN,60194990002200,Hospital,05 - Defesa nacional,331 - Proteção e benefícios ao trabalhador,PAGO,74744.75,28/07/2026,785344000012026OB000358
2026,0000,HOSPITAL E MATERNIDADE MARIETA KONDER BORNHAUSEN,60194990002200,Hospital,05 - Defesa nacional,331 - Proteção e benefícios ao trabalhador,EMPENHADO,72799.78,19/02/2026,785344000012026NE000027
2026,0000,HOSPITAL E MATERNIDADE MARIETA KONDER BORNHAUSEN,60194990002200,Hospital,05 - Defesa nacional,331 - Proteção e benefícios ao trabalhador,PAGO,72799.78,06/03/2026,785344000012026OB000114
2026,0000,HOSPITAL E MATERNIDADE MARIETA KONDER BORNHAUSEN,60194990002200,Hospital,05 - Defesa nacional,331 - Proteção e benefícios ao trabalhador,EMPENHADO,67652.82,15/07/2026,120073000012026NE000300
2026,0000,HOSPITAL E MATERNIDADE MARIETA KONDER BORNHAUSEN,60194990002200,Hospital,05 - Defesa nacional,331 - Proteção e benefícios ao trabalhador,PAGO,67652.82,07/05/2026,120073000012026OB000752
2026,0000,MUNICIPIO DE ITAJAI,83102277000152,Administração pública,12 - Educação,365 - Educação infantil,EMPENHADO,66264.57,11/03/2026,153173152532026NE650559
2026,0000,HOSPITAL E MATERNIDADE MARIETA KONDER BORNHAUSEN,60194990002200,Hospital,05 - Defesa nacional,331 - Proteção e benefícios ao trabalhador,EMPENHADO,40632.57,27/01/2026,785344000012026NE000002
2026,0000,HOSPITAL E MATERNIDADE MARIETA KONDER BORNHAUSEN,60194990002200,Hospital,05 - Defesa nacional,331 - Proteção e benefícios ao trabalhador,PAGO,40632.57,11/02/2026,785344000012026OB000082
2026,0000,HOSPITAL E MATERNIDADE MARIETA KONDER BORNHAUSEN,60194990002200,Hospital,05 - Defesa nacional,331 - Proteção e benefícios ao trabalhador,PAGO,39116.84,03/07/2026,120073000012026OB001313
2026,0000,HOSPITAL E MATERNIDADE MARIETA KONDER BORNHAUSEN,60194990002200,Hospital,05 - Defesa nacional,331 - Proteção e benefícios ao trabalhador,EMPENHADO,26736.76,12/05/2026,785344000012026NE000170
2026,0000,HOSPITAL E MATERNIDADE MARIETA KONDER BORNHAUSEN,60194990002200,Hospital,05 - Defesa nacional,331 - Proteção e benefícios ao trabalhador,PAGO,26736.76,01/06/2026,785344000012026OB000261
2026,0000,MUNICIPIO DE ITAJAI,83102277000152,Administração pública,12 - Educação,365 - Educação infantil,PAGO,16128.98,26/05/2026,157241152532026OB001479
2026,0000,HOSPITAL E MATERNIDADE MARIETA KONDER BORNHAUSEN,60194990002200,Hospital,05 - Defesa nacional,331 - Proteção e benefícios ao trabalhador,PAGO,5941.52,11/06/2026,120073000012026OB001017
2026,0000,MUNICIPIO DE ITAJAI,83102277000152,Administração pública,12 - Educação,363 - Ensino profissional,EMPENHADO,3895.76,10/03/2026,158516264382026NE000606
2026,0000,MUNICIPIO DE ITAJAI,83102277000152,Administração pública,04 - Administração,122 - Administração geral,EMPENHADO,3722.45,11/05/2026,170156000012026NE000264
2026,0000,HOSPITAL E MATERNIDADE MARIETA KONDER BORNHAUSEN,60194990002200,Hospital,05 - Defesa nacional,331 - Proteção e benefícios ao trabalhador,PAGO,2421.5,29/01/2026,120073000012026OB000050
2026,0000,MUNICIPIO DE ITAJAI,83102277000152,Administração pública,08 - Assistência social,242 - Assistência ao portador de deficiência,PAGO,1621.0,11/02/2026,510181572022026OB004660
2026,0000,MUNICIPIO DE ITAJAI,83102277000152,Administração pública,08 - Assistência social,242 - Assistência ao portador de deficiência,PAGO,1621.0,11/03/2026,510181572022026OB007115
2026,0000,MUNICIPIO DE ITAJAI,83102277000152,Administração pública,08 - Assistência social,242 - Assistência ao portador de deficiência,PAGO,1621.0,07/04/2026,510181572022026OB011796
2026,0000,MUNICIPIO DE ITAJAI,83102277000152,Administração pública,08 - Assistência social,242 - Assistência ao portador de deficiência,PAGO,1621.0,15/05/2026,510181572022026OB021972
2026,0000,MUNICIPIO DE ITAJAI,83102277000152,Administração pública,08 - Assistência social,242 - Assistência ao portador de deficiência,PAGO,1621.0,12/06/2026,510181572022026OB029375
2026,0000,MUNICIPIO DE ITAJAI,83102277000152,Administração pública,08 - Assistência social,242 - Assistência ao portador de deficiência,PAGO,1621.0,13/07/2026,510181572022026OB034205
2026,0000,MUNICIPIO DE ITAJAI,83102277000152,Administração pública,08 - Assistência social,242 - Assistência ao portador de deficiência,PAGO,1518.0,27/01/2026,510181572022026OB001144
2026,0000,MUNICIPIO DE ITAJAI,83102277000152,Administração pública,12 - Educação,365 - Educação infantil,PAGO,559.58,10/07/2026,157241152532026OB001938
2026,0000,MUNICIPIO DE ITAJAI,83102277000152,Administração pública,12 - Educação,363 - Ensino profissional,EMPENHADO,559.0,14/01/2026,158516264382026NE000041
2026,0000,MUNICIPIO DE ITAJAI,83102277000152,Administração pública,12 - Educação,363 - Ensino profissional,EMPENHADO,500.0,21/01/2026,158516264382026NE000080
2026,0000,HOSPITAL E MATERNIDADE MARIETA KONDER BORNHAUSEN,60194990002200,Hospital,05 - Defesa nacional,331 - Proteção e benefícios ao trabalhador,PAGO,474.44,11/06/2026,120073000012026OB001021
2026,0000,HOSPITAL E MATERNIDADE MARIETA KONDER BORNHAUSEN,60194990002200,Hospital,05 - Defesa nacional,331 - Proteção e benefícios ao trabalhador,PAGO,445.8,30/04/2026,785344000012026OB000200
2026,0000,MUNICIPIO DE ITAJAI,83102277000152,Administração pública,20 - Agricultura,122 - Administração geral,PAGO,151.64,14/04/2026,130072000012026OB000177
2026,0000,MUNICIPIO DE ITAJAI,83102277000152,Administração pública,18 - Gestão ambiental,122 - Administração geral,PAGO,132.25,24/06/2026,193125192112026OB000458
2026,0000,MUNICIPIO DE ITAJAI,83102277000152,Administração pública,18 - Gestão ambiental,122 - Administração geral,PAGO,132.25,17/07/2026,193125192112026OB000523
2026,0000,MUNICIPIO DE ITAJAI,83102277000152,Administração pública,18 - Gestão ambiental,122 - Administração geral,PAGO,121.91,26/03/2026,193125192112026OB000142
2026,0000,MUNICIPIO DE ITAJAI,83102277000152,Administração pública,18 - Gestão ambiental,122 - Administração geral,PAGO,121.91,30/03/2026,193125192112026OB000171
2026,0000,MUNICIPIO DE ITAJAI,83102277000152,Administração pública,18 - Gestão ambiental,122 - Administração geral,PAGO,121.91,30/03/2026,193125192112026OB000182
2026,0000,MUNICIPIO DE ITAJAI,83102277000152,Administração pública,18 - Gestão ambiental,122 - Administração geral,PAGO,121.91,08/05/2026,193125192112026OB000289
2026,0000,MUNICIPIO DE ITAJAI,83102277000152,Administração pública,18 - Gestão ambiental,122 - Administração geral,PAGO,121.91,10/06/2026,193125192112026OB000394
2026,0000,MUNICIPIO DE ITAJAI,83102277000152,Administração pública,18 - Gestão ambiental,122 - Administração geral,PAGO,114.06,20/05/2026,193125192112026OB000333
2026,0000,MUNICIPIO DE ITAJAI,83102277000152,Administração pública,18 - Gestão ambiental,122 - Administração geral,PAGO,114.06,11/06/2026,193125192112026OB000401
2026,0000,MUNICIPIO DE ITAJAI,83102277000152,Administração pública,18 - Gestão ambiental,122 - Administração geral,PAGO,114.06,19/06/2026,193125192112026OB000443
2026,0000,MUNICIPIO DE ITAJAI,83102277000152,Administração pública,18 - Gestão ambiental,122 - Administração geral,PAGO,114.06,15/07/2026,193125192112026OB000515
2026,0000,MUNICIPIO DE ITAJAI,83102277000152,Administração pública,18 - Gestão ambiental,122 - Administração geral,PAGO,106.08,20/03/2026,193125192112026OB000116
2026,0000,MUNICIPIO DE ITAJAI,83102277000152,Administração pública,18 - Gestão ambiental,122 - Administração geral,PAGO,106.08,09/04/2026,193125192112026OB000215
2026,0000,MUNICIPIO DE ITAJAI,83102277000152,Administração pública,18 - Gestão ambiental,122 - Administração geral,PAGO,102.54,30/03/2026,193125192112026OB000178
2026,0000,MUNICIPIO DE ITAJAI,83102277000152,Administração pública,18 - Gestão ambiental,122 - Administração geral,PAGO,41.33,17/06/2026,193125192112026OB000423
2026,0000,MUNICIPIO DE ITAJAI,83102277000152,Administração pública,18 - Gestão ambiental,122 - Administração geral,PAGO,31.87,24/04/2026,193125192112026OB000246
2026,0000,MUNICIPIO DE ITAJAI,83102277000152,Administração pública,20 - Agricultura,125 - Normatização e fiscalização,PAGO,25.82,02/06/2026,130072000012026DR800004
2026,0000,MUNICIPIO DE ITAJAI,83102277000152,Administração pública,12 - Educação,363 - Ensino profissional,EMPENHADO,25.26,15/01/2026,158516264382026NE000040
2026,0000,MUNICIPIO DE ITAJAI,83102277000152,Administração pública,18 - Gestão ambiental,122 - Administração geral,PAGO,15.7,24/04/2026,193125192112026OB000239
2026,0000,MUNICIPIO DE ITAJAI,83102277000152,Administração pública,12 - Educação,363 - Ensino profissional,LIQUIDADO,0.0,14/01/2026,158516264382026NS000426
2026,0000,MUNICIPIO DE ITAJAI,83102277000152,Administração pública,12 - Educação,363 - Ensino profissional,LIQUIDADO,0.0,15/01/2026,158516264382026NS000459
2026,0000,MUNICIPIO DE ITAJAI,83102277000152,Administração pública,08 - Assistência social,242 - Assistência ao portador de deficiência,LIQUIDADO,0.0,10/02/2026,510181572022026NS009246
2026,0000,MUNICIPIO DE ITAJAI,83102277000152,Administração pública,08 - Assistência social,242 - Assistência ao portador de deficiência,LIQUIDADO,0.0,10/03/2026,510181572022026NS014101
2026,0000,MUNICIPIO DE ITAJAI,83102277000152,Administração pública,12 - Educação,363 - Ensino profissional,LIQUIDADO,0.0,10/03/2026,158516264382026NS005971
2026,0000,MUNICIPIO DE ITAJAI,83102277000152,Administração pública,12 - Educação,365 - Educação infantil,LIQUIDADO,0.0,17/03/2026,157241152532026NS001656
2026,0000,MUNICIPIO DE ITAJAI,83102277000152,Administração pública,08 - Assistência social,242 - Assistência ao portador de deficiência,LIQUIDADO,0.0,08/01/2026,510181572022026NS002269
2026,0000,MUNICIPIO DE ITAJAI,83102277000152,Administração pública,12 - Educação,365 - Educação infantil,LIQUIDADO,0.0,15/04/2026,157241152532026NS002161
2026,0000,MUNICIPIO DE ITAJAI,83102277000152,Administração pública,08 - Assistência social,242 - Assistência ao portador de deficiência,LIQUIDADO,0.0,07/04/2026,510181572022026NS023473
2026,0000,MUNICIPIO DE ITAJAI,83102277000152,Administração pública,04 - Administração,122 - Administração geral,LIQUIDADO,0.0,11/05/2026,170156000012026NS002473
2026,0000,MUNICIPIO DE ITAJAI,83102277000152,Administração pública,08 - Assistência social,242 - Assistência ao portador de deficiência,LIQUIDADO,0.0,14/05/2026,510181572022026NS043975
2026,0000,MUNICIPIO DE ITAJAI,83102277000152,Administração pública,12 - Educação,365 - Educação infantil,LIQUIDADO,0.0,25/05/2026,157241152532026NS002958
2026,0000,MUNICIPIO DE ITAJAI,83102277000152,Administração pública,12 - Educação,365 - Educação infantil,LIQUIDADO,0.0,01/06/2026,157241152532026NS003189
2026,0000,MUNICIPIO DE ITAJAI,83102277000152,Administração pública,12 - Educação,365 - Educação infantil,LIQUIDADO,0.0,09/07/2026,157241152532026NS004026
2026,0000,MUNICIPIO DE ITAJAI,83102277000152,Administração pública,08 - Assistência social,242 - Assistência ao portador de deficiência,LIQUIDADO,0.0,11/06/2026,510181572022026NS058800
2026,0000,MUNICIPIO DE ITAJAI,83102277000152,Administração pública,08 - Assistência social,242 - Assistência ao portador de deficiência,LIQUIDADO,0.0,13/07/2026,510181572022026NS068640
2026,0000,HOSPITAL E MATERNIDADE MARIETA KONDER BORNHAUSEN,60194990002200,Hospital,05 - Defesa nacional,331 - Proteção e benefícios ao trabalhador,LIQUIDADO,0.0,22/01/2026,120073000012026NS000120
2026,0000,HOSPITAL E MATERNIDADE MARIETA KONDER BORNHAUSEN,60194990002200,Hospital,05 - Defesa nacional,331 - Proteção e benefícios ao trabalhador,LIQUIDADO,0.0,02/02/2026,785344000012026NS000087
2026,0000,HOSPITAL E MATERNIDADE MARIETA KONDER BORNHAUSEN,60194990002200,Hospital,05 - Defesa nacional,331 - Proteção e benefícios ao trabalhador,LIQUIDADO,0.0,02/02/2026,785344000012026NS000089
2026,0000,HOSPITAL E MATERNIDADE MARIETA KONDER BORNHAUSEN,60194990002200,Hospital,05 - Defesa nacional,331 - Proteção e benefícios ao trabalhador,LIQUIDADO,0.0,03/03/2026,785344000012026NS000183
2026,0000,HOSPITAL E MATERNIDADE MARIETA KONDER BORNHAUSEN,60194990002200,Hospital,05 - Defesa nacional,331 - Proteção e benefícios ao trabalhador,LIQUIDADO,0.0,24/04/2026,785344000012026NS000375
2026,0000,HOSPITAL E MATERNIDADE MARIETA KONDER BORNHAUSEN,60194990002200,Hospital,05 - Defesa nacional,331 - Proteção e benefícios ao trabalhador,LIQUIDADO,0.0,04/05/2026,120073000012026NS001764
2026,0000,HOSPITAL E MATERNIDADE MARIETA KONDER BORNHAUSEN,60194990002200,Hospital,05 - Defesa nacional,331 - Proteção e benefícios ao trabalhador,LIQUIDADO,0.0,24/04/2026,785344000012026NS000376
2026,0000,HOSPITAL E MATERNIDADE MARIETA KONDER BORNHAUSEN,60194990002200,Hospital,05 - Defesa nacional,331 - Proteção e benefícios ao trabalhador,LIQUIDADO,0.0,28/05/2026,785344000012026NS000498
2026,0000,HOSPITAL E MATERNIDADE MARIETA KONDER BORNHAUSEN,60194990002200,Hospital,05 - Defesa nacional,331 - Proteção e benefícios ao trabalhador,LIQUIDADO,0.0,08/06/2026,120073000012026NS002494
2026,0000,HOSPITAL E MATERNIDADE MARIETA KONDER BORNHAUSEN,60194990002200,Hospital,05 - Defesa nacional,331 - Proteção e benefícios ao trabalhador,LIQUIDADO,0.0,08/06/2026,120073000012026NS002496
2026,0000,HOSPITAL E MATERNIDADE MARIETA KONDER BORNHAUSEN,60194990002200,Hospital,05 - Defesa nacional,331 - Proteção e benefícios ao trabalhador,LIQUIDADO,0.0,01/07/2026,120073000012026NS003070
2026,0000,HOSPITAL E MATERNIDADE MARIETA KONDER BORNHAUSEN,60194990002200,Hospital,05 - Defesa nacional,331 - Proteção e benefícios ao trabalhador,LIQUIDADO,0.0,22/07/2026,785344000012026NS000764
2026,0000,HOSPITAL E MATERNIDADE MARIETA KONDER BORNHAUSEN,60194990002200,Hospital,05 - Defesa nacional,331 - Proteção e benefícios ao trabalhador,LIQUIDADO,0.0,14/07/2026,785344000012026NS000720
2026,0000,HOSPITAL E MATERNIDADE MARIETA KONDER BORNHAUSEN,60194990002200,Hospital,05 - Defesa nacional,331 - Proteção e benefícios ao trabalhador,LIQUIDADO,0.0,08/04/2026,120073000012026NS001228
2026,0000,HOSPITAL E MATERNIDADE MARIETA KONDER BORNHAUSEN,60194990002200,Hospital,05 - Defesa nacional,331 - Proteção e benefícios ao trabalhador,LIQUIDADO,0.0,22/07/2026,120073000012026NS003608
2026,3235 - GEOVANIA DE SA,MUNICIPIO DE ITAJAI,83102277000152,Administração pública,28 - Encargos especiais,845 - Outras transferências,EMPENHADO,199000.0,19/06/2026,200477000012026NE004727
2026,3235 - GEOVANIA DE SA,MUNICIPIO DE ITAJAI,83102277000152,Administração pública,28 - Encargos especiais,845 - Outras transferências,PAGO,166989.28,22/06/2026,200477000012026OB004491
2026,3235 - GEOVANIA DE SA,MUNICIPIO DE ITAJAI,83102277000152,Administração pública,28 - Encargos especiais,845 - Outras transferências,LIQUIDADO,0.0,19/06/2026,200477000012026NS008707
2026,4273 - JORGE SEIF,MUNICIPIO DE ITAJAI,83102277000152,Administração pública,15 - Urbanismo,244 - Assistência comunitária,EMPENHADO,4775000.0,30/04/2026,530023000012026NE000465
2026,4493 - ZE TROVAO,MUNICIPIO DE ITAJAI,83102277000152,Administração pública,28 - Encargos especiais,845 - Outras transferências,EMPENHADO,1990000.0,08/05/2026,200477000012026NE003671
2026,4493 - ZE TROVAO,MUNICIPIO DE ITAJAI,83102277000152,Administração pública,28 - Encargos especiais,845 - Outras transferências,PAGO,1990000.0,12/05/2026,200477000012026OB003620
2026,4493 - ZE TROVAO,MUNICIPIO DE ITAJAI,83102277000152,Administração pública,28 - Encargos especiais,845 - Outras transferências,EMPENHADO,995000.0,08/05/2026,200477000012026NE003755
2026,4493 - ZE TROVAO,MUNICIPIO DE ITAJAI,83102277000152,Administração pública,28 - Encargos especiais,845 - Outras transferências,PAGO,995000.0,12/05/2026,200477000012026OB003619
2026,4493 - ZE TROVAO,MUNICIPIO DE ITAJAI,83102277000152,Administração pública,28 - Encargos especiais,845 - Outras transferências,LIQUIDADO,0.0,11/05/2026,200477000012026NS002844
2026,4493 - ZE TROVAO,MUNICIPIO DE ITAJAI,83102277000152,Administração pública,28 - Encargos especiais,845 - Outras transferências,LIQUIDADO,0.0,11/05/2026,200477000012026NS002989
2026,8100 - RELATOR GERAL,MUNICIPIO DE ITAJAI,83102277000152,Administração pública,23 - Comércio e serviços,695 - Turismo,EMPENHADO,1912356.0,23/02/2026,540007000012020NE800676
2025,0000,MUNICIPIO DE ITAJAI,83102277000152,Administração pública,12 - Educação,365 - Educação infantil,PAGO,520873.65,17/10/2025,157241152532025OB000574
2025,0000,HOSPITAL E MATERNIDADE MARIETA KONDER BORNHAUSEN,60194990002200,Hospital,05 - Defesa nacional,331 - Proteção e benefícios ao trabalhador,EMPENHADO,177029.3,18/09/2025,785344000012025NE000682
2025,0000,HOSPITAL E MATERNIDADE MARIETA KONDER BORNHAUSEN,60194990002200,Hospital,05 - Defesa nacional,331 - Proteção e benefícios ao trabalhador,PAGO,177029.3,07/10/2025,785344000012025OB000583
2025,0000,HOSPITAL E MATERNIDADE MARIETA KONDER BORNHAUSEN,60194990002200,Hospital,05 - Defesa nacional,331 - Proteção e benefícios ao trabalhador,EMPENHADO,167446.83,27/02/2025,785344000012025NE000032
2025,0000,HOSPITAL E MATERNIDADE MARIETA KONDER BORNHAUSEN,60194990002200,Hospital,05 - Defesa nacional,331 - Proteção e benefícios ao trabalhador,PAGO,167446.83,12/03/2025,785344000012025OB000083
2025,0000,HOSPITAL E MATERNIDADE MARIETA KONDER BORNHAUSEN,60194990002200,Hospital,05 - Defesa nacional,331 - Proteção e benefícios ao trabalhador,EMPENHADO,166468.91,18/11/2025,785344000012025NE000928
2025,0000,HOSPITAL E MATERNIDADE MARIETA KONDER BORNHAUSEN,60194990002200,Hospital,05 - Defesa nacional,331 - Proteção e benefícios ao trabalhador,PAGO,166468.91,27/11/2025,785344000012025OB000741
2025,0000,MUNICIPIO DE ITAJAI,83102277000152,Administração pública,12 - Educação,365 - Educação infantil,EMPENHADO,141606.06,03/09/2025,153173152532025NE631774
2025,0000,HOSPITAL E MATERNIDADE MARIETA KONDER BORNHAUSEN,60194990002200,Hospital,05 - Defesa nacional,331 - Proteção e benefícios ao trabalhador,PAGO,139205.25,28/03/2025,785344000012025OB000128
2025,0000,HOSPITAL E MATERNIDADE MARIETA KONDER BORNHAUSEN,60194990002200,Hospital,05 - Defesa nacional,331 - Proteção e benefícios ao trabalhador,EMPENHADO,136306.68,19/08/2025,785344000012025NE000559
2025,0000,HOSPITAL E MATERNIDADE MARIETA KONDER BORNHAUSEN,60194990002200,Hospital,05 - Defesa nacional,331 - Proteção e benefícios ao trabalhador,PAGO,136306.68,03/09/2025,785344000012025OB000503
2025,0000,HOSPITAL E MATERNIDADE MARIETA KONDER BORNHAUSEN,60194990002200,Hospital,05 - Defesa nacional,331 - Proteção e benefícios ao trabalhador,EMPENHADO,124335.17,11/11/2025,785344000012025NE000346
2025,0000,HOSPITAL E MATERNIDADE MARIETA KONDER BORNHAUSEN,60194990002200,Hospital,05 - Defesa nacional,331 - Proteção e benefícios ao trabalhador,PAGO,124335.14,24/06/2025,785344000012025OB000330
2025,0000,HOSPITAL E MATERNIDADE MARIETA KONDER BORNHAUSEN,60194990002200,Hospital,05 - Defesa nacional,331 - Proteção e benefícios ao trabalhador,EMPENHADO,123389.0,01/12/2025,785344000012025NE001066
2025,0000,HOSPITAL E MATERNIDADE MARIETA KONDER BORNHAUSEN,60194990002200,Hospital,05 - Defesa nacional,331 - Proteção e benefícios ao trabalhador,PAGO,123389.0,15/12/2025,785344000012025OB000806
2025,0000,MUNICIPIO DE ITAJAI,83102277000152,Administração pública,12 - Educação,365 - Educação infantil,EMPENHADO,94404.04,30/09/2025,153173152532025NE632085
2025,0000,HOSPITAL E MATERNIDADE MARIETA KONDER BORNHAUSEN,60194990002200,Hospital,05 - Defesa nacional,331 - Proteção e benefícios ao trabalhador,EMPENHADO,89851.16,18/03/2025,785344000012025NE000070
2025,0000,HOSPITAL E MATERNIDADE MARIETA KONDER BORNHAUSEN,60194990002200,Hospital,05 - Defesa nacional,331 - Proteção e benefícios ao trabalhador,PAGO,85137.82,29/04/2025,785344000012025OB000183
2025,0000,HOSPITAL E MATERNIDADE MARIETA KONDER BORNHAUSEN,60194990002200,Hospital,05 - Defesa nacional,331 - Proteção e benefícios ao trabalhador,EMPENHADO,78945.55,15/12/2025,785344000012025NE000930
2025,0000,HOSPITAL E MATERNIDADE MARIETA KONDER BORNHAUSEN,60194990002200,Hospital,05 - Defesa nacional,331 - Proteção e benefícios ao trabalhador,EMPENHADO,68732.48,13/05/2025,785344000012025NE000239
2025,0000,HOSPITAL E MATERNIDADE MARIETA KONDER BORNHAUSEN,60194990002200,Hospital,05 - Defesa nacional,331 - Proteção e benefícios ao trabalhador,PAGO,68732.48,26/05/2025,785344000012025OB000260
2025,0000,HOSPITAL E MATERNIDADE MARIETA KONDER BORNHAUSEN,60194990002200,Hospital,05 - Defesa nacional,331 - Proteção e benefícios ao trabalhador,EMPENHADO,66566.26,14/04/2025,785344000012025NE000133
2025,0000,HOSPITAL E MATERNIDADE MARIETA KONDER BORNHAUSEN,60194990002200,Hospital,05 - Defesa nacional,331 - Proteção e benefícios ao trabalhador,EMPENHADO,64717.38,22/10/2025,785344000012025NE000834
2025,0000,HOSPITAL E MATERNIDADE MARIETA KONDER BORNHAUSEN,60194990002200,Hospital,05 - Defesa nacional,331 - Proteção e benefícios ao trabalhador,PAGO,64717.38,05/11/2025,785344000012025OB000654
2025,0000,HOSPITAL E MATERNIDADE MARIETA KONDER BORNHAUSEN,60194990002200,Hospital,05 - Defesa nacional,331 - Proteção e benefícios ao trabalhador,EMPENHADO,49354.09,18/03/2025,785344000012025NE000065
2025,0000,HOSPITAL E MATERNIDADE MARIETA KONDER BORNHAUSEN,60194990002200,Hospital,05 - Defesa nacional,331 - Proteção e benefícios ao trabalhador,EMPENHADO,38431.87,02/07/2025,785344000012025NE000405
2025,0000,HOSPITAL E MATERNIDADE MARIETA KONDER BORNHAUSEN,60194990002200,Hospital,05 - Defesa nacional,331 - Proteção e benefícios ao trabalhador,PAGO,38431.87,09/07/2025,785344000012025OB000391
2025,0000,HOSPITAL E MATERNIDADE MARIETA KONDER BORNHAUSEN,60194990002200,Hospital,05 - Defesa nacional,331 - Proteção e benefícios ao trabalhador,EMPENHADO,28852.74,17/04/2025,785344000012025NE000162
2025,0000,HOSPITAL E MATERNIDADE MARIETA KONDER BORNHAUSEN,60194990002200,Hospital,05 - Defesa nacional,331 - Proteção e benefícios ao trabalhador,PAGO,28852.74,29/04/2025,785344000012025OB000211
2025,0000,HOSPITAL E MATERNIDADE MARIETA KONDER BORNHAUSEN,60194990002200,Hospital,05 - Defesa nacional,331 - Proteção e benefícios ao trabalhador,EMPENHADO,19338.69,05/12/2025,120073000012025NE000113
2025,0000,HOSPITAL E MATERNIDADE MARIETA KONDER BORNHAUSEN,60194990002200,Hospital,05 - Defesa nacional,331 - Proteção e benefícios ao trabalhador,EMPENHADO,18571.56,10/04/2025,785344000012025NE000118
2025,0000,HOSPITAL E MATERNIDADE MARIETA KONDER BORNHAUSEN,60194990002200,Hospital,05 - Defesa nacional,331 - Proteção e benefícios ao trabalhador,PAGO,8247.58,08/08/2025,120073000012025OB001443
2025,0000,HOSPITAL E MATERNIDADE MARIETA KONDER BORNHAUSEN,60194990002200,Hospital,05 - Defesa nacional,331 - Proteção e benefícios ao trabalhador,PAGO,4787.43,17/10/2025,120073000012025OB002032
2025,0000,MUNICIPIO DE ITAJAI,83102277000152,Administração pública,08 - Assistência social,242 - Assistência ao portador de deficiência,PAGO,4554.0,03/11/2025,510181572022025OB034157
2025,0000,HOSPITAL E MATERNIDADE MARIETA KONDER BORNHAUSEN,60194990002200,Hospital,05 - Defesa nacional,331 - Proteção e benefícios ao trabalhador,EMPENHADO,4041.6,13/10/2025,120073000012025NE000905
2025,0000,HOSPITAL E MATERNIDADE MARIETA KONDER BORNHAUSEN,60194990002200,Hospital,05 - Defesa nacional,331 - Proteção e benefícios ao trabalhador,PAGO,4041.6,05/11/2025,120073000012025OB002332
2025,0000,MUNICIPIO DE ITAJAI,83102277000152,Administração pública,12 - Educação,363 - Ensino profissional,EMPENHADO,3895.76,25/03/2025,158516264382025NE000823
2025,0000,HOSPITAL E MATERNIDADE MARIETA KONDER BORNHAUSEN,60194990002200,Hospital,05 - Defesa nacional,331 - Proteção e benefícios ao trabalhador,PAGO,3888.28,27/03/2025,120073000012025OB000342
2025,0000,MUNICIPIO DE ITAJAI,83102277000152,Administração pública,04 - Administração,122 - Administração geral,EMPENHADO,3722.45,05/05/2025,170156000012025NE000244
2025,0000,MUNICIPIO DE ITAJAI,83102277000152,Administração pública,08 - Assistência social,242 - Assistência ao portador de deficiência,PAGO,1518.0,03/12/2025,510181572022025OB041622
2025,0000,MUNICIPIO DE ITAJAI,83102277000152,Administração pública,18 - Gestão ambiental,122 - Administração geral,PAGO,1435.26,13/10/2025,193125192112025OB000714
2025,0000,HOSPITAL E MATERNIDADE MARIETA KONDER BORNHAUSEN,60194990002200,Hospital,05 - Defesa nacional,331 - Proteção e benefícios ao trabalhador,PAGO,1264.4,30/04/2025,120073000012025OB000685
2025,0000,HOSPITAL E MATERNIDADE MARIETA KONDER BORNHAUSEN,60194990002200,Hospital,05 - Defesa nacional,331 - Proteção e benefícios ao trabalhador,PAGO,690.6,01/07/2025,120073000012025OB001086
2025,0000,HOSPITAL E MATERNIDADE MARIETA KONDER BORNHAUSEN,60194990002200,Hospital,05 - Defesa nacional,331 - Proteção e benefícios ao trabalhador,PAGO,575.5,27/11/2025,120073000012025OB002526
2025,0000,HOSPITAL E MATERNIDADE MARIETA KONDER BORNHAUSEN,60194990002200,Hospital,05 - Defesa nacional,331 - Proteção e benefícios ao trabalhador,PAGO,460.4,02/09/2025,120073000012025OB001631
2025,0000,MUNICIPIO DE ITAJAI,83102277000152,Administração pública,18 - Gestão ambiental,122 - Administração geral,PAGO,307.92,09/07/2025,193125192112025OB000466
2025,0000,MUNICIPIO DE ITAJAI,83102277000152,Administração pública,18 - Gestão ambiental,122 - Administração geral,PAGO,307.92,07/08/2025,193125192112025OB000564
2025,0000,MUNICIPIO DE ITAJAI,83102277000152,Administração pública,18 - Gestão ambiental,122 - Administração geral,PAGO,135.86,27/01/2025,193125192112025OB000045
2025,0000,MUNICIPIO DE ITAJAI,83102277000152,Administração pública,18 - Gestão ambiental,122 - Administração geral,PAGO,135.86,21/02/2025,193125192112025OB000113
2025,0000,MUNICIPIO DE ITAJAI,83102277000152,Administração pública,18 - Gestão ambiental,122 - Administração geral,PAGO,121.91,25/07/2025,193125192112025OB000519
2025,0000,MUNICIPIO DE ITAJAI,83102277000152,Administração pública,18 - Gestão ambiental,122 - Administração geral,PAGO,121.91,22/08/2025,193125192112025OB000606
2025,0000,MUNICIPIO DE ITAJAI,83102277000152,Administração pública,18 - Gestão ambiental,122 - Administração geral,PAGO,121.91,13/10/2025,193125192112025OB000718
2025,0000,MUNICIPIO DE ITAJAI,83102277000152,Administração pública,18 - Gestão ambiental,122 - Administração geral,PAGO,121.91,14/08/2025,193125192112025OB000586
2025,0000,MUNICIPIO DE ITAJAI,83102277000152,Administração pública,18 - Gestão ambiental,122 - Administração geral,PAGO,121.91,07/08/2025,193125192112025OB000555
2025,0000,HOSPITAL E MATERNIDADE MARIETA KONDER BORNHAUSEN,60194990002200,Hospital,05 - Defesa nacional,331 - Proteção e benefícios ao trabalhador,PAGO,115.1,11/02/2025,120073000012025OB000140
2025,0000,MUNICIPIO DE ITAJAI,83102277000152,Administração pública,18 - Gestão ambiental,122 - Administração geral,PAGO,111.29,27/01/2025,193125192112025OB000014
2025,0000,MUNICIPIO DE ITAJAI,83102277000152,Administração pública,18 - Gestão ambiental,122 - Administração geral,PAGO,111.29,27/01/2025,193125192112025OB000015
2025,0000,MUNICIPIO DE ITAJAI,83102277000152,Administração pública,18 - Gestão ambiental,122 - Administração geral,PAGO,111.29,20/02/2025,193125192112025OB000100
2025,0000,MUNICIPIO DE ITAJAI,83102277000152,Administração pública,18 - Gestão ambiental,122 - Administração geral,PAGO,111.29,30/05/2025,193125192112025OB000334
2025,0000,MUNICIPIO DE ITAJAI,83102277000152,Administração pública,18 - Gestão ambiental,122 - Administração geral,PAGO,111.29,12/06/2025,193125192112025OB000389
2025,0000,MUNICIPIO DE ITAJAI,83102277000152,Administração pública,18 - Gestão ambiental,122 - Administração geral,PAGO,103.08,01/04/2025,193125192112025OB000206
2025,0000,MUNICIPIO DE ITAJAI,83102277000152,Administração pública,18 - Gestão ambiental,122 - Administração geral,PAGO,99.49,03/12/2025,193125192112025OB000963
2025,0000,MUNICIPIO DE ITAJAI,83102277000152,Administração pública,18 - Gestão ambiental,122 - Administração geral,PAGO,99.48,27/06/2025,193125192112025OB000424
2025,0000,MUNICIPIO DE ITAJAI,83102277000152,Administração pública,18 - Gestão ambiental,122 - Administração geral,PAGO,99.48,14/10/2025,193125192112025OB000727
2025,0000,MUNICIPIO DE ITAJAI,83102277000152,Administração pública,18 - Gestão ambiental,122 - Administração geral,PAGO,99.48,14/08/2025,193125192112025OB000580
2025,0000,MUNICIPIO DE ITAJAI,83102277000152,Administração pública,18 - Gestão ambiental,122 - Administração geral,PAGO,91.99,30/05/2025,193125192112025OB000322
2025,0000,MUNICIPIO DE ITAJAI,83102277000152,Administração pública,18 - Gestão ambiental,122 - Administração geral,PAGO,70.48,12/03/2025,193125192112025OB000161
2025,0000,MUNICIPIO DE ITAJAI,83102277000152,Administração pública,18 - Gestão ambiental,122 - Administração geral,PAGO,11.39,06/03/2025,193125192112025OB000135
2025,0000,MUNICIPIO DE ITAJAI,83102277000152,Administração pública,18 - Gestão ambiental,122 - Administração geral,PAGO,9.24,30/05/2025,193125192112025OB000328
2025,0000,MUNICIPIO DE ITAJAI,83102277000152,Administração pública,09 - Previdência social,122 - Administração geral,PAGO,6.3,29/10/2025,510181572022025DR803803
2025,0000,MUNICIPIO DE ITAJAI,83102277000152,Administração pública,04 - Administração,122 - Administração geral,LIQUIDADO,0.0,05/05/2025,170156000012025NS002349
2025,0000,MUNICIPIO DE ITAJAI,83102277000152,Administração pública,08 - Assistência social,242 - Assistência ao portador de deficiência,LIQUIDADO,0.0,31/10/2025,510181572022025NS068221
2025,0000,MUNICIPIO DE ITAJAI,83102277000152,Administração pública,08 - Assistência social,242 - Assistência ao portador de deficiência,LIQUIDADO,0.0,03/12/2025,510181572022025NS083229
2025,0000,MUNICIPIO DE ITAJAI,83102277000152,Administração pública,17 - Saneamento,512 - Saneamento básico urbano,LIQUIDADO,0.0,07/07/2025,175004000012025NS011121
2025,0000,MUNICIPIO DE ITAJAI,83102277000152,Administração pública,12 - Educação,363 - Ensino profissional,LIQUIDADO,0.0,27/03/2025,158516264382025NS009169
2025,0000,MUNICIPIO DE ITAJAI,83102277000152,Administração pública,12 - Educação,365 - Educação infantil,LIQUIDADO,0.0,16/10/2025,157241152532025NS001435
2025,0000,MUNICIPIO DE ITAJAI,83102277000152,Administração pública,17 - Saneamento,512 - Saneamento básico urbano,LIQUIDADO,0.0,30/12/2025,175004000012025NS022907
2025,0000,MUNICIPIO DE ITAJAI,83102277000152,Administração pública,18 - Gestão ambiental,122 - Administração geral,PAGO,0.0,14/10/2025,193125192112025OB000723
2025,0000,HOSPITAL E MATERNIDADE MARIETA KONDER BORNHAUSEN,60194990002200,Hospital,05 - Defesa nacional,331 - Proteção e benefícios ao trabalhador,LIQUIDADO,0.0,31/01/2025,120073000012025NS000250
2025,0000,HOSPITAL E MATERNIDADE MARIETA KONDER BORNHAUSEN,60194990002200,Hospital,05 - Defesa nacional,331 - Proteção e benefícios ao trabalhador,LIQUIDADO,0.0,13/03/2025,120073000012025NS000714
2025,0000,HOSPITAL E MATERNIDADE MARIETA KONDER BORNHAUSEN,60194990002200,Hospital,05 - Defesa nacional,331 - Proteção e benefícios ao trabalhador,LIQUIDADO,0.0,25/03/2025,785344000012025NS000289
2025,0000,HOSPITAL E MATERNIDADE MARIETA KONDER BORNHAUSEN,60194990002200,Hospital,05 - Defesa nacional,331 - Proteção e benefícios ao trabalhador,LIQUIDADO,0.0,28/04/2025,120073000012025NS001475
2025,0000,HOSPITAL E MATERNIDADE MARIETA KONDER BORNHAUSEN,60194990002200,Hospital,05 - Defesa nacional,331 - Proteção e benefícios ao trabalhador,LIQUIDADO,0.0,21/05/2025,785344000012025NS000608
2025,0000,HOSPITAL E MATERNIDADE MARIETA KONDER BORNHAUSEN,60194990002200,Hospital,05 - Defesa nacional,331 - Proteção e benefícios ao trabalhador,LIQUIDADO,0.0,16/06/2025,785344000012025NS000731
2025,0000,HOSPITAL E MATERNIDADE MARIETA KONDER BORNHAUSEN,60194990002200,Hospital,05 - Defesa nacional,331 - Proteção e benefícios ao trabalhador,LIQUIDADO,0.0,23/06/2025,120073000012025NS002446
2025,0000,HOSPITAL E MATERNIDADE MARIETA KONDER BORNHAUSEN,60194990002200,Hospital,05 - Defesa nacional,331 - Proteção e benefícios ao trabalhador,LIQUIDADO,0.0,26/08/2025,785344000012025NS001111
2025,0000,HOSPITAL E MATERNIDADE MARIETA KONDER BORNHAUSEN,60194990002200,Hospital,05 - Defesa nacional,331 - Proteção e benefícios ao trabalhador,LIQUIDADO,0.0,30/10/2025,120073000012025NS005222
2025,0000,HOSPITAL E MATERNIDADE MARIETA KONDER BORNHAUSEN,60194990002200,Hospital,05 - Defesa nacional,331 - Proteção e benefícios ao trabalhador,LIQUIDADO,0.0,24/11/2025,785344000012025NS001611
2025,0000,HOSPITAL E MATERNIDADE MARIETA KONDER BORNHAUSEN,60194990002200,Hospital,05 - Defesa nacional,331 - Proteção e benefícios ao trabalhador,LIQUIDADO,0.0,26/11/2025,120073000012025NS005803
2025,0000,HOSPITAL E MATERNIDADE MARIETA KONDER BORNHAUSEN,60194990002200,Hospital,05 - Defesa nacional,331 - Proteção e benefícios ao trabalhador,LIQUIDADO,0.0,06/03/2025,785344000012025NS000220
2025,0000,HOSPITAL E MATERNIDADE MARIETA KONDER BORNHAUSEN,60194990002200,Hospital,05 - Defesa nacional,331 - Proteção e benefícios ao trabalhador,LIQUIDADO,0.0,07/07/2025,785344000012025NS000868
2025,0000,HOSPITAL E MATERNIDADE MARIETA KONDER BORNHAUSEN,60194990002200,Hospital,05 - Defesa nacional,331 - Proteção e benefícios ao trabalhador,LIQUIDADO,0.0,29/10/2025,785344000012025NS001427
2025,0000,HOSPITAL E MATERNIDADE MARIETA KONDER BORNHAUSEN,60194990002200,Hospital,05 - Defesa nacional,331 - Proteção e benefícios ao trabalhador,LIQUIDADO,0.0,25/04/2025,785344000012025NS000497
2025,0000,HOSPITAL E MATERNIDADE MARIETA KONDER BORNHAUSEN,60194990002200,Hospital,05 - Defesa nacional,331 - Proteção e benefícios ao trabalhador,LIQUIDADO,0.0,26/09/2025,785344000012025NS001289
2025,0000,HOSPITAL E MATERNIDADE MARIETA KONDER BORNHAUSEN,60194990002200,Hospital,05 - Defesa nacional,331 - Proteção e benefícios ao trabalhador,LIQUIDADO,0.0,17/04/2025,785344000012025NS000433
2025,0000,HOSPITAL E MATERNIDADE MARIETA KONDER BORNHAUSEN,60194990002200,Hospital,05 - Defesa nacional,331 - Proteção e benefícios ao trabalhador,LIQUIDADO,0.0,09/10/2025,120073000012025NS004659
2025,0000,HOSPITAL E MATERNIDADE MARIETA KONDER BORNHAUSEN,60194990002200,Hospital,05 - Defesa nacional,331 - Proteção e benefícios ao trabalhador,LIQUIDADO,0.0,08/12/2025,785344000012025NS001756
2025,0000,HOSPITAL E MATERNIDADE MARIETA KONDER BORNHAUSEN,60194990002200,Hospital,05 - Defesa nacional,331 - Proteção e benefícios ao trabalhador,LIQUIDADO,0.0,28/08/2025,120073000012025NS003820
2025,0000,HOSPITAL E MATERNIDADE MARIETA KONDER BORNHAUSEN,60194990002200,Hospital,05 - Defesa nacional,331 - Proteção e benefícios ao trabalhador,LIQUIDADO,0.0,07/08/2025,120073000012025NS003417
2025,3929 - CARLOS CHIODINI,HOSPITAL E MATERNIDADE MARIETA KONDER BORNHAUSEN,60194990002200,Hospital,10 - Saúde,302 - Assistência hospitalar e ambulatorial,PAGO,418949.38,27/11/2025,257001000012025OB068216
2025,3929 - CARLOS CHIODINI,HOSPITAL E MATERNIDADE MARIETA KONDER BORNHAUSEN,60194990002200,Hospital,10 - Saúde,302 - Assistência hospitalar e ambulatorial,LIQUIDADO,0.0,26/11/2025,257001000012025NS161293
2025,3949 - DANIEL FREITAS,MUNICIPIO DE ITAJAI,83102277000152,Administração pública,28 - Encargos especiais,845 - Outras transferências,EMPENHADO,990000.0,02/09/2025,170860000012025NE001382
2025,3949 - DANIEL FREITAS,MUNICIPIO DE ITAJAI,83102277000152,Administração pública,28 - Encargos especiais,845 - Outras transferências,PAGO,990000.0,09/09/2025,170860000012025OB001219
2025,3949 - DANIEL FREITAS,MUNICIPIO DE ITAJAI,83102277000152,Administração pública,28 - Encargos especiais,845 - Outras transferências,LIQUIDADO,0.0,08/09/2025,170860000012025NS009810
2025,4273 - JORGE SEIF,MUNICIPIO DE ITAJAI,83102277000152,Administração pública,28 - Encargos especiais,845 - Outras transferências,EMPENHADO,495000.0,02/09/2025,170860000012025NE000387
2025,4273 - JORGE SEIF,MUNICIPIO DE ITAJAI,83102277000152,Administração pública,28 - Encargos especiais,845 - Outras transferências,PAGO,495000.0,09/09/2025,170860000012025OB001997
2025,4273 - JORGE SEIF,MUNICIPIO DE ITAJAI,83102277000152,Administração pública,28 - Encargos especiais,845 - Outras transferências,LIQUIDADO,0.0,08/09/2025,170860000012025NS010519
2025,4392 - ISMAEL,MUNICIPIO DE ITAJAI,83102277000152,Administração pública,28 - Encargos especiais,845 - Outras transferências,EMPENHADO,297000.0,17/10/2025,170860000012025NE006722
2025,4392 - ISMAEL,MUNICIPIO DE ITAJAI,83102277000152,Administração pública,28 - Encargos especiais,845 - Outras transferências,PAGO,297000.0,22/10/2025,170860000012025OB006991
2025,4392 - ISMAEL,MUNICIPIO DE ITAJAI,83102277000152,Administração pública,28 - Encargos especiais,845 - Outras transferências,LIQUIDADO,0.0,20/10/2025,170860000012025NS021511
2025,6011 - COM. DESENV REGIONAL E TURISMO,MUNICIPIO DE ITAJAI,83102277000152,Administração pública,15 - Urbanismo,451 - infra-estrutura urbana,EMPENHADO,950418.81,31/12/2025,175004000012023NE002642
2025,9055 - GILSON MARQUES,HOSPITAL E MATERNIDADE MARIETA KONDER BORNHAUSEN,60194990002200,Hospital,10 - Saúde,302 - Assistência hospitalar e ambulatorial,PAGO,698995.92,04/12/2025,257001000012025OB070680
2025,9055 - GILSON MARQUES,HOSPITAL E MATERNIDADE MARIETA KONDER BORNHAUSEN,60194990002200,Hospital,10 - Saúde,302 - Assistência hospitalar e ambulatorial,LIQUIDADO,0.0,04/12/2025,257001000012025NS166692
2024,0000,MUNICIPIO DE ITAJAI,83102277000152,Administração pública,17 - Saneamento,512 - Saneamento básico urbano,EMPENHADO,2210951.22,21/03/2024,175004000012024NE000089
2024,0000,MUNICIPIO DE ITAJAI,83102277000152,Administração pública,12 - Educação,365 - Educação infantil,EMPENHADO,520873.65,01/07/2024,157241152532024NE001596
2024,0000,HOSPITAL E MATERNIDADE MARIETA KONDER BORNHAUSEN,60194990002200,Hospital,05 - Defesa nacional,331 - Proteção e benefícios ao trabalhador,EMPENHADO,332686.95,12/11/2024,785344000012024NE000795
2024,0000,HOSPITAL E MATERNIDADE MARIETA KONDER BORNHAUSEN,60194990002200,Hospital,05 - Defesa nacional,331 - Proteção e benefícios ao trabalhador,PAGO,332686.95,25/11/2024,785344000012024OB000745
2024,0000,HOSPITAL E MATERNIDADE MARIETA KONDER BORNHAUSEN,60194990002200,Hospital,05 - Defesa nacional,331 - Proteção e benefícios ao trabalhador,PAGO,205422.48,23/09/2024,785344000012024OB000560
2024,0000,HOSPITAL E MATERNIDADE MARIETA KONDER BORNHAUSEN,60194990002200,Hospital,05 - Defesa nacional,331 - Proteção e benefícios ao trabalhador,EMPENHADO,170431.3,17/09/2024,785344000012024NE000652
2024,0000,HOSPITAL E MATERNIDADE MARIETA KONDER BORNHAUSEN,60194990002200,Hospital,05 - Defesa nacional,331 - Proteção e benefícios ao trabalhador,EMPENHADO,148368.74,12/11/2024,785344000012024NE000794
2024,0000,HOSPITAL E MATERNIDADE MARIETA KONDER BORNHAUSEN,60194990002200,Hospital,05 - Defesa nacional,331 - Proteção e benefícios ao trabalhador,PAGO,148368.74,25/11/2024,785344000012024OB000744
2024,0000,HOSPITAL E MATERNIDADE MARIETA KONDER BORNHAUSEN,60194990002200,Hospital,05 - Defesa nacional,331 - Proteção e benefícios ao trabalhador,PAGO,140900.16,31/05/2024,785344000012024OB000330
2024,0000,HOSPITAL E MATERNIDADE MARIETA KONDER BORNHAUSEN,60194990002200,Hospital,05 - Defesa nacional,331 - Proteção e benefícios ao trabalhador,EMPENHADO,132668.44,12/11/2024,785344000012024NE000796
2024,0000,HOSPITAL E MATERNIDADE MARIETA KONDER BORNHAUSEN,60194990002200,Hospital,05 - Defesa nacional,331 - Proteção e benefícios ao trabalhador,PAGO,132668.44,25/11/2024,785344000012024OB000746
2024,0000,HOSPITAL E MATERNIDADE MARIETA KONDER BORNHAUSEN,60194990002200,Hospital,05 - Defesa nacional,331 - Proteção e benefícios ao trabalhador,EMPENHADO,125102.1,06/08/2024,785344000012024NE000418
2024,0000,HOSPITAL E MATERNIDADE MARIETA KONDER BORNHAUSEN,60194990002200,Hospital,05 - Defesa nacional,331 - Proteção e benefícios ao trabalhador,PAGO,125102.1,09/08/2024,785344000012024OB000472
2024,0000,HOSPITAL E MATERNIDADE MARIETA KONDER BORNHAUSEN,60194990002200,Hospital,05 - Defesa nacional,331 - Proteção e benefícios ao trabalhador,EMPENHADO,121990.93,10/12/2024,785344000012024NE001067
2024,0000,HOSPITAL E MATERNIDADE MARIETA KONDER BORNHAUSEN,60194990002200,Hospital,05 - Defesa nacional,331 - Proteção e benefícios ao trabalhador,PAGO,121990.93,20/12/2024,785344000012024OB000868
2024,0000,HOSPITAL E MATERNIDADE MARIETA KONDER BORNHAUSEN,60194990002200,Hospital,10 - Saúde,302 - Assistência hospitalar e ambulatorial,EMPENHADO,109552.2,13/08/2024,257001000012024NE498402
2024,0000,HOSPITAL E MATERNIDADE MARIETA KONDER BORNHAUSEN,60194990002200,Hospital,10 - Saúde,302 - Assistência hospitalar e ambulatorial,PAGO,109552.2,15/08/2024,257001000012024OB023941
2024,0000,HOSPITAL E MATERNIDADE MARIETA KONDER BORNHAUSEN,60194990002200,Hospital,05 - Defesa nacional,331 - Proteção e benefícios ao trabalhador,EMPENHADO,108215.52,06/08/2024,785344000012024NE000417
2024,0000,HOSPITAL E MATERNIDADE MARIETA KONDER BORNHAUSEN,60194990002200,Hospital,05 - Defesa nacional,331 - Proteção e benefícios ao trabalhador,PAGO,108215.52,09/08/2024,785344000012024OB000471
2024,0000,HOSPITAL E MATERNIDADE MARIETA KONDER BORNHAUSEN,60194990002200,Hospital,05 - Defesa nacional,331 - Proteção e benefícios ao trabalhador,EMPENHADO,91907.63,20/05/2024,785344000012024NE000259
2024,0000,HOSPITAL E MATERNIDADE MARIETA KONDER BORNHAUSEN,60194990002200,Hospital,05 - Defesa nacional,331 - Proteção e benefícios ao trabalhador,EMPENHADO,76527.48,02/08/2024,785344000012024NE000414
2024,0000,HOSPITAL E MATERNIDADE MARIETA KONDER BORNHAUSEN,60194990002200,Hospital,05 - Defesa nacional,331 - Proteção e benefícios ao trabalhador,PAGO,76527.48,09/08/2024,785344000012024OB000470
2024,0000,HOSPITAL E MATERNIDADE MARIETA KONDER BORNHAUSEN,60194990002200,Hospital,05 - Defesa nacional,331 - Proteção e benefícios ao trabalhador,EMPENHADO,69259.85,12/11/2024,785344000012024NE000793
2024,0000,HOSPITAL E MATERNIDADE MARIETA KONDER BORNHAUSEN,60194990002200,Hospital,05 - Defesa nacional,331 - Proteção e benefícios ao trabalhador,PAGO,69259.85,25/11/2024,785344000012024OB000757
2024,0000,HOSPITAL E MATERNIDADE MARIETA KONDER BORNHAUSEN,60194990002200,Hospital,05 - Defesa nacional,331 - Proteção e benefícios ao trabalhador,EMPENHADO,53773.18,08/02/2024,785344000012024NE000034
2024,0000,HOSPITAL E MATERNIDADE MARIETA KONDER BORNHAUSEN,60194990002200,Hospital,05 - Defesa nacional,331 - Proteção e benefícios ao trabalhador,PAGO,53773.18,14/03/2024,785344000012024OB000168
2024,0000,HOSPITAL E MATERNIDADE MARIETA KONDER BORNHAUSEN,60194990002200,Hospital,05 - Defesa nacional,331 - Proteção e benefícios ao trabalhador,PAGO,49698.83,23/01/2024,785344000012024OB000016
2024,0000,HOSPITAL E MATERNIDADE MARIETA KONDER BORNHAUSEN,60194990002200,Hospital,05 - Defesa nacional,331 - Proteção e benefícios ao trabalhador,EMPENHADO,48992.53,16/05/2024,785344000012024NE000239
2024,0000,HOSPITAL E MATERNIDADE MARIETA KONDER BORNHAUSEN,60194990002200,Hospital,05 - Defesa nacional,331 - Proteção e benefícios ao trabalhador,EMPENHADO,47905.76,10/04/2024,785344000012024NE000134
2024,0000,HOSPITAL E MATERNIDADE MARIETA KONDER BORNHAUSEN,60194990002200,Hospital,05 - Defesa nacional,331 - Proteção e benefícios ao trabalhador,EMPENHADO,32778.21,17/09/2024,785344000012024NE000651
2024,0000,HOSPITAL E MATERNIDADE MARIETA KONDER BORNHAUSEN,60194990002200,Hospital,05 - Defesa nacional,331 - Proteção e benefícios ao trabalhador,PAGO,30992.65,23/01/2024,785344000012024OB000017
2024,0000,HOSPITAL E MATERNIDADE MARIETA KONDER BORNHAUSEN,60194990002200,Hospital,05 - Defesa nacional,331 - Proteção e benefícios ao trabalhador,EMPENHADO,26627.96,26/12/2024,120073000012024NE000260
2024,0000,HOSPITAL E MATERNIDADE MARIETA KONDER BORNHAUSEN,60194990002200,Hospital,05 - Defesa nacional,331 - Proteção e benefícios ao trabalhador,PAGO,26497.76,07/06/2024,120073000012024OB000952
2024,0000,MUNICIPIO DE ITAJAI,83102277000152,Administração pública,12 - Educação,363 - Ensino profissional,EMPENHADO,3895.76,26/11/2024,158516264382024NE003424
2024,0000,HOSPITAL E MATERNIDADE MARIETA KONDER BORNHAUSEN,60194990002200,Hospital,05 - Defesa nacional,331 - Proteção e benefícios ao trabalhador,EMPENHADO,2212.97,17/09/2024,785344000012024NE000653
2024,0000,HOSPITAL E MATERNIDADE MARIETA KONDER BORNHAUSEN,60194990002200,Hospital,05 - Defesa nacional,331 - Proteção e benefícios ao trabalhador,EMPENHADO,2184.32,03/12/2024,120073000012024NE000924
2024,0000,HOSPITAL E MATERNIDADE MARIETA KONDER BORNHAUSEN,60194990002200,Hospital,05 - Defesa nacional,331 - Proteção e benefícios ao trabalhador,PAGO,2184.32,19/12/2024,120073000012024OB002713
2024,0000,MUNICIPIO DE ITAJAI,83102277000152,Administração pública,09 - Previdência social,271 - Previdência básica,PAGO,1403.45,22/02/2024,513181579042024OB007568
2024,0000,MUNICIPIO DE ITAJAI,83102277000152,Administração pública,09 - Previdência social,271 - Previdência básica,PAGO,1403.45,14/03/2024,513181579042024OB012533
2024,0000,MUNICIPIO DE ITAJAI,83102277000152,Administração pública,09 - Previdência social,271 - Previdência básica,PAGO,1353.24,06/02/2024,513181579042024OB004429
2024,0000,HOSPITAL E MATERNIDADE MARIETA KONDER BORNHAUSEN,60194990002200,Hospital,05 - Defesa nacional,331 - Proteção e benefícios ao trabalhador,EMPENHADO,1292.3,10/04/2024,785344000012024NE000135
2024,0000,MUNICIPIO DE ITAJAI,83102277000152,Administração pública,20 - Agricultura,122 - Administração geral,EMPENHADO,330.98,18/03/2024,130072000012024NE000073
2024,0000,MUNICIPIO DE ITAJAI,83102277000152,Administração pública,18 - Gestão ambiental,122 - Administração geral,PAGO,141.77,09/09/2024,193125192112024OB000491
2024,0000,MUNICIPIO DE ITAJAI,83102277000152,Administração pública,18 - Gestão ambiental,122 - Administração geral,PAGO,135.86,15/05/2024,193125192112024OB000246
2024,0000,MUNICIPIO DE ITAJAI,83102277000152,Administração pública,18 - Gestão ambiental,122 - Administração geral,PAGO,135.86,21/06/2024,193125192112024OB000326
2024,0000,MUNICIPIO DE ITAJAI,83102277000152,Administração pública,18 - Gestão ambiental,122 - Administração geral,PAGO,135.86,26/07/2024,193125192112024OB000403
2024,0000,MUNICIPIO DE ITAJAI,83102277000152,Administração pública,18 - Gestão ambiental,122 - Administração geral,PAGO,135.86,09/09/2024,193125192112024OB000485
2024,0000,MUNICIPIO DE ITAJAI,83102277000152,Administração pública,18 - Gestão ambiental,122 - Administração geral,PAGO,135.86,10/10/2024,193125192112024OB000596
2024,0000,MUNICIPIO DE ITAJAI,83102277000152,Administração pública,18 - Gestão ambiental,122 - Administração geral,PAGO,135.86,14/11/2024,193125192112024OB000691
2024,0000,MUNICIPIO DE ITAJAI,83102277000152,Administração pública,18 - Gestão ambiental,122 - Administração geral,PAGO,135.86,09/12/2024,193125192112024OB000727
2024,0000,MUNICIPIO DE ITAJAI,83102277000152,Administração pública,18 - Gestão ambiental,122 - Administração geral,PAGO,130.56,09/01/2024,193125192112024OB000011
2024,0000,MUNICIPIO DE ITAJAI,83102277000152,Administração pública,18 - Gestão ambiental,122 - Administração geral,PAGO,130.56,08/03/2024,193125192112024OB000075
2024,0000,MUNICIPIO DE ITAJAI,83102277000152,Administração pública,18 - Gestão ambiental,122 - Administração geral,PAGO,130.56,26/03/2024,193125192112024OB000114
2024,0000,MUNICIPIO DE ITAJAI,83102277000152,Administração pública,18 - Gestão ambiental,122 - Administração geral,PAGO,130.56,15/05/2024,193125192112024OB000242
2024,0000,HOSPITAL E MATERNIDADE MARIETA KONDER BORNHAUSEN,60194990002200,Hospital,05 - Defesa nacional,331 - Proteção e benefícios ao trabalhador,PAGO,115.1,19/09/2024,120073000012024OB001867
2024,0000,MUNICIPIO DE ITAJAI,83102277000152,Administração pública,18 - Gestão ambiental,122 - Administração geral,PAGO,111.29,08/05/2024,193125192112024OB000229
2024,0000,MUNICIPIO DE ITAJAI,83102277000152,Administração pública,18 - Gestão ambiental,122 - Administração geral,PAGO,111.29,12/06/2024,193125192112024OB000309
2024,0000,MUNICIPIO DE ITAJAI,83102277000152,Administração pública,18 - Gestão ambiental,122 - Administração geral,PAGO,111.29,28/06/2024,193125192112024OB000353
2024,0000,MUNICIPIO DE ITAJAI,83102277000152,Administração pública,18 - Gestão ambiental,122 - Administração geral,PAGO,111.29,06/08/2024,193125192112024OB000418
2024,0000,MUNICIPIO DE ITAJAI,83102277000152,Administração pública,18 - Gestão ambiental,122 - Administração geral,PAGO,111.29,09/09/2024,193125192112024OB000472
2024,0000,MUNICIPIO DE ITAJAI,83102277000152,Administração pública,18 - Gestão ambiental,122 - Administração geral,PAGO,111.29,30/09/2024,193125192112024OB000546
2024,0000,MUNICIPIO DE ITAJAI,83102277000152,Administração pública,18 - Gestão ambiental,122 - Administração geral,PAGO,111.29,18/10/2024,193125192112024OB000610
2024,0000,MUNICIPIO DE ITAJAI,83102277000152,Administração pública,18 - Gestão ambiental,122 - Administração geral,PAGO,104.41,24/01/2024,193125192112024OB000026
2024,0000,MUNICIPIO DE ITAJAI,83102277000152,Administração pública,18 - Gestão ambiental,122 - Administração geral,PAGO,104.41,08/03/2024,193125192112024OB000086
2024,0000,MUNICIPIO DE ITAJAI,83102277000152,Administração pública,18 - Gestão ambiental,122 - Administração geral,PAGO,104.41,09/04/2024,193125192112024OB000148
2024,0000,MUNICIPIO DE ITAJAI,83102277000152,Administração pública,18 - Gestão ambiental,122 - Administração geral,PAGO,15.89,15/05/2024,193125192112024OB000256
2024,0000,MUNICIPIO DE ITAJAI,83102277000152,Administração pública,18 - Gestão ambiental,122 - Administração geral,PAGO,14.44,08/05/2024,193125192112024OB000222
2024,0000,MUNICIPIO DE ITAJAI,83102277000152,Administração pública,27 - Desporto e lazer,811 - Desporto de rendimento,EMPENHADO,0.0,06/12/2024,180009000012024NE000022
2024,0000,MUNICIPIO DE ITAJAI,83102277000152,Administração pública,09 - Previdência social,271 - Previdência básica,LIQUIDADO,0.0,06/02/2024,513181579042024NS008817
2024,0000,MUNICIPIO DE ITAJAI,83102277000152,Administração pública,09 - Previdência social,271 - Previdência básica,LIQUIDADO,0.0,22/02/2024,513181579042024NS015224
2024,0000,MUNICIPIO DE ITAJAI,83102277000152,Administração pública,09 - Previdência social,271 - Previdência básica,LIQUIDADO,0.0,14/03/2024,513181579042024NS025167
2024,0000,MUNICIPIO DE ITAJAI,83102277000152,Administração pública,20 - Agricultura,122 - Administração geral,LIQUIDADO,0.0,18/03/2024,130072000012024NS000199
2024,0000,MUNICIPIO DE ITAJAI,83102277000152,Administração pública,12 - Educação,363 - Ensino profissional,LIQUIDADO,0.0,26/11/2024,158516264382024NS035335
2024,0000,MUNICIPIO DE ITAJAI,83102277000152,Administração pública,17 - Saneamento,512 - Saneamento básico urbano,LIQUIDADO,0.0,02/12/2024,175004000012024NS020553
2024,0000,HOSPITAL E MATERNIDADE MARIETA KONDER BORNHAUSEN,60194990002200,Hospital,05 - Defesa nacional,331 - Proteção e benefícios ao trabalhador,EMPENHADO,0.0,10/04/2024,785344000012024NE000133
2024,0000,HOSPITAL E MATERNIDADE MARIETA KONDER BORNHAUSEN,60194990002200,Hospital,05 - Defesa nacional,331 - Proteção e benefícios ao trabalhador,LIQUIDADO,0.0,10/01/2024,785344000012024NS000056
2024,0000,HOSPITAL E MATERNIDADE MARIETA KONDER BORNHAUSEN,60194990002200,Hospital,05 - Defesa nacional,331 - Proteção e benefícios ao trabalhador,LIQUIDADO,0.0,10/01/2024,785344000012024NS000051
2024,0000,HOSPITAL E MATERNIDADE MARIETA KONDER BORNHAUSEN,60194990002200,Hospital,05 - Defesa nacional,331 - Proteção e benefícios ao trabalhador,LIQUIDADO,0.0,27/02/2024,785344000012024NS000449
2024,0000,HOSPITAL E MATERNIDADE MARIETA KONDER BORNHAUSEN,60194990002200,Hospital,05 - Defesa nacional,331 - Proteção e benefícios ao trabalhador,LIQUIDADO,0.0,21/05/2024,785344000012024NS000723
2024,0000,HOSPITAL E MATERNIDADE MARIETA KONDER BORNHAUSEN,60194990002200,Hospital,05 - Defesa nacional,331 - Proteção e benefícios ao trabalhador,LIQUIDADO,0.0,06/08/2024,785344000012024NS001127
2024,0000,HOSPITAL E MATERNIDADE MARIETA KONDER BORNHAUSEN,60194990002200,Hospital,05 - Defesa nacional,331 - Proteção e benefícios ao trabalhador,LIQUIDADO,0.0,06/08/2024,785344000012024NS001125
2024,0000,HOSPITAL E MATERNIDADE MARIETA KONDER BORNHAUSEN,60194990002200,Hospital,05 - Defesa nacional,331 - Proteção e benefícios ao trabalhador,LIQUIDADO,0.0,06/08/2024,785344000012024NS001126
2024,0000,HOSPITAL E MATERNIDADE MARIETA KONDER BORNHAUSEN,60194990002200,Hospital,05 - Defesa nacional,331 - Proteção e benefícios ao trabalhador,LIQUIDADO,0.0,05/09/2024,120073000012024NS004058
2024,0000,HOSPITAL E MATERNIDADE MARIETA KONDER BORNHAUSEN,60194990002200,Hospital,05 - Defesa nacional,331 - Proteção e benefícios ao trabalhador,LIQUIDADO,0.0,18/09/2024,785344000012024NS001361
2024,0000,HOSPITAL E MATERNIDADE MARIETA KONDER BORNHAUSEN,60194990002200,Hospital,05 - Defesa nacional,331 - Proteção e benefícios ao trabalhador,LIQUIDADO,0.0,13/11/2024,785344000012024NS001749
2024,0000,HOSPITAL E MATERNIDADE MARIETA KONDER BORNHAUSEN,60194990002200,Hospital,05 - Defesa nacional,331 - Proteção e benefícios ao trabalhador,LIQUIDADO,0.0,13/11/2024,785344000012024NS001748
2024,0000,HOSPITAL E MATERNIDADE MARIETA KONDER BORNHAUSEN,60194990002200,Hospital,05 - Defesa nacional,331 - Proteção e benefícios ao trabalhador,LIQUIDADO,0.0,13/11/2024,785344000012024NS001747
2024,0000,HOSPITAL E MATERNIDADE MARIETA KONDER BORNHAUSEN,60194990002200,Hospital,05 - Defesa nacional,331 - Proteção e benefícios ao trabalhador,LIQUIDADO,0.0,12/12/2024,120073000012024NS005859
2024,0000,HOSPITAL E MATERNIDADE MARIETA KONDER BORNHAUSEN,60194990002200,Hospital,05 - Defesa nacional,331 - Proteção e benefícios ao trabalhador,LIQUIDADO,0.0,16/12/2024,785344000012024NS001982
2024,0000,HOSPITAL E MATERNIDADE MARIETA KONDER BORNHAUSEN,60194990002200,Hospital,10 - Saúde,302 - Assistência hospitalar e ambulatorial,LIQUIDADO,0.0,14/08/2024,257001000012024NS101260
2024,0000,HOSPITAL E MATERNIDADE MARIETA KONDER BORNHAUSEN,60194990002200,Hospital,05 - Defesa nacional,331 - Proteção e benefícios ao trabalhador,LIQUIDADO,0.0,16/05/2024,120073000012024NS001875
2024,0000,HOSPITAL E MATERNIDADE MARIETA KONDER BORNHAUSEN,60194990002200,Hospital,05 - Defesa nacional,331 - Proteção e benefícios ao trabalhador,LIQUIDADO,0.0,21/11/2024,785344000012024NS001771
2024,2925 - CARMEN ZANOTTO,MUNICIPIO DE ITAJAI,83102277000152,Administração pública,28 - Encargos especiais,845 - Outras transferências,EMPENHADO,200000.0,26/06/2024,170860000012024NE009043
2024,2925 - CARMEN ZANOTTO,MUNICIPIO DE ITAJAI,83102277000152,Administração pública,28 - Encargos especiais,845 - Outras transferências,PAGO,200000.0,03/07/2024,170860000012024OB001384
2024,2925 - CARMEN ZANOTTO,MUNICIPIO DE ITAJAI,83102277000152,Administração pública,28 - Encargos especiais,845 - Outras transferências,LIQUIDADO,0.0,28/06/2024,170860000012024NS012364
2024,3929 - CARLOS CHIODINI,MUNICIPIO DE ITAJAI,83102277000152,Administração pública,28 - Encargos especiais,845 - Outras transferências,EMPENHADO,1100000.0,26/06/2024,170860000012024NE008213
2024,3929 - CARLOS CHIODINI,MUNICIPIO DE ITAJAI,83102277000152,Administração pública,28 - Encargos especiais,845 - Outras transferências,PAGO,1100000.0,03/07/2024,170860000012024OB002299
2024,3929 - CARLOS CHIODINI,HOSPITAL E MATERNIDADE MARIETA KONDER BORNHAUSEN,60194990002200,Hospital,10 - Saúde,302 - Assistência hospitalar e ambulatorial,EMPENHADO,420000.0,14/06/2024,257001000012024NE000414
2024,3929 - CARLOS CHIODINI,MUNICIPIO DE ITAJAI,83102277000152,Administração pública,28 - Encargos especiais,845 - Outras transferências,LIQUIDADO,0.0,28/06/2024,170860000012024NS011904
2024,3949 - DANIEL FREITAS,MUNICIPIO DE ITAJAI,83102277000152,Administração pública,28 - Encargos especiais,845 - Outras transferências,EMPENHADO,1005585.0,26/06/2024,170860000012024NE007539
2024,3949 - DANIEL FREITAS,MUNICIPIO DE ITAJAI,83102277000152,Administração pública,28 - Encargos especiais,845 - Outras transferências,PAGO,1005585.0,03/07/2024,170860000012024OB002400
2024,3949 - DANIEL FREITAS,MUNICIPIO DE ITAJAI,83102277000152,Administração pública,28 - Encargos especiais,845 - Outras transferências,LIQUIDADO,0.0,28/06/2024,170860000012024NS011572
2024,4209 - JORGE GOETTEN,MUNICIPIO DE ITAJAI,83102277000152,Administração pública,28 - Encargos especiais,845 - Outras transferências,EMPENHADO,300000.0,26/06/2024,170860000012024NE009052
2024,4209 - JORGE GOETTEN,MUNICIPIO DE ITAJAI,83102277000152,Administração pública,28 - Encargos especiais,845 - Outras transferências,PAGO,30.0,13/12/2024,170860000012024OB009939
2024,4209 - JORGE GOETTEN,MUNICIPIO DE ITAJAI,83102277000152,Administração pública,28 - Encargos especiais,845 - Outras transferências,LIQUIDADO,0.0,11/12/2024,170860000012024NS029765
2024,4251 - IVETE DA SILVEIRA,MUNICIPIO DE ITAJAI,83102277000152,Administração pública,28 - Encargos especiais,845 - Outras transferências,EMPENHADO,200000.0,26/06/2024,170860000012024NE009300
2024,4251 - IVETE DA SILVEIRA,MUNICIPIO DE ITAJAI,83102277000152,Administração pública,28 - Encargos especiais,845 - Outras transferências,EMPENHADO,200000.0,26/06/2024,170860000012024NE009297
2024,4251 - IVETE DA SILVEIRA,MUNICIPIO DE ITAJAI,83102277000152,Administração pública,28 - Encargos especiais,845 - Outras transferências,PAGO,200000.0,03/07/2024,170860000012024OB003579
2024,4251 - IVETE DA SILVEIRA,MUNICIPIO DE ITAJAI,83102277000152,Administração pública,28 - Encargos especiais,845 - Outras transferências,PAGO,200000.0,03/07/2024,170860000012024OB003568
2024,4251 - IVETE DA SILVEIRA,MUNICIPIO DE ITAJAI,83102277000152,Administração pública,28 - Encargos especiais,845 - Outras transferências,EMPENHADO,100000.0,26/06/2024,170860000012024NE009299
2024,4251 - IVETE DA SILVEIRA,MUNICIPIO DE ITAJAI,83102277000152,Administração pública,28 - Encargos especiais,845 - Outras transferências,EMPENHADO,100000.0,26/06/2024,170860000012024NE009298
2024,4251 - IVETE DA SILVEIRA,MUNICIPIO DE ITAJAI,83102277000152,Administração pública,28 - Encargos especiais,845 - Outras transferências,PAGO,100000.0,03/07/2024,170860000012024OB003628
2024,4251 - IVETE DA SILVEIRA,MUNICIPIO DE ITAJAI,83102277000152,Administração pública,28 - Encargos especiais,845 - Outras transferências,PAGO,10.0,13/12/2024,170860000012024OB010018
2024,4251 - IVETE DA SILVEIRA,MUNICIPIO DE ITAJAI,83102277000152,Administração pública,28 - Encargos especiais,845 - Outras transferências,LIQUIDADO,0.0,28/06/2024,170860000012024NS012474
2024,4251 - IVETE DA SILVEIRA,MUNICIPIO DE ITAJAI,83102277000152,Administração pública,28 - Encargos especiais,845 - Outras transferências,LIQUIDADO,0.0,28/06/2024,170860000012024NS012476
2024,4251 - IVETE DA SILVEIRA,MUNICIPIO DE ITAJAI,83102277000152,Administração pública,28 - Encargos especiais,845 - Outras transferências,LIQUIDADO,0.0,28/06/2024,170860000012024NS012475
2024,4251 - IVETE DA SILVEIRA,MUNICIPIO DE ITAJAI,83102277000152,Administração pública,28 - Encargos especiais,845 - Outras transferências,LIQUIDADO,0.0,11/12/2024,170860000012024NS029920
2024,4339 - DANIELA REINEHR,MUNICIPIO DE ITAJAI,83102277000152,Administração pública,28 - Encargos especiais,845 - Outras transferências,EMPENHADO,100000.0,26/06/2024,170860000012024NE009295
2024,4339 - DANIELA REINEHR,MUNICIPIO DE ITAJAI,83102277000152,Administração pública,28 - Encargos especiais,845 - Outras transferências,PAGO,10.0,13/12/2024,170860000012024OB010901
2024,4339 - DANIELA REINEHR,MUNICIPIO DE ITAJAI,83102277000152,Administração pública,28 - Encargos especiais,845 - Outras transferências,LIQUIDADO,0.0,11/12/2024,170860000012024NS029919
2024,5006 - COM. ESPORTE,MUNICIPIO DE ITAJAI,83102277000152,Administração pública,27 - Desporto e lazer,812 - Desporto comunitário,EMPENHADO,200000.0,29/07/2024,180073000012024NE001559
2024,8100 - RELATOR GERAL,MUNICIPIO DE ITAJAI,83102277000152,Administração pública,12 - Educação,368 - Educação básica,EMPENHADO,58230.86,31/12/2024,153173152532020NE656538
2024,8100 - RELATOR GERAL,MUNICIPIO DE ITAJAI,83102277000152,Administração pública,23 - Comércio e serviços,695 - Turismo,LIQUIDADO,0.0,29/12/2024,540007000012024NS003806
2024,9055 - GILSON MARQUES,HOSPITAL E MATERNIDADE MARIETA KONDER BORNHAUSEN,60194990002200,Hospital,10 - Saúde,302 - Assistência hospitalar e ambulatorial,EMPENHADO,700000.0,10/12/2024,257001000012024NE000668
2023,0000,MUNICIPIO DE ITAJAI,83102277000152,Administração pública,17 - Saneamento,512 - Saneamento básico urbano,EMPENHADO,650279.54,09/08/2023,175004000012023NE000040
2023,0000,HOSPITAL E MATERNIDADE MARIETA KONDER BORNHAUSEN,60194990002200,Hospital,05 - Defesa nacional,331 - Proteção e benefícios ao trabalhador,EMPENHADO,142744.82,13/06/2023,785344000012023NE000377
2023,0000,HOSPITAL E MATERNIDADE MARIETA KONDER BORNHAUSEN,60194990002200,Hospital,05 - Defesa nacional,331 - Proteção e benefícios ao trabalhador,PAGO,142744.82,27/06/2023,785344000012023OB800436
2023,0000,HOSPITAL E MATERNIDADE MARIETA KONDER BORNHAUSEN,60194990002200,Hospital,05 - Defesa nacional,331 - Proteção e benefícios ao trabalhador,EMPENHADO,128724.2,28/12/2023,785344000012023NE001181
2023,0000,MUNICIPIO DE ITAJAI,83102277000152,Administração pública,12 - Educação,365 - Educação infantil,EMPENHADO,113285.06,17/03/2023,153173152532023NE630177
2023,0000,MUNICIPIO DE ITAJAI,83102277000152,Administração pública,12 - Educação,365 - Educação infantil,PAGO,113285.06,24/03/2023,153173152532023OB805356
2023,0000,HOSPITAL E MATERNIDADE MARIETA KONDER BORNHAUSEN,60194990002200,Hospital,05 - Defesa nacional,331 - Proteção e benefícios ao trabalhador,EMPENHADO,108094.86,26/01/2023,785344000012023NE000045
2023,0000,HOSPITAL E MATERNIDADE MARIETA KONDER BORNHAUSEN,60194990002200,Hospital,05 - Defesa nacional,331 - Proteção e benefícios ao trabalhador,PAGO,108094.86,17/02/2023,785344000012023OB800140
2023,0000,HOSPITAL E MATERNIDADE MARIETA KONDER BORNHAUSEN,60194990002200,Hospital,05 - Defesa nacional,331 - Proteção e benefícios ao trabalhador,EMPENHADO,93226.65,18/08/2023,785344000012023NE000539
2023,0000,HOSPITAL E MATERNIDADE MARIETA KONDER BORNHAUSEN,60194990002200,Hospital,05 - Defesa nacional,331 - Proteção e benefícios ao trabalhador,PAGO,93226.65,25/09/2023,785344000012023OB800659
2023,0000,MUNICIPIO DE ITAJAI,83102277000152,Administração pública,12 - Educação,368 - Educação básica,PAGO,93225.32,15/05/2023,153173152532023OB811490
2023,0000,HOSPITAL E MATERNIDADE MARIETA KONDER BORNHAUSEN,60194990002200,Hospital,05 - Defesa nacional,301 - Atenção básica,PAGO,68218.18,11/01/2023,785344000012023OB800014
2023,0000,HOSPITAL E MATERNIDADE MARIETA KONDER BORNHAUSEN,60194990002200,Hospital,05 - Defesa nacional,331 - Proteção e benefícios ao trabalhador,EMPENHADO,65466.47,26/01/2023,785344000012023NE000051
2023,0000,HOSPITAL E MATERNIDADE MARIETA KONDER BORNHAUSEN,60194990002200,Hospital,05 - Defesa nacional,331 - Proteção e benefícios ao trabalhador,PAGO,65466.47,17/02/2023,785344000012023OB800141
2023,0000,HOSPITAL E MATERNIDADE MARIETA KONDER BORNHAUSEN,60194990002200,Hospital,05 - Defesa nacional,331 - Proteção e benefícios ao trabalhador,EMPENHADO,63076.06,23/11/2023,785344000012023NE000851
2023,0000,HOSPITAL E MATERNIDADE MARIETA KONDER BORNHAUSEN,60194990002200,Hospital,05 - Defesa nacional,331 - Proteção e benefícios ao trabalhador,PAGO,63076.06,29/11/2023,785344000012023OB800846
2023,0000,MUNICIPIO DE ITAJAI,83102277000152,Administração pública,12 - Educação,368 - Educação básica,PAGO,52830.06,15/05/2023,153173152532023OB811487
2023,0000,HOSPITAL E MATERNIDADE MARIETA KONDER BORNHAUSEN,60194990002200,Hospital,05 - Defesa nacional,331 - Proteção e benefícios ao trabalhador,EMPENHADO,50291.69,30/10/2023,785344000012023NE000761
2023,0000,HOSPITAL E MATERNIDADE MARIETA KONDER BORNHAUSEN,60194990002200,Hospital,05 - Defesa nacional,331 - Proteção e benefícios ao trabalhador,PAGO,50291.69,22/11/2023,785344000012023OB800793
2023,0000,HOSPITAL E MATERNIDADE MARIETA KONDER BORNHAUSEN,60194990002200,Hospital,05 - Defesa nacional,331 - Proteção e benefícios ao trabalhador,EMPENHADO,49698.83,27/12/2023,785344000012023NE001144
2023,0000,HOSPITAL E MATERNIDADE MARIETA KONDER BORNHAUSEN,60194990002200,Hospital,05 - Defesa nacional,331 - Proteção e benefícios ao trabalhador,EMPENHADO,44157.6,14/02/2023,785344000012023NE000090
2023,0000,HOSPITAL E MATERNIDADE MARIETA KONDER BORNHAUSEN,60194990002200,Hospital,05 - Defesa nacional,331 - Proteção e benefícios ao trabalhador,PAGO,44157.6,10/03/2023,785344000012023OB800185
2023,0000,HOSPITAL E MATERNIDADE MARIETA KONDER BORNHAUSEN,60194990002200,Hospital,05 - Defesa nacional,331 - Proteção e benefícios ao trabalhador,EMPENHADO,35394.2,30/03/2023,785344000012023NE000136
2023,0000,HOSPITAL E MATERNIDADE MARIETA KONDER BORNHAUSEN,60194990002200,Hospital,05 - Defesa nacional,331 - Proteção e benefícios ao trabalhador,PAGO,35394.2,28/04/2023,785344000012023OB800277
2023,0000,HOSPITAL E MATERNIDADE MARIETA KONDER BORNHAUSEN,60194990002200,Hospital,05 - Defesa nacional,331 - Proteção e benefícios ao trabalhador,EMPENHADO,30992.65,27/12/2023,785344000012023NE001148
2023,0000,HOSPITAL E MATERNIDADE MARIETA KONDER BORNHAUSEN,60194990002200,Hospital,05 - Defesa nacional,331 - Proteção e benefícios ao trabalhador,EMPENHADO,30634.88,23/11/2023,785344000012023NE000852
2023,0000,HOSPITAL E MATERNIDADE MARIETA KONDER BORNHAUSEN,60194990002200,Hospital,05 - Defesa nacional,331 - Proteção e benefícios ao trabalhador,PAGO,30634.88,29/11/2023,785344000012023OB800847
2023,0000,HOSPITAL E MATERNIDADE MARIETA KONDER BORNHAUSEN,60194990002200,Hospital,05 - Defesa nacional,331 - Proteção e benefícios ao trabalhador,EMPENHADO,20964.87,02/05/2023,785344000012023NE000204
2023,0000,HOSPITAL E MATERNIDADE MARIETA KONDER BORNHAUSEN,60194990002200,Hospital,05 - Defesa nacional,331 - Proteção e benefícios ao trabalhador,PAGO,20964.87,25/05/2023,785344000012023OB800334
2023,0000,HOSPITAL E MATERNIDADE MARIETA KONDER BORNHAUSEN,60194990002200,Hospital,05 - Defesa nacional,331 - Proteção e benefícios ao trabalhador,EMPENHADO,20250.45,14/08/2023,785344000012023NE000478
2023,0000,HOSPITAL E MATERNIDADE MARIETA KONDER BORNHAUSEN,60194990002200,Hospital,05 - Defesa nacional,331 - Proteção e benefícios ao trabalhador,PAGO,20250.45,13/09/2023,785344000012023OB800624
2023,0000,HOSPITAL E MATERNIDADE MARIETA KONDER BORNHAUSEN,60194990002200,Hospital,05 - Defesa nacional,331 - Proteção e benefícios ao trabalhador,EMPENHADO,19572.37,23/11/2023,785344000012023NE000853
2023,0000,HOSPITAL E MATERNIDADE MARIETA KONDER BORNHAUSEN,60194990002200,Hospital,05 - Defesa nacional,331 - Proteção e benefícios ao trabalhador,PAGO,19572.37,29/11/2023,785344000012023OB800848
2023,0000,HOSPITAL E MATERNIDADE MARIETA KONDER BORNHAUSEN,60194990002200,Hospital,05 - Defesa nacional,331 - Proteção e benefícios ao trabalhador,EMPENHADO,17519.17,09/06/2023,785344000012023NE000320
2023,0000,HOSPITAL E MATERNIDADE MARIETA KONDER BORNHAUSEN,60194990002200,Hospital,05 - Defesa nacional,331 - Proteção e benefícios ao trabalhador,PAGO,17519.17,22/06/2023,785344000012023OB800398
2023,0000,HOSPITAL E MATERNIDADE MARIETA KONDER BORNHAUSEN,60194990002200,Hospital,05 - Defesa nacional,301 - Atenção básica,PAGO,17104.91,11/01/2023,785344000012023OB800009
2023,0000,MUNICIPIO DE ITAJAI,83102277000152,Administração pública,04 - Administração,122 - Administração geral,EMPENHADO,6104.81,11/09/2023,170156000012023NE000475
2023,0000,MUNICIPIO DE ITAJAI,83102277000152,Administração pública,18 - Gestão ambiental,122 - Administração geral,PAGO,725.34,08/02/2023,443048442072023OB800211
2023,0000,MUNICIPIO DE ITAJAI,83102277000152,Administração pública,18 - Gestão ambiental,541 - Preservação e conservação ambiental,PAGO,725.34,07/03/2023,443048442072023OB800438
2023,0000,MUNICIPIO DE ITAJAI,83102277000152,Administração pública,09 - Previdência social,271 - Previdência básica,PAGO,641.56,17/05/2023,510181572022023DR801114
2023,0000,MUNICIPIO DE ITAJAI,83102277000152,Administração pública,18 - Gestão ambiental,541 - Preservação e conservação ambiental,PAGO,259.05,10/10/2023,443048442072023OB802009
2023,0000,MUNICIPIO DE ITAJAI,83102277000152,Administração pública,06 - Segurança pública,122 - Administração geral,PAGO,213.51,04/07/2023,200125000012023DR800105
2023,0000,MUNICIPIO DE ITAJAI,83102277000152,Administração pública,06 - Segurança pública,122 - Administração geral,PAGO,202.05,19/05/2023,200125000012023DR800086
2023,0000,MUNICIPIO DE ITAJAI,83102277000152,Administração pública,06 - Segurança pública,122 - Administração geral,PAGO,202.05,02/06/2023,200125000012023DR800099
2023,0000,MUNICIPIO DE ITAJAI,83102277000152,Administração pública,18 - Gestão ambiental,122 - Administração geral,PAGO,130.56,22/12/2023,193125192112023OB800897
2023,0000,MUNICIPIO DE ITAJAI,83102277000152,Administração pública,06 - Segurança pública,122 - Administração geral,PAGO,129.28,03/04/2023,200125000012023DR800071
2023,0000,MUNICIPIO DE ITAJAI,83102277000152,Administração pública,18 - Gestão ambiental,122 - Administração geral,PAGO,104.45,23/08/2023,193125192112023OB800536
2023,0000,MUNICIPIO DE ITAJAI,83102277000152,Administração pública,18 - Gestão ambiental,122 - Administração geral,PAGO,104.45,23/08/2023,193125192112023OB800543
2023,0000,MUNICIPIO DE ITAJAI,83102277000152,Administração pública,18 - Gestão ambiental,122 - Administração geral,PAGO,104.45,13/09/2023,193125192112023OB800590
2023,0000,MUNICIPIO DE ITAJAI,83102277000152,Administração pública,18 - Gestão ambiental,122 - Administração geral,PAGO,104.45,10/10/2023,193125192112023OB800680
2023,0000,MUNICIPIO DE ITAJAI,83102277000152,Administração pública,18 - Gestão ambiental,122 - Administração geral,PAGO,104.45,22/11/2023,193125192112023OB800790
2023,0000,MUNICIPIO DE ITAJAI,83102277000152,Administração pública,18 - Gestão ambiental,122 - Administração geral,PAGO,104.42,22/11/2023,193125192112023OB800786
2023,0000,MUNICIPIO DE ITAJAI,83102277000152,Administração pública,18 - Gestão ambiental,122 - Administração geral,PAGO,104.41,20/12/2023,193125192112023OB800871
2023,0000,MUNICIPIO DE ITAJAI,83102277000152,Administração pública,18 - Gestão ambiental,122 - Administração geral,PAGO,104.4,19/09/2023,193125192112023OB800626
2023,0000,MUNICIPIO DE ITAJAI,83102277000152,Administração pública,18 - Gestão ambiental,122 - Administração geral,PAGO,104.4,17/10/2023,193125192112023OB800693
2023,0000,MUNICIPIO DE ITAJAI,83102277000152,Administração pública,04 - Administração,122 - Administração geral,EMPENHADO,104.13,18/08/2023,114624113012023NE001154
2023,0000,MUNICIPIO DE ITAJAI,83102277000152,Administração pública,18 - Gestão ambiental,122 - Administração geral,PAGO,102.14,27/01/2023,193125192112023OB800017
2023,0000,MUNICIPIO DE ITAJAI,83102277000152,Administração pública,18 - Gestão ambiental,122 - Administração geral,PAGO,102.0,23/08/2023,193125192112023OB800521
2023,0000,HOSPITAL E MATERNIDADE MARIETA KONDER BORNHAUSEN,60194990002200,Hospital,05 - Defesa nacional,331 - Proteção e benefícios ao trabalhador,EMPENHADO,100.0,06/07/2023,120073000012023NE000404
2023,0000,MUNICIPIO DE ITAJAI,83102277000152,Administração pública,18 - Gestão ambiental,122 - Administração geral,PAGO,93.04,09/02/2023,193125192112023OB800071
2023,0000,MUNICIPIO DE ITAJAI,83102277000152,Administração pública,18 - Gestão ambiental,122 - Administração geral,PAGO,93.04,09/02/2023,193125192112023OB800059
2023,0000,MUNICIPIO DE ITAJAI,83102277000152,Administração pública,18 - Gestão ambiental,122 - Administração geral,PAGO,93.04,13/03/2023,193125192112023OB800177
2023,0000,MUNICIPIO DE ITAJAI,83102277000152,Administração pública,18 - Gestão ambiental,122 - Administração geral,PAGO,93.04,02/05/2023,193125192112023OB800283
2023,0000,MUNICIPIO DE ITAJAI,83102277000152,Administração pública,18 - Gestão ambiental,122 - Administração geral,PAGO,93.04,10/05/2023,193125192112023OB800334
2023,0000,MUNICIPIO DE ITAJAI,83102277000152,Administração pública,18 - Gestão ambiental,122 - Administração geral,PAGO,93.04,16/06/2023,193125192112023OB800399
2023,0000,MUNICIPIO DE ITAJAI,83102277000152,Administração pública,18 - Gestão ambiental,122 - Administração geral,PAGO,64.6,24/07/2023,193125192112023OB800469
2023,0000,MUNICIPIO DE ITAJAI,83102277000152,Administração pública,06 - Segurança pública,122 - Administração geral,PAGO,45.85,29/05/2023,200125000012023DR800096
2023,0000,MUNICIPIO DE ITAJAI,83102277000152,Administração pública,18 - Gestão ambiental,122 - Administração geral,PAGO,45.63,23/08/2023,193125192112023OB800552
2023,0000,HOSPITAL E MATERNIDADE MARIETA KONDER BORNHAUSEN,60194990002200,Hospital,05 - Defesa nacional,331 - Proteção e benefícios ao trabalhador,EMPENHADO,24.46,28/12/2023,785344000012023NE001182
2023,0000,MUNICIPIO DE ITAJAI,83102277000152,Administração pública,18 - Gestão ambiental,122 - Administração geral,PAGO,11.4,13/09/2023,193125192112023OB800596
2023,0000,MUNICIPIO DE ITAJAI,83102277000152,Administração pública,09 - Previdência social,271 - Previdência básica,PAGO,1.25,17/05/2023,510181572022023DR801112
2023,0000,MUNICIPIO DE ITAJAI,83102277000152,Administração pública,17 - Saneamento,512 - Saneamento básico urbano,EMPENHADO,0.0,09/08/2023,175004000012023NE000165
2023,0000,MUNICIPIO DE ITAJAI,83102277000152,Administração pública,12 - Educação,365 - Educação infantil,EMPENHADO,0.0,25/10/2023,153173152532023NE631457
2023,0000,MUNICIPIO DE ITAJAI,83102277000152,Administração pública,12 - Educação,363 - Ensino profissional,EMPENHADO,0.0,20/12/2023,158516264382022NE003008
2023,0000,MUNICIPIO DE ITAJAI,83102277000152,Administração pública,12 - Educação,365 - Educação infantil,LIQUIDADO,0.0,23/03/2023,153173152532023NS012437
2023,0000,MUNICIPIO DE ITAJAI,83102277000152,Administração pública,12 - Educação,368 - Educação básica,LIQUIDADO,0.0,15/05/2023,153173152532023NS027028
2023,0000,MUNICIPIO DE ITAJAI,83102277000152,Administração pública,12 - Educação,368 - Educação básica,LIQUIDADO,0.0,15/05/2023,153173152532023NS027034
2023,0000,MUNICIPIO DE ITAJAI,83102277000152,Administração pública,04 - Administração,122 - Administração geral,LIQUIDADO,0.0,11/09/2023,170156000012023NS012094
2023,0000,HOSPITAL E MATERNIDADE MARIETA KONDER BORNHAUSEN,60194990002200,Hospital,05 - Defesa nacional,331 - Proteção e benefícios ao trabalhador,LIQUIDADO,0.0,07/03/2023,785344000012023NS000373
2023,0000,HOSPITAL E MATERNIDADE MARIETA KONDER BORNHAUSEN,60194990002200,Hospital,05 - Defesa nacional,331 - Proteção e benefícios ao trabalhador,LIQUIDADO,0.0,20/04/2023,785344000012023NS000566
2023,0000,HOSPITAL E MATERNIDADE MARIETA KONDER BORNHAUSEN,60194990002200,Hospital,05 - Defesa nacional,331 - Proteção e benefícios ao trabalhador,LIQUIDADO,0.0,16/05/2023,785344000012023NS000720
2023,0000,HOSPITAL E MATERNIDADE MARIETA KONDER BORNHAUSEN,60194990002200,Hospital,05 - Defesa nacional,331 - Proteção e benefícios ao trabalhador,LIQUIDADO,0.0,20/06/2023,785344000012023NS000909
2023,0000,HOSPITAL E MATERNIDADE MARIETA KONDER BORNHAUSEN,60194990002200,Hospital,05 - Defesa nacional,331 - Proteção e benefícios ao trabalhador,LIQUIDADO,0.0,16/06/2023,785344000012023NS000882
2023,0000,HOSPITAL E MATERNIDADE MARIETA KONDER BORNHAUSEN,60194990002200,Hospital,05 - Defesa nacional,331 - Proteção e benefícios ao trabalhador,LIQUIDADO,0.0,29/08/2023,785344000012023NS001350
2023,0000,HOSPITAL E MATERNIDADE MARIETA KONDER BORNHAUSEN,60194990002200,Hospital,05 - Defesa nacional,331 - Proteção e benefícios ao trabalhador,LIQUIDADO,0.0,04/09/2023,785344000012023NS001396
2023,0000,HOSPITAL E MATERNIDADE MARIETA KONDER BORNHAUSEN,60194990002200,Hospital,05 - Defesa nacional,331 - Proteção e benefícios ao trabalhador,LIQUIDADO,0.0,08/11/2023,785344000012023NS001730
2023,0000,HOSPITAL E MATERNIDADE MARIETA KONDER BORNHAUSEN,60194990002200,Hospital,05 - Defesa nacional,331 - Proteção e benefícios ao trabalhador,LIQUIDADO,0.0,23/11/2023,785344000012023NS001878
2023,0000,HOSPITAL E MATERNIDADE MARIETA KONDER BORNHAUSEN,60194990002200,Hospital,05 - Defesa nacional,331 - Proteção e benefícios ao trabalhador,LIQUIDADO,0.0,23/11/2023,785344000012023NS001877
2023,0000,HOSPITAL E MATERNIDADE MARIETA KONDER BORNHAUSEN,60194990002200,Hospital,05 - Defesa nacional,331 - Proteção e benefícios ao trabalhador,LIQUIDADO,0.0,23/11/2023,785344000012023NS001879
2023,0000,HOSPITAL E MATERNIDADE MARIETA KONDER BORNHAUSEN,60194990002200,Hospital,05 - Defesa nacional,331 - Proteção e benefícios ao trabalhador,LIQUIDADO,0.0,02/02/2023,785344000012023NS000221
2023,0000,HOSPITAL E MATERNIDADE MARIETA KONDER BORNHAUSEN,60194990002200,Hospital,05 - Defesa nacional,331 - Proteção e benefícios ao trabalhador,LIQUIDADO,0.0,06/02/2023,785344000012023NS000226
2023,1880 - ANGELA AMIN,MUNICIPIO DE ITAJAI,83102277000152,Administração pública,28 - Encargos especiais,845 - Outras transferências,EMPENHADO,250000.0,06/07/2023,170860000012023NE008045
2023,1880 - ANGELA AMIN,MUNICIPIO DE ITAJAI,83102277000152,Administração pública,28 - Encargos especiais,845 - Outras transferências,PAGO,250000.0,30/08/2023,170860000012023OB808662
2023,1880 - ANGELA AMIN,MUNICIPIO DE ITAJAI,83102277000152,Administração pública,28 - Encargos especiais,845 - Outras transferências,LIQUIDADO,0.0,21/08/2023,170860000012023NS022182
2023,8100 - RELATOR GERAL,MUNICIPIO DE ITAJAI,83102277000152,Administração pública,23 - Comércio e serviços,695 - Turismo,LIQUIDADO,0.0,15/02/2023,540007000012023NS000651
2023,9055 - GILSON MARQUES,HOSPITAL E MATERNIDADE MARIETA KONDER BORNHAUSEN,60194990002200,Hospital,10 - Saúde,302 - Assistência hospitalar e ambulatorial,EMPENHADO,0.0,10/10/2023,257001000012021NE002824
2022,0000,MUNICIPIO DE ITAJAI,83102277000152,Administração pública,20 - Agricultura,608 - Promoção da produção agropecuária,PAGO,200000.0,23/11/2022,530023000012022OB800324
2022,0000,MUNICIPIO DE ITAJAI,83102277000152,Administração pública,23 - Comércio e serviços,695 - Turismo,PAGO,182375.47,18/11/2022,540007000012022OB800984
2022,0000,HOSPITAL E MATERNIDADE MARIETA KONDER BORNHAUSEN,60194990002200,Hospital,05 - Defesa nacional,301 - Atenção básica,PAGO,128477.55,15/02/2022,785344000012022OB800059
2022,0000,HOSPITAL E MATERNIDADE MARIETA KONDER BORNHAUSEN,60194990002200,Hospital,05 - Defesa nacional,301 - Atenção básica,EMPENHADO,97943.17,09/02/2022,785344000012022NE000058
2022,0000,MUNICIPIO DE ITAJAI,83102277000152,Administração pública,12 - Educação,368 - Educação básica,EMPENHADO,93225.32,31/12/2022,153173152532022NE652558
2022,0000,MUNICIPIO DE ITAJAI,83102277000152,Administração pública,17 - Saneamento,512 - Saneamento básico urbano,EMPENHADO,74746.61,20/09/2022,175004000012022NE000114
2022,0000,HOSPITAL E MATERNIDADE MARIETA KONDER BORNHAUSEN,60194990002200,Hospital,05 - Defesa nacional,301 - Atenção básica,EMPENHADO,68218.18,21/11/2022,785344000012022NE000782
2022,0000,HOSPITAL E MATERNIDADE MARIETA KONDER BORNHAUSEN,60194990002200,Hospital,05 - Defesa nacional,301 - Atenção básica,EMPENHADO,66551.97,17/10/2022,785344000012022NE000638
2022,0000,HOSPITAL E MATERNIDADE MARIETA KONDER BORNHAUSEN,60194990002200,Hospital,05 - Defesa nacional,301 - Atenção básica,PAGO,66551.97,01/11/2022,785344000012022OB800689
2022,0000,HOSPITAL E MATERNIDADE MARIETA KONDER BORNHAUSEN,60194990002200,Hospital,05 - Defesa nacional,301 - Atenção básica,EMPENHADO,66000.66,11/07/2022,785344000012022NE000423
2022,0000,HOSPITAL E MATERNIDADE MARIETA KONDER BORNHAUSEN,60194990002200,Hospital,05 - Defesa nacional,301 - Atenção básica,PAGO,66000.66,25/07/2022,785344000012022OB800505
2022,0000,HOSPITAL E MATERNIDADE MARIETA KONDER BORNHAUSEN,60194990002200,Hospital,05 - Defesa nacional,301 - Atenção básica,EMPENHADO,66000.65,05/07/2022,785344000012022NE000417
2022,0000,HOSPITAL E MATERNIDADE MARIETA KONDER BORNHAUSEN,60194990002200,Hospital,05 - Defesa nacional,301 - Atenção básica,PAGO,66000.65,18/07/2022,785344000012022OB800466
2022,0000,HOSPITAL E MATERNIDADE MARIETA KONDER BORNHAUSEN,60194990002200,Hospital,05 - Defesa nacional,301 - Atenção básica,EMPENHADO,53873.79,23/02/2022,785344000012022NE000111
2022,0000,HOSPITAL E MATERNIDADE MARIETA KONDER BORNHAUSEN,60194990002200,Hospital,05 - Defesa nacional,301 - Atenção básica,PAGO,53873.79,16/03/2022,785344000012022OB800145
2022,0000,MUNICIPIO DE ITAJAI,83102277000152,Administração pública,12 - Educação,368 - Educação básica,EMPENHADO,52830.06,31/12/2022,153173152532022NE652483
2022,0000,HOSPITAL E MATERNIDADE MARIETA KONDER BORNHAUSEN,60194990002200,Hospital,05 - Defesa nacional,301 - Atenção básica,PAGO,49799.44,08/09/2022,785344000012022OB800601
2022,0000,HOSPITAL E MATERNIDADE MARIETA KONDER BORNHAUSEN,60194990002200,Hospital,05 - Defesa nacional,301 - Atenção básica,EMPENHADO,49351.18,21/03/2022,785344000012022NE000134
2022,0000,HOSPITAL E MATERNIDADE MARIETA KONDER BORNHAUSEN,60194990002200,Hospital,05 - Defesa nacional,301 - Atenção básica,PAGO,49351.18,01/04/2022,785344000012022OB800176
2022,0000,HOSPITAL E MATERNIDADE MARIETA KONDER BORNHAUSEN,60194990002200,Hospital,05 - Defesa nacional,301 - Atenção básica,EMPENHADO,46605.05,10/05/2022,785344000012022NE000240
2022,0000,HOSPITAL E MATERNIDADE MARIETA KONDER BORNHAUSEN,60194990002200,Hospital,05 - Defesa nacional,301 - Atenção básica,PAGO,46605.05,20/05/2022,785344000012022OB800303
2022,0000,HOSPITAL E MATERNIDADE MARIETA KONDER BORNHAUSEN,60194990002200,Hospital,05 - Defesa nacional,301 - Atenção básica,EMPENHADO,42571.48,08/06/2022,785344000012022NE000321
2022,0000,HOSPITAL E MATERNIDADE MARIETA KONDER BORNHAUSEN,60194990002200,Hospital,05 - Defesa nacional,301 - Atenção básica,PAGO,42571.48,28/06/2022,785344000012022OB800399
2022,0000,HOSPITAL E MATERNIDADE MARIETA KONDER BORNHAUSEN,60194990002200,Hospital,05 - Defesa nacional,301 - Atenção básica,EMPENHADO,26767.06,15/08/2022,785344000012022NE000508
2022,0000,HOSPITAL E MATERNIDADE MARIETA KONDER BORNHAUSEN,60194990002200,Hospital,05 - Defesa nacional,301 - Atenção básica,EMPENHADO,23032.38,15/08/2022,785344000012022NE000510
2022,0000,HOSPITAL E MATERNIDADE MARIETA KONDER BORNHAUSEN,60194990002200,Hospital,05 - Defesa nacional,301 - Atenção básica,EMPENHADO,17104.91,16/11/2022,785344000012022NE000722
2022,0000,MUNICIPIO DE ITAJAI,83102277000152,Administração pública,12 - Educação,363 - Ensino profissional,EMPENHADO,3739.92,01/12/2022,158516264382022NE004453
2022,0000,MUNICIPIO DE ITAJAI,83102277000152,Administração pública,06 - Segurança pública,122 - Administração geral,EMPENHADO,3500.64,15/06/2022,200370000012022NE000136
2022,0000,MUNICIPIO DE ITAJAI,83102277000152,Administração pública,18 - Gestão ambiental,122 - Administração geral,PAGO,731.81,20/12/2022,443048442072022OB803583
2022,0000,MUNICIPIO DE ITAJAI,83102277000152,Administração pública,18 - Gestão ambiental,122 - Administração geral,PAGO,702.43,30/12/2022,443048442072022OB804109
2022,0000,MUNICIPIO DE ITAJAI,83102277000152,Administração pública,18 - Gestão ambiental,122 - Administração geral,PAGO,666.82,25/03/2022,443048442072022OB800777
2022,0000,MUNICIPIO DE ITAJAI,83102277000152,Administração pública,18 - Gestão ambiental,122 - Administração geral,PAGO,666.82,08/04/2022,443048442072022OB801018
2022,0000,MUNICIPIO DE ITAJAI,83102277000152,Administração pública,18 - Gestão ambiental,122 - Administração geral,PAGO,666.82,22/06/2022,443048442072022OB801811
2022,0000,MUNICIPIO DE ITAJAI,83102277000152,Administração pública,18 - Gestão ambiental,122 - Administração geral,PAGO,666.81,13/10/2022,443048442072022OB803221
2022,0000,MUNICIPIO DE ITAJAI,83102277000152,Administração pública,18 - Gestão ambiental,122 - Administração geral,PAGO,666.81,11/10/2022,443048442072022OB803089
2022,0000,MUNICIPIO DE ITAJAI,83102277000152,Administração pública,18 - Gestão ambiental,122 - Administração geral,PAGO,666.81,05/09/2022,443048442072022OB802631
2022,0000,MUNICIPIO DE ITAJAI,83102277000152,Administração pública,18 - Gestão ambiental,122 - Administração geral,PAGO,647.0,04/08/2022,443048442072022OB802154
2022,0000,MUNICIPIO DE ITAJAI,83102277000152,Administração pública,18 - Gestão ambiental,122 - Administração geral,PAGO,560.67,11/07/2022,443048442072022OB802032
2022,0000,MUNICIPIO DE ITAJAI,83102277000152,Administração pública,18 - Gestão ambiental,122 - Administração geral,PAGO,510.01,20/12/2022,443048442072022OB803565
2022,0000,MUNICIPIO DE ITAJAI,83102277000152,Administração pública,09 - Previdência social,122 - Administração geral,PAGO,248.19,10/01/2022,510181572022022OB800306
2022,0000,MUNICIPIO DE ITAJAI,83102277000152,Administração pública,04 - Administração,122 - Administração geral,EMPENHADO,234.78,16/05/2022,114624113012022NE000515
2022,0000,MUNICIPIO DE ITAJAI,83102277000152,Administração pública,18 - Gestão ambiental,541 - Preservação e conservação ambiental,PAGO,222.27,01/02/2022,443048442072022OB800140
2022,0000,MUNICIPIO DE ITAJAI,83102277000152,Administração pública,06 - Segurança pública,122 - Administração geral,PAGO,120.61,10/02/2022,200125000012022OB800242
2022,0000,MUNICIPIO DE ITAJAI,83102277000152,Administração pública,18 - Gestão ambiental,122 - Administração geral,PAGO,107.14,31/01/2022,193125192112022OB800031
2022,0000,MUNICIPIO DE ITAJAI,83102277000152,Administração pública,04 - Administração,122 - Administração geral,EMPENHADO,104.13,04/02/2022,114624113012022NE000092
2022,0000,MUNICIPIO DE ITAJAI,83102277000152,Administração pública,18 - Gestão ambiental,122 - Administração geral,PAGO,102.14,02/05/2022,193125192112022OB800206
2022,0000,MUNICIPIO DE ITAJAI,83102277000152,Administração pública,18 - Gestão ambiental,122 - Administração geral,PAGO,102.14,07/06/2022,193125192112022OB800312
2022,0000,MUNICIPIO DE ITAJAI,83102277000152,Administração pública,18 - Gestão ambiental,122 - Administração geral,PAGO,102.14,14/07/2022,193125192112022OB800439
2022,0000,MUNICIPIO DE ITAJAI,83102277000152,Administração pública,18 - Gestão ambiental,122 - Administração geral,PAGO,102.14,07/07/2022,193125192112022OB800410
2022,0000,MUNICIPIO DE ITAJAI,83102277000152,Administração pública,18 - Gestão ambiental,122 - Administração geral,PAGO,102.14,22/08/2022,193125192112022OB800530
2022,0000,MUNICIPIO DE ITAJAI,83102277000152,Administração pública,18 - Gestão ambiental,122 - Administração geral,PAGO,102.14,25/10/2022,193125192112022OB800724
2022,0000,MUNICIPIO DE ITAJAI,83102277000152,Administração pública,18 - Gestão ambiental,122 - Administração geral,PAGO,102.14,14/10/2022,193125192112022OB800676
2022,0000,MUNICIPIO DE ITAJAI,83102277000152,Administração pública,18 - Gestão ambiental,122 - Administração geral,PAGO,102.14,21/12/2022,193125192112022OB800878
2022,0000,MUNICIPIO DE ITAJAI,83102277000152,Administração pública,18 - Gestão ambiental,122 - Administração geral,PAGO,102.14,26/12/2022,193125192112022OB800886
2022,0000,MUNICIPIO DE ITAJAI,83102277000152,Administração pública,18 - Gestão ambiental,122 - Administração geral,PAGO,93.86,07/03/2022,193125192112022OB800072
2022,0000,MUNICIPIO DE ITAJAI,83102277000152,Administração pública,18 - Gestão ambiental,122 - Administração geral,PAGO,93.86,08/04/2022,193125192112022OB800138
2022,0000,MUNICIPIO DE ITAJAI,83102277000152,Administração pública,18 - Gestão ambiental,122 - Administração geral,PAGO,93.04,25/10/2022,193125192112022OB800743
2022,0000,MUNICIPIO DE ITAJAI,83102277000152,Administração pública,18 - Gestão ambiental,122 - Administração geral,PAGO,93.04,25/10/2022,193125192112022OB800734
2022,0000,MUNICIPIO DE ITAJAI,83102277000152,Administração pública,18 - Gestão ambiental,122 - Administração geral,PAGO,93.04,23/11/2022,193125192112022OB800796
2022,0000,MUNICIPIO DE ITAJAI,83102277000152,Administração pública,18 - Gestão ambiental,122 - Administração geral,PAGO,93.04,27/12/2022,193125192112022OB800898
2022,0000,MUNICIPIO DE ITAJAI,83102277000152,Administração pública,18 - Gestão ambiental,122 - Administração geral,PAGO,85.37,09/02/2022,193125192112022OB800040
2022,0000,MUNICIPIO DE ITAJAI,83102277000152,Administração pública,18 - Gestão ambiental,122 - Administração geral,PAGO,85.37,07/03/2022,193125192112022OB800068
2022,0000,MUNICIPIO DE ITAJAI,83102277000152,Administração pública,18 - Gestão ambiental,122 - Administração geral,PAGO,85.37,18/03/2022,193125192112022OB800114
2022,0000,MUNICIPIO DE ITAJAI,83102277000152,Administração pública,18 - Gestão ambiental,122 - Administração geral,PAGO,85.37,27/04/2022,193125192112022OB800190
2022,0000,MUNICIPIO DE ITAJAI,83102277000152,Administração pública,18 - Gestão ambiental,122 - Administração geral,PAGO,85.37,07/07/2022,193125192112022OB800406
2022,0000,MUNICIPIO DE ITAJAI,83102277000152,Administração pública,18 - Gestão ambiental,122 - Administração geral,PAGO,85.37,15/07/2022,193125192112022OB800457
2022,0000,MUNICIPIO DE ITAJAI,83102277000152,Administração pública,18 - Gestão ambiental,122 - Administração geral,PAGO,85.37,30/09/2022,193125192112022OB800648
2022,0000,MUNICIPIO DE ITAJAI,83102277000152,Administração pública,18 - Gestão ambiental,122 - Administração geral,PAGO,85.37,31/05/2022,193125192112022OB800286
2022,0000,MUNICIPIO DE ITAJAI,83102277000152,Administração pública,18 - Gestão ambiental,122 - Administração geral,PAGO,53.64,15/08/2022,193125192112022OB800506
2022,0000,MUNICIPIO DE ITAJAI,83102277000152,Administração pública,18 - Gestão ambiental,122 - Administração geral,PAGO,16.56,29/04/2022,193125192112022OB800203
2022,0000,MUNICIPIO DE ITAJAI,83102277000152,Administração pública,04 - Administração,122 - Administração geral,LIQUIDADO,0.0,07/02/2022,114624113012022NS000180
2022,0000,MUNICIPIO DE ITAJAI,83102277000152,Administração pública,04 - Administração,122 - Administração geral,LIQUIDADO,0.0,08/06/2022,114624113012022NS002928
2022,0000,MUNICIPIO DE ITAJAI,83102277000152,Administração pública,10 - Saúde,305 - Vigilância epidemiológica,LIQUIDADO,0.0,09/11/2022,255000362112022NL800395
2022,0000,MUNICIPIO DE ITAJAI,83102277000152,Administração pública,12 - Educação,363 - Ensino profissional,LIQUIDADO,0.0,27/12/2022,158516264382022NS033212
2022,0000,MUNICIPIO DE ITAJAI,83102277000152,Administração pública,12 - Educação,363 - Ensino profissional,LIQUIDADO,0.0,27/12/2022,158516264382022NS033210
2022,0000,MUNICIPIO DE ITAJAI,83102277000152,Administração pública,06 - Segurança pública,122 - Administração geral,LIQUIDADO,0.0,15/06/2022,200370000012022NS004674
2022,0000,MUNICIPIO DE ITAJAI,83102277000152,Administração pública,12 - Educação,363 - Ensino profissional,LIQUIDADO,0.0,02/12/2022,158516264382022NS030092
2022,0000,HOSPITAL E MATERNIDADE MARIETA KONDER BORNHAUSEN,60194990002200,Hospital,05 - Defesa nacional,301 - Atenção básica,LIQUIDADO,0.0,18/01/2022,785344000012022NS000030
2022,0000,HOSPITAL E MATERNIDADE MARIETA KONDER BORNHAUSEN,60194990002200,Hospital,05 - Defesa nacional,301 - Atenção básica,LIQUIDADO,0.0,08/03/2022,785344000012022NS000327
2022,0000,HOSPITAL E MATERNIDADE MARIETA KONDER BORNHAUSEN,60194990002200,Hospital,05 - Defesa nacional,301 - Atenção básica,LIQUIDADO,0.0,29/03/2022,785344000012022NS000429
2022,0000,HOSPITAL E MATERNIDADE MARIETA KONDER BORNHAUSEN,60194990002200,Hospital,05 - Defesa nacional,301 - Atenção básica,LIQUIDADO,0.0,16/05/2022,785344000012022NS000703
2022,0000,HOSPITAL E MATERNIDADE MARIETA KONDER BORNHAUSEN,60194990002200,Hospital,05 - Defesa nacional,301 - Atenção básica,LIQUIDADO,0.0,22/06/2022,785344000012022NS000936
2022,0000,HOSPITAL E MATERNIDADE MARIETA KONDER BORNHAUSEN,60194990002200,Hospital,05 - Defesa nacional,301 - Atenção básica,LIQUIDADO,0.0,11/07/2022,785344000012022NS001105
2022,0000,HOSPITAL E MATERNIDADE MARIETA KONDER BORNHAUSEN,60194990002200,Hospital,05 - Defesa nacional,301 - Atenção básica,LIQUIDADO,0.0,20/07/2022,785344000012022NS001197
2022,0000,HOSPITAL E MATERNIDADE MARIETA KONDER BORNHAUSEN,60194990002200,Hospital,05 - Defesa nacional,301 - Atenção básica,LIQUIDADO,0.0,29/08/2022,785344000012022NS001451
2022,0000,HOSPITAL E MATERNIDADE MARIETA KONDER BORNHAUSEN,60194990002200,Hospital,05 - Defesa nacional,301 - Atenção básica,LIQUIDADO,0.0,18/10/2022,785344000012022NS001669
2022,0000,HOSPITAL E MATERNIDADE MARIETA KONDER BORNHAUSEN,60194990002200,Hospital,05 - Defesa nacional,301 - Atenção básica,LIQUIDADO,0.0,14/12/2022,785344000012022NS002002
2022,0000,HOSPITAL E MATERNIDADE MARIETA KONDER BORNHAUSEN,60194990002200,Hospital,05 - Defesa nacional,301 - Atenção básica,LIQUIDADO,0.0,14/12/2022,785344000012022NS002017
2022,3980 - FABIO SCHIOCHET,MUNICIPIO DE ITAJAI,83102277000152,Administração pública,15 - Urbanismo,451 - infra-estrutura urbana,PAGO,578000.0,22/03/2022,175004000012022OB800758
2022,3980 - FABIO SCHIOCHET,MUNICIPIO DE ITAJAI,83102277000152,Administração pública,15 - Urbanismo,451 - infra-estrutura urbana,LIQUIDADO,0.0,21/03/2022,175004000012022NS005660
2022,8100 - RELATOR GERAL,MUNICIPIO DE ITAJAI,83102277000152,Administração pública,12 - Educação,368 - Educação básica,LIQUIDADO,0.0,20/10/2022,153173152532022NS053565
2022,8100 - RELATOR GERAL,MUNICIPIO DE ITAJAI,83102277000152,Administração pública,23 - Comércio e serviços,695 - Turismo,LIQUIDADO,0.0,25/11/2022,540007000012022NL001021
2022,9055 - GILSON MARQUES,HOSPITAL E MATERNIDADE MARIETA KONDER BORNHAUSEN,60194990002200,Hospital,10 - Saúde,302 - Assistência hospitalar e ambulatorial,PAGO,347895.0,24/02/2022,257001000012022OB804383
2022,9055 - GILSON MARQUES,HOSPITAL E MATERNIDADE MARIETA KONDER BORNHAUSEN,60194990002200,Hospital,10 - Saúde,302 - Assistência hospitalar e ambulatorial,LIQUIDADO,0.0,24/02/2022,257001000012022NS018746
2021,0000,HOSPITAL E MATERNIDADE MARIETA KONDER BORNHAUSEN,60194990002200,Hospital,05 - Defesa nacional,301 - Atenção básica,EMPENHADO,296585.92,04/08/2021,785344000012021NE000384
2021,0000,HOSPITAL E MATERNIDADE MARIETA KONDER BORNHAUSEN,60194990002200,Hospital,05 - Defesa nacional,301 - Atenção básica,EMPENHADO,296585.92,27/10/2021,785344000012021NE000596
2021,0000,HOSPITAL E MATERNIDADE MARIETA KONDER BORNHAUSEN,60194990002200,Hospital,05 - Defesa nacional,301 - Atenção básica,PAGO,296585.92,13/08/2021,785344000012021OB800442
2021,0000,HOSPITAL E MATERNIDADE MARIETA KONDER BORNHAUSEN,60194990002200,Hospital,05 - Defesa nacional,301 - Atenção básica,PAGO,296585.92,05/11/2021,785344000012021OB800641
2021,0000,MUNICIPIO DE ITAJAI,83102277000152,Administração pública,23 - Comércio e serviços,695 - Turismo,PAGO,182375.48,13/12/2021,540007000012021OB801213
2021,0000,MUNICIPIO DE ITAJAI,83102277000152,Administração pública,23 - Comércio e serviços,695 - Turismo,PAGO,182375.48,13/12/2021,540007000012021OB801211
2021,0000,MUNICIPIO DE ITAJAI,83102277000152,Administração pública,23 - Comércio e serviços,695 - Turismo,PAGO,182375.48,21/12/2021,540007000012021OB801230
2021,0000,HOSPITAL E MATERNIDADE MARIETA KONDER BORNHAUSEN,60194990002200,Hospital,05 - Defesa nacional,301 - Atenção básica,EMPENHADO,170094.61,20/07/2021,785344000012021NE000326
2021,0000,HOSPITAL E MATERNIDADE MARIETA KONDER BORNHAUSEN,60194990002200,Hospital,05 - Defesa nacional,301 - Atenção básica,EMPENHADO,131519.56,06/04/2021,785344000012021NE000139
2021,0000,HOSPITAL E MATERNIDADE MARIETA KONDER BORNHAUSEN,60194990002200,Hospital,05 - Defesa nacional,301 - Atenção básica,PAGO,131519.56,29/04/2021,785344000012021OB800205
2021,0000,HOSPITAL E MATERNIDADE MARIETA KONDER BORNHAUSEN,60194990002200,Hospital,05 - Defesa nacional,301 - Atenção básica,EMPENHADO,128477.55,28/12/2021,785344000012021NE000863
2021,0000,HOSPITAL E MATERNIDADE MARIETA KONDER BORNHAUSEN,60194990002200,Hospital,05 - Defesa nacional,301 - Atenção básica,EMPENHADO,108516.49,14/04/2021,785344000012021NE000151
2021,0000,HOSPITAL E MATERNIDADE MARIETA KONDER BORNHAUSEN,60194990002200,Hospital,05 - Defesa nacional,301 - Atenção básica,PAGO,108516.49,09/06/2021,785344000012021OB800257
2021,0000,MUNICIPIO DE ITAJAI,83102277000152,Administração pública,23 - Comércio e serviços,695 - Turismo,PAGO,91187.74,30/12/2021,540007000012021OB801567
2021,0000,HOSPITAL E MATERNIDADE MARIETA KONDER BORNHAUSEN,60194990002200,Hospital,05 - Defesa nacional,301 - Atenção básica,EMPENHADO,87537.92,08/12/2021,785344000012021NE000828
2021,0000,HOSPITAL E MATERNIDADE MARIETA KONDER BORNHAUSEN,60194990002200,Hospital,05 - Defesa nacional,301 - Atenção básica,PAGO,87537.92,17/12/2021,785344000012021OB800885
2021,0000,HOSPITAL E MATERNIDADE MARIETA KONDER BORNHAUSEN,60194990002200,Hospital,05 - Defesa nacional,301 - Atenção básica,EMPENHADO,86726.7,10/03/2021,785344000012021NE000097
2021,0000,HOSPITAL E MATERNIDADE MARIETA KONDER BORNHAUSEN,60194990002200,Hospital,05 - Defesa nacional,301 - Atenção básica,PAGO,86726.7,09/04/2021,785344000012021OB800133
2021,0000,HOSPITAL E MATERNIDADE MARIETA KONDER BORNHAUSEN,60194990002200,Hospital,05 - Defesa nacional,301 - Atenção básica,EMPENHADO,82112.22,03/11/2021,785344000012021NE000723
2021,0000,HOSPITAL E MATERNIDADE MARIETA KONDER BORNHAUSEN,60194990002200,Hospital,05 - Defesa nacional,301 - Atenção básica,PAGO,82112.22,24/11/2021,785344000012021OB800749
2021,0000,HOSPITAL E MATERNIDADE MARIETA KONDER BORNHAUSEN,60194990002200,Hospital,05 - Defesa nacional,301 - Atenção básica,EMPENHADO,80857.38,26/01/2021,785344000012021NE000027
2021,0000,HOSPITAL E MATERNIDADE MARIETA KONDER BORNHAUSEN,60194990002200,Hospital,05 - Defesa nacional,301 - Atenção básica,PAGO,80857.38,08/02/2021,785344000012021OB800036
2021,0000,HOSPITAL E MATERNIDADE MARIETA KONDER BORNHAUSEN,60194990002200,Hospital,05 - Defesa nacional,301 - Atenção básica,EMPENHADO,61856.02,03/11/2021,785344000012021NE000724
2021,0000,HOSPITAL E MATERNIDADE MARIETA KONDER BORNHAUSEN,60194990002200,Hospital,05 - Defesa nacional,301 - Atenção básica,PAGO,61856.02,24/11/2021,785344000012021OB800748
2021,0000,HOSPITAL E MATERNIDADE MARIETA KONDER BORNHAUSEN,60194990002200,Hospital,05 - Defesa nacional,301 - Atenção básica,EMPENHADO,60034.2,26/01/2021,785344000012021NE000024
2021,0000,HOSPITAL E MATERNIDADE MARIETA KONDER BORNHAUSEN,60194990002200,Hospital,05 - Defesa nacional,301 - Atenção básica,PAGO,60034.2,08/02/2021,785344000012021OB800037
2021,0000,HOSPITAL E MATERNIDADE MARIETA KONDER BORNHAUSEN,60194990002200,Hospital,05 - Defesa nacional,301 - Atenção básica,PAGO,48763.43,01/02/2021,785344000012021OB800030
2021,0000,HOSPITAL E MATERNIDADE MARIETA KONDER BORNHAUSEN,60194990002200,Hospital,05 - Defesa nacional,301 - Atenção básica,PAGO,45043.59,27/01/2021,785344000012021OB800022
2021,0000,HOSPITAL E MATERNIDADE MARIETA KONDER BORNHAUSEN,60194990002200,Hospital,05 - Defesa nacional,301 - Atenção básica,PAGO,39854.55,10/11/2021,785344000012021OB800704
2021,0000,HOSPITAL E MATERNIDADE MARIETA KONDER BORNHAUSEN,60194990002200,Hospital,05 - Defesa nacional,301 - Atenção básica,EMPENHADO,32620.39,26/01/2021,785344000012021NE000028
2021,0000,HOSPITAL E MATERNIDADE MARIETA KONDER BORNHAUSEN,60194990002200,Hospital,05 - Defesa nacional,301 - Atenção básica,PAGO,32620.39,08/02/2021,785344000012021OB800035
2021,0000,HOSPITAL E MATERNIDADE MARIETA KONDER BORNHAUSEN,60194990002200,Hospital,05 - Defesa nacional,301 - Atenção básica,EMPENHADO,28335.36,30/11/2021,785344000012021NE000795
2021,0000,HOSPITAL E MATERNIDADE MARIETA KONDER BORNHAUSEN,60194990002200,Hospital,05 - Defesa nacional,301 - Atenção básica,PAGO,28335.36,16/12/2021,785344000012021OB800839
2021,0000,MUNICIPIO DE ITAJAI,83102277000152,Administração pública,12 - Educação,368 - Educação básica,EMPENHADO,20235.38,07/12/2021,153173152532021NE652383
2021,0000,HOSPITAL E MATERNIDADE MARIETA KONDER BORNHAUSEN,60194990002200,Hospital,05 - Defesa nacional,301 - Atenção básica,EMPENHADO,16396.93,28/12/2021,785344000012021NE000869
2021,0000,HOSPITAL E MATERNIDADE MARIETA KONDER BORNHAUSEN,60194990002200,Hospital,05 - Defesa nacional,301 - Atenção básica,EMPENHADO,15868.67,24/06/2021,785344000012021NE000273
2021,0000,HOSPITAL E MATERNIDADE MARIETA KONDER BORNHAUSEN,60194990002200,Hospital,05 - Defesa nacional,301 - Atenção básica,EMPENHADO,15868.67,03/08/2021,785344000012021NE000366
2021,0000,HOSPITAL E MATERNIDADE MARIETA KONDER BORNHAUSEN,60194990002200,Hospital,05 - Defesa nacional,301 - Atenção básica,PAGO,15868.67,13/08/2021,785344000012021OB800444
2021,0000,HOSPITAL E MATERNIDADE MARIETA KONDER BORNHAUSEN,60194990002200,Hospital,05 - Defesa nacional,301 - Atenção básica,EMPENHADO,11689.29,03/08/2021,785344000012021NE000370
2021,0000,HOSPITAL E MATERNIDADE MARIETA KONDER BORNHAUSEN,60194990002200,Hospital,05 - Defesa nacional,301 - Atenção básica,PAGO,11689.29,13/08/2021,785344000012021OB800441
2021,0000,HOSPITAL E MATERNIDADE MARIETA KONDER BORNHAUSEN,60194990002200,Hospital,05 - Defesa nacional,301 - Atenção básica,EMPENHADO,9211.38,25/01/2021,785344000012021NE000012
2021,0000,HOSPITAL E MATERNIDADE MARIETA KONDER BORNHAUSEN,60194990002200,Hospital,05 - Defesa nacional,301 - Atenção básica,PAGO,9211.38,08/02/2021,785344000012021OB800038
2021,0000,MUNICIPIO DE ITAJAI,83102277000152,Administração pública,12 - Educação,368 - Educação básica,EMPENHADO,6469.3,07/12/2021,153173152532021NE652392
2021,0000,MUNICIPIO DE ITAJAI,83102277000152,Administração pública,12 - Educação,363 - Ensino profissional,EMPENHADO,5303.99,25/11/2021,158516264382021NE003340
2021,0000,MUNICIPIO DE ITAJAI,83102277000152,Administração pública,12 - Educação,363 - Ensino profissional,EMPENHADO,2784.89,03/11/2021,158516264382021NE002715
2021,0000,MUNICIPIO DE ITAJAI,83102277000152,Administração pública,18 - Gestão ambiental,541 - Preservação e conservação ambiental,PAGO,1111.37,27/12/2021,443048442072021OB804257
2021,0000,HOSPITAL E MATERNIDADE MARIETA KONDER BORNHAUSEN,60194990002200,Hospital,05 - Defesa nacional,301 - Atenção básica,EMPENHADO,1104.14,14/07/2021,785344000012021NE000318
2021,0000,MUNICIPIO DE ITAJAI,83102277000152,Administração pública,18 - Gestão ambiental,541 - Preservação e conservação ambiental,PAGO,901.36,08/07/2021,443048442072021OB802024
2021,0000,MUNICIPIO DE ITAJAI,83102277000152,Administração pública,18 - Gestão ambiental,541 - Preservação e conservação ambiental,PAGO,901.36,22/10/2021,443048442072021OB803210
2021,0000,MUNICIPIO DE ITAJAI,83102277000152,Administração pública,18 - Gestão ambiental,541 - Preservação e conservação ambiental,PAGO,901.36,30/11/2021,443048442072021OB803755
2021,0000,MUNICIPIO DE ITAJAI,83102277000152,Administração pública,18 - Gestão ambiental,541 - Preservação e conservação ambiental,PAGO,901.36,04/08/2021,443048442072021OB802358
2021,0000,MUNICIPIO DE ITAJAI,83102277000152,Administração pública,18 - Gestão ambiental,541 - Preservação e conservação ambiental,PAGO,901.36,14/09/2021,443048442072021OB802749
2021,0000,HOSPITAL E MATERNIDADE MARIETA KONDER BORNHAUSEN,60194990002200,Hospital,05 - Defesa nacional,301 - Atenção básica,EMPENHADO,890.06,28/10/2021,785344000012021NE000657
2021,0000,HOSPITAL E MATERNIDADE MARIETA KONDER BORNHAUSEN,60194990002200,Hospital,05 - Defesa nacional,301 - Atenção básica,PAGO,890.06,24/11/2021,785344000012021OB800747
2021,0000,MUNICIPIO DE ITAJAI,83102277000152,Administração pública,18 - Gestão ambiental,541 - Preservação e conservação ambiental,PAGO,847.66,05/05/2021,443048442072021OB800948
2021,0000,MUNICIPIO DE ITAJAI,83102277000152,Administração pública,18 - Gestão ambiental,541 - Preservação e conservação ambiental,PAGO,847.66,09/06/2021,443048442072021OB801457
2021,0000,MUNICIPIO DE ITAJAI,83102277000152,Administração pública,18 - Gestão ambiental,541 - Preservação e conservação ambiental,PAGO,847.66,21/05/2021,443048442072021OB801204
2021,0000,MUNICIPIO DE ITAJAI,83102277000152,Administração pública,18 - Gestão ambiental,541 - Preservação e conservação ambiental,PAGO,847.66,28/04/2021,443048442072021OB800918
2021,0000,MUNICIPIO DE ITAJAI,83102277000152,Administração pública,18 - Gestão ambiental,541 - Preservação e conservação ambiental,PAGO,721.09,22/12/2021,443048442072021OB804117
2021,0000,MUNICIPIO DE ITAJAI,83102277000152,Administração pública,18 - Gestão ambiental,541 - Preservação e conservação ambiental,PAGO,666.82,30/08/2021,443048442072021OB802580
2021,0000,MUNICIPIO DE ITAJAI,83102277000152,Administração pública,18 - Gestão ambiental,541 - Preservação e conservação ambiental,PAGO,666.82,22/10/2021,443048442072021OB803259
2021,0000,MUNICIPIO DE ITAJAI,83102277000152,Administração pública,18 - Gestão ambiental,541 - Preservação e conservação ambiental,PAGO,666.82,07/07/2021,443048442072021OB801922
2021,0000,MUNICIPIO DE ITAJAI,83102277000152,Administração pública,18 - Gestão ambiental,541 - Preservação e conservação ambiental,PAGO,666.82,30/07/2021,443048442072021OB802281
2021,0000,MUNICIPIO DE ITAJAI,83102277000152,Administração pública,18 - Gestão ambiental,541 - Preservação e conservação ambiental,PAGO,666.82,14/12/2021,443048442072021OB803848
2021,0000,MUNICIPIO DE ITAJAI,83102277000152,Administração pública,18 - Gestão ambiental,541 - Preservação e conservação ambiental,PAGO,666.82,09/06/2021,443048442072021OB801487
2021,0000,MUNICIPIO DE ITAJAI,83102277000152,Administração pública,18 - Gestão ambiental,541 - Preservação e conservação ambiental,PAGO,666.82,27/09/2021,443048442072021OB802835
2021,0000,MUNICIPIO DE ITAJAI,83102277000152,Administração pública,18 - Gestão ambiental,541 - Preservação e conservação ambiental,PAGO,592.39,13/04/2021,443048442072021OB800851
2021,0000,MUNICIPIO DE ITAJAI,83102277000152,Administração pública,18 - Gestão ambiental,541 - Preservação e conservação ambiental,PAGO,592.39,21/05/2021,443048442072021OB801283
2021,0000,MUNICIPIO DE ITAJAI,83102277000152,Administração pública,18 - Gestão ambiental,541 - Preservação e conservação ambiental,PAGO,592.39,08/03/2021,443048442072021OB800437
2021,0000,MUNICIPIO DE ITAJAI,83102277000152,Administração pública,12 - Educação,363 - Ensino profissional,EMPENHADO,565.45,03/11/2021,158516264382021NE002714
2021,0000,MUNICIPIO DE ITAJAI,83102277000152,Administração pública,06 - Segurança pública,181 - Policiamento,PAGO,296.44,25/02/2021,200125000012021OB800338
2021,0000,MUNICIPIO DE ITAJAI,83102277000152,Administração pública,09 - Previdência social,122 - Administração geral,PAGO,262.43,26/11/2021,510181572022021OB810156
2021,0000,MUNICIPIO DE ITAJAI,83102277000152,Administração pública,04 - Administração,122 - Administração geral,EMPENHADO,234.78,08/07/2021,114624113012021NE000399
2021,0000,MUNICIPIO DE ITAJAI,83102277000152,Administração pública,04 - Administração,122 - Administração geral,EMPENHADO,234.78,27/04/2021,114624113012021NE000232
2021,0000,MUNICIPIO DE ITAJAI,83102277000152,Administração pública,04 - Administração,122 - Administração geral,EMPENHADO,234.78,23/04/2021,114624113012021NE000229
2021,0000,MUNICIPIO DE ITAJAI,83102277000152,Administração pública,18 - Gestão ambiental,541 - Preservação e conservação ambiental,PAGO,214.78,14/12/2021,443048442072021OB803845
2021,0000,MUNICIPIO DE ITAJAI,83102277000152,Administração pública,06 - Segurança pública,122 - Administração geral,PAGO,185.71,14/10/2021,200125000012021OB803004
2021,0000,MUNICIPIO DE ITAJAI,83102277000152,Administração pública,06 - Segurança pública,122 - Administração geral,PAGO,185.71,12/11/2021,200125000012021OB803318
2021,0000,MUNICIPIO DE ITAJAI,83102277000152,Administração pública,06 - Segurança pública,122 - Administração geral,PAGO,185.71,06/08/2021,200125000012021OB802220
2021,0000,MUNICIPIO DE ITAJAI,83102277000152,Administração pública,06 - Segurança pública,122 - Administração geral,PAGO,179.52,13/09/2021,200125000012021OB802638
2021,0000,MUNICIPIO DE ITAJAI,83102277000152,Administração pública,06 - Segurança pública,122 - Administração geral,PAGO,176.88,06/05/2021,200125000012021OB801164
2021,0000,MUNICIPIO DE ITAJAI,83102277000152,Administração pública,06 - Segurança pública,122 - Administração geral,PAGO,176.88,04/03/2021,200125000012021OB800549
2021,0000,MUNICIPIO DE ITAJAI,83102277000152,Administração pública,06 - Segurança pública,122 - Administração geral,PAGO,176.88,01/07/2021,200125000012021OB801799
2021,0000,MUNICIPIO DE ITAJAI,83102277000152,Administração pública,06 - Segurança pública,122 - Administração geral,PAGO,176.88,02/02/2021,200125000012021OB800174
2021,0000,MUNICIPIO DE ITAJAI,83102277000152,Administração pública,06 - Segurança pública,122 - Administração geral,PAGO,176.88,15/06/2021,200125000012021OB801566
2021,0000,MUNICIPIO DE ITAJAI,83102277000152,Administração pública,06 - Segurança pública,122 - Administração geral,PAGO,176.88,06/04/2021,200125000012021OB800819
2021,0000,MUNICIPIO DE ITAJAI,83102277000152,Administração pública,09 - Previdência social,122 - Administração geral,PAGO,166.21,10/12/2021,510181572022021OB811324
2021,0000,MUNICIPIO DE ITAJAI,83102277000152,Administração pública,06 - Segurança pública,122 - Administração geral,PAGO,120.61,06/07/2021,200125000012021OB801868
2021,0000,MUNICIPIO DE ITAJAI,83102277000152,Administração pública,06 - Segurança pública,122 - Administração geral,PAGO,120.61,08/10/2021,200125000012021OB802910
2021,0000,MUNICIPIO DE ITAJAI,83102277000152,Administração pública,06 - Segurança pública,122 - Administração geral,PAGO,120.61,12/11/2021,200125000012021OB803294
2021,0000,MUNICIPIO DE ITAJAI,83102277000152,Administração pública,06 - Segurança pública,122 - Administração geral,PAGO,120.61,02/06/2021,200125000012021OB801473
2021,0000,MUNICIPIO DE ITAJAI,83102277000152,Administração pública,06 - Segurança pública,122 - Administração geral,PAGO,120.61,03/12/2021,200125000012021OB803535
2021,0000,MUNICIPIO DE ITAJAI,83102277000152,Administração pública,06 - Segurança pública,122 - Administração geral,PAGO,120.61,06/08/2021,200125000012021OB802192
2021,0000,MUNICIPIO DE ITAJAI,83102277000152,Administração pública,06 - Segurança pública,122 - Administração geral,PAGO,120.61,10/09/2021,200125000012021OB802579
2021,0000,MUNICIPIO DE ITAJAI,83102277000152,Administração pública,06 - Segurança pública,122 - Administração geral,PAGO,115.92,06/05/2021,200125000012021OB801178
2021,0000,MUNICIPIO DE ITAJAI,83102277000152,Administração pública,06 - Segurança pública,122 - Administração geral,PAGO,115.92,09/04/2021,200125000012021OB800881
2021,0000,MUNICIPIO DE ITAJAI,83102277000152,Administração pública,06 - Segurança pública,122 - Administração geral,PAGO,115.92,04/03/2021,200125000012021OB800525
2021,0000,MUNICIPIO DE ITAJAI,83102277000152,Administração pública,18 - Gestão ambiental,122 - Administração geral,PAGO,107.14,27/08/2021,193125192112021OB800449
2021,0000,MUNICIPIO DE ITAJAI,83102277000152,Administração pública,18 - Gestão ambiental,122 - Administração geral,PAGO,107.14,01/10/2021,193125192112021OB800533
2021,0000,MUNICIPIO DE ITAJAI,83102277000152,Administração pública,18 - Gestão ambiental,122 - Administração geral,PAGO,107.14,21/10/2021,193125192112021OB800613
2021,0000,MUNICIPIO DE ITAJAI,83102277000152,Administração pública,18 - Gestão ambiental,122 - Administração geral,PAGO,107.14,27/12/2021,193125192112021OB800737
2021,0000,MUNICIPIO DE ITAJAI,83102277000152,Administração pública,18 - Gestão ambiental,122 - Administração geral,PAGO,107.14,02/07/2021,193125192112021OB800341
2021,0000,MUNICIPIO DE ITAJAI,83102277000152,Administração pública,18 - Gestão ambiental,122 - Administração geral,PAGO,107.14,23/07/2021,193125192112021OB800384
2021,0000,MUNICIPIO DE ITAJAI,83102277000152,Administração pública,18 - Gestão ambiental,122 - Administração geral,PAGO,107.14,03/12/2021,193125192112021OB800683
2021,0000,MUNICIPIO DE ITAJAI,83102277000152,Administração pública,18 - Gestão ambiental,122 - Administração geral,PAGO,101.48,07/04/2021,193125192112021OB800132
2021,0000,MUNICIPIO DE ITAJAI,83102277000152,Administração pública,18 - Gestão ambiental,122 - Administração geral,PAGO,101.48,05/03/2021,193125192112021OB800067
2021,0000,MUNICIPIO DE ITAJAI,83102277000152,Administração pública,18 - Gestão ambiental,122 - Administração geral,PAGO,101.48,25/05/2021,193125192112021OB800255
2021,0000,MUNICIPIO DE ITAJAI,83102277000152,Administração pública,18 - Gestão ambiental,122 - Administração geral,PAGO,101.48,06/05/2021,193125192112021OB800203
2021,0000,MUNICIPIO DE ITAJAI,83102277000152,Administração pública,18 - Gestão ambiental,122 - Administração geral,PAGO,97.4,21/01/2021,193125192112021OB800029
2021,0000,MUNICIPIO DE ITAJAI,83102277000152,Administração pública,09 - Previdência social,122 - Administração geral,PAGO,93.18,24/11/2021,510181572022021DR802323
2021,0000,MUNICIPIO DE ITAJAI,83102277000152,Administração pública,18 - Gestão ambiental,122 - Administração geral,PAGO,85.37,13/09/2021,193125192112021OB800501
2021,0000,MUNICIPIO DE ITAJAI,83102277000152,Administração pública,18 - Gestão ambiental,122 - Administração geral,PAGO,85.37,13/08/2021,193125192112021OB800429
2021,0000,MUNICIPIO DE ITAJAI,83102277000152,Administração pública,18 - Gestão ambiental,122 - Administração geral,PAGO,85.37,13/10/2021,193125192112021OB800558
2021,0000,MUNICIPIO DE ITAJAI,83102277000152,Administração pública,18 - Gestão ambiental,122 - Administração geral,PAGO,85.37,16/11/2021,193125192112021OB800664
2021,0000,MUNICIPIO DE ITAJAI,83102277000152,Administração pública,18 - Gestão ambiental,122 - Administração geral,PAGO,85.37,15/12/2021,193125192112021OB800708
2021,0000,MUNICIPIO DE ITAJAI,83102277000152,Administração pública,18 - Gestão ambiental,122 - Administração geral,PAGO,85.37,13/07/2021,193125192112021OB800376
2021,0000,MUNICIPIO DE ITAJAI,83102277000152,Administração pública,18 - Gestão ambiental,122 - Administração geral,PAGO,85.37,23/06/2021,193125192112021OB800310
2021,0000,MUNICIPIO DE ITAJAI,83102277000152,Administração pública,18 - Gestão ambiental,122 - Administração geral,PAGO,78.22,18/01/2021,193125192112021OB800016
2021,0000,MUNICIPIO DE ITAJAI,83102277000152,Administração pública,09 - Previdência social,122 - Administração geral,PAGO,67.53,20/10/2021,510181572022021OB808492
2021,0000,MUNICIPIO DE ITAJAI,83102277000152,Administração pública,09 - Previdência social,122 - Administração geral,PAGO,67.53,19/10/2021,510181572022021OB808475
2021,0000,MUNICIPIO DE ITAJAI,83102277000152,Administração pública,06 - Segurança pública,122 - Administração geral,PAGO,44.15,13/09/2021,200125000012021OB802629
2021,0000,MUNICIPIO DE ITAJAI,83102277000152,Administração pública,18 - Gestão ambiental,122 - Administração geral,PAGO,40.63,05/03/2021,193125192112021OB800077
2021,0000,MUNICIPIO DE ITAJAI,83102277000152,Administração pública,18 - Gestão ambiental,122 - Administração geral,PAGO,22.65,02/07/2021,193125192112021OB800333
2021,0000,MUNICIPIO DE ITAJAI,83102277000152,Administração pública,06 - Segurança pública,122 - Administração geral,PAGO,14.05,17/05/2021,200125000012021OB801294
2021,0000,MUNICIPIO DE ITAJAI,83102277000152,Administração pública,04 - Administração,122 - Administração geral,LIQUIDADO,0.0,18/05/2021,114624113012021NS000885
2021,0000,MUNICIPIO DE ITAJAI,83102277000152,Administração pública,23 - Comércio e serviços,695 - Turismo,LIQUIDADO,0.0,01/10/2021,540007000012021NS004759
2021,0000,MUNICIPIO DE ITAJAI,83102277000152,Administração pública,12 - Educação,363 - Ensino profissional,LIQUIDADO,0.0,08/11/2021,158516264382021NS024043
2021,0000,MUNICIPIO DE ITAJAI,83102277000152,Administração pública,12 - Educação,363 - Ensino profissional,LIQUIDADO,0.0,08/11/2021,158516264382021NS024048
2021,0000,MUNICIPIO DE ITAJAI,83102277000152,Administração pública,23 - Comércio e serviços,695 - Turismo,LIQUIDADO,0.0,10/12/2021,540007000012021NS006350
2021,0000,MUNICIPIO DE ITAJAI,83102277000152,Administração pública,23 - Comércio e serviços,695 - Turismo,LIQUIDADO,0.0,20/12/2021,540007000012021NS006505
2021,0000,MUNICIPIO DE ITAJAI,83102277000152,Administração pública,23 - Comércio e serviços,695 - Turismo,LIQUIDADO,0.0,20/12/2021,540007000012021NS006504
2021,0000,MUNICIPIO DE ITAJAI,83102277000152,Administração pública,23 - Comércio e serviços,695 - Turismo,LIQUIDADO,0.0,22/12/2021,540007000012021NS006546
2021,0000,MUNICIPIO DE ITAJAI,83102277000152,Administração pública,23 - Comércio e serviços,695 - Turismo,LIQUIDADO,0.0,04/10/2021,540007000012021NS004855
2021,0000,MUNICIPIO DE ITAJAI,83102277000152,Administração pública,20 - Agricultura,608 - Promoção da produção agropecuária,LIQUIDADO,0.0,30/06/2021,530023000012021NS001247
2021,0000,MUNICIPIO DE ITAJAI,83102277000152,Administração pública,04 - Administração,122 - Administração geral,LIQUIDADO,0.0,22/07/2021,114624113012021NS001899
2021,0000,MUNICIPIO DE ITAJAI,83102277000152,Administração pública,04 - Administração,122 - Administração geral,LIQUIDADO,0.0,28/04/2021,114624113012021NS000697
2021,0000,MUNICIPIO DE ITAJAI,83102277000152,Administração pública,23 - Comércio e serviços,695 - Turismo,LIQUIDADO,0.0,04/10/2021,540007000012021NS004941
2021,0000,MUNICIPIO DE ITAJAI,83102277000152,Administração pública,04 - Administração,122 - Administração geral,LIQUIDADO,0.0,28/05/2021,114624113012021NS001234
2021,0000,MUNICIPIO DE ITAJAI,83102277000152,Administração pública,12 - Educação,363 - Ensino profissional,LIQUIDADO,0.0,01/12/2021,158516264382021NS025875
2021,0000,MUNICIPIO DE ITAJAI,83102277000152,Administração pública,09 - Previdência social,122 - Administração geral,PAGO,0.0,21/10/2021,510181572022021OB808526
2021,0000,MUNICIPIO DE ITAJAI,83102277000152,Administração pública,09 - Previdência social,122 - Administração geral,PAGO,0.0,20/10/2021,510181572022021OB808486
2021,0000,MUNICIPIO DE ITAJAI,83102277000152,Administração pública,23 - Comércio e serviços,695 - Turismo,PAGO,0.0,14/12/2021,540007000012021OB801214
2021,0000,HOSPITAL E MATERNIDADE MARIETA KONDER BORNHAUSEN,60194990002200,Hospital,05 - Defesa nacional,301 - Atenção básica,LIQUIDADO,0.0,11/01/2021,785344000012021NS000013
2021,0000,HOSPITAL E MATERNIDADE MARIETA KONDER BORNHAUSEN,60194990002200,Hospital,05 - Defesa nacional,301 - Atenção básica,LIQUIDADO,0.0,15/04/2021,785344000012021NS000437
2021,0000,HOSPITAL E MATERNIDADE MARIETA KONDER BORNHAUSEN,60194990002200,Hospital,05 - Defesa nacional,301 - Atenção básica,LIQUIDADO,0.0,09/08/2021,785344000012021NS001037
2021,0000,HOSPITAL E MATERNIDADE MARIETA KONDER BORNHAUSEN,60194990002200,Hospital,05 - Defesa nacional,301 - Atenção básica,LIQUIDADO,0.0,09/08/2021,785344000012021NS001035
2021,0000,HOSPITAL E MATERNIDADE MARIETA KONDER BORNHAUSEN,60194990002200,Hospital,05 - Defesa nacional,301 - Atenção básica,LIQUIDADO,0.0,09/08/2021,785344000012021NS001034
2021,0000,HOSPITAL E MATERNIDADE MARIETA KONDER BORNHAUSEN,60194990002200,Hospital,05 - Defesa nacional,301 - Atenção básica,LIQUIDADO,0.0,19/11/2021,785344000012021NS001894
2021,0000,HOSPITAL E MATERNIDADE MARIETA KONDER BORNHAUSEN,60194990002200,Hospital,05 - Defesa nacional,301 - Atenção básica,LIQUIDADO,0.0,19/11/2021,785344000012021NS001893
2021,0000,HOSPITAL E MATERNIDADE MARIETA KONDER BORNHAUSEN,60194990002200,Hospital,05 - Defesa nacional,301 - Atenção básica,LIQUIDADO,0.0,19/11/2021,785344000012021NS001895
2021,0000,HOSPITAL E MATERNIDADE MARIETA KONDER BORNHAUSEN,60194990002200,Hospital,05 - Defesa nacional,301 - Atenção básica,LIQUIDADO,0.0,09/12/2021,785344000012021NS002074
2021,0000,HOSPITAL E MATERNIDADE MARIETA KONDER BORNHAUSEN,60194990002200,Hospital,05 - Defesa nacional,301 - Atenção básica,LIQUIDADO,0.0,01/02/2021,785344000012021NS000103
2021,0000,HOSPITAL E MATERNIDADE MARIETA KONDER BORNHAUSEN,60194990002200,Hospital,05 - Defesa nacional,301 - Atenção básica,LIQUIDADO,0.0,01/02/2021,785344000012021NS000105
2021,0000,HOSPITAL E MATERNIDADE MARIETA KONDER BORNHAUSEN,60194990002200,Hospital,05 - Defesa nacional,301 - Atenção básica,LIQUIDADO,0.0,01/02/2021,785344000012021NS000104
2021,0000,HOSPITAL E MATERNIDADE MARIETA KONDER BORNHAUSEN,60194990002200,Hospital,05 - Defesa nacional,301 - Atenção básica,LIQUIDADO,0.0,22/01/2021,785344000012021NS000085
2021,0000,HOSPITAL E MATERNIDADE MARIETA KONDER BORNHAUSEN,60194990002200,Hospital,05 - Defesa nacional,301 - Atenção básica,LIQUIDADO,0.0,01/02/2021,785344000012021NS000102
2021,0000,HOSPITAL E MATERNIDADE MARIETA KONDER BORNHAUSEN,60194990002200,Hospital,05 - Defesa nacional,301 - Atenção básica,LIQUIDADO,0.0,31/03/2021,785344000012021NS000342
2021,0000,HOSPITAL E MATERNIDADE MARIETA KONDER BORNHAUSEN,60194990002200,Hospital,05 - Defesa nacional,301 - Atenção básica,LIQUIDADO,0.0,12/05/2021,785344000012021NS000568
2021,0000,HOSPITAL E MATERNIDADE MARIETA KONDER BORNHAUSEN,60194990002200,Hospital,05 - Defesa nacional,301 - Atenção básica,LIQUIDADO,0.0,14/12/2021,785344000012021NS002126
2021,0000,HOSPITAL E MATERNIDADE MARIETA KONDER BORNHAUSEN,60194990002200,Hospital,05 - Defesa nacional,301 - Atenção básica,LIQUIDADO,0.0,04/11/2021,785344000012021NS001762
2021,0000,HOSPITAL E MATERNIDADE MARIETA KONDER BORNHAUSEN,60194990002200,Hospital,05 - Defesa nacional,301 - Atenção básica,LIQUIDADO,0.0,29/10/2021,785344000012021NS001537
2021,2210 - ESPERIDIAO AMIN,HOSPITAL E MATERNIDADE MARIETA KONDER BORNHAUSEN,60194990002200,Hospital,10 - Saúde,302 - Assistência hospitalar e ambulatorial,PAGO,200000.0,09/08/2021,257001000012021OB815916
2021,2210 - ESPERIDIAO AMIN,HOSPITAL E MATERNIDADE MARIETA KONDER BORNHAUSEN,60194990002200,Hospital,10 - Saúde,302 - Assistência hospitalar e ambulatorial,LIQUIDADO,0.0,08/08/2021,257001000012021NS061827
2021,2856 - ROGERIO PENINHA MENDONCA,MUNICIPIO DE ITAJAI,83102277000152,Administração pública,28 - Encargos especiais,845 - Outras transferências,EMPENHADO,500000.0,09/07/2021,170860000012021NE002076
2021,2856 - ROGERIO PENINHA MENDONCA,MUNICIPIO DE ITAJAI,83102277000152,Administração pública,28 - Encargos especiais,845 - Outras transferências,PAGO,500000.0,02/08/2021,170860000012021OB802127
2021,2856 - ROGERIO PENINHA MENDONCA,MUNICIPIO DE ITAJAI,83102277000152,Administração pública,28 - Encargos especiais,845 - Outras transferências,LIQUIDADO,0.0,30/07/2021,170860000012021NS007541
2021,3786 - DARIO BERGER,MUNICIPIO DE ITAJAI,83102277000152,Administração pública,28 - Encargos especiais,845 - Outras transferências,EMPENHADO,500000.0,09/07/2021,170860000012021NE002182
2021,3786 - DARIO BERGER,MUNICIPIO DE ITAJAI,83102277000152,Administração pública,28 - Encargos especiais,845 - Outras transferências,PAGO,500000.0,02/08/2021,170860000012021OB802233
2021,3786 - DARIO BERGER,MUNICIPIO DE ITAJAI,83102277000152,Administração pública,28 - Encargos especiais,845 - Outras transferências,LIQUIDADO,0.0,30/07/2021,170860000012021NS007644
2021,3929 - CARLOS CHIODINI,HOSPITAL E MATERNIDADE MARIETA KONDER BORNHAUSEN,60194990002200,Hospital,10 - Saúde,302 - Assistência hospitalar e ambulatorial,PAGO,180418.73,17/06/2021,257001000012021OB810901
2021,3929 - CARLOS CHIODINI,HOSPITAL E MATERNIDADE MARIETA KONDER BORNHAUSEN,60194990002200,Hospital,10 - Saúde,302 - Assistência hospitalar e ambulatorial,LIQUIDADO,0.0,16/06/2021,257001000012021NS051299
2021,8100 - RELATOR GERAL,HOSPITAL E MATERNIDADE MARIETA KONDER BORNHAUSEN,60194990002200,Hospital,10 - Saúde,302 - Assistência hospitalar e ambulatorial,PAGO,89450.18,22/10/2021,257001000012021OB822217
2021,8100 - RELATOR GERAL,MUNICIPIO DE ITAJAI,83102277000152,Administração pública,18 - Gestão ambiental,541 - Preservação e conservação ambiental,PAGO,197.46,09/03/2021,443048442072021OB800535
2021,8100 - RELATOR GERAL,MUNICIPIO DE ITAJAI,83102277000152,Administração pública,06 - Segurança pública,122 - Administração geral,PAGO,115.92,04/02/2021,200125000012021OB800187
2021,8100 - RELATOR GERAL,HOSPITAL E MATERNIDADE MARIETA KONDER BORNHAUSEN,60194990002200,Hospital,10 - Saúde,302 - Assistência hospitalar e ambulatorial,LIQUIDADO,0.0,22/10/2021,257001000012021NS076136
2020,0000,MUNICIPIO DE ITAJAI,83102277000152,Administração pública,17 - Saneamento,512 - Saneamento básico urbano,PAGO,500000.0,04/12/2020,175004000012020OB813379
2020,0000,MUNICIPIO DE ITAJAI,83102277000152,Administração pública,17 - Saneamento,512 - Saneamento básico urbano,PAGO,372276.67,04/12/2020,175004000012020OB813373
2020,0000,MUNICIPIO DE ITAJAI,83102277000152,Administração pública,08 - Assistência social,244 - Assistência comunitária,EMPENHADO,319428.0,10/06/2020,550015000012020NE800087
2020,0000,MUNICIPIO DE ITAJAI,83102277000152,Administração pública,20 - Agricultura,608 - Promoção da produção agropecuária,PAGO,283757.34,14/07/2020,135098000012020OB800377
2020,0000,HOSPITAL E MATERNIDADE MARIETA KONDER BORNHAUSEN,60194990002200,Hospital,05 - Defesa nacional,301 - Atenção básica,EMPENHADO,180682.18,12/02/2020,785344000012020NE000026
2020,0000,HOSPITAL E MATERNIDADE MARIETA KONDER BORNHAUSEN,60194990002200,Hospital,05 - Defesa nacional,301 - Atenção básica,EMPENHADO,180682.18,24/03/2020,785344000012020NE000060
2020,0000,HOSPITAL E MATERNIDADE MARIETA KONDER BORNHAUSEN,60194990002200,Hospital,05 - Defesa nacional,301 - Atenção básica,EMPENHADO,180682.18,24/03/2020,785344000012020NE000078
2020,0000,HOSPITAL E MATERNIDADE MARIETA KONDER BORNHAUSEN,60194990002200,Hospital,05 - Defesa nacional,301 - Atenção básica,EMPENHADO,178200.54,31/03/2020,785344000012020NE000084
2020,0000,HOSPITAL E MATERNIDADE MARIETA KONDER BORNHAUSEN,60194990002200,Hospital,05 - Defesa nacional,301 - Atenção básica,EMPENHADO,178200.54,24/03/2020,785344000012020NE000079
2020,0000,MUNICIPIO DE ITAJAI,83102277000152,Administração pública,10 - Saúde,305 - Vigilância epidemiológica,PAGO,167114.84,08/04/2020,255000362112020OB801227
2020,0000,HOSPITAL E MATERNIDADE MARIETA KONDER BORNHAUSEN,60194990002200,Hospital,05 - Defesa nacional,301 - Atenção básica,EMPENHADO,140948.26,26/11/2020,785344000012020NE800754
2020,0000,HOSPITAL E MATERNIDADE MARIETA KONDER BORNHAUSEN,60194990002200,Hospital,05 - Defesa nacional,301 - Atenção básica,PAGO,140948.26,02/12/2020,785344000012020OB800660
2020,0000,HOSPITAL E MATERNIDADE MARIETA KONDER BORNHAUSEN,60194990002200,Hospital,05 - Defesa nacional,301 - Atenção básica,EMPENHADO,139352.96,23/03/2020,785344000012020NE000055
2020,0000,HOSPITAL E MATERNIDADE MARIETA KONDER BORNHAUSEN,60194990002200,Hospital,05 - Defesa nacional,301 - Atenção básica,EMPENHADO,139352.96,18/03/2020,785344000012020NE000052
2020,0000,HOSPITAL E MATERNIDADE MARIETA KONDER BORNHAUSEN,60194990002200,Hospital,05 - Defesa nacional,301 - Atenção básica,EMPENHADO,139352.96,24/03/2020,785344000012020NE000057
2020,0000,HOSPITAL E MATERNIDADE MARIETA KONDER BORNHAUSEN,60194990002200,Hospital,05 - Defesa nacional,301 - Atenção básica,EMPENHADO,107543.71,15/09/2020,785344000012020NE800650
2020,0000,HOSPITAL E MATERNIDADE MARIETA KONDER BORNHAUSEN,60194990002200,Hospital,05 - Defesa nacional,301 - Atenção básica,PAGO,107543.71,02/10/2020,785344000012020OB800535
2020,0000,MUNICIPIO DE ITAJAI,83102277000152,Administração pública,12 - Educação,368 - Educação básica,PAGO,87814.13,31/07/2020,153173152532020OB813345
2020,0000,HOSPITAL E MATERNIDADE MARIETA KONDER BORNHAUSEN,60194990002200,Hospital,05 - Defesa nacional,301 - Atenção básica,EMPENHADO,82498.41,02/12/2020,785344000012020NE800794
2020,0000,HOSPITAL E MATERNIDADE MARIETA KONDER BORNHAUSEN,60194990002200,Hospital,05 - Defesa nacional,301 - Atenção básica,PAGO,82498.41,14/12/2020,785344000012020OB800719
2020,0000,HOSPITAL E MATERNIDADE MARIETA KONDER BORNHAUSEN,60194990002200,Hospital,05 - Defesa nacional,301 - Atenção básica,EMPENHADO,77423.46,26/11/2020,785344000012020NE800752
2020,0000,HOSPITAL E MATERNIDADE MARIETA KONDER BORNHAUSEN,60194990002200,Hospital,05 - Defesa nacional,301 - Atenção básica,PAGO,77423.46,02/12/2020,785344000012020OB800659
2020,0000,MUNICIPIO DE ITAJAI,83102277000152,Administração pública,12 - Educação,365 - Educação infantil,PAGO,62456.71,28/05/2020,153173152532020OB807794
2020,0000,HOSPITAL E MATERNIDADE MARIETA KONDER BORNHAUSEN,60194990002200,Hospital,05 - Defesa nacional,301 - Atenção básica,EMPENHADO,61822.43,29/04/2020,785344000012020NE800311
2020,0000,HOSPITAL E MATERNIDADE MARIETA KONDER BORNHAUSEN,60194990002200,Hospital,05 - Defesa nacional,301 - Atenção básica,PAGO,61822.43,13/05/2020,785344000012020OB800234
2020,0000,HOSPITAL E MATERNIDADE MARIETA KONDER BORNHAUSEN,60194990002200,Hospital,05 - Defesa nacional,301 - Atenção básica,EMPENHADO,60133.97,17/08/2020,785344000012020NE800556
2020,0000,HOSPITAL E MATERNIDADE MARIETA KONDER BORNHAUSEN,60194990002200,Hospital,05 - Defesa nacional,301 - Atenção básica,PAGO,60133.97,27/08/2020,785344000012020OB800437
2020,0000,HOSPITAL E MATERNIDADE MARIETA KONDER BORNHAUSEN,60194990002200,Hospital,05 - Defesa nacional,301 - Atenção básica,EMPENHADO,48763.43,10/12/2020,785344000012020NE000543
2020,0000,HOSPITAL E MATERNIDADE MARIETA KONDER BORNHAUSEN,60194990002200,Hospital,05 - Defesa nacional,301 - Atenção básica,EMPENHADO,43060.72,09/12/2020,785344000012020NE000524
2020,0000,HOSPITAL E MATERNIDADE MARIETA KONDER BORNHAUSEN,60194990002200,Hospital,05 - Defesa nacional,301 - Atenção básica,EMPENHADO,42476.57,25/05/2020,785344000012020NE800376
2020,0000,HOSPITAL E MATERNIDADE MARIETA KONDER BORNHAUSEN,60194990002200,Hospital,05 - Defesa nacional,301 - Atenção básica,PAGO,42476.57,03/06/2020,785344000012020OB800286
2020,0000,HOSPITAL E MATERNIDADE MARIETA KONDER BORNHAUSEN,60194990002200,Hospital,05 - Defesa nacional,301 - Atenção básica,EMPENHADO,33697.19,27/05/2020,785344000012020NE800399
2020,0000,HOSPITAL E MATERNIDADE MARIETA KONDER BORNHAUSEN,60194990002200,Hospital,05 - Defesa nacional,301 - Atenção básica,PAGO,33697.19,03/06/2020,785344000012020OB800287
2020,0000,HOSPITAL E MATERNIDADE MARIETA KONDER BORNHAUSEN,60194990002200,Hospital,05 - Defesa nacional,301 - Atenção básica,EMPENHADO,25670.85,06/04/2020,785344000012020NE800223
2020,0000,HOSPITAL E MATERNIDADE MARIETA KONDER BORNHAUSEN,60194990002200,Hospital,05 - Defesa nacional,301 - Atenção básica,EMPENHADO,19260.4,22/06/2020,785344000012020NE800452
2020,0000,HOSPITAL E MATERNIDADE MARIETA KONDER BORNHAUSEN,60194990002200,Hospital,05 - Defesa nacional,301 - Atenção básica,PAGO,19260.4,07/07/2020,785344000012020OB800349
2020,0000,HOSPITAL E MATERNIDADE MARIETA KONDER BORNHAUSEN,60194990002200,Hospital,05 - Defesa nacional,301 - Atenção básica,EMPENHADO,14095.39,13/10/2020,785344000012020NE800688
2020,0000,MUNICIPIO DE ITAJAI,83102277000152,Administração pública,12 - Educação,365 - Educação infantil,PAGO,12116.6,28/05/2020,153173152532020OB807793
2020,0000,HOSPITAL E MATERNIDADE MARIETA KONDER BORNHAUSEN,60194990002200,Hospital,05 - Defesa nacional,301 - Atenção básica,EMPENHADO,10180.22,26/11/2020,785344000012020NE800735
2020,0000,HOSPITAL E MATERNIDADE MARIETA KONDER BORNHAUSEN,60194990002200,Hospital,05 - Defesa nacional,301 - Atenção básica,PAGO,10180.22,02/12/2020,785344000012020OB800661
2020,0000,HOSPITAL E MATERNIDADE MARIETA KONDER BORNHAUSEN,60194990002200,Hospital,05 - Defesa nacional,301 - Atenção básica,EMPENHADO,8791.62,26/11/2020,785344000012020NE800753
2020,0000,HOSPITAL E MATERNIDADE MARIETA KONDER BORNHAUSEN,60194990002200,Hospital,05 - Defesa nacional,301 - Atenção básica,PAGO,8791.62,02/12/2020,785344000012020OB800662
2020,0000,HOSPITAL E MATERNIDADE MARIETA KONDER BORNHAUSEN,60194990002200,Hospital,05 - Defesa nacional,301 - Atenção básica,EMPENHADO,2755.42,17/06/2020,785344000012020NE800423
2020,0000,HOSPITAL E MATERNIDADE MARIETA KONDER BORNHAUSEN,60194990002200,Hospital,05 - Defesa nacional,301 - Atenção básica,PAGO,2755.42,07/07/2020,785344000012020OB800335
2020,0000,MUNICIPIO DE ITAJAI,83102277000152,Administração pública,12 - Educação,363 - Ensino profissional,EMPENHADO,2655.36,25/11/2020,158516264382020NE001523
2020,0000,HOSPITAL E MATERNIDADE MARIETA KONDER BORNHAUSEN,60194990002200,Hospital,05 - Defesa nacional,301 - Atenção básica,EMPENHADO,2481.64,27/02/2020,785344000012020NE000041
2020,0000,HOSPITAL E MATERNIDADE MARIETA KONDER BORNHAUSEN,60194990002200,Hospital,05 - Defesa nacional,301 - Atenção básica,EMPENHADO,1982.87,09/12/2020,785344000012020NE000523
2020,0000,HOSPITAL E MATERNIDADE MARIETA KONDER BORNHAUSEN,60194990002200,Hospital,05 - Defesa nacional,301 - Atenção básica,EMPENHADO,1477.49,13/10/2020,785344000012020NE800687
2020,0000,MUNICIPIO DE ITAJAI,83102277000152,Administração pública,18 - Gestão ambiental,541 - Preservação e conservação ambiental,PAGO,1043.38,04/12/2020,443048442072020OB802561
2020,0000,MUNICIPIO DE ITAJAI,83102277000152,Administração pública,04 - Administração,122 - Administração geral,EMPENHADO,824.1,09/12/2020,170314000012020NE000081
2020,0000,MUNICIPIO DE ITAJAI,83102277000152,Administração pública,12 - Educação,363 - Ensino profissional,EMPENHADO,539.15,26/05/2020,158516264382020NE000718
2020,0000,MUNICIPIO DE ITAJAI,83102277000152,Administração pública,18 - Gestão ambiental,541 - Preservação e conservação ambiental,PAGO,531.34,10/12/2020,443048442072020OB802647
2020,0000,MUNICIPIO DE ITAJAI,83102277000152,Administração pública,06 - Segurança pública,122 - Administração geral,PAGO,296.63,02/12/2020,200125000012020OB803066
2020,0000,MUNICIPIO DE ITAJAI,83102277000152,Administração pública,06 - Segurança pública,122 - Administração geral,PAGO,296.63,28/12/2020,200125000012020OB803457
2020,0000,MUNICIPIO DE ITAJAI,83102277000152,Administração pública,06 - Segurança pública,122 - Administração geral,PAGO,290.88,29/01/2020,200125000012020OB800169
2020,0000,MUNICIPIO DE ITAJAI,83102277000152,Administração pública,06 - Segurança pública,122 - Administração geral,PAGO,290.88,06/03/2020,200125000012020OB800464
2020,0000,MUNICIPIO DE ITAJAI,83102277000152,Administração pública,06 - Segurança pública,122 - Administração geral,PAGO,290.88,06/05/2020,200125000012020OB800967
2020,0000,MUNICIPIO DE ITAJAI,83102277000152,Administração pública,06 - Segurança pública,122 - Administração geral,PAGO,290.88,03/08/2020,200125000012020OB801847
2020,0000,MUNICIPIO DE ITAJAI,83102277000152,Administração pública,06 - Segurança pública,122 - Administração geral,PAGO,290.88,26/08/2020,200125000012020OB802165
2020,0000,MUNICIPIO DE ITAJAI,83102277000152,Administração pública,06 - Segurança pública,122 - Administração geral,PAGO,290.88,02/04/2020,200125000012020OB800680
2020,0000,MUNICIPIO DE ITAJAI,83102277000152,Administração pública,06 - Segurança pública,122 - Administração geral,PAGO,290.88,05/10/2020,200125000012020OB802487
2020,0000,MUNICIPIO DE ITAJAI,83102277000152,Administração pública,06 - Segurança pública,122 - Administração geral,PAGO,290.88,02/07/2020,200125000012020OB801560
2020,0000,MUNICIPIO DE ITAJAI,83102277000152,Administração pública,06 - Segurança pública,122 - Administração geral,PAGO,286.3,30/10/2020,200125000012020OB802768
2020,0000,MUNICIPIO DE ITAJAI,83102277000152,Administração pública,18 - Gestão ambiental,122 - Administração geral,PAGO,236.96,22/05/2020,443043442072020OB801490
2020,0000,MUNICIPIO DE ITAJAI,83102277000152,Administração pública,18 - Gestão ambiental,122 - Administração geral,PAGO,236.96,22/05/2020,443043442072020OB801522
2020,0000,MUNICIPIO DE ITAJAI,83102277000152,Administração pública,18 - Gestão ambiental,122 - Administração geral,PAGO,236.96,22/05/2020,443043442072020OB801523
2020,0000,MUNICIPIO DE ITAJAI,83102277000152,Administração pública,18 - Gestão ambiental,541 - Preservação e conservação ambiental,PAGO,236.96,24/04/2020,443043442072020OB801308
2020,0000,MUNICIPIO DE ITAJAI,83102277000152,Administração pública,18 - Gestão ambiental,122 - Administração geral,PAGO,236.96,08/06/2020,443043442072020OB801871
2020,0000,MUNICIPIO DE ITAJAI,83102277000152,Administração pública,06 - Segurança pública,122 - Administração geral,PAGO,234.44,05/06/2020,200125000012020OB801321
2020,0000,MUNICIPIO DE ITAJAI,83102277000152,Administração pública,06 - Segurança pública,122 - Administração geral,PAGO,115.92,26/08/2020,200125000012020OB802141
2020,0000,MUNICIPIO DE ITAJAI,83102277000152,Administração pública,06 - Segurança pública,122 - Administração geral,PAGO,115.92,29/09/2020,200125000012020OB802429
2020,0000,MUNICIPIO DE ITAJAI,83102277000152,Administração pública,06 - Segurança pública,122 - Administração geral,PAGO,115.92,03/12/2020,200125000012020OB803089
2020,0000,MUNICIPIO DE ITAJAI,83102277000152,Administração pública,06 - Segurança pública,122 - Administração geral,PAGO,115.92,23/12/2020,200125000012020OB803358
2020,0000,MUNICIPIO DE ITAJAI,83102277000152,Administração pública,06 - Segurança pública,122 - Administração geral,PAGO,115.92,27/10/2020,200125000012020OB802679
2020,0000,MUNICIPIO DE ITAJAI,83102277000152,Administração pública,06 - Segurança pública,122 - Administração geral,PAGO,112.72,21/01/2020,200125000012020OB800084
2020,0000,MUNICIPIO DE ITAJAI,83102277000152,Administração pública,06 - Segurança pública,122 - Administração geral,PAGO,112.72,31/03/2020,200125000012020OB800623
2020,0000,MUNICIPIO DE ITAJAI,83102277000152,Administração pública,06 - Segurança pública,122 - Administração geral,PAGO,112.72,24/06/2020,200125000012020OB801487
2020,0000,MUNICIPIO DE ITAJAI,83102277000152,Administração pública,06 - Segurança pública,122 - Administração geral,PAGO,112.72,28/05/2020,200125000012020OB801234
2020,0000,MUNICIPIO DE ITAJAI,83102277000152,Administração pública,06 - Segurança pública,122 - Administração geral,PAGO,112.72,23/07/2020,200125000012020OB801772
2020,0000,MUNICIPIO DE ITAJAI,83102277000152,Administração pública,06 - Segurança pública,122 - Administração geral,PAGO,112.72,05/03/2020,200125000012020OB800432
2020,0000,MUNICIPIO DE ITAJAI,83102277000152,Administração pública,06 - Segurança pública,122 - Administração geral,PAGO,112.72,24/04/2020,200125000012020OB800873
2020,0000,MUNICIPIO DE ITAJAI,83102277000152,Administração pública,04 - Administração,122 - Administração geral,EMPENHADO,104.13,05/02/2020,114624113012020NE000041
2020,0000,MUNICIPIO DE ITAJAI,83102277000152,Administração pública,18 - Gestão ambiental,122 - Administração geral,PAGO,101.48,24/12/2020,193125192112020OB800856
2020,0000,MUNICIPIO DE ITAJAI,83102277000152,Administração pública,18 - Gestão ambiental,122 - Administração geral,PAGO,100.1,15/05/2020,193125192112020OB800276
2020,0000,MUNICIPIO DE ITAJAI,83102277000152,Administração pública,18 - Gestão ambiental,122 - Administração geral,PAGO,97.4,28/10/2020,193125192112020OB800674
2020,0000,MUNICIPIO DE ITAJAI,83102277000152,Administração pública,18 - Gestão ambiental,122 - Administração geral,PAGO,97.4,27/11/2020,193125192112020OB800769
2020,0000,MUNICIPIO DE ITAJAI,83102277000152,Administração pública,18 - Gestão ambiental,122 - Administração geral,PAGO,97.4,25/09/2020,193125192112020OB800564
2020,0000,MUNICIPIO DE ITAJAI,83102277000152,Administração pública,18 - Gestão ambiental,122 - Administração geral,PAGO,97.4,13/11/2020,193125192112020OB800734
2020,0000,MUNICIPIO DE ITAJAI,83102277000152,Administração pública,18 - Gestão ambiental,122 - Administração geral,PAGO,97.4,27/11/2020,193125192112020OB800777
2020,0000,MUNICIPIO DE ITAJAI,83102277000152,Administração pública,18 - Gestão ambiental,122 - Administração geral,PAGO,97.37,17/01/2020,193125192112020OB800010
2020,0000,MUNICIPIO DE ITAJAI,83102277000152,Administração pública,18 - Gestão ambiental,122 - Administração geral,PAGO,97.37,09/03/2020,193125192112020OB800116
2020,0000,MUNICIPIO DE ITAJAI,83102277000152,Administração pública,18 - Gestão ambiental,122 - Administração geral,PAGO,97.37,06/04/2020,193125192112020OB800190
2020,0000,MUNICIPIO DE ITAJAI,83102277000152,Administração pública,18 - Gestão ambiental,122 - Administração geral,PAGO,94.94,24/06/2020,193125192112020OB800391
2020,0000,MUNICIPIO DE ITAJAI,83102277000152,Administração pública,18 - Gestão ambiental,122 - Administração geral,PAGO,94.94,24/06/2020,193125192112020OB800384
2020,0000,MUNICIPIO DE ITAJAI,83102277000152,Administração pública,18 - Gestão ambiental,122 - Administração geral,PAGO,78.22,13/04/2020,193125192112020OB800209
2020,0000,MUNICIPIO DE ITAJAI,83102277000152,Administração pública,18 - Gestão ambiental,122 - Administração geral,PAGO,78.22,28/10/2020,193125192112020OB800662
2020,0000,MUNICIPIO DE ITAJAI,83102277000152,Administração pública,18 - Gestão ambiental,122 - Administração geral,PAGO,78.22,28/10/2020,193125192112020OB800664
2020,0000,MUNICIPIO DE ITAJAI,83102277000152,Administração pública,18 - Gestão ambiental,122 - Administração geral,PAGO,78.22,11/12/2020,193125192112020OB800832
2020,0000,MUNICIPIO DE ITAJAI,83102277000152,Administração pública,18 - Gestão ambiental,122 - Administração geral,PAGO,78.22,25/09/2020,193125192112020OB800535
2020,0000,MUNICIPIO DE ITAJAI,83102277000152,Administração pública,18 - Gestão ambiental,122 - Administração geral,PAGO,78.22,25/09/2020,193125192112020OB800533
2020,0000,MUNICIPIO DE ITAJAI,83102277000152,Administração pública,18 - Gestão ambiental,122 - Administração geral,PAGO,78.22,13/11/2020,193125192112020OB800736
2020,0000,MUNICIPIO DE ITAJAI,83102277000152,Administração pública,18 - Gestão ambiental,122 - Administração geral,PAGO,77.72,26/10/2020,193125192112020OB800614
2020,0000,MUNICIPIO DE ITAJAI,83102277000152,Administração pública,18 - Gestão ambiental,122 - Administração geral,PAGO,77.72,26/10/2020,193125192112020OB800600
2020,0000,MUNICIPIO DE ITAJAI,83102277000152,Administração pública,18 - Gestão ambiental,122 - Administração geral,PAGO,77.72,25/09/2020,193125192112020OB800543
2020,0000,MUNICIPIO DE ITAJAI,83102277000152,Administração pública,18 - Gestão ambiental,122 - Administração geral,PAGO,75.39,20/02/2020,193125192112020OB800048
2020,0000,MUNICIPIO DE ITAJAI,83102277000152,Administração pública,18 - Gestão ambiental,122 - Administração geral,PAGO,65.18,09/04/2020,193125192112020OB800201
2020,0000,MUNICIPIO DE ITAJAI,83102277000152,Administração pública,06 - Segurança pública,122 - Administração geral,PAGO,31.2,24/12/2020,200125000012020OB803438
2020,0000,MUNICIPIO DE ITAJAI,83102277000152,Administração pública,18 - Gestão ambiental,122 - Administração geral,PAGO,7.54,19/03/2020,193125192112020OB800161
2020,0000,MUNICIPIO DE ITAJAI,83102277000152,Administração pública,04 - Administração,122 - Administração geral,LIQUIDADO,0.0,17/02/2020,114624113012020NS000856
2020,0000,MUNICIPIO DE ITAJAI,83102277000152,Administração pública,10 - Saúde,305 - Vigilância epidemiológica,LIQUIDADO,0.0,16/03/2020,255000362112020NS004593
2020,0000,MUNICIPIO DE ITAJAI,83102277000152,Administração pública,20 - Agricultura,608 - Promoção da produção agropecuária,LIQUIDADO,0.0,13/07/2020,135098000012020NS004876
2020,0000,MUNICIPIO DE ITAJAI,83102277000152,Administração pública,12 - Educação,368 - Educação básica,LIQUIDADO,0.0,31/07/2020,153173152532020NS029611
2020,0000,MUNICIPIO DE ITAJAI,83102277000152,Administração pública,12 - Educação,368 - Educação básica,LIQUIDADO,0.0,31/07/2020,153173152532020NS029790
2020,0000,MUNICIPIO DE ITAJAI,83102277000152,Administração pública,12 - Educação,368 - Educação básica,LIQUIDADO,0.0,31/07/2020,153173152532020NS029835
2020,0000,MUNICIPIO DE ITAJAI,83102277000152,Administração pública,04 - Administração,122 - Administração geral,LIQUIDADO,0.0,09/12/2020,170314000012020NS001843
2020,0000,MUNICIPIO DE ITAJAI,83102277000152,Administração pública,12 - Educação,363 - Ensino profissional,LIQUIDADO,0.0,27/05/2020,158516264382020NS013936
2020,0000,MUNICIPIO DE ITAJAI,83102277000152,Administração pública,12 - Educação,363 - Ensino profissional,LIQUIDADO,0.0,27/05/2020,158516264382020NS013937
2020,0000,MUNICIPIO DE ITAJAI,83102277000152,Administração pública,12 - Educação,365 - Educação infantil,LIQUIDADO,0.0,27/05/2020,153173152532020NS017738
2020,0000,MUNICIPIO DE ITAJAI,83102277000152,Administração pública,12 - Educação,365 - Educação infantil,LIQUIDADO,0.0,27/05/2020,153173152532020NS017740
2020,0000,MUNICIPIO DE ITAJAI,83102277000152,Administração pública,12 - Educação,363 - Ensino profissional,LIQUIDADO,0.0,27/05/2020,158516264382020NS013938
2020,0000,MUNICIPIO DE ITAJAI,83102277000152,Administração pública,17 - Saneamento,512 - Saneamento básico urbano,LIQUIDADO,0.0,03/12/2020,175004000012020NS037138
2020,0000,MUNICIPIO DE ITAJAI,83102277000152,Administração pública,23 - Comércio e serviços,695 - Turismo,LIQUIDADO,0.0,21/12/2020,540007000012020NL001304
2020,0000,MUNICIPIO DE ITAJAI,83102277000152,Administração pública,17 - Saneamento,512 - Saneamento básico urbano,LIQUIDADO,0.0,19/11/2020,175004000012020NL003372
2020,0000,MUNICIPIO DE ITAJAI,83102277000152,Administração pública,12 - Educação,363 - Ensino profissional,LIQUIDADO,0.0,04/12/2020,158516264382020NS026794
2020,0000,MUNICIPIO DE ITAJAI,83102277000152,Administração pública,17 - Saneamento,512 - Saneamento básico urbano,LIQUIDADO,0.0,03/12/2020,175004000012020NS037139
2020,0000,HOSPITAL E MATERNIDADE MARIETA KONDER BORNHAUSEN,60194990002200,Hospital,05 - Defesa nacional,301 - Atenção básica,LIQUIDADO,0.0,31/03/2020,785344000012020NS000325
2020,0000,HOSPITAL E MATERNIDADE MARIETA KONDER BORNHAUSEN,60194990002200,Hospital,05 - Defesa nacional,301 - Atenção básica,LIQUIDADO,0.0,28/05/2020,785344000012020NS000685
2020,0000,HOSPITAL E MATERNIDADE MARIETA KONDER BORNHAUSEN,60194990002200,Hospital,05 - Defesa nacional,301 - Atenção básica,LIQUIDADO,0.0,28/05/2020,785344000012020NS000686
2020,0000,HOSPITAL E MATERNIDADE MARIETA KONDER BORNHAUSEN,60194990002200,Hospital,05 - Defesa nacional,301 - Atenção básica,LIQUIDADO,0.0,29/06/2020,785344000012020NS000813
2020,0000,HOSPITAL E MATERNIDADE MARIETA KONDER BORNHAUSEN,60194990002200,Hospital,05 - Defesa nacional,301 - Atenção básica,LIQUIDADO,0.0,20/08/2020,785344000012020NS001100
2020,0000,HOSPITAL E MATERNIDADE MARIETA KONDER BORNHAUSEN,60194990002200,Hospital,05 - Defesa nacional,301 - Atenção básica,LIQUIDADO,0.0,08/05/2020,785344000012020NS000586
2020,0000,HOSPITAL E MATERNIDADE MARIETA KONDER BORNHAUSEN,60194990002200,Hospital,05 - Defesa nacional,301 - Atenção básica,LIQUIDADO,0.0,02/07/2020,785344000012020NS000830
2020,0000,HOSPITAL E MATERNIDADE MARIETA KONDER BORNHAUSEN,60194990002200,Hospital,05 - Defesa nacional,301 - Atenção básica,LIQUIDADO,0.0,08/12/2020,785344000012020NS001735
2020,0000,HOSPITAL E MATERNIDADE MARIETA KONDER BORNHAUSEN,60194990002200,Hospital,05 - Defesa nacional,301 - Atenção básica,LIQUIDADO,0.0,27/11/2020,785344000012020NS001611
2020,0000,HOSPITAL E MATERNIDADE MARIETA KONDER BORNHAUSEN,60194990002200,Hospital,05 - Defesa nacional,301 - Atenção básica,LIQUIDADO,0.0,27/11/2020,785344000012020NS001609
2020,0000,HOSPITAL E MATERNIDADE MARIETA KONDER BORNHAUSEN,60194990002200,Hospital,05 - Defesa nacional,301 - Atenção básica,LIQUIDADO,0.0,25/09/2020,785344000012020NS001327
2020,0000,HOSPITAL E MATERNIDADE MARIETA KONDER BORNHAUSEN,60194990002200,Hospital,05 - Defesa nacional,301 - Atenção básica,LIQUIDADO,0.0,27/11/2020,785344000012020NS001612
2020,0000,HOSPITAL E MATERNIDADE MARIETA KONDER BORNHAUSEN,60194990002200,Hospital,05 - Defesa nacional,301 - Atenção básica,LIQUIDADO,0.0,27/11/2020,785344000012020NS001610
2020,0000,HOSPITAL E MATERNIDADE MARIETA KONDER BORNHAUSEN,60194990002200,Hospital,05 - Defesa nacional,301 - Atenção básica,PAGO,0.0,31/03/2020,785344000012020NS000325
2020,2210 - ESPERIDIAO AMIN,HOSPITAL E MATERNIDADE MARIETA KONDER BORNHAUSEN,60194990002200,Hospital,10 - Saúde,302 - Assistência hospitalar e ambulatorial,EMPENHADO,200000.0,01/12/2020,257001000012020NE872562
2020,3786 - DARIO BERGER,MUNICIPIO DE ITAJAI,83102277000152,Administração pública,23 - Comércio e serviços,695 - Turismo,PAGO,146250.0,29/07/2020,540007000012020OB800978
2020,3786 - DARIO BERGER,MUNICIPIO DE ITAJAI,83102277000152,Administração pública,23 - Comércio e serviços,695 - Turismo,PAGO,129044.12,21/05/2020,540007000012020OB800706
2020,3929 - CARLOS CHIODINI,HOSPITAL E MATERNIDADE MARIETA KONDER BORNHAUSEN,60194990002200,Hospital,10 - Saúde,302 - Assistência hospitalar e ambulatorial,EMPENHADO,200000.0,27/04/2020,257001000012020NE813923
2020,3980 - FABIO SCHIOCHET,MUNICIPIO DE ITAJAI,83102277000152,Administração pública,15 - Urbanismo,451 - infra-estrutura urbana,EMPENHADO,578000.0,10/06/2020,175004000012020NE801015
2020,8100 - RELATOR GERAL,HOSPITAL E MATERNIDADE MARIETA KONDER BORNHAUSEN,60194990002200,Hospital,10 - Saúde,302 - Assistência hospitalar e ambulatorial,EMPENHADO,100000.0,10/12/2020,257001000012020NE873440
2020,8100 - RELATOR GERAL,MUNICIPIO DE ITAJAI,83102277000152,Administração pública,18 - Gestão ambiental,541 - Preservação e conservação ambiental,PAGO,414.67,16/12/2020,443048442072020OB802837
2020,8100 - RELATOR GERAL,MUNICIPIO DE ITAJAI,83102277000152,Administração pública,18 - Gestão ambiental,541 - Preservação e conservação ambiental,PAGO,394.93,29/12/2020,443048442072020OB803058
2020,8100 - RELATOR GERAL,MUNICIPIO DE ITAJAI,83102277000152,Administração pública,18 - Gestão ambiental,541 - Preservação e conservação ambiental,PAGO,236.96,31/08/2020,443048442072020OB801734
2020,8100 - RELATOR GERAL,MUNICIPIO DE ITAJAI,83102277000152,Administração pública,18 - Gestão ambiental,541 - Preservação e conservação ambiental,PAGO,236.95,11/08/2020,443048442072020OB801572
2020,8100 - RELATOR GERAL,MUNICIPIO DE ITAJAI,83102277000152,Administração pública,06 - Segurança pública,122 - Administração geral,PAGO,17.29,23/12/2020,200125000012020OB803391
