anoMes;codigoPessoa;nomePessoa;tipoPessoa;municipioPessoa;siglaUFPessoa;codigoUG;nomeUG;codigoOrgao;nomeOrgao;codigoOrgaoSuperior;nomeOrgaoSuperior;valor;_anoConsulta
202004;83.102.277/0001-52;MUNICIPIO DE ITAJAI;Administração Pública Municipal;ITAJAÍ;SC;443043;ICMBIO GR1 NORTE;44207;Instituto Chico Mendes de Conservação da Biodiversidade;44000;Ministério do Meio Ambiente e Mudança do Clima;236.96;2020
202007;83.102.277/0001-52;MUNICIPIO DE ITAJAI;Administração Pública Municipal;ITAJAÍ;SC;153173;FUNDO NACIONAL DE DESENVOLVIMENTO DA EDUCACAO;26298;Fundo Nacional de Desenvolvimento da Educação;26000;Ministério da Educação;1568834.51;2020
202011;83.102.277/0001-52;MUNICIPIO DE ITAJAI;Administração Pública Municipal;ITAJAÍ;SC;153173;FUNDO NACIONAL DE DESENVOLVIMENTO DA EDUCACAO;26298;Fundo Nacional de Desenvolvimento da Educação;26000;Ministério da Educação;1644408.1;2020
202012;09.333.052/0001-54;COOPERATIVA DE PRODUTORES RURAIS DE ITAJAI COOPERAR;Entidades Empresariais Privadas;ITAJAÍ;SC;160446;62º BATALHAO DE INFANTARIA;52121;Comando do Exército;52000;Ministério da Defesa;20490.37;2020
202009;83.102.277/0001-52;MUNICIPIO DE ITAJAI;Administração Pública Municipal;ITAJAÍ;SC;193125;IBAMA - SUPERINTENDENCIA DE SANTA CATARINA/SC;20701;Instituto Brasileiro do Meio Ambiente e dos Recursos Naturais Renováveis;44000;Ministério do Meio Ambiente e Mudança do Clima;331.56;2020
202001;83.102.277/0001-52;MUNICIPIO DE ITAJAI;Administração Pública Municipal;ITAJAÍ;SC;193125;IBAMA - SUPERINTENDENCIA DE SANTA CATARINA/SC;20701;Instituto Brasileiro do Meio Ambiente e dos Recursos Naturais Renováveis;44000;Ministério do Meio Ambiente e Mudança do Clima;97.37;2020
202001;84.307.974/0001-02;FUNDACAO UNIVERSIDADE DO VALE DO ITAJAI;Entidades Sem Fins Lucrativos;ITAJAÍ;SC;158516;INST.FED.DE EDUC.,CIENC.E TEC.DE STA.CAT/IFSC;26438;Instituto Federal de Educação, Ciência e Tecnologia de Santa Catarina;26000;Ministério da Educação;200.0;2020
202007;04.856.713/0001-02;CLINICA DE ESPORTE ITAJAI LTDA;Entidades Empresariais Privadas;ITAJAÍ;SC;785344;DELEGACIA DA CAPITANIA DOS PORTOS EM ITAJAI;52131;Comando da Marinha;52000;Ministério da Defesa;7976.62;2020
202012;83.102.277/0001-52;MUNICIPIO DE ITAJAI;Administração Pública Municipal;ITAJAÍ;SC;200125;SUPERINTENDENCIA DA PRF EM SANTA CATARINA;30802;Polícia Rodoviária Federal;30000;Ministério da Justiça e Segurança Pública;873.59;2020
202010;82.645.011/0001-93;SOCIEDADE RADIO DIFUSORA VALE DO ITAJAI LTDA;Entidades Empresariais Privadas;ITAJAÍ;SC;250110;SUBSECRETARIA DE ASSUNTOS ADMINISTRATIVOS/MS;36000;Ministério da Saúde - Unidades com vínculo direto;36000;Ministério da Saúde;82.44;2020
202008;82.645.011/0001-93;SOCIEDADE RADIO DIFUSORA VALE DO ITAJAI LTDA;Entidades Empresariais Privadas;ITAJAÍ;SC;250110;SUBSECRETARIA DE ASSUNTOS ADMINISTRATIVOS/MS;36000;Ministério da Saúde - Unidades com vínculo direto;36000;Ministério da Saúde;128.38;2020
202006;83.102.277/0001-52;MUNICIPIO DE ITAJAI;Administração Pública Municipal;ITAJAÍ;SC;443043;ICMBIO GR1 NORTE;44207;Instituto Chico Mendes de Conservação da Biodiversidade;44000;Ministério do Meio Ambiente e Mudança do Clima;236.96;2020
202005;08.259.606/0001-58;FUNDO MUNICIPAL DE SAUDE DE ITAJAI;Administração Pública;ITAJAÍ;SC;257001;DIRETORIA EXECUTIVA DO FUNDO NAC. DE SAUDE;36000;Ministério da Saúde - Unidades com vínculo direto;36000;Ministério da Saúde;16298635.95;2020
202012;09.333.052/0001-54;COOPERATIVA DE PRODUTORES RURAIS DE ITAJAI COOPERAR;Entidades Empresariais Privadas;ITAJAÍ;SC;160440;23º BATALHAO DE INFANTARIA;52121;Comando do Exército;52000;Ministério da Defesa;1311.0;2020
202003;08.259.606/0001-58;FUNDO MUNICIPAL DE SAUDE DE ITAJAI;Administração Pública;ITAJAÍ;SC;257001;DIRETORIA EXECUTIVA DO FUNDO NAC. DE SAUDE;36000;Ministério da Saúde - Unidades com vínculo direto;36000;Ministério da Saúde;12457458.19;2020
202003;04.856.713/0001-02;CLINICA DE ESPORTE ITAJAI LTDA;Entidades Empresariais Privadas;ITAJAÍ;SC;785344;DELEGACIA DA CAPITANIA DOS PORTOS EM ITAJAI;52131;Comando da Marinha;52000;Ministério da Defesa;4886.33;2020
202008;09.333.052/0001-54;COOPERATIVA DE PRODUTORES RURAIS DE ITAJAI COOPERAR;Entidades Empresariais Privadas;ITAJAÍ;SC;158516;INST.FED.DE EDUC.,CIENC.E TEC.DE STA.CAT/IFSC;26438;Instituto Federal de Educação, Ciência e Tecnologia de Santa Catarina;26000;Ministério da Educação;1946.0;2020
202009;08.259.606/0001-58;FUNDO MUNICIPAL DE SAUDE DE ITAJAI;Administração Pública;ITAJAÍ;SC;257001;DIRETORIA EXECUTIVA DO FUNDO NAC. DE SAUDE;36000;Ministério da Saúde - Unidades com vínculo direto;36000;Ministério da Saúde;17117360.47;2020
202010;09.333.052/0001-54;COOPERATIVA DE PRODUTORES RURAIS DE ITAJAI COOPERAR;Entidades Empresariais Privadas;ITAJAÍ;SC;160440;23º BATALHAO DE INFANTARIA;52121;Comando do Exército;52000;Ministério da Defesa;1952.21;2020
202011;83.102.277/0001-52;MUNICIPIO DE ITAJAI;Administração Pública Municipal;ITAJAÍ;SC;193125;IBAMA - SUPERINTENDENCIA DE SANTA CATARINA/SC;20701;Instituto Brasileiro do Meio Ambiente e dos Recursos Naturais Renováveis;44000;Ministério do Meio Ambiente e Mudança do Clima;370.42;2020
202012;84.307.974/0001-02;FUNDACAO UNIVERSIDADE DO VALE DO ITAJAI;Entidades Sem Fins Lucrativos;ITAJAÍ;SC;151714;FUNDO DE FINANCIAMENTO ESTUDANTIL;26298;Fundo Nacional de Desenvolvimento da Educação;26000;Ministério da Educação;1046383.88;2020
202005;83.102.277/0001-52;MUNICIPIO DE ITAJAI;Administração Pública Municipal;ITAJAÍ;SC;193125;IBAMA - SUPERINTENDENCIA DE SANTA CATARINA/SC;20701;Instituto Brasileiro do Meio Ambiente e dos Recursos Naturais Renováveis;44000;Ministério do Meio Ambiente e Mudança do Clima;100.1;2020
202012;01.823.752/0001-15;FUNDO MUNICIPAL DE ASSISTENCIA SOCIAL-FMAS DO MUNICIPIO DE ITAJAI;Administração Pública;ITAJAÍ;SC;330013;FUNDO NACIONAL DE ASSISTENCIA SOCIAL;55001;Fundo Nacional de Assistência Social;55000;Ministério do Desenvolvimento e Assistência Social, Família e Combate à Fome;253472.79;2020
202011;04.856.713/0001-02;CLINICA DE ESPORTE ITAJAI LTDA;Entidades Empresariais Privadas;ITAJAÍ;SC;785344;DELEGACIA DA CAPITANIA DOS PORTOS EM ITAJAI;52131;Comando da Marinha;52000;Ministério da Defesa;7491.8;2020
202005;83.102.277/0001-52;MUNICIPIO DE ITAJAI;Administração Pública Municipal;ITAJAÍ;SC;153173;FUNDO NACIONAL DE DESENVOLVIMENTO DA EDUCACAO;26298;Fundo Nacional de Desenvolvimento da Educação;26000;Ministério da Educação;1562131.12;2020
202003;01.823.752/0001-15;FUNDO MUNICIPAL DE ASSISTENCIA SOCIAL-FMAS DO MUNICIPIO DE ITAJAI;Administração Pública;ITAJAÍ;SC;330013;FUNDO NACIONAL DE ASSISTENCIA SOCIAL;55001;Fundo Nacional de Assistência Social;55000;Ministério do Desenvolvimento e Assistência Social, Família e Combate à Fome;180189.95;2020
202005;80.655.525/0001-02;CLINMEDI - CLINICA MEDICA ITAJAI LTDA;Entidades Empresariais Privadas;ITAJAÍ;SC;785344;DELEGACIA DA CAPITANIA DOS PORTOS EM ITAJAI;52131;Comando da Marinha;52000;Ministério da Defesa;4165.72;2020
202002;84.307.974/0001-02;FUNDACAO UNIVERSIDADE DO VALE DO ITAJAI;Entidades Sem Fins Lucrativos;ITAJAÍ;SC;151714;FUNDO DE FINANCIAMENTO ESTUDANTIL;26298;Fundo Nacional de Desenvolvimento da Educação;26000;Ministério da Educação;1024754.79;2020
202012;82.645.011/0001-93;SOCIEDADE RADIO DIFUSORA VALE DO ITAJAI LTDA;Entidades Empresariais Privadas;ITAJAÍ;SC;110319;SECRETARIA DE COMUNICACAO SOCIAL/PR;20101;Presidência da República;20000;Presidência da República;58.89;2020
202011;08.259.606/0001-58;FUNDO MUNICIPAL DE SAUDE DE ITAJAI;Administração Pública;ITAJAÍ;SC;257001;DIRETORIA EXECUTIVA DO FUNDO NAC. DE SAUDE;36000;Ministério da Saúde - Unidades com vínculo direto;36000;Ministério da Saúde;13563961.87;2020
202011;80.655.525/0001-02;CLINMEDI - CLINICA MEDICA ITAJAI LTDA;Entidades Empresariais Privadas;ITAJAÍ;SC;785344;DELEGACIA DA CAPITANIA DOS PORTOS EM ITAJAI;52131;Comando da Marinha;52000;Ministério da Defesa;3171.35;2020
202006;08.259.606/0001-58;FUNDO MUNICIPAL DE SAUDE DE ITAJAI;Administração Pública;ITAJAÍ;SC;257001;DIRETORIA EXECUTIVA DO FUNDO NAC. DE SAUDE;36000;Ministério da Saúde - Unidades com vínculo direto;36000;Ministério da Saúde;19287046.07;2020
202009;31.825.156/0001-35;NAUTICA ITAJAI LTDA;Entidades Empresariais Privadas;ITAJAÍ;SC;785344;DELEGACIA DA CAPITANIA DOS PORTOS EM ITAJAI;52131;Comando da Marinha;52000;Ministério da Defesa;15400.51;2020
202009;83.102.277/0001-52;MUNICIPIO DE ITAJAI;Administração Pública Municipal;ITAJAÍ;SC;153173;FUNDO NACIONAL DE DESENVOLVIMENTO DA EDUCACAO;26298;Fundo Nacional de Desenvolvimento da Educação;26000;Ministério da Educação;1613038.73;2020
202006;82.645.011/0001-93;SOCIEDADE RADIO DIFUSORA VALE DO ITAJAI LTDA;Entidades Empresariais Privadas;ITAJAÍ;SC;250110;SUBSECRETARIA DE ASSUNTOS ADMINISTRATIVOS/MS;36000;Ministério da Saúde - Unidades com vínculo direto;36000;Ministério da Saúde;108.95;2020
202001;08.259.606/0001-58;FUNDO MUNICIPAL DE SAUDE DE ITAJAI;Administração Pública;ITAJAÍ;SC;257001;DIRETORIA EXECUTIVA DO FUNDO NAC. DE SAUDE;36000;Ministério da Saúde - Unidades com vínculo direto;36000;Ministério da Saúde;9371913.96;2020
202006;09.333.052/0001-54;COOPERATIVA DE PRODUTORES RURAIS DE ITAJAI COOPERAR;Entidades Empresariais Privadas;ITAJAÍ;SC;158516;INST.FED.DE EDUC.,CIENC.E TEC.DE STA.CAT/IFSC;26438;Instituto Federal de Educação, Ciência e Tecnologia de Santa Catarina;26000;Ministério da Educação;10004.05;2020
202001;83.102.277/0001-52;MUNICIPIO DE ITAJAI;Administração Pública Municipal;ITAJAÍ;SC;153173;FUNDO NACIONAL DE DESENVOLVIMENTO DA EDUCACAO;26298;Fundo Nacional de Desenvolvimento da Educação;26000;Ministério da Educação;1592167.36;2020
202008;01.823.752/0001-15;FUNDO MUNICIPAL DE ASSISTENCIA SOCIAL-FMAS DO MUNICIPIO DE ITAJAI;Administração Pública;ITAJAÍ;SC;330013;FUNDO NACIONAL DE ASSISTENCIA SOCIAL;55001;Fundo Nacional de Assistência Social;55000;Ministério do Desenvolvimento e Assistência Social, Família e Combate à Fome;568736.84;2020
202011;84.291.137/0001-32;RADIO DIFUSORA ITAJAI LTDA;Entidades Empresariais Privadas;ITAJAÍ;SC;250110;SUBSECRETARIA DE ASSUNTOS ADMINISTRATIVOS/MS;36000;Ministério da Saúde - Unidades com vínculo direto;36000;Ministério da Saúde;148.02;2020
202007;84.307.974/0001-02;FUNDACAO UNIVERSIDADE DO VALE DO ITAJAI;Entidades Sem Fins Lucrativos;ITAJAÍ;SC;390004;SUBSECRETARIA PLAN.,ORC.E ADM.-ADMINISTRATIVO;39000;Ministério dos Transportes - Unidades com vínculo direto;39000;Ministério dos Transportes;1034.82;2020
202004;01.823.752/0001-15;FUNDO MUNICIPAL DE ASSISTENCIA SOCIAL-FMAS DO MUNICIPIO DE ITAJAI;Administração Pública;ITAJAÍ;SC;330013;FUNDO NACIONAL DE ASSISTENCIA SOCIAL;55001;Fundo Nacional de Assistência Social;55000;Ministério do Desenvolvimento e Assistência Social, Família e Combate à Fome;80904.21;2020
202002;09.333.052/0001-54;COOPERATIVA DE PRODUTORES RURAIS DE ITAJAI COOPERAR;Entidades Empresariais Privadas;ITAJAÍ;SC;158516;INST.FED.DE EDUC.,CIENC.E TEC.DE STA.CAT/IFSC;26438;Instituto Federal de Educação, Ciência e Tecnologia de Santa Catarina;26000;Ministério da Educação;5912.4;2020
202011;31.825.156/0001-35;NAUTICA ITAJAI LTDA;Entidades Empresariais Privadas;ITAJAÍ;SC;785344;DELEGACIA DA CAPITANIA DOS PORTOS EM ITAJAI;52131;Comando da Marinha;52000;Ministério da Defesa;1245.0;2020
202004;08.259.606/0001-58;FUNDO MUNICIPAL DE SAUDE DE ITAJAI;Administração Pública;ITAJAÍ;SC;257001;DIRETORIA EXECUTIVA DO FUNDO NAC. DE SAUDE;36000;Ministério da Saúde - Unidades com vínculo direto;36000;Ministério da Saúde;22472334.38;2020
202010;82.645.011/0001-93;SOCIEDADE RADIO DIFUSORA VALE DO ITAJAI LTDA;Entidades Empresariais Privadas;ITAJAÍ;SC;550005;COORDENACAO GERAL DE LICITACOES E CONTRATOS.;55000;Ministério do Desenvolvimento e Assistência Social, Família e Combate à Fome - Unidades com vínculo direto;55000;Ministério do Desenvolvimento e Assistência Social, Família e Combate à Fome;64.78;2020
202004;04.856.713/0001-02;CLINICA DE ESPORTE ITAJAI LTDA;Entidades Empresariais Privadas;ITAJAÍ;SC;785344;DELEGACIA DA CAPITANIA DOS PORTOS EM ITAJAI;52131;Comando da Marinha;52000;Ministério da Defesa;6441.16;2020
202008;80.655.525/0001-02;CLINMEDI - CLINICA MEDICA ITAJAI LTDA;Entidades Empresariais Privadas;ITAJAÍ;SC;785344;DELEGACIA DA CAPITANIA DOS PORTOS EM ITAJAI;52131;Comando da Marinha;52000;Ministério da Defesa;14093.91;2020
202007;83.102.277/0001-52;MUNICIPIO DE ITAJAI;Administração Pública Municipal;ITAJAÍ;SC;135098;CAIXA ECONOMICA FEDERAL/MA;22000;Ministério da Agricultura e Pecuária - Unidades com vínculo direto;22000;Ministério da Agricultura e Pecuária;283757.34;2020
202005;82.645.011/0001-93;SOCIEDADE RADIO DIFUSORA VALE DO ITAJAI LTDA;Entidades Empresariais Privadas;ITAJAÍ;SC;250110;SUBSECRETARIA DE ASSUNTOS ADMINISTRATIVOS/MS;36000;Ministério da Saúde - Unidades com vínculo direto;36000;Ministério da Saúde;111.89;2020
202008;83.102.277/0001-52;MUNICIPIO DE ITAJAI;Administração Pública Municipal;ITAJAÍ;SC;200125;SUPERINTENDENCIA DA PRF EM SANTA CATARINA;30802;Polícia Rodoviária Federal;30000;Ministério da Justiça e Segurança Pública;697.68;2020
202006;82.645.011/0001-93;SOCIEDADE RADIO DIFUSORA VALE DO ITAJAI LTDA;Entidades Empresariais Privadas;ITAJAÍ;SC;110319;SECRETARIA DE COMUNICACAO SOCIAL/PR;20101;Presidência da República;20000;Presidência da República;44.17;2020
202010;83.102.277/0001-52;MUNICIPIO DE ITAJAI;Administração Pública Municipal;ITAJAÍ;SC;200125;SUPERINTENDENCIA DA PRF EM SANTA CATARINA;30802;Polícia Rodoviária Federal;30000;Ministério da Justiça e Segurança Pública;693.1;2020
202004;83.102.277/0001-52;MUNICIPIO DE ITAJAI;Administração Pública Municipal;ITAJAÍ;SC;255000;FUNDACAO NACIONAL DE SAUDE - DF;36211;Fundação Nacional de Saúde;36000;Ministério da Saúde;167114.84;2020
202008;83.102.277/0001-52;MUNICIPIO DE ITAJAI;Administração Pública Municipal;ITAJAÍ;SC;443048;ICMBIO GR5 SUL;44207;Instituto Chico Mendes de Conservação da Biodiversidade;44000;Ministério do Meio Ambiente e Mudança do Clima;473.91;2020
202004;83.102.277/0001-52;MUNICIPIO DE ITAJAI;Administração Pública Municipal;ITAJAÍ;SC;200125;SUPERINTENDENCIA DA PRF EM SANTA CATARINA;30802;Polícia Rodoviária Federal;30000;Ministério da Justiça e Segurança Pública;403.6;2020
202007;09.333.052/0001-54;COOPERATIVA DE PRODUTORES RURAIS DE ITAJAI COOPERAR;Entidades Empresariais Privadas;ITAJAÍ;SC;158516;INST.FED.DE EDUC.,CIENC.E TEC.DE STA.CAT/IFSC;26438;Instituto Federal de Educação, Ciência e Tecnologia de Santa Catarina;26000;Ministério da Educação;3639.1;2020
202006;01.823.752/0001-15;FUNDO MUNICIPAL DE ASSISTENCIA SOCIAL-FMAS DO MUNICIPIO DE ITAJAI;Administração Pública;ITAJAÍ;SC;330013;FUNDO NACIONAL DE ASSISTENCIA SOCIAL;55001;Fundo Nacional de Assistência Social;55000;Ministério do Desenvolvimento e Assistência Social, Família e Combate à Fome;945009.6;2020
202003;83.102.277/0001-52;MUNICIPIO DE ITAJAI;Administração Pública Municipal;ITAJAÍ;SC;200125;SUPERINTENDENCIA DA PRF EM SANTA CATARINA;30802;Polícia Rodoviária Federal;30000;Ministério da Justiça e Segurança Pública;516.32;2020
202006;83.102.277/0001-52;MUNICIPIO DE ITAJAI;Administração Pública Municipal;ITAJAÍ;SC;200125;SUPERINTENDENCIA DA PRF EM SANTA CATARINA;30802;Polícia Rodoviária Federal;30000;Ministério da Justiça e Segurança Pública;347.16;2020
202008;09.333.052/0001-54;COOPERATIVA DE PRODUTORES RURAIS DE ITAJAI COOPERAR;Entidades Empresariais Privadas;ITAJAÍ;SC;160446;62º BATALHAO DE INFANTARIA;52121;Comando do Exército;52000;Ministério da Defesa;12638.01;2020
202010;83.102.277/0001-52;MUNICIPIO DE ITAJAI;Administração Pública Municipal;ITAJAÍ;SC;153173;FUNDO NACIONAL DE DESENVOLVIMENTO DA EDUCACAO;26298;Fundo Nacional de Desenvolvimento da Educação;26000;Ministério da Educação;1675013.26;2020
202012;83.102.277/0001-52;MUNICIPIO DE ITAJAI;Administração Pública Municipal;ITAJAÍ;SC;175004;CAIXA ECONOMICA FEDERAL - PROGRAMAS SOCIAIS;56000;Ministério das Cidades - Unidades com vínculo direto;56000;Ministério das Cidades;872276.67;2020
202008;08.259.606/0001-58;FUNDO MUNICIPAL DE SAUDE DE ITAJAI;Administração Pública;ITAJAÍ;SC;257001;DIRETORIA EXECUTIVA DO FUNDO NAC. DE SAUDE;36000;Ministério da Saúde - Unidades com vínculo direto;36000;Ministério da Saúde;27843185.78;2020
202001;83.102.277/0001-52;MUNICIPIO DE ITAJAI;Administração Pública Municipal;ITAJAÍ;SC;200125;SUPERINTENDENCIA DA PRF EM SANTA CATARINA;30802;Polícia Rodoviária Federal;30000;Ministério da Justiça e Segurança Pública;403.6;2020
202004;80.655.525/0001-02;CLINMEDI - CLINICA MEDICA ITAJAI LTDA;Entidades Empresariais Privadas;ITAJAÍ;SC;785344;DELEGACIA DA CAPITANIA DOS PORTOS EM ITAJAI;52131;Comando da Marinha;52000;Ministério da Defesa;5388.9;2020
202005;04.856.713/0001-02;CLINICA DE ESPORTE ITAJAI LTDA;Entidades Empresariais Privadas;ITAJAÍ;SC;785344;DELEGACIA DA CAPITANIA DOS PORTOS EM ITAJAI;52131;Comando da Marinha;52000;Ministério da Defesa;9138.94;2020
202007;08.259.606/0001-58;FUNDO MUNICIPAL DE SAUDE DE ITAJAI;Administração Pública;ITAJAÍ;SC;257001;DIRETORIA EXECUTIVA DO FUNDO NAC. DE SAUDE;36000;Ministério da Saúde - Unidades com vínculo direto;36000;Ministério da Saúde;22991765.13;2020
202003;84.307.974/0001-02;FUNDACAO UNIVERSIDADE DO VALE DO ITAJAI;Entidades Sem Fins Lucrativos;ITAJAÍ;SC;364102;CONSELHO NAC DE DESENV CIENT E TECNOLOGICO;20501;Conselho Nacional de Desenvolvimento Científico e Tecnológico;24000;Ministério da Ciência, Tecnologia e Inovação;285.0;2020
202008;84.307.974/0001-02;FUNDACAO UNIVERSIDADE DO VALE DO ITAJAI;Entidades Sem Fins Lucrativos;ITAJAÍ;SC;151714;FUNDO DE FINANCIAMENTO ESTUDANTIL;26298;Fundo Nacional de Desenvolvimento da Educação;26000;Ministério da Educação;755339.57;2020
202003;83.102.277/0001-52;MUNICIPIO DE ITAJAI;Administração Pública Municipal;ITAJAÍ;SC;153173;FUNDO NACIONAL DE DESENVOLVIMENTO DA EDUCACAO;26298;Fundo Nacional de Desenvolvimento da Educação;26000;Ministério da Educação;1729674.32;2020
202010;04.856.713/0001-02;CLINICA DE ESPORTE ITAJAI LTDA;Entidades Empresariais Privadas;ITAJAÍ;SC;785344;DELEGACIA DA CAPITANIA DOS PORTOS EM ITAJAI;52131;Comando da Marinha;52000;Ministério da Defesa;4956.62;2020
202003;83.102.277/0001-52;MUNICIPIO DE ITAJAI;Administração Pública Municipal;ITAJAÍ;SC;193125;IBAMA - SUPERINTENDENCIA DE SANTA CATARINA/SC;20701;Instituto Brasileiro do Meio Ambiente e dos Recursos Naturais Renováveis;44000;Ministério do Meio Ambiente e Mudança do Clima;104.91;2020
202007;82.645.011/0001-93;SOCIEDADE RADIO DIFUSORA VALE DO ITAJAI LTDA;Entidades Empresariais Privadas;ITAJAÍ;SC;250110;SUBSECRETARIA DE ASSUNTOS ADMINISTRATIVOS/MS;36000;Ministério da Saúde - Unidades com vínculo direto;36000;Ministério da Saúde;85.39;2020
202009;09.333.052/0001-54;COOPERATIVA DE PRODUTORES RURAIS DE ITAJAI COOPERAR;Entidades Empresariais Privadas;ITAJAÍ;SC;160446;62º BATALHAO DE INFANTARIA;52121;Comando do Exército;52000;Ministério da Defesa;35418.37;2020
202002;01.406.705/0001-76;FUNDACAO CULTURAL E EDUCACIONAL DE ITAJAI;Entidades Sem Fins Lucrativos;ITAJAÍ;SC;250110;SUBSECRETARIA DE ASSUNTOS ADMINISTRATIVOS/MS;36000;Ministério da Saúde - Unidades com vínculo direto;36000;Ministério da Saúde;78.87;2020
202003;80.655.525/0001-02;CLINMEDI - CLINICA MEDICA ITAJAI LTDA;Entidades Empresariais Privadas;ITAJAÍ;SC;785344;DELEGACIA DA CAPITANIA DOS PORTOS EM ITAJAI;52131;Comando da Marinha;52000;Ministério da Defesa;1213.48;2020
202005;83.102.277/0001-52;MUNICIPIO DE ITAJAI;Administração Pública Municipal;ITAJAÍ;SC;540007;CAIXA - SNINFRA;54000;Ministério do Turismo - Unidades com vínculo direto;54000;Ministério do Turismo;129044.12;2020
202012;83.102.277/0001-52;MUNICIPIO DE ITAJAI;Administração Pública Municipal;ITAJAÍ;SC;443048;ICMBIO GR5 SUL;44207;Instituto Chico Mendes de Conservação da Biodiversidade;44000;Ministério do Meio Ambiente e Mudança do Clima;2384.32;2020
202009;02.362.976/0001-30;FUNDACAO CULTURAL DE ITAJAI;Administração Pública Municipal;ITAJAÍ;SC;540035;SECRET.DE CIDADANIA E DIVERSIDADE CULTURAL;34902;Fundo Nacional de Cultura;42000;Ministério da Cultura;1442568.92;2020
202008;83.102.277/0001-52;MUNICIPIO DE ITAJAI;Administração Pública Municipal;ITAJAÍ;SC;153173;FUNDO NACIONAL DE DESENVOLVIMENTO DA EDUCACAO;26298;Fundo Nacional de Desenvolvimento da Educação;26000;Ministério da Educação;1553755.82;2020
202007;09.333.052/0001-54;COOPERATIVA DE PRODUTORES RURAIS DE ITAJAI COOPERAR;Entidades Empresariais Privadas;ITAJAÍ;SC;160446;62º BATALHAO DE INFANTARIA;52121;Comando do Exército;52000;Ministério da Defesa;3610.52;2020
202007;84.307.974/0001-02;FUNDACAO UNIVERSIDADE DO VALE DO ITAJAI;Entidades Sem Fins Lucrativos;ITAJAÍ;SC;153173;FUNDO NACIONAL DE DESENVOLVIMENTO DA EDUCACAO;26298;Fundo Nacional de Desenvolvimento da Educação;26000;Ministério da Educação;3820.0;2020
202006;83.102.277/0001-52;MUNICIPIO DE ITAJAI;Administração Pública Municipal;ITAJAÍ;SC;193125;IBAMA - SUPERINTENDENCIA DE SANTA CATARINA/SC;20701;Instituto Brasileiro do Meio Ambiente e dos Recursos Naturais Renováveis;44000;Ministério do Meio Ambiente e Mudança do Clima;189.88;2020
202006;83.102.277/0001-52;MUNICIPIO DE ITAJAI;Administração Pública Municipal;ITAJAÍ;SC;153173;FUNDO NACIONAL DE DESENVOLVIMENTO DA EDUCACAO;26298;Fundo Nacional de Desenvolvimento da Educação;26000;Ministério da Educação;1177341.26;2020
202009;09.333.052/0001-54;COOPERATIVA DE PRODUTORES RURAIS DE ITAJAI COOPERAR;Entidades Empresariais Privadas;ITAJAÍ;SC;160440;23º BATALHAO DE INFANTARIA;52121;Comando do Exército;52000;Ministério da Defesa;5769.3;2020
202010;83.102.277/0001-52;MUNICIPIO DE ITAJAI;Administração Pública Municipal;ITAJAÍ;SC;193125;IBAMA - SUPERINTENDENCIA DE SANTA CATARINA/SC;20701;Instituto Brasileiro do Meio Ambiente e dos Recursos Naturais Renováveis;44000;Ministério do Meio Ambiente e Mudança do Clima;409.28;2020
202010;09.333.052/0001-54;COOPERATIVA DE PRODUTORES RURAIS DE ITAJAI COOPERAR;Entidades Empresariais Privadas;ITAJAÍ;SC;160446;62º BATALHAO DE INFANTARIA;52121;Comando do Exército;52000;Ministério da Defesa;20968.63;2020
202010;01.823.752/0001-15;FUNDO MUNICIPAL DE ASSISTENCIA SOCIAL-FMAS DO MUNICIPIO DE ITAJAI;Administração Pública;ITAJAÍ;SC;330013;FUNDO NACIONAL DE ASSISTENCIA SOCIAL;55001;Fundo Nacional de Assistência Social;55000;Ministério do Desenvolvimento e Assistência Social, Família e Combate à Fome;80953.61;2020
202010;84.307.974/0001-02;FUNDACAO UNIVERSIDADE DO VALE DO ITAJAI;Entidades Sem Fins Lucrativos;ITAJAÍ;SC;151714;FUNDO DE FINANCIAMENTO ESTUDANTIL;26298;Fundo Nacional de Desenvolvimento da Educação;26000;Ministério da Educação;104655.41;2020
202005;83.102.277/0001-52;MUNICIPIO DE ITAJAI;Administração Pública Municipal;ITAJAÍ;SC;200125;SUPERINTENDENCIA DA PRF EM SANTA CATARINA;30802;Polícia Rodoviária Federal;30000;Ministério da Justiça e Segurança Pública;403.6;2020
202009;83.102.277/0001-52;MUNICIPIO DE ITAJAI;Administração Pública Municipal;ITAJAÍ;SC;200125;SUPERINTENDENCIA DA PRF EM SANTA CATARINA;30802;Polícia Rodoviária Federal;30000;Ministério da Justiça e Segurança Pública;115.92;2020
202010;84.291.137/0001-32;RADIO DIFUSORA ITAJAI LTDA;Entidades Empresariais Privadas;ITAJAÍ;SC;550005;COORDENACAO GERAL DE LICITACOES E CONTRATOS.;55000;Ministério do Desenvolvimento e Assistência Social, Família e Combate à Fome - Unidades com vínculo direto;55000;Ministério do Desenvolvimento e Assistência Social, Família e Combate à Fome;53.89;2020
202005;83.102.277/0001-52;MUNICIPIO DE ITAJAI;Administração Pública Municipal;ITAJAÍ;SC;443043;ICMBIO GR1 NORTE;44207;Instituto Chico Mendes de Conservação da Biodiversidade;44000;Ministério do Meio Ambiente e Mudança do Clima;710.88;2020
202011;09.333.052/0001-54;COOPERATIVA DE PRODUTORES RURAIS DE ITAJAI COOPERAR;Entidades Empresariais Privadas;ITAJAÍ;SC;160440;23º BATALHAO DE INFANTARIA;52121;Comando do Exército;52000;Ministério da Defesa;7798.34;2020
202011;82.645.011/0001-93;SOCIEDADE RADIO DIFUSORA VALE DO ITAJAI LTDA;Entidades Empresariais Privadas;ITAJAÍ;SC;250110;SUBSECRETARIA DE ASSUNTOS ADMINISTRATIVOS/MS;36000;Ministério da Saúde - Unidades com vínculo direto;36000;Ministério da Saúde;70.67;2020
202010;08.259.606/0001-58;FUNDO MUNICIPAL DE SAUDE DE ITAJAI;Administração Pública;ITAJAÍ;SC;257001;DIRETORIA EXECUTIVA DO FUNDO NAC. DE SAUDE;36000;Ministério da Saúde - Unidades com vínculo direto;36000;Ministério da Saúde;16073232.09;2020
202001;01.823.752/0001-15;FUNDO MUNICIPAL DE ASSISTENCIA SOCIAL-FMAS DO MUNICIPIO DE ITAJAI;Administração Pública;ITAJAÍ;SC;330013;FUNDO NACIONAL DE ASSISTENCIA SOCIAL;55001;Fundo Nacional de Assistência Social;55000;Ministério do Desenvolvimento e Assistência Social, Família e Combate à Fome;15674.67;2020
202007;83.102.277/0001-52;MUNICIPIO DE ITAJAI;Administração Pública Municipal;ITAJAÍ;SC;540007;CAIXA - SNINFRA;54000;Ministério do Turismo - Unidades com vínculo direto;54000;Ministério do Turismo;146250.0;2020
202004;83.102.277/0001-52;MUNICIPIO DE ITAJAI;Administração Pública Municipal;ITAJAÍ;SC;153173;FUNDO NACIONAL DE DESENVOLVIMENTO DA EDUCACAO;26298;Fundo Nacional de Desenvolvimento da Educação;26000;Ministério da Educação;2009633.72;2020
202011;01.823.752/0001-15;FUNDO MUNICIPAL DE ASSISTENCIA SOCIAL-FMAS DO MUNICIPIO DE ITAJAI;Administração Pública;ITAJAÍ;SC;330013;FUNDO NACIONAL DE ASSISTENCIA SOCIAL;55001;Fundo Nacional de Assistência Social;55000;Ministério do Desenvolvimento e Assistência Social, Família e Combate à Fome;63366.75;2020
202004;83.102.277/0001-52;MUNICIPIO DE ITAJAI;Administração Pública Municipal;ITAJAÍ;SC;193125;IBAMA - SUPERINTENDENCIA DE SANTA CATARINA/SC;20701;Instituto Brasileiro do Meio Ambiente e dos Recursos Naturais Renováveis;44000;Ministério do Meio Ambiente e Mudança do Clima;240.77;2020
202007;84.307.974/0001-02;FUNDACAO UNIVERSIDADE DO VALE DO ITAJAI;Entidades Sem Fins Lucrativos;ITAJAÍ;SC;151714;FUNDO DE FINANCIAMENTO ESTUDANTIL;26298;Fundo Nacional de Desenvolvimento da Educação;26000;Ministério da Educação;1838838.89;2020
202009;10.405.291/0001-51;ASSOCIACAO CULTURAL E EDUCATIVA DE TELEVISAO COMUNITARIA DE ITAJAI;Entidades Sem Fins Lucrativos;ITAJAÍ;SC;530001;MIDR/ADMINISTRACAO GERAL;53000;Ministério da Integração e do Desenvolvimento Regional - Unidades com vínculo direto;53000;Ministério da Integração e do Desenvolvimento Regional;254.74;2020
202005;82.645.011/0001-93;SOCIEDADE RADIO DIFUSORA VALE DO ITAJAI LTDA;Entidades Empresariais Privadas;ITAJAÍ;SC;110319;SECRETARIA DE COMUNICACAO SOCIAL/PR;20101;Presidência da República;20000;Presidência da República;147.22;2020
202012;83.102.277/0001-52;MUNICIPIO DE ITAJAI;Administração Pública Municipal;ITAJAÍ;SC;153173;FUNDO NACIONAL DE DESENVOLVIMENTO DA EDUCACAO;26298;Fundo Nacional de Desenvolvimento da Educação;26000;Ministério da Educação;1708823.64;2020
202010;80.655.525/0001-02;CLINMEDI - CLINICA MEDICA ITAJAI LTDA;Entidades Empresariais Privadas;ITAJAÍ;SC;785344;DELEGACIA DA CAPITANIA DOS PORTOS EM ITAJAI;52131;Comando da Marinha;52000;Ministério da Defesa;197.05;2020
202012;04.856.713/0001-02;CLINICA DE ESPORTE ITAJAI LTDA;Entidades Empresariais Privadas;ITAJAÍ;SC;785344;DELEGACIA DA CAPITANIA DOS PORTOS EM ITAJAI;52131;Comando da Marinha;52000;Ministério da Defesa;9347.2;2020
202012;08.259.606/0001-58;FUNDO MUNICIPAL DE SAUDE DE ITAJAI;Administração Pública;ITAJAÍ;SC;257001;DIRETORIA EXECUTIVA DO FUNDO NAC. DE SAUDE;36000;Ministério da Saúde - Unidades com vínculo direto;36000;Ministério da Saúde;20044971.04;2020
202005;01.823.752/0001-15;FUNDO MUNICIPAL DE ASSISTENCIA SOCIAL-FMAS DO MUNICIPIO DE ITAJAI;Administração Pública;ITAJAÍ;SC;330013;FUNDO NACIONAL DE ASSISTENCIA SOCIAL;55001;Fundo Nacional de Assistência Social;55000;Ministério do Desenvolvimento e Assistência Social, Família e Combate à Fome;1053919.2;2020
202006;04.856.713/0001-02;CLINICA DE ESPORTE ITAJAI LTDA;Entidades Empresariais Privadas;ITAJAÍ;SC;785344;DELEGACIA DA CAPITANIA DOS PORTOS EM ITAJAI;52131;Comando da Marinha;52000;Ministério da Defesa;2607.1;2020
202005;09.333.052/0001-54;COOPERATIVA DE PRODUTORES RURAIS DE ITAJAI COOPERAR;Entidades Empresariais Privadas;ITAJAÍ;SC;158516;INST.FED.DE EDUC.,CIENC.E TEC.DE STA.CAT/IFSC;26438;Instituto Federal de Educação, Ciência e Tecnologia de Santa Catarina;26000;Ministério da Educação;4532.45;2020
202009;84.307.974/0001-02;FUNDACAO UNIVERSIDADE DO VALE DO ITAJAI;Entidades Sem Fins Lucrativos;ITAJAÍ;SC;151714;FUNDO DE FINANCIAMENTO ESTUDANTIL;26298;Fundo Nacional de Desenvolvimento da Educação;26000;Ministério da Educação;110787.81;2020
202007;01.823.752/0001-15;FUNDO MUNICIPAL DE ASSISTENCIA SOCIAL-FMAS DO MUNICIPIO DE ITAJAI;Administração Pública;ITAJAÍ;SC;330013;FUNDO NACIONAL DE ASSISTENCIA SOCIAL;55001;Fundo Nacional de Assistência Social;55000;Ministério do Desenvolvimento e Assistência Social, Família e Combate à Fome;18094.59;2020
202002;83.102.277/0001-52;MUNICIPIO DE ITAJAI;Administração Pública Municipal;ITAJAÍ;SC;153173;FUNDO NACIONAL DE DESENVOLVIMENTO DA EDUCACAO;26298;Fundo Nacional de Desenvolvimento da Educação;26000;Ministério da Educação;1649081.14;2020
202012;80.655.525/0001-02;CLINMEDI - CLINICA MEDICA ITAJAI LTDA;Entidades Empresariais Privadas;ITAJAÍ;SC;785344;DELEGACIA DA CAPITANIA DOS PORTOS EM ITAJAI;52131;Comando da Marinha;52000;Ministério da Defesa;10604.12;2020
202002;08.259.606/0001-58;FUNDO MUNICIPAL DE SAUDE DE ITAJAI;Administração Pública;ITAJAÍ;SC;257001;DIRETORIA EXECUTIVA DO FUNDO NAC. DE SAUDE;36000;Ministério da Saúde - Unidades com vínculo direto;36000;Ministério da Saúde;12248081.03;2020
202002;84.307.974/0001-02;FUNDACAO UNIVERSIDADE DO VALE DO ITAJAI;Entidades Sem Fins Lucrativos;ITAJAÍ;SC;364102;CONSELHO NAC DE DESENV CIENT E TECNOLOGICO;20501;Conselho Nacional de Desenvolvimento Científico e Tecnológico;24000;Ministério da Ciência, Tecnologia e Inovação;285.0;2020
202007;82.645.011/0001-93;SOCIEDADE RADIO DIFUSORA VALE DO ITAJAI LTDA;Entidades Empresariais Privadas;ITAJAÍ;SC;550005;COORDENACAO GERAL DE LICITACOES E CONTRATOS.;55000;Ministério do Desenvolvimento e Assistência Social, Família e Combate à Fome - Unidades com vínculo direto;55000;Ministério do Desenvolvimento e Assistência Social, Família e Combate à Fome;103.06;2020
202012;84.291.137/0001-32;RADIO DIFUSORA ITAJAI LTDA;Entidades Empresariais Privadas;ITAJAÍ;SC;250110;SUBSECRETARIA DE ASSUNTOS ADMINISTRATIVOS/MS;36000;Ministério da Saúde - Unidades com vínculo direto;36000;Ministério da Saúde;86.12;2020
202011;09.333.052/0001-54;COOPERATIVA DE PRODUTORES RURAIS DE ITAJAI COOPERAR;Entidades Empresariais Privadas;ITAJAÍ;SC;160446;62º BATALHAO DE INFANTARIA;52121;Comando do Exército;52000;Ministério da Defesa;27159.96;2020
202002;83.102.277/0001-52;MUNICIPIO DE ITAJAI;Administração Pública Municipal;ITAJAÍ;SC;193125;IBAMA - SUPERINTENDENCIA DE SANTA CATARINA/SC;20701;Instituto Brasileiro do Meio Ambiente e dos Recursos Naturais Renováveis;44000;Ministério do Meio Ambiente e Mudança do Clima;75.39;2020
202009;01.823.752/0001-15;FUNDO MUNICIPAL DE ASSISTENCIA SOCIAL-FMAS DO MUNICIPIO DE ITAJAI;Administração Pública;ITAJAÍ;SC;330013;FUNDO NACIONAL DE ASSISTENCIA SOCIAL;55001;Fundo Nacional de Assistência Social;55000;Ministério do Desenvolvimento e Assistência Social, Família e Combate à Fome;85549.93;2020
202007;83.102.277/0001-52;MUNICIPIO DE ITAJAI;Administração Pública Municipal;ITAJAÍ;SC;200125;SUPERINTENDENCIA DA PRF EM SANTA CATARINA;30802;Polícia Rodoviária Federal;30000;Ministério da Justiça e Segurança Pública;403.6;2020
202004;31.825.156/0001-35;NAUTICA ITAJAI LTDA;Entidades Empresariais Privadas;ITAJAÍ;SC;785344;DELEGACIA DA CAPITANIA DOS PORTOS EM ITAJAI;52131;Comando da Marinha;52000;Ministério da Defesa;13860.0;2020
202005;82.645.011/0001-93;SOCIEDADE RADIO DIFUSORA VALE DO ITAJAI LTDA;Entidades Empresariais Privadas;ITAJAÍ;SC;550005;COORDENACAO GERAL DE LICITACOES E CONTRATOS.;55000;Ministério do Desenvolvimento e Assistência Social, Família e Combate à Fome - Unidades com vínculo direto;55000;Ministério do Desenvolvimento e Assistência Social, Família e Combate à Fome;35.33;2020
202012;83.102.277/0001-52;MUNICIPIO DE ITAJAI;Administração Pública Municipal;ITAJAÍ;SC;193125;IBAMA - SUPERINTENDENCIA DE SANTA CATARINA/SC;20701;Instituto Brasileiro do Meio Ambiente e dos Recursos Naturais Renováveis;44000;Ministério do Meio Ambiente e Mudança do Clima;179.7;2020
202101;83.102.277/0001-52;MUNICIPIO DE ITAJAI;Administração Pública Municipal;ITAJAÍ;SC;153173;FUNDO NACIONAL DE DESENVOLVIMENTO DA EDUCACAO;26298;Fundo Nacional de Desenvolvimento da Educação;26000;Ministério da Educação;2505676.51;2021
202107;08.259.606/0001-58;FUNDO MUNICIPAL DE SAUDE DE ITAJAI;Administração Pública;ITAJAÍ;SC;257001;DIRETORIA EXECUTIVA DO FUNDO NAC. DE SAUDE;36000;Ministério da Saúde - Unidades com vínculo direto;36000;Ministério da Saúde;16380264.84;2021
202112;08.259.606/0001-58;FUNDO MUNICIPAL DE SAUDE DE ITAJAI;Administração Pública;ITAJAÍ;SC;257001;DIRETORIA EXECUTIVA DO FUNDO NAC. DE SAUDE;36000;Ministério da Saúde - Unidades com vínculo direto;36000;Ministério da Saúde;21259839.97;2021
202112;83.102.277/0001-52;MUNICIPIO DE ITAJAI;Administração Pública Municipal;ITAJAÍ;SC;153173;FUNDO NACIONAL DE DESENVOLVIMENTO DA EDUCACAO;26298;Fundo Nacional de Desenvolvimento da Educação;26000;Ministério da Educação;2185366.47;2021
202111;18.487.144/0001-80;I.G.I. INDUSTRIA DE GASES ITAJAI LTDA;Entidades Empresariais Privadas;ITAJAÍ;SC;513181;FRGPS - SUPERINTENDENCIA REGIONAL SUL;37904;Fundo do Regime Geral da Previdência Social;33000;Ministério da Previdência Social;500.0;2021
202109;03.427.893/0001-44;PERSIANAS ITAJAI LTDA;Entidades Empresariais Privadas;ITAJAÍ;SC;785344;DELEGACIA DA CAPITANIA DOS PORTOS EM ITAJAI;52131;Comando da Marinha;52000;Ministério da Defesa;2246.0;2021
202112;18.487.144/0001-80;I.G.I. INDUSTRIA DE GASES ITAJAI LTDA;Entidades Empresariais Privadas;ITAJAÍ;SC;513181;FRGPS - SUPERINTENDENCIA REGIONAL SUL;37904;Fundo do Regime Geral da Previdência Social;33000;Ministério da Previdência Social;500.0;2021
202104;04.643.059/0001-59;APP DO CENTRO MUNICIPAL DE EDUCACAO ALTERNATIVA DE ITAJAI;Entidades Sem Fins Lucrativos;ITAJAÍ;SC;153173;FUNDO NACIONAL DE DESENVOLVIMENTO DA EDUCACAO;26298;Fundo Nacional de Desenvolvimento da Educação;26000;Ministério da Educação;480.0;2021
202103;83.102.277/0001-52;MUNICIPIO DE ITAJAI;Administração Pública Municipal;ITAJAÍ;SC;153173;FUNDO NACIONAL DE DESENVOLVIMENTO DA EDUCACAO;26298;Fundo Nacional de Desenvolvimento da Educação;26000;Ministério da Educação;1850988.38;2021
202110;83.102.277/0001-52;MUNICIPIO DE ITAJAI;Administração Pública Municipal;ITAJAÍ;SC;200125;SUPERINTENDENCIA DA PRF EM SANTA CATARINA;30802;Polícia Rodoviária Federal;30000;Ministério da Justiça e Segurança Pública;306.32;2021
202103;83.102.277/0001-52;MUNICIPIO DE ITAJAI;Administração Pública Municipal;ITAJAÍ;SC;193125;IBAMA - SUPERINTENDENCIA DE SANTA CATARINA/SC;20701;Instituto Brasileiro do Meio Ambiente e dos Recursos Naturais Renováveis;44000;Ministério do Meio Ambiente e Mudança do Clima;142.11;2021
202101;08.259.606/0001-58;FUNDO MUNICIPAL DE SAUDE DE ITAJAI;Administração Pública;ITAJAÍ;SC;257001;DIRETORIA EXECUTIVA DO FUNDO NAC. DE SAUDE;36000;Ministério da Saúde - Unidades com vínculo direto;36000;Ministério da Saúde;10464617.38;2021
202107;83.102.277/0001-52;MUNICIPIO DE ITAJAI;Administração Pública Municipal;ITAJAÍ;SC;153173;FUNDO NACIONAL DE DESENVOLVIMENTO DA EDUCACAO;26298;Fundo Nacional de Desenvolvimento da Educação;26000;Ministério da Educação;1762717.51;2021
202111;83.102.277/0001-52;MUNICIPIO DE ITAJAI;Administração Pública Municipal;ITAJAÍ;SC;443048;ICMBIO GR5 SUL;44207;Instituto Chico Mendes de Conservação da Biodiversidade;44000;Ministério do Meio Ambiente e Mudança do Clima;901.36;2021
202102;82.645.011/0001-93;SOCIEDADE RADIO DIFUSORA VALE DO ITAJAI LTDA;Entidades Empresariais Privadas;ITAJAÍ;SC;250110;SUBSECRETARIA DE ASSUNTOS ADMINISTRATIVOS/MS;36000;Ministério da Saúde - Unidades com vínculo direto;36000;Ministério da Saúde;94.22;2021
202106;09.333.052/0001-54;COOPERATIVA DE PRODUTORES RURAIS DE ITAJAI COOPERAR;Entidades Empresariais Privadas;ITAJAÍ;SC;160446;62º BATALHAO DE INFANTARIA;52121;Comando do Exército;52000;Ministério da Defesa;12194.51;2021
202103;83.102.277/0001-52;MUNICIPIO DE ITAJAI;Administração Pública Municipal;ITAJAÍ;SC;443048;ICMBIO GR5 SUL;44207;Instituto Chico Mendes de Conservação da Biodiversidade;44000;Ministério do Meio Ambiente e Mudança do Clima;789.85;2021
202105;83.102.277/0001-52;MUNICIPIO DE ITAJAI;Administração Pública Municipal;ITAJAÍ;SC;193125;IBAMA - SUPERINTENDENCIA DE SANTA CATARINA/SC;20701;Instituto Brasileiro do Meio Ambiente e dos Recursos Naturais Renováveis;44000;Ministério do Meio Ambiente e Mudança do Clima;202.96;2021
202106;09.333.052/0001-54;COOPERATIVA DE PRODUTORES RURAIS DE ITAJAI COOPERAR;Entidades Empresariais Privadas;ITAJAÍ;SC;158516;INST.FED.DE EDUC.,CIENC.E TEC.DE STA.CAT/IFSC;26438;Instituto Federal de Educação, Ciência e Tecnologia de Santa Catarina;26000;Ministério da Educação;3355.98;2021
202111;80.655.525/0001-02;CLINMEDI - CLINICA MEDICA ITAJAI LTDA;Entidades Empresariais Privadas;ITAJAÍ;SC;785344;DELEGACIA DA CAPITANIA DOS PORTOS EM ITAJAI;52131;Comando da Marinha;52000;Ministério da Defesa;18759.76;2021
202101;83.102.277/0001-52;MUNICIPIO DE ITAJAI;Administração Pública Municipal;ITAJAÍ;SC;193125;IBAMA - SUPERINTENDENCIA DE SANTA CATARINA/SC;20701;Instituto Brasileiro do Meio Ambiente e dos Recursos Naturais Renováveis;44000;Ministério do Meio Ambiente e Mudança do Clima;175.62;2021
202112;83.102.277/0001-52;MUNICIPIO DE ITAJAI;Administração Pública Municipal;ITAJAÍ;SC;510181;SUPERINTENDENCIA REGIONAL SUL;37202;Instituto Nacional do Seguro Social;33000;Ministério da Previdência Social;166.21;2021
202110;09.333.052/0001-54;COOPERATIVA DE PRODUTORES RURAIS DE ITAJAI COOPERAR;Entidades Empresariais Privadas;ITAJAÍ;SC;160446;62º BATALHAO DE INFANTARIA;52121;Comando do Exército;52000;Ministério da Defesa;3016.23;2021
202108;83.102.277/0001-52;MUNICIPIO DE ITAJAI;Administração Pública Municipal;ITAJAÍ;SC;200125;SUPERINTENDENCIA DA PRF EM SANTA CATARINA;30802;Polícia Rodoviária Federal;30000;Ministério da Justiça e Segurança Pública;306.32;2021
202109;83.102.277/0001-52;MUNICIPIO DE ITAJAI;Administração Pública Municipal;ITAJAÍ;SC;443048;ICMBIO GR5 SUL;44207;Instituto Chico Mendes de Conservação da Biodiversidade;44000;Ministério do Meio Ambiente e Mudança do Clima;1568.18;2021
202105;08.259.606/0001-58;FUNDO MUNICIPAL DE SAUDE DE ITAJAI;Administração Pública;ITAJAÍ;SC;257001;DIRETORIA EXECUTIVA DO FUNDO NAC. DE SAUDE;36000;Ministério da Saúde - Unidades com vínculo direto;36000;Ministério da Saúde;21461847.31;2021
202108;01.823.752/0001-15;FUNDO MUNICIPAL DE ASSISTENCIA SOCIAL-FMAS DO MUNICIPIO DE ITAJAI;Administração Pública;ITAJAÍ;SC;330013;FUNDO NACIONAL DE ASSISTENCIA SOCIAL;55001;Fundo Nacional de Assistência Social;55000;Ministério do Desenvolvimento e Assistência Social, Família e Combate à Fome;97292.61;2021
202106;09.333.052/0001-54;COOPERATIVA DE PRODUTORES RURAIS DE ITAJAI COOPERAR;Entidades Empresariais Privadas;ITAJAÍ;SC;160440;23º BATALHAO DE INFANTARIA;52121;Comando do Exército;52000;Ministério da Defesa;8716.82;2021
202102;83.102.277/0001-52;MUNICIPIO DE ITAJAI;Administração Pública Municipal;ITAJAÍ;SC;200125;SUPERINTENDENCIA DA PRF EM SANTA CATARINA;30802;Polícia Rodoviária Federal;30000;Ministério da Justiça e Segurança Pública;589.24;2021
202107;80.655.525/0001-02;CLINMEDI - CLINICA MEDICA ITAJAI LTDA;Entidades Empresariais Privadas;ITAJAÍ;SC;785344;DELEGACIA DA CAPITANIA DOS PORTOS EM ITAJAI;52131;Comando da Marinha;52000;Ministério da Defesa;5064.84;2021
202111;31.825.156/0001-35;NAUTICA ITAJAI LTDA;Entidades Empresariais Privadas;ITAJAÍ;SC;785344;DELEGACIA DA CAPITANIA DOS PORTOS EM ITAJAI;52131;Comando da Marinha;52000;Ministério da Defesa;1357.2;2021
202102;09.333.052/0001-54;COOPERATIVA DE PRODUTORES RURAIS DE ITAJAI COOPERAR;Entidades Empresariais Privadas;ITAJAÍ;SC;158516;INST.FED.DE EDUC.,CIENC.E TEC.DE STA.CAT/IFSC;26438;Instituto Federal de Educação, Ciência e Tecnologia de Santa Catarina;26000;Ministério da Educação;2231.04;2021
202112;83.102.277/0001-52;MUNICIPIO DE ITAJAI;Administração Pública Municipal;ITAJAÍ;SC;193125;IBAMA - SUPERINTENDENCIA DE SANTA CATARINA/SC;20701;Instituto Brasileiro do Meio Ambiente e dos Recursos Naturais Renováveis;44000;Ministério do Meio Ambiente e Mudança do Clima;299.65;2021
202107;83.102.277/0001-52;MUNICIPIO DE ITAJAI;Administração Pública Municipal;ITAJAÍ;SC;193125;IBAMA - SUPERINTENDENCIA DE SANTA CATARINA/SC;20701;Instituto Brasileiro do Meio Ambiente e dos Recursos Naturais Renováveis;44000;Ministério do Meio Ambiente e Mudança do Clima;322.3;2021
202108;84.291.137/0001-32;RADIO DIFUSORA ITAJAI LTDA;Entidades Empresariais Privadas;ITAJAÍ;SC;540006;SNPTUR - CONTRATOS;54000;Ministério do Turismo - Unidades com vínculo direto;54000;Ministério do Turismo;121.11;2021
202112;04.856.713/0001-02;CLINICA DE ESPORTE ITAJAI LTDA;Entidades Empresariais Privadas;ITAJAÍ;SC;785344;DELEGACIA DA CAPITANIA DOS PORTOS EM ITAJAI;52131;Comando da Marinha;52000;Ministério da Defesa;7817.82;2021
202108;09.333.052/0001-54;COOPERATIVA DE PRODUTORES RURAIS DE ITAJAI COOPERAR;Entidades Empresariais Privadas;ITAJAÍ;SC;158516;INST.FED.DE EDUC.,CIENC.E TEC.DE STA.CAT/IFSC;26438;Instituto Federal de Educação, Ciência e Tecnologia de Santa Catarina;26000;Ministério da Educação;19570.02;2021
202104;09.333.052/0001-54;COOPERATIVA DE PRODUTORES RURAIS DE ITAJAI COOPERAR;Entidades Empresariais Privadas;ITAJAÍ;SC;160440;23º BATALHAO DE INFANTARIA;52121;Comando do Exército;52000;Ministério da Defesa;1835.4;2021
202101;04.856.713/0001-02;CLINICA DE ESPORTE ITAJAI LTDA;Entidades Empresariais Privadas;ITAJAÍ;SC;785344;DELEGACIA DA CAPITANIA DOS PORTOS EM ITAJAI;52131;Comando da Marinha;52000;Ministério da Defesa;10795.6;2021
202108;83.102.277/0001-52;MUNICIPIO DE ITAJAI;Administração Pública Municipal;ITAJAÍ;SC;170860;COORD.-GERAL DE TRANSFE. INTERGOVERNAMENTAIS;25000;Ministério da Fazenda - Unidades com vínculo direto;25000;Ministério da Fazenda;1000000.0;2021
202111;83.102.277/0001-52;MUNICIPIO DE ITAJAI;Administração Pública Municipal;ITAJAÍ;SC;510181;SUPERINTENDENCIA REGIONAL SUL;37202;Instituto Nacional do Seguro Social;33000;Ministério da Previdência Social;355.61;2021
202105;83.102.277/0001-52;MUNICIPIO DE ITAJAI;Administração Pública Municipal;ITAJAÍ;SC;153173;FUNDO NACIONAL DE DESENVOLVIMENTO DA EDUCACAO;26298;Fundo Nacional de Desenvolvimento da Educação;26000;Ministério da Educação;1825688.2;2021
202102;09.333.052/0001-54;COOPERATIVA DE PRODUTORES RURAIS DE ITAJAI COOPERAR;Entidades Empresariais Privadas;ITAJAÍ;SC;160440;23º BATALHAO DE INFANTARIA;52121;Comando do Exército;52000;Ministério da Defesa;4557.15;2021
202102;84.307.974/0001-02;FUNDACAO UNIVERSIDADE DO VALE DO ITAJAI;Entidades Sem Fins Lucrativos;ITAJAÍ;SC;151714;FUNDO DE FINANCIAMENTO ESTUDANTIL;26298;Fundo Nacional de Desenvolvimento da Educação;26000;Ministério da Educação;630098.89;2021
202111;09.333.052/0001-54;COOPERATIVA DE PRODUTORES RURAIS DE ITAJAI COOPERAR;Entidades Empresariais Privadas;ITAJAÍ;SC;160446;62º BATALHAO DE INFANTARIA;52121;Comando do Exército;52000;Ministério da Defesa;2525.8;2021
202107;04.856.713/0001-02;CLINICA DE ESPORTE ITAJAI LTDA;Entidades Empresariais Privadas;ITAJAÍ;SC;785344;DELEGACIA DA CAPITANIA DOS PORTOS EM ITAJAI;52131;Comando da Marinha;52000;Ministério da Defesa;9426.02;2021
202108;84.307.974/0001-02;FUNDACAO UNIVERSIDADE DO VALE DO ITAJAI;Entidades Sem Fins Lucrativos;ITAJAÍ;SC;151714;FUNDO DE FINANCIAMENTO ESTUDANTIL;26298;Fundo Nacional de Desenvolvimento da Educação;26000;Ministério da Educação;57619.37;2021
202104;84.307.974/0001-02;FUNDACAO UNIVERSIDADE DO VALE DO ITAJAI;Entidades Sem Fins Lucrativos;ITAJAÍ;SC;153030;UNIVERSIDADE FEDERAL DE ITAJUBA;26261;Universidade Federal de Itajubá;26000;Ministério da Educação;80.0;2021
202103;04.856.713/0001-02;CLINICA DE ESPORTE ITAJAI LTDA;Entidades Empresariais Privadas;ITAJAÍ;SC;785344;DELEGACIA DA CAPITANIA DOS PORTOS EM ITAJAI;52131;Comando da Marinha;52000;Ministério da Defesa;277.08;2021
202111;83.102.277/0001-52;MUNICIPIO DE ITAJAI;Administração Pública Municipal;ITAJAÍ;SC;193125;IBAMA - SUPERINTENDENCIA DE SANTA CATARINA/SC;20701;Instituto Brasileiro do Meio Ambiente e dos Recursos Naturais Renováveis;44000;Ministério do Meio Ambiente e Mudança do Clima;85.37;2021
202101;80.655.525/0001-02;CLINMEDI - CLINICA MEDICA ITAJAI LTDA;Entidades Empresariais Privadas;ITAJAÍ;SC;785344;DELEGACIA DA CAPITANIA DOS PORTOS EM ITAJAI;52131;Comando da Marinha;52000;Ministério da Defesa;3368.59;2021
202112;83.102.277/0001-52;MUNICIPIO DE ITAJAI;Administração Pública Municipal;ITAJAÍ;SC;540007;CAIXA - SNINFRA;54000;Ministério do Turismo - Unidades com vínculo direto;54000;Ministério do Turismo;455938.7;2021
202105;31.825.156/0001-35;NAUTICA ITAJAI LTDA;Entidades Empresariais Privadas;ITAJAÍ;SC;785344;DELEGACIA DA CAPITANIA DOS PORTOS EM ITAJAI;52131;Comando da Marinha;52000;Ministério da Defesa;6000.0;2021
202105;09.333.052/0001-54;COOPERATIVA DE PRODUTORES RURAIS DE ITAJAI COOPERAR;Entidades Empresariais Privadas;ITAJAÍ;SC;160440;23º BATALHAO DE INFANTARIA;52121;Comando do Exército;52000;Ministério da Defesa;2286.79;2021
202105;04.856.713/0001-02;CLINICA DE ESPORTE ITAJAI LTDA;Entidades Empresariais Privadas;ITAJAÍ;SC;785344;DELEGACIA DA CAPITANIA DOS PORTOS EM ITAJAI;52131;Comando da Marinha;52000;Ministério da Defesa;9069.5;2021
202102;04.856.713/0001-02;CLINICA DE ESPORTE ITAJAI LTDA;Entidades Empresariais Privadas;ITAJAÍ;SC;785344;DELEGACIA DA CAPITANIA DOS PORTOS EM ITAJAI;52131;Comando da Marinha;52000;Ministério da Defesa;17.22;2021
202112;80.655.525/0001-02;CLINMEDI - CLINICA MEDICA ITAJAI LTDA;Entidades Empresariais Privadas;ITAJAÍ;SC;785344;DELEGACIA DA CAPITANIA DOS PORTOS EM ITAJAI;52131;Comando da Marinha;52000;Ministério da Defesa;3127.5;2021
202102;01.823.752/0001-15;FUNDO MUNICIPAL DE ASSISTENCIA SOCIAL-FMAS DO MUNICIPIO DE ITAJAI;Administração Pública;ITAJAÍ;SC;330013;FUNDO NACIONAL DE ASSISTENCIA SOCIAL;55001;Fundo Nacional de Assistência Social;55000;Ministério do Desenvolvimento e Assistência Social, Família e Combate à Fome;14065.8;2021
202111;83.102.277/0001-52;MUNICIPIO DE ITAJAI;Administração Pública Municipal;ITAJAÍ;SC;200125;SUPERINTENDENCIA DA PRF EM SANTA CATARINA;30802;Polícia Rodoviária Federal;30000;Ministério da Justiça e Segurança Pública;306.32;2021
202104;83.102.277/0001-52;MUNICIPIO DE ITAJAI;Administração Pública Municipal;ITAJAÍ;SC;200125;SUPERINTENDENCIA DA PRF EM SANTA CATARINA;30802;Polícia Rodoviária Federal;30000;Ministério da Justiça e Segurança Pública;292.8;2021
202103;08.259.606/0001-58;FUNDO MUNICIPAL DE SAUDE DE ITAJAI;Administração Pública;ITAJAÍ;SC;257001;DIRETORIA EXECUTIVA DO FUNDO NAC. DE SAUDE;36000;Ministério da Saúde - Unidades com vínculo direto;36000;Ministério da Saúde;20262925.64;2021
202108;09.333.052/0001-54;COOPERATIVA DE PRODUTORES RURAIS DE ITAJAI COOPERAR;Entidades Empresariais Privadas;ITAJAÍ;SC;160446;62º BATALHAO DE INFANTARIA;52121;Comando do Exército;52000;Ministério da Defesa;4471.39;2021
202109;83.102.277/0001-52;MUNICIPIO DE ITAJAI;Administração Pública Municipal;ITAJAÍ;SC;153173;FUNDO NACIONAL DE DESENVOLVIMENTO DA EDUCACAO;26298;Fundo Nacional de Desenvolvimento da Educação;26000;Ministério da Educação;1537065.61;2021
202111;04.856.713/0001-02;CLINICA DE ESPORTE ITAJAI LTDA;Entidades Empresariais Privadas;ITAJAÍ;SC;785344;DELEGACIA DA CAPITANIA DOS PORTOS EM ITAJAI;52131;Comando da Marinha;52000;Ministério da Defesa;18723.62;2021
202107;83.102.277/0001-52;MUNICIPIO DE ITAJAI;Administração Pública Municipal;ITAJAÍ;SC;443048;ICMBIO GR5 SUL;44207;Instituto Chico Mendes de Conservação da Biodiversidade;44000;Ministério do Meio Ambiente e Mudança do Clima;2235.0;2021
202108;08.259.606/0001-58;FUNDO MUNICIPAL DE SAUDE DE ITAJAI;Administração Pública;ITAJAÍ;SC;257001;DIRETORIA EXECUTIVA DO FUNDO NAC. DE SAUDE;36000;Ministério da Saúde - Unidades com vínculo direto;36000;Ministério da Saúde;17009928.34;2021
202110;83.102.277/0001-52;MUNICIPIO DE ITAJAI;Administração Pública Municipal;ITAJAÍ;SC;193125;IBAMA - SUPERINTENDENCIA DE SANTA CATARINA/SC;20701;Instituto Brasileiro do Meio Ambiente e dos Recursos Naturais Renováveis;44000;Ministério do Meio Ambiente e Mudança do Clima;299.65;2021
202110;83.102.277/0001-52;MUNICIPIO DE ITAJAI;Administração Pública Municipal;ITAJAÍ;SC;443048;ICMBIO GR5 SUL;44207;Instituto Chico Mendes de Conservação da Biodiversidade;44000;Ministério do Meio Ambiente e Mudança do Clima;1568.18;2021
202109;08.259.606/0001-58;FUNDO MUNICIPAL DE SAUDE DE ITAJAI;Administração Pública;ITAJAÍ;SC;257001;DIRETORIA EXECUTIVA DO FUNDO NAC. DE SAUDE;36000;Ministério da Saúde - Unidades com vínculo direto;36000;Ministério da Saúde;17841073.75;2021
202109;01.823.752/0001-15;FUNDO MUNICIPAL DE ASSISTENCIA SOCIAL-FMAS DO MUNICIPIO DE ITAJAI;Administração Pública;ITAJAÍ;SC;330013;FUNDO NACIONAL DE ASSISTENCIA SOCIAL;55001;Fundo Nacional de Assistência Social;55000;Ministério do Desenvolvimento e Assistência Social, Família e Combate à Fome;303439.48;2021
202110;01.823.752/0001-15;FUNDO MUNICIPAL DE ASSISTENCIA SOCIAL-FMAS DO MUNICIPIO DE ITAJAI;Administração Pública;ITAJAÍ;SC;330013;FUNDO NACIONAL DE ASSISTENCIA SOCIAL;55001;Fundo Nacional de Assistência Social;55000;Ministério do Desenvolvimento e Assistência Social, Família e Combate à Fome;57973.1;2021
202108;15.537.180/0001-12;FUNDO MUNICIPAL DE ATENDIMENTO A CRIANCA E AO ADOLESCENTE DE ITAJAI;Administração Pública;ITAJAÍ;SC;170010;SECRET. ESPECIAL DA RECEITA FEDERAL DO BRASIL;25801;Receita Federal do Brasil;25000;Ministério da Fazenda;-83728.4;2021
202111;08.259.606/0001-58;FUNDO MUNICIPAL DE SAUDE DE ITAJAI;Administração Pública;ITAJAÍ;SC;257001;DIRETORIA EXECUTIVA DO FUNDO NAC. DE SAUDE;36000;Ministério da Saúde - Unidades com vínculo direto;36000;Ministério da Saúde;12952798.99;2021
202110;09.333.052/0001-54;COOPERATIVA DE PRODUTORES RURAIS DE ITAJAI COOPERAR;Entidades Empresariais Privadas;ITAJAÍ;SC;158516;INST.FED.DE EDUC.,CIENC.E TEC.DE STA.CAT/IFSC;26438;Instituto Federal de Educação, Ciência e Tecnologia de Santa Catarina;26000;Ministério da Educação;3712.04;2021
202103;09.333.052/0001-54;COOPERATIVA DE PRODUTORES RURAIS DE ITAJAI COOPERAR;Entidades Empresariais Privadas;ITAJAÍ;SC;158516;INST.FED.DE EDUC.,CIENC.E TEC.DE STA.CAT/IFSC;26438;Instituto Federal de Educação, Ciência e Tecnologia de Santa Catarina;26000;Ministério da Educação;48858.58;2021
202105;83.102.277/0001-52;MUNICIPIO DE ITAJAI;Administração Pública Municipal;ITAJAÍ;SC;443048;ICMBIO GR5 SUL;44207;Instituto Chico Mendes de Conservação da Biodiversidade;44000;Ministério do Meio Ambiente e Mudança do Clima;2287.71;2021
202111;83.102.277/0001-52;MUNICIPIO DE ITAJAI;Administração Pública Municipal;ITAJAÍ;SC;153173;FUNDO NACIONAL DE DESENVOLVIMENTO DA EDUCACAO;26298;Fundo Nacional de Desenvolvimento da Educação;26000;Ministério da Educação;1517642.09;2021
202106;84.307.974/0001-02;FUNDACAO UNIVERSIDADE DO VALE DO ITAJAI;Entidades Sem Fins Lucrativos;ITAJAÍ;SC;151714;FUNDO DE FINANCIAMENTO ESTUDANTIL;26298;Fundo Nacional de Desenvolvimento da Educação;26000;Ministério da Educação;373949.98;2021
202109;83.102.277/0001-52;MUNICIPIO DE ITAJAI;Administração Pública Municipal;ITAJAÍ;SC;200125;SUPERINTENDENCIA DA PRF EM SANTA CATARINA;30802;Polícia Rodoviária Federal;30000;Ministério da Justiça e Segurança Pública;344.28;2021
202104;09.333.052/0001-54;COOPERATIVA DE PRODUTORES RURAIS DE ITAJAI COOPERAR;Entidades Empresariais Privadas;ITAJAÍ;SC;158516;INST.FED.DE EDUC.,CIENC.E TEC.DE STA.CAT/IFSC;26438;Instituto Federal de Educação, Ciência e Tecnologia de Santa Catarina;26000;Ministério da Educação;17650.56;2021
202107;84.290.626/0001-70;OCIL ORGANIZACAO CONTABIL ITAJAI LTDA;Entidades Empresariais Privadas;ITAJAÍ;SC;170171;DELEGACIA DA RFB EM JOINVILLE;25801;Receita Federal do Brasil;25000;Ministério da Fazenda;6754.66;2021
202106;83.102.277/0001-52;MUNICIPIO DE ITAJAI;Administração Pública Municipal;ITAJAÍ;SC;200125;SUPERINTENDENCIA DA PRF EM SANTA CATARINA;30802;Polícia Rodoviária Federal;30000;Ministério da Justiça e Segurança Pública;297.49;2021
202105;83.102.277/0001-52;MUNICIPIO DE ITAJAI;Administração Pública Municipal;ITAJAÍ;SC;170156;SUPERINTENDENCIA REGIONAL DA RFB NA 9A RF;25801;Receita Federal do Brasil;25000;Ministério da Fazenda;-674.72;2021
202104;08.259.606/0001-58;FUNDO MUNICIPAL DE SAUDE DE ITAJAI;Administração Pública;ITAJAÍ;SC;257001;DIRETORIA EXECUTIVA DO FUNDO NAC. DE SAUDE;36000;Ministério da Saúde - Unidades com vínculo direto;36000;Ministério da Saúde;13246526.23;2021
202108;83.102.277/0001-52;MUNICIPIO DE ITAJAI;Administração Pública Municipal;ITAJAÍ;SC;443048;ICMBIO GR5 SUL;44207;Instituto Chico Mendes de Conservação da Biodiversidade;44000;Ministério do Meio Ambiente e Mudança do Clima;1568.18;2021
202108;83.102.277/0001-52;MUNICIPIO DE ITAJAI;Administração Pública Municipal;ITAJAÍ;SC;153173;FUNDO NACIONAL DE DESENVOLVIMENTO DA EDUCACAO;26298;Fundo Nacional de Desenvolvimento da Educação;26000;Ministério da Educação;1822411.29;2021
202112;83.102.277/0001-52;MUNICIPIO DE ITAJAI;Administração Pública Municipal;ITAJAÍ;SC;443048;ICMBIO GR5 SUL;44207;Instituto Chico Mendes de Conservação da Biodiversidade;44000;Ministério do Meio Ambiente e Mudança do Clima;2714.06;2021
202109;83.102.277/0001-52;MUNICIPIO DE ITAJAI;Administração Pública Municipal;ITAJAÍ;SC;193125;IBAMA - SUPERINTENDENCIA DE SANTA CATARINA/SC;20701;Instituto Brasileiro do Meio Ambiente e dos Recursos Naturais Renováveis;44000;Ministério do Meio Ambiente e Mudança do Clima;85.37;2021
202106;83.102.277/0001-52;MUNICIPIO DE ITAJAI;Administração Pública Municipal;ITAJAÍ;SC;193125;IBAMA - SUPERINTENDENCIA DE SANTA CATARINA/SC;20701;Instituto Brasileiro do Meio Ambiente e dos Recursos Naturais Renováveis;44000;Ministério do Meio Ambiente e Mudança do Clima;85.37;2021
202104;80.655.525/0001-02;CLINMEDI - CLINICA MEDICA ITAJAI LTDA;Entidades Empresariais Privadas;ITAJAÍ;SC;785344;DELEGACIA DA CAPITANIA DOS PORTOS EM ITAJAI;52131;Comando da Marinha;52000;Ministério da Defesa;7036.05;2021
202106;80.655.525/0001-02;CLINMEDI - CLINICA MEDICA ITAJAI LTDA;Entidades Empresariais Privadas;ITAJAÍ;SC;785344;DELEGACIA DA CAPITANIA DOS PORTOS EM ITAJAI;52131;Comando da Marinha;52000;Ministério da Defesa;153.01;2021
202103;09.333.052/0001-54;COOPERATIVA DE PRODUTORES RURAIS DE ITAJAI COOPERAR;Entidades Empresariais Privadas;ITAJAÍ;SC;160440;23º BATALHAO DE INFANTARIA;52121;Comando do Exército;52000;Ministério da Defesa;2097.6;2021
202104;83.102.277/0001-52;MUNICIPIO DE ITAJAI;Administração Pública Municipal;ITAJAÍ;SC;153173;FUNDO NACIONAL DE DESENVOLVIMENTO DA EDUCACAO;26298;Fundo Nacional de Desenvolvimento da Educação;26000;Ministério da Educação;1682916.08;2021
202104;04.856.713/0001-02;CLINICA DE ESPORTE ITAJAI LTDA;Entidades Empresariais Privadas;ITAJAÍ;SC;785344;DELEGACIA DA CAPITANIA DOS PORTOS EM ITAJAI;52131;Comando da Marinha;52000;Ministério da Defesa;3784.4;2021
202112;30.970.802/0001-95;ITAJAI AUTO ELETRICA E BATERIAS LTDA;Entidades Empresariais Privadas;ITAJAÍ;SC;158516;INST.FED.DE EDUC.,CIENC.E TEC.DE STA.CAT/IFSC;26438;Instituto Federal de Educação, Ciência e Tecnologia de Santa Catarina;26000;Ministério da Educação;2340.0;2021
202107;01.823.752/0001-15;FUNDO MUNICIPAL DE ASSISTENCIA SOCIAL-FMAS DO MUNICIPIO DE ITAJAI;Administração Pública;ITAJAÍ;SC;330013;FUNDO NACIONAL DE ASSISTENCIA SOCIAL;55001;Fundo Nacional de Assistência Social;55000;Ministério do Desenvolvimento e Assistência Social, Família e Combate à Fome;44936.95;2021
202101;09.333.052/0001-54;COOPERATIVA DE PRODUTORES RURAIS DE ITAJAI COOPERAR;Entidades Empresariais Privadas;ITAJAÍ;SC;160440;23º BATALHAO DE INFANTARIA;52121;Comando do Exército;52000;Ministério da Defesa;798.09;2021
202107;83.102.277/0001-52;MUNICIPIO DE ITAJAI;Administração Pública Municipal;ITAJAÍ;SC;200125;SUPERINTENDENCIA DA PRF EM SANTA CATARINA;30802;Polícia Rodoviária Federal;30000;Ministério da Justiça e Segurança Pública;297.49;2021
202108;04.643.059/0001-59;APP DO CENTRO MUNICIPAL DE EDUCACAO ALTERNATIVA DE ITAJAI;Entidades Sem Fins Lucrativos;ITAJAÍ;SC;153173;FUNDO NACIONAL DE DESENVOLVIMENTO DA EDUCACAO;26298;Fundo Nacional de Desenvolvimento da Educação;26000;Ministério da Educação;480.0;2021
202107;09.333.052/0001-54;COOPERATIVA DE PRODUTORES RURAIS DE ITAJAI COOPERAR;Entidades Empresariais Privadas;ITAJAÍ;SC;160440;23º BATALHAO DE INFANTARIA;52121;Comando do Exército;52000;Ministério da Defesa;786.6;2021
202102;08.259.606/0001-58;FUNDO MUNICIPAL DE SAUDE DE ITAJAI;Administração Pública;ITAJAÍ;SC;257001;DIRETORIA EXECUTIVA DO FUNDO NAC. DE SAUDE;36000;Ministério da Saúde - Unidades com vínculo direto;36000;Ministério da Saúde;12398762.09;2021
202112;84.307.974/0001-02;FUNDACAO UNIVERSIDADE DO VALE DO ITAJAI;Entidades Sem Fins Lucrativos;ITAJAÍ;SC;154047;FUNDACAO UNIVERSIDADE FEDERAL DE PELOTAS;26278;Fundação Universidade Federal de Pelotas;26000;Ministério da Educação;300.0;2021
202108;31.825.156/0001-35;NAUTICA ITAJAI LTDA;Entidades Empresariais Privadas;ITAJAÍ;SC;785344;DELEGACIA DA CAPITANIA DOS PORTOS EM ITAJAI;52131;Comando da Marinha;52000;Ministério da Defesa;17000.0;2021
202105;09.333.052/0001-54;COOPERATIVA DE PRODUTORES RURAIS DE ITAJAI COOPERAR;Entidades Empresariais Privadas;ITAJAÍ;SC;158516;INST.FED.DE EDUC.,CIENC.E TEC.DE STA.CAT/IFSC;26438;Instituto Federal de Educação, Ciência e Tecnologia de Santa Catarina;26000;Ministério da Educação;9794.18;2021
202105;84.307.974/0001-02;FUNDACAO UNIVERSIDADE DO VALE DO ITAJAI;Entidades Sem Fins Lucrativos;ITAJAÍ;SC;151714;FUNDO DE FINANCIAMENTO ESTUDANTIL;26298;Fundo Nacional de Desenvolvimento da Educação;26000;Ministério da Educação;230386.63;2021
202106;01.823.752/0001-15;FUNDO MUNICIPAL DE ASSISTENCIA SOCIAL-FMAS DO MUNICIPIO DE ITAJAI;Administração Pública;ITAJAÍ;SC;330013;FUNDO NACIONAL DE ASSISTENCIA SOCIAL;55001;Fundo Nacional de Assistência Social;55000;Ministério do Desenvolvimento e Assistência Social, Família e Combate à Fome;105579.6;2021
202106;08.259.606/0001-58;FUNDO MUNICIPAL DE SAUDE DE ITAJAI;Administração Pública;ITAJAÍ;SC;257001;DIRETORIA EXECUTIVA DO FUNDO NAC. DE SAUDE;36000;Ministério da Saúde - Unidades com vínculo direto;36000;Ministério da Saúde;12362371.05;2021
202112;09.333.052/0001-54;COOPERATIVA DE PRODUTORES RURAIS DE ITAJAI COOPERAR;Entidades Empresariais Privadas;ITAJAÍ;SC;158516;INST.FED.DE EDUC.,CIENC.E TEC.DE STA.CAT/IFSC;26438;Instituto Federal de Educação, Ciência e Tecnologia de Santa Catarina;26000;Ministério da Educação;3304.6;2021
202102;80.655.525/0001-02;CLINMEDI - CLINICA MEDICA ITAJAI LTDA;Entidades Empresariais Privadas;ITAJAÍ;SC;785344;DELEGACIA DA CAPITANIA DOS PORTOS EM ITAJAI;52131;Comando da Marinha;52000;Ministério da Defesa;5338.2;2021
202107;84.307.974/0001-02;FUNDACAO UNIVERSIDADE DO VALE DO ITAJAI;Entidades Sem Fins Lucrativos;ITAJAÍ;SC;151714;FUNDO DE FINANCIAMENTO ESTUDANTIL;26298;Fundo Nacional de Desenvolvimento da Educação;26000;Ministério da Educação;187208.96;2021
202110;83.102.277/0001-52;MUNICIPIO DE ITAJAI;Administração Pública Municipal;ITAJAÍ;SC;510181;SUPERINTENDENCIA REGIONAL SUL;37202;Instituto Nacional do Seguro Social;33000;Ministério da Previdência Social;67.53;2021
202105;09.333.052/0001-54;COOPERATIVA DE PRODUTORES RURAIS DE ITAJAI COOPERAR;Entidades Empresariais Privadas;ITAJAÍ;SC;160446;62º BATALHAO DE INFANTARIA;52121;Comando do Exército;52000;Ministério da Defesa;3258.4;2021
202104;83.102.277/0001-52;MUNICIPIO DE ITAJAI;Administração Pública Municipal;ITAJAÍ;SC;193125;IBAMA - SUPERINTENDENCIA DE SANTA CATARINA/SC;20701;Instituto Brasileiro do Meio Ambiente e dos Recursos Naturais Renováveis;44000;Ministério do Meio Ambiente e Mudança do Clima;101.48;2021
202106;83.102.277/0001-52;MUNICIPIO DE ITAJAI;Administração Pública Municipal;ITAJAÍ;SC;153173;FUNDO NACIONAL DE DESENVOLVIMENTO DA EDUCACAO;26298;Fundo Nacional de Desenvolvimento da Educação;26000;Ministério da Educação;1614056.9;2021
202112;83.102.277/0001-52;MUNICIPIO DE ITAJAI;Administração Pública Municipal;ITAJAÍ;SC;200125;SUPERINTENDENCIA DA PRF EM SANTA CATARINA;30802;Polícia Rodoviária Federal;30000;Ministério da Justiça e Segurança Pública;120.61;2021
202105;01.823.752/0001-15;FUNDO MUNICIPAL DE ASSISTENCIA SOCIAL-FMAS DO MUNICIPIO DE ITAJAI;Administração Pública;ITAJAÍ;SC;330013;FUNDO NACIONAL DE ASSISTENCIA SOCIAL;55001;Fundo Nacional de Assistência Social;55000;Ministério do Desenvolvimento e Assistência Social, Família e Combate à Fome;53920.41;2021
202101;09.333.052/0001-54;COOPERATIVA DE PRODUTORES RURAIS DE ITAJAI COOPERAR;Entidades Empresariais Privadas;ITAJAÍ;SC;160446;62º BATALHAO DE INFANTARIA;52121;Comando do Exército;52000;Ministério da Defesa;15163.96;2021
202102;09.333.052/0001-54;COOPERATIVA DE PRODUTORES RURAIS DE ITAJAI COOPERAR;Entidades Empresariais Privadas;ITAJAÍ;SC;160446;62º BATALHAO DE INFANTARIA;52121;Comando do Exército;52000;Ministério da Defesa;14408.54;2021
202112;84.307.974/0001-02;FUNDACAO UNIVERSIDADE DO VALE DO ITAJAI;Entidades Sem Fins Lucrativos;ITAJAÍ;SC;153251;UTFPR - CAMPUS CAMPO MOURAO;26258;Universidade Tecnológica Federal do Paraná;26000;Ministério da Educação;540.0;2021
202103;83.102.277/0001-52;MUNICIPIO DE ITAJAI;Administração Pública Municipal;ITAJAÍ;SC;200125;SUPERINTENDENCIA DA PRF EM SANTA CATARINA;30802;Polícia Rodoviária Federal;30000;Ministério da Justiça e Segurança Pública;292.8;2021
202112;01.823.752/0001-15;FUNDO MUNICIPAL DE ASSISTENCIA SOCIAL-FMAS DO MUNICIPIO DE ITAJAI;Administração Pública;ITAJAÍ;SC;330013;FUNDO NACIONAL DE ASSISTENCIA SOCIAL;55001;Fundo Nacional de Assistência Social;55000;Ministério do Desenvolvimento e Assistência Social, Família e Combate à Fome;89102.01;2021
202102;83.102.277/0001-52;MUNICIPIO DE ITAJAI;Administração Pública Municipal;ITAJAÍ;SC;153173;FUNDO NACIONAL DE DESENVOLVIMENTO DA EDUCACAO;26298;Fundo Nacional de Desenvolvimento da Educação;26000;Ministério da Educação;1891391.04;2021
202105;83.102.277/0001-52;MUNICIPIO DE ITAJAI;Administração Pública Municipal;ITAJAÍ;SC;200125;SUPERINTENDENCIA DA PRF EM SANTA CATARINA;30802;Polícia Rodoviária Federal;30000;Ministério da Justiça e Segurança Pública;306.85;2021
202111;01.823.752/0001-15;FUNDO MUNICIPAL DE ASSISTENCIA SOCIAL-FMAS DO MUNICIPIO DE ITAJAI;Administração Pública;ITAJAÍ;SC;330013;FUNDO NACIONAL DE ASSISTENCIA SOCIAL;55001;Fundo Nacional de Assistência Social;55000;Ministério do Desenvolvimento e Assistência Social, Família e Combate à Fome;121201.6;2021
202109;09.333.052/0001-54;COOPERATIVA DE PRODUTORES RURAIS DE ITAJAI COOPERAR;Entidades Empresariais Privadas;ITAJAÍ;SC;160446;62º BATALHAO DE INFANTARIA;52121;Comando do Exército;52000;Ministério da Defesa;11968.03;2021
202103;01.823.752/0001-15;FUNDO MUNICIPAL DE ASSISTENCIA SOCIAL-FMAS DO MUNICIPIO DE ITAJAI;Administração Pública;ITAJAÍ;SC;330013;FUNDO NACIONAL DE ASSISTENCIA SOCIAL;55001;Fundo Nacional de Assistência Social;55000;Ministério do Desenvolvimento e Assistência Social, Família e Combate à Fome;103177.29;2021
202108;83.102.277/0001-52;MUNICIPIO DE ITAJAI;Administração Pública Municipal;ITAJAÍ;SC;193125;IBAMA - SUPERINTENDENCIA DE SANTA CATARINA/SC;20701;Instituto Brasileiro do Meio Ambiente e dos Recursos Naturais Renováveis;44000;Ministério do Meio Ambiente e Mudança do Clima;192.51;2021
202108;80.655.525/0001-02;CLINMEDI - CLINICA MEDICA ITAJAI LTDA;Entidades Empresariais Privadas;ITAJAÍ;SC;785344;DELEGACIA DA CAPITANIA DOS PORTOS EM ITAJAI;52131;Comando da Marinha;52000;Ministério da Defesa;2858.18;2021
202109;84.307.974/0001-02;FUNDACAO UNIVERSIDADE DO VALE DO ITAJAI;Entidades Sem Fins Lucrativos;ITAJAÍ;SC;151714;FUNDO DE FINANCIAMENTO ESTUDANTIL;26298;Fundo Nacional de Desenvolvimento da Educação;26000;Ministério da Educação;14533.1;2021
202106;83.102.277/0001-52;MUNICIPIO DE ITAJAI;Administração Pública Municipal;ITAJAÍ;SC;443048;ICMBIO GR5 SUL;44207;Instituto Chico Mendes de Conservação da Biodiversidade;44000;Ministério do Meio Ambiente e Mudança do Clima;1514.48;2021
202103;09.333.052/0001-54;COOPERATIVA DE PRODUTORES RURAIS DE ITAJAI COOPERAR;Entidades Empresariais Privadas;ITAJAÍ;SC;160446;62º BATALHAO DE INFANTARIA;52121;Comando do Exército;52000;Ministério da Defesa;8616.03;2021
202110;83.102.277/0001-52;MUNICIPIO DE ITAJAI;Administração Pública Municipal;ITAJAÍ;SC;153173;FUNDO NACIONAL DE DESENVOLVIMENTO DA EDUCACAO;26298;Fundo Nacional de Desenvolvimento da Educação;26000;Ministério da Educação;2352691.49;2021
202103;15.537.180/0001-12;FUNDO MUNICIPAL DE ATENDIMENTO A CRIANCA E AO ADOLESCENTE DE ITAJAI;Administração Pública;ITAJAÍ;SC;170010;SECRET. ESPECIAL DA RECEITA FEDERAL DO BRASIL;25801;Receita Federal do Brasil;25000;Ministério da Fazenda;-805.5;2021
202112;09.333.052/0001-54;COOPERATIVA DE PRODUTORES RURAIS DE ITAJAI COOPERAR;Entidades Empresariais Privadas;ITAJAÍ;SC;160446;62º BATALHAO DE INFANTARIA;52121;Comando do Exército;52000;Ministério da Defesa;11420.91;2021
202104;83.102.277/0001-52;MUNICIPIO DE ITAJAI;Administração Pública Municipal;ITAJAÍ;SC;443048;ICMBIO GR5 SUL;44207;Instituto Chico Mendes de Conservação da Biodiversidade;44000;Ministério do Meio Ambiente e Mudança do Clima;1440.05;2021
202111;09.333.052/0001-54;COOPERATIVA DE PRODUTORES RURAIS DE ITAJAI COOPERAR;Entidades Empresariais Privadas;ITAJAÍ;SC;158516;INST.FED.DE EDUC.,CIENC.E TEC.DE STA.CAT/IFSC;26438;Instituto Federal de Educação, Ciência e Tecnologia de Santa Catarina;26000;Ministério da Educação;7434.39;2021
202110;08.259.606/0001-58;FUNDO MUNICIPAL DE SAUDE DE ITAJAI;Administração Pública;ITAJAÍ;SC;257001;DIRETORIA EXECUTIVA DO FUNDO NAC. DE SAUDE;36000;Ministério da Saúde - Unidades com vínculo direto;36000;Ministério da Saúde;19044944.48;2021
202109;09.333.052/0001-54;COOPERATIVA DE PRODUTORES RURAIS DE ITAJAI COOPERAR;Entidades Empresariais Privadas;ITAJAÍ;SC;158516;INST.FED.DE EDUC.,CIENC.E TEC.DE STA.CAT/IFSC;26438;Instituto Federal de Educação, Ciência e Tecnologia de Santa Catarina;26000;Ministério da Educação;7204.33;2021
202103;82.645.011/0001-93;SOCIEDADE RADIO DIFUSORA VALE DO ITAJAI LTDA;Entidades Empresariais Privadas;ITAJAÍ;SC;110319;SECRETARIA DE COMUNICACAO SOCIAL/PR;20101;Presidência da República;20000;Presidência da República;88.33;2021
202107;09.333.052/0001-54;COOPERATIVA DE PRODUTORES RURAIS DE ITAJAI COOPERAR;Entidades Empresariais Privadas;ITAJAÍ;SC;160446;62º BATALHAO DE INFANTARIA;52121;Comando do Exército;52000;Ministério da Defesa;24405.79;2021
202206;04.856.713/0001-02;CLINICA DE ESPORTE ITAJAI LTDA;Entidades Empresariais Privadas;ITAJAÍ;SC;785344;DELEGACIA DA CAPITANIA DOS PORTOS EM ITAJAI;52131;Comando da Marinha;52000;Ministério da Defesa;174.45;2022
202207;09.333.052/0001-54;COOPERATIVA DE PRODUTORES RURAIS DE ITAJAI COOPERAR;Entidades Empresariais Privadas;ITAJAÍ;SC;158516;INST.FED.DE EDUC.,CIENC.E TEC.DE STA.CAT/IFSC;26438;Instituto Federal de Educação, Ciência e Tecnologia de Santa Catarina;26000;Ministério da Educação;14451.0;2022
202205;84.307.974/0001-02;FUNDACAO UNIVERSIDADE DO VALE DO ITAJAI;Entidades Sem Fins Lucrativos;ITAJAÍ;SC;153163;UNIVERSIDADE FEDERAL DE SANTA CATARINA;26246;Universidade Federal de Santa Catarina;26000;Ministério da Educação;110.0;2022
202208;83.102.277/0001-52;MUNICIPIO DE ITAJAI;Administração Pública Municipal;ITAJAÍ;SC;193125;IBAMA - SUPERINTENDENCIA DE SANTA CATARINA/SC;20701;Instituto Brasileiro do Meio Ambiente e dos Recursos Naturais Renováveis;44000;Ministério do Meio Ambiente e Mudança do Clima;155.78;2022
202208;83.102.277/0001-52;MUNICIPIO DE ITAJAI;Administração Pública Municipal;ITAJAÍ;SC;153173;FUNDO NACIONAL DE DESENVOLVIMENTO DA EDUCACAO;26298;Fundo Nacional de Desenvolvimento da Educação;26000;Ministério da Educação;2213826.95;2022
202202;83.102.277/0001-52;MUNICIPIO DE ITAJAI;Administração Pública Municipal;ITAJAÍ;SC;193125;IBAMA - SUPERINTENDENCIA DE SANTA CATARINA/SC;20701;Instituto Brasileiro do Meio Ambiente e dos Recursos Naturais Renováveis;44000;Ministério do Meio Ambiente e Mudança do Clima;85.37;2022
202211;83.102.277/0001-52;MUNICIPIO DE ITAJAI;Administração Pública Municipal;ITAJAÍ;SC;530023;SEC. NAC. POLIT. DESENV. REG. E TERRITORIAL;53000;Ministério da Integração e do Desenvolvimento Regional - Unidades com vínculo direto;53000;Ministério da Integração e do Desenvolvimento Regional;200000.0;2022
202201;83.102.277/0001-52;MUNICIPIO DE ITAJAI;Administração Pública Municipal;ITAJAÍ;SC;170011;SECRETARIA DO PATRIMONIO DA UNIAO;46000;Ministério da Gestão e da Inovação em Serviços Públicos - Unidades com vínculo direto;46000;Ministério da Gestão e da Inovação em Serviços Públicos;648751.48;2022
202206;08.259.606/0001-58;FUNDO MUNICIPAL DE SAUDE DE ITAJAI;Administração Pública;ITAJAÍ;SC;257001;DIRETORIA EXECUTIVA DO FUNDO NAC. DE SAUDE;36000;Ministério da Saúde - Unidades com vínculo direto;36000;Ministério da Saúde;16314013.61;2022
202204;83.102.277/0001-52;MUNICIPIO DE ITAJAI;Administração Pública Municipal;ITAJAÍ;SC;193125;IBAMA - SUPERINTENDENCIA DE SANTA CATARINA/SC;20701;Instituto Brasileiro do Meio Ambiente e dos Recursos Naturais Renováveis;44000;Ministério do Meio Ambiente e Mudança do Clima;195.79;2022
202211;83.102.277/0001-52;MUNICIPIO DE ITAJAI;Administração Pública Municipal;ITAJAÍ;SC;540007;CAIXA - SNINFRA;54000;Ministério do Turismo - Unidades com vínculo direto;54000;Ministério do Turismo;182375.47;2022
202203;09.333.052/0001-54;COOPERATIVA DE PRODUTORES RURAIS DE ITAJAI COOPERAR;Entidades Empresariais Privadas;ITAJAÍ;SC;160446;62º BATALHAO DE INFANTARIA;52121;Comando do Exército;52000;Ministério da Defesa;8911.52;2022
202202;83.102.277/0001-52;MUNICIPIO DE ITAJAI;Administração Pública Municipal;ITAJAÍ;SC;510181;SUPERINTENDENCIA REGIONAL SUL;37202;Instituto Nacional do Seguro Social;33000;Ministério da Previdência Social;260.75;2022
202212;18.487.144/0001-80;I.G.I. INDUSTRIA DE GASES ITAJAI LTDA;Entidades Empresariais Privadas;ITAJAÍ;SC;513181;FRGPS - SUPERINTENDENCIA REGIONAL SUL;37904;Fundo do Regime Geral da Previdência Social;33000;Ministério da Previdência Social;500.0;2022
202204;08.259.606/0001-58;FUNDO MUNICIPAL DE SAUDE DE ITAJAI;Administração Pública;ITAJAÍ;SC;257001;DIRETORIA EXECUTIVA DO FUNDO NAC. DE SAUDE;36000;Ministério da Saúde - Unidades com vínculo direto;36000;Ministério da Saúde;12800261.71;2022
202210;08.259.606/0001-58;FUNDO MUNICIPAL DE SAUDE DE ITAJAI;Administração Pública;ITAJAÍ;SC;257001;DIRETORIA EXECUTIVA DO FUNDO NAC. DE SAUDE;36000;Ministério da Saúde - Unidades com vínculo direto;36000;Ministério da Saúde;13126154.49;2022
202210;04.856.713/0001-02;CLINICA DE ESPORTE ITAJAI LTDA;Entidades Empresariais Privadas;ITAJAÍ;SC;785344;DELEGACIA DA CAPITANIA DOS PORTOS EM ITAJAI;52131;Comando da Marinha;52000;Ministério da Defesa;98.28;2022
202205;09.333.052/0001-54;COOPERATIVA DE PRODUTORES RURAIS DE ITAJAI COOPERAR;Entidades Empresariais Privadas;ITAJAÍ;SC;158516;INST.FED.DE EDUC.,CIENC.E TEC.DE STA.CAT/IFSC;26438;Instituto Federal de Educação, Ciência e Tecnologia de Santa Catarina;26000;Ministério da Educação;27440.09;2022
202203;84.307.974/0001-02;FUNDACAO UNIVERSIDADE DO VALE DO ITAJAI;Entidades Sem Fins Lucrativos;ITAJAÍ;SC;151714;FUNDO DE FINANCIAMENTO ESTUDANTIL;26298;Fundo Nacional de Desenvolvimento da Educação;26000;Ministério da Educação;560531.39;2022
202211;01.823.752/0001-15;FUNDO MUNICIPAL DE ASSISTENCIA SOCIAL-FMAS DO MUNICIPIO DE ITAJAI;Administração Pública;ITAJAÍ;SC;330013;FUNDO NACIONAL DE ASSISTENCIA SOCIAL;55001;Fundo Nacional de Assistência Social;55000;Ministério do Desenvolvimento e Assistência Social, Família e Combate à Fome;67701.33;2022
202211;09.333.052/0001-54;COOPERATIVA DE PRODUTORES RURAIS DE ITAJAI COOPERAR;Entidades Empresariais Privadas;ITAJAÍ;SC;158516;INST.FED.DE EDUC.,CIENC.E TEC.DE STA.CAT/IFSC;26438;Instituto Federal de Educação, Ciência e Tecnologia de Santa Catarina;26000;Ministério da Educação;2255.5;2022
202201;09.333.052/0001-54;COOPERATIVA DE PRODUTORES RURAIS DE ITAJAI COOPERAR;Entidades Empresariais Privadas;ITAJAÍ;SC;158516;INST.FED.DE EDUC.,CIENC.E TEC.DE STA.CAT/IFSC;26438;Instituto Federal de Educação, Ciência e Tecnologia de Santa Catarina;26000;Ministério da Educação;6654.26;2022
202202;80.655.525/0001-02;CLINMEDI - CLINICA MEDICA ITAJAI LTDA;Entidades Empresariais Privadas;ITAJAÍ;SC;785344;DELEGACIA DA CAPITANIA DOS PORTOS EM ITAJAI;52131;Comando da Marinha;52000;Ministério da Defesa;3534.89;2022
202205;01.823.752/0001-15;FUNDO MUNICIPAL DE ASSISTENCIA SOCIAL-FMAS DO MUNICIPIO DE ITAJAI;Administração Pública;ITAJAÍ;SC;330013;FUNDO NACIONAL DE ASSISTENCIA SOCIAL;55001;Fundo Nacional de Assistência Social;55000;Ministério do Desenvolvimento e Assistência Social, Família e Combate à Fome;96993.97;2022
202210;83.102.277/0001-52;MUNICIPIO DE ITAJAI;Administração Pública Municipal;ITAJAÍ;SC;153173;FUNDO NACIONAL DE DESENVOLVIMENTO DA EDUCACAO;26298;Fundo Nacional de Desenvolvimento da Educação;26000;Ministério da Educação;2211755.94;2022
202206;83.102.277/0001-52;MUNICIPIO DE ITAJAI;Administração Pública Municipal;ITAJAÍ;SC;443048;ICMBIO GR5 SUL;44207;Instituto Chico Mendes de Conservação da Biodiversidade;44000;Ministério do Meio Ambiente e Mudança do Clima;666.82;2022
202212;83.102.277/0001-52;MUNICIPIO DE ITAJAI;Administração Pública Municipal;ITAJAÍ;SC;193125;IBAMA - SUPERINTENDENCIA DE SANTA CATARINA/SC;20701;Instituto Brasileiro do Meio Ambiente e dos Recursos Naturais Renováveis;44000;Ministério do Meio Ambiente e Mudança do Clima;297.32;2022
202210;18.487.144/0001-80;I.G.I. INDUSTRIA DE GASES ITAJAI LTDA;Entidades Empresariais Privadas;ITAJAÍ;SC;513181;FRGPS - SUPERINTENDENCIA REGIONAL SUL;37904;Fundo do Regime Geral da Previdência Social;33000;Ministério da Previdência Social;500.0;2022
202204;83.102.277/0001-52;MUNICIPIO DE ITAJAI;Administração Pública Municipal;ITAJAÍ;SC;153173;FUNDO NACIONAL DE DESENVOLVIMENTO DA EDUCACAO;26298;Fundo Nacional de Desenvolvimento da Educação;26000;Ministério da Educação;2066647.53;2022
202212;83.102.277/0001-52;MUNICIPIO DE ITAJAI;Administração Pública Municipal;ITAJAÍ;SC;443048;ICMBIO GR5 SUL;44207;Instituto Chico Mendes de Conservação da Biodiversidade;44000;Ministério do Meio Ambiente e Mudança do Clima;2676.06;2022
202204;83.102.277/0001-52;MUNICIPIO DE ITAJAI;Administração Pública Municipal;ITAJAÍ;SC;510181;SUPERINTENDENCIA REGIONAL SUL;37202;Instituto Nacional do Seguro Social;33000;Ministério da Previdência Social;435.9;2022
202203;01.823.752/0001-15;FUNDO MUNICIPAL DE ASSISTENCIA SOCIAL-FMAS DO MUNICIPIO DE ITAJAI;Administração Pública;ITAJAÍ;SC;330013;FUNDO NACIONAL DE ASSISTENCIA SOCIAL;55001;Fundo Nacional de Assistência Social;55000;Ministério do Desenvolvimento e Assistência Social, Família e Combate à Fome;127537.01;2022
202211;84.307.974/0001-02;FUNDACAO UNIVERSIDADE DO VALE DO ITAJAI;Entidades Sem Fins Lucrativos;ITAJAÍ;SC;151714;FUNDO DE FINANCIAMENTO ESTUDANTIL;26298;Fundo Nacional de Desenvolvimento da Educação;26000;Ministério da Educação;92399.14;2022
202204;04.700.714/0001-63;APM TERMINALS ITAJAI S.A.;Entidades Empresariais Privadas;ITAJAÍ;SC;253002;AGENCIA NACIONAL DE VIGILANCIA SANITARIA;36212;Agência Nacional de Vigilância Sanitária;36000;Ministério da Saúde;44979.9;2022
202205;04.856.713/0001-02;CLINICA DE ESPORTE ITAJAI LTDA;Entidades Empresariais Privadas;ITAJAÍ;SC;785344;DELEGACIA DA CAPITANIA DOS PORTOS EM ITAJAI;52131;Comando da Marinha;52000;Ministério da Defesa;1092.0;2022
202202;04.856.713/0001-02;CLINICA DE ESPORTE ITAJAI LTDA;Entidades Empresariais Privadas;ITAJAÍ;SC;785344;DELEGACIA DA CAPITANIA DOS PORTOS EM ITAJAI;52131;Comando da Marinha;52000;Ministério da Defesa;6938.17;2022
202206;18.487.144/0001-80;I.G.I. INDUSTRIA DE GASES ITAJAI LTDA;Entidades Empresariais Privadas;ITAJAÍ;SC;513181;FRGPS - SUPERINTENDENCIA REGIONAL SUL;37904;Fundo do Regime Geral da Previdência Social;33000;Ministério da Previdência Social;1000.0;2022
202210;83.102.277/0001-52;MUNICIPIO DE ITAJAI;Administração Pública Municipal;ITAJAÍ;SC;443048;ICMBIO GR5 SUL;44207;Instituto Chico Mendes de Conservação da Biodiversidade;44000;Ministério do Meio Ambiente e Mudança do Clima;1333.62;2022
202207;04.856.713/0001-02;CLINICA DE ESPORTE ITAJAI LTDA;Entidades Empresariais Privadas;ITAJAÍ;SC;785344;DELEGACIA DA CAPITANIA DOS PORTOS EM ITAJAI;52131;Comando da Marinha;52000;Ministério da Defesa;5075.55;2022
202210;80.655.525/0001-02;CLINMEDI - CLINICA MEDICA ITAJAI LTDA;Entidades Empresariais Privadas;ITAJAÍ;SC;785344;DELEGACIA DA CAPITANIA DOS PORTOS EM ITAJAI;52131;Comando da Marinha;52000;Ministério da Defesa;47.41;2022
202210;83.102.277/0001-52;MUNICIPIO DE ITAJAI;Administração Pública Municipal;ITAJAÍ;SC;193125;IBAMA - SUPERINTENDENCIA DE SANTA CATARINA/SC;20701;Instituto Brasileiro do Meio Ambiente e dos Recursos Naturais Renováveis;44000;Ministério do Meio Ambiente e Mudança do Clima;390.36;2022
202208;09.333.052/0001-54;COOPERATIVA DE PRODUTORES RURAIS DE ITAJAI COOPERAR;Entidades Empresariais Privadas;ITAJAÍ;SC;158516;INST.FED.DE EDUC.,CIENC.E TEC.DE STA.CAT/IFSC;26438;Instituto Federal de Educação, Ciência e Tecnologia de Santa Catarina;26000;Ministério da Educação;4838.0;2022
202206;83.102.277/0001-52;MUNICIPIO DE ITAJAI;Administração Pública Municipal;ITAJAÍ;SC;153173;FUNDO NACIONAL DE DESENVOLVIMENTO DA EDUCACAO;26298;Fundo Nacional de Desenvolvimento da Educação;26000;Ministério da Educação;2145435.25;2022
202206;83.102.277/0001-52;MUNICIPIO DE ITAJAI;Administração Pública Municipal;ITAJAÍ;SC;193125;IBAMA - SUPERINTENDENCIA DE SANTA CATARINA/SC;20701;Instituto Brasileiro do Meio Ambiente e dos Recursos Naturais Renováveis;44000;Ministério do Meio Ambiente e Mudança do Clima;102.14;2022
202209;01.823.752/0001-15;FUNDO MUNICIPAL DE ASSISTENCIA SOCIAL-FMAS DO MUNICIPIO DE ITAJAI;Administração Pública;ITAJAÍ;SC;330013;FUNDO NACIONAL DE ASSISTENCIA SOCIAL;55001;Fundo Nacional de Assistência Social;55000;Ministério do Desenvolvimento e Assistência Social, Família e Combate à Fome;852660.21;2022
202205;83.102.277/0001-52;MUNICIPIO DE ITAJAI;Administração Pública Municipal;ITAJAÍ;SC;153173;FUNDO NACIONAL DE DESENVOLVIMENTO DA EDUCACAO;26298;Fundo Nacional de Desenvolvimento da Educação;26000;Ministério da Educação;2086250.74;2022
202207;01.823.752/0001-15;FUNDO MUNICIPAL DE ASSISTENCIA SOCIAL-FMAS DO MUNICIPIO DE ITAJAI;Administração Pública;ITAJAÍ;SC;330013;FUNDO NACIONAL DE ASSISTENCIA SOCIAL;55001;Fundo Nacional de Assistência Social;55000;Ministério do Desenvolvimento e Assistência Social, Família e Combate à Fome;139876.39;2022
202206;80.655.525/0001-02;CLINMEDI - CLINICA MEDICA ITAJAI LTDA;Entidades Empresariais Privadas;ITAJAÍ;SC;785344;DELEGACIA DA CAPITANIA DOS PORTOS EM ITAJAI;52131;Comando da Marinha;52000;Ministério da Defesa;1546.33;2022
202212;08.259.606/0001-58;FUNDO MUNICIPAL DE SAUDE DE ITAJAI;Administração Pública;ITAJAÍ;SC;257001;DIRETORIA EXECUTIVA DO FUNDO NAC. DE SAUDE;36000;Ministério da Saúde - Unidades com vínculo direto;36000;Ministério da Saúde;16947639.02;2022
202212;83.102.277/0001-52;MUNICIPIO DE ITAJAI;Administração Pública Municipal;ITAJAÍ;SC;153173;FUNDO NACIONAL DE DESENVOLVIMENTO DA EDUCACAO;26298;Fundo Nacional de Desenvolvimento da Educação;26000;Ministério da Educação;1784522.13;2022
202201;83.102.277/0001-52;MUNICIPIO DE ITAJAI;Administração Pública Municipal;ITAJAÍ;SC;510181;SUPERINTENDENCIA REGIONAL SUL;37202;Instituto Nacional do Seguro Social;33000;Ministério da Previdência Social;248.19;2022
202206;83.102.277/0001-52;MUNICIPIO DE ITAJAI;Administração Pública Municipal;ITAJAÍ;SC;510181;SUPERINTENDENCIA REGIONAL SUL;37202;Instituto Nacional do Seguro Social;33000;Ministério da Previdência Social;262.43;2022
202202;83.102.277/0001-52;MUNICIPIO DE ITAJAI;Administração Pública Municipal;ITAJAÍ;SC;153173;FUNDO NACIONAL DE DESENVOLVIMENTO DA EDUCACAO;26298;Fundo Nacional de Desenvolvimento da Educação;26000;Ministério da Educação;2139629.28;2022
202212;01.823.752/0001-15;FUNDO MUNICIPAL DE ASSISTENCIA SOCIAL-FMAS DO MUNICIPIO DE ITAJAI;Administração Pública;ITAJAÍ;SC;330013;FUNDO NACIONAL DE ASSISTENCIA SOCIAL;55001;Fundo Nacional de Assistência Social;55000;Ministério do Desenvolvimento e Assistência Social, Família e Combate à Fome;96344.05;2022
202203;83.102.277/0001-52;MUNICIPIO DE ITAJAI;Administração Pública Municipal;ITAJAÍ;SC;175004;CAIXA ECONOMICA FEDERAL - PROGRAMAS SOCIAIS;56000;Ministério das Cidades - Unidades com vínculo direto;56000;Ministério das Cidades;578000.0;2022
202202;83.102.277/0001-52;MUNICIPIO DE ITAJAI;Administração Pública Municipal;ITAJAÍ;SC;443048;ICMBIO GR5 SUL;44207;Instituto Chico Mendes de Conservação da Biodiversidade;44000;Ministério do Meio Ambiente e Mudança do Clima;222.27;2022
202205;83.102.277/0001-52;MUNICIPIO DE ITAJAI;Administração Pública Municipal;ITAJAÍ;SC;110060;COORD. GERAL DE ORC. FIN. E ANAL. CONT. - AGU;63000;Advocacia-Geral da União - Unidades com vínculo direto;63000;Advocacia-Geral da União;86364.61;2022
202203;80.655.525/0001-02;CLINMEDI - CLINICA MEDICA ITAJAI LTDA;Entidades Empresariais Privadas;ITAJAÍ;SC;785344;DELEGACIA DA CAPITANIA DOS PORTOS EM ITAJAI;52131;Comando da Marinha;52000;Ministério da Defesa;3878.93;2022
202208;83.102.277/0001-52;MUNICIPIO DE ITAJAI;Administração Pública Municipal;ITAJAÍ;SC;443048;ICMBIO GR5 SUL;44207;Instituto Chico Mendes de Conservação da Biodiversidade;44000;Ministério do Meio Ambiente e Mudança do Clima;647.0;2022
202208;08.259.606/0001-58;FUNDO MUNICIPAL DE SAUDE DE ITAJAI;Administração Pública;ITAJAÍ;SC;257001;DIRETORIA EXECUTIVA DO FUNDO NAC. DE SAUDE;36000;Ministério da Saúde - Unidades com vínculo direto;36000;Ministério da Saúde;13601863.0;2022
202209;18.487.144/0001-80;I.G.I. INDUSTRIA DE GASES ITAJAI LTDA;Entidades Empresariais Privadas;ITAJAÍ;SC;513181;FRGPS - SUPERINTENDENCIA REGIONAL SUL;37904;Fundo do Regime Geral da Previdência Social;33000;Ministério da Previdência Social;500.0;2022
202209;80.655.525/0001-02;CLINMEDI - CLINICA MEDICA ITAJAI LTDA;Entidades Empresariais Privadas;ITAJAÍ;SC;785344;DELEGACIA DA CAPITANIA DOS PORTOS EM ITAJAI;52131;Comando da Marinha;52000;Ministério da Defesa;534.8;2022
202207;18.487.144/0001-80;I.G.I. INDUSTRIA DE GASES ITAJAI LTDA;Entidades Empresariais Privadas;ITAJAÍ;SC;513181;FRGPS - SUPERINTENDENCIA REGIONAL SUL;37904;Fundo do Regime Geral da Previdência Social;33000;Ministério da Previdência Social;500.0;2022
202202;83.102.277/0001-52;MUNICIPIO DE ITAJAI;Administração Pública Municipal;ITAJAÍ;SC;200125;SUPERINTENDENCIA DA PRF EM SANTA CATARINA;30802;Polícia Rodoviária Federal;30000;Ministério da Justiça e Segurança Pública;120.61;2022
202206;09.333.052/0001-54;COOPERATIVA DE PRODUTORES RURAIS DE ITAJAI COOPERAR;Entidades Empresariais Privadas;ITAJAÍ;SC;158516;INST.FED.DE EDUC.,CIENC.E TEC.DE STA.CAT/IFSC;26438;Instituto Federal de Educação, Ciência e Tecnologia de Santa Catarina;26000;Ministério da Educação;6898.6;2022
202202;08.259.606/0001-58;FUNDO MUNICIPAL DE SAUDE DE ITAJAI;Administração Pública;ITAJAÍ;SC;257001;DIRETORIA EXECUTIVA DO FUNDO NAC. DE SAUDE;36000;Ministério da Saúde - Unidades com vínculo direto;36000;Ministério da Saúde;13698631.61;2022
202212;80.655.525/0001-02;CLINMEDI - CLINICA MEDICA ITAJAI LTDA;Entidades Empresariais Privadas;ITAJAÍ;SC;785344;DELEGACIA DA CAPITANIA DOS PORTOS EM ITAJAI;52131;Comando da Marinha;52000;Ministério da Defesa;532.41;2022
202211;08.259.606/0001-58;FUNDO MUNICIPAL DE SAUDE DE ITAJAI;Administração Pública;ITAJAÍ;SC;257001;DIRETORIA EXECUTIVA DO FUNDO NAC. DE SAUDE;36000;Ministério da Saúde - Unidades com vínculo direto;36000;Ministério da Saúde;13245060.22;2022
202204;83.102.277/0001-52;MUNICIPIO DE ITAJAI;Administração Pública Municipal;ITAJAÍ;SC;443048;ICMBIO GR5 SUL;44207;Instituto Chico Mendes de Conservação da Biodiversidade;44000;Ministério do Meio Ambiente e Mudança do Clima;666.82;2022
202211;83.102.277/0001-52;MUNICIPIO DE ITAJAI;Administração Pública Municipal;ITAJAÍ;SC;193125;IBAMA - SUPERINTENDENCIA DE SANTA CATARINA/SC;20701;Instituto Brasileiro do Meio Ambiente e dos Recursos Naturais Renováveis;44000;Ministério do Meio Ambiente e Mudança do Clima;93.04;2022
202202;09.333.052/0001-54;COOPERATIVA DE PRODUTORES RURAIS DE ITAJAI COOPERAR;Entidades Empresariais Privadas;ITAJAÍ;SC;160446;62º BATALHAO DE INFANTARIA;52121;Comando do Exército;52000;Ministério da Defesa;3479.22;2022
202207;08.259.606/0001-58;FUNDO MUNICIPAL DE SAUDE DE ITAJAI;Administração Pública;ITAJAÍ;SC;257001;DIRETORIA EXECUTIVA DO FUNDO NAC. DE SAUDE;36000;Ministério da Saúde - Unidades com vínculo direto;36000;Ministério da Saúde;14923229.28;2022
202211;04.856.713/0001-02;CLINICA DE ESPORTE ITAJAI LTDA;Entidades Empresariais Privadas;ITAJAÍ;SC;785344;DELEGACIA DA CAPITANIA DOS PORTOS EM ITAJAI;52131;Comando da Marinha;52000;Ministério da Defesa;1581.72;2022
202209;04.856.713/0001-02;CLINICA DE ESPORTE ITAJAI LTDA;Entidades Empresariais Privadas;ITAJAÍ;SC;785344;DELEGACIA DA CAPITANIA DOS PORTOS EM ITAJAI;52131;Comando da Marinha;52000;Ministério da Defesa;1596.0;2022
202211;83.102.277/0001-52;MUNICIPIO DE ITAJAI;Administração Pública Municipal;ITAJAÍ;SC;153173;FUNDO NACIONAL DE DESENVOLVIMENTO DA EDUCACAO;26298;Fundo Nacional de Desenvolvimento da Educação;26000;Ministério da Educação;2376254.58;2022
202201;18.487.144/0001-80;I.G.I. INDUSTRIA DE GASES ITAJAI LTDA;Entidades Empresariais Privadas;ITAJAÍ;SC;513181;FRGPS - SUPERINTENDENCIA REGIONAL SUL;37904;Fundo do Regime Geral da Previdência Social;33000;Ministério da Previdência Social;500.0;2022
202205;83.102.277/0001-52;MUNICIPIO DE ITAJAI;Administração Pública Municipal;ITAJAÍ;SC;193125;IBAMA - SUPERINTENDENCIA DE SANTA CATARINA/SC;20701;Instituto Brasileiro do Meio Ambiente e dos Recursos Naturais Renováveis;44000;Ministério do Meio Ambiente e Mudança do Clima;187.51;2022
202209;83.102.277/0001-52;MUNICIPIO DE ITAJAI;Administração Pública Municipal;ITAJAÍ;SC;153173;FUNDO NACIONAL DE DESENVOLVIMENTO DA EDUCACAO;26298;Fundo Nacional de Desenvolvimento da Educação;26000;Ministério da Educação;1842621.13;2022
202205;80.655.525/0001-02;CLINMEDI - CLINICA MEDICA ITAJAI LTDA;Entidades Empresariais Privadas;ITAJAÍ;SC;785344;DELEGACIA DA CAPITANIA DOS PORTOS EM ITAJAI;52131;Comando da Marinha;52000;Ministério da Defesa;10399.72;2022
202203;09.333.052/0001-54;COOPERATIVA DE PRODUTORES RURAIS DE ITAJAI COOPERAR;Entidades Empresariais Privadas;ITAJAÍ;SC;158516;INST.FED.DE EDUC.,CIENC.E TEC.DE STA.CAT/IFSC;26438;Instituto Federal de Educação, Ciência e Tecnologia de Santa Catarina;26000;Ministério da Educação;3893.67;2022
202204;04.856.713/0001-02;CLINICA DE ESPORTE ITAJAI LTDA;Entidades Empresariais Privadas;ITAJAÍ;SC;785344;DELEGACIA DA CAPITANIA DOS PORTOS EM ITAJAI;52131;Comando da Marinha;52000;Ministério da Defesa;2264.81;2022
202209;83.102.277/0001-52;MUNICIPIO DE ITAJAI;Administração Pública Municipal;ITAJAÍ;SC;193125;IBAMA - SUPERINTENDENCIA DE SANTA CATARINA/SC;20701;Instituto Brasileiro do Meio Ambiente e dos Recursos Naturais Renováveis;44000;Ministério do Meio Ambiente e Mudança do Clima;85.37;2022
202212;03.842.931/0001-25;INSTITUTO ITAJAI SUSTENTAVEL - INIS;Administração Pública Municipal;ITAJAÍ;SC;200401;FUNDO DE DEFESA DE DIREITOS DIFUSOS;30905;Fundo de Defesa de Direitos Difusos;30000;Ministério da Justiça e Segurança Pública;10732.58;2022
202207;83.102.277/0001-52;MUNICIPIO DE ITAJAI;Administração Pública Municipal;ITAJAÍ;SC;443048;ICMBIO GR5 SUL;44207;Instituto Chico Mendes de Conservação da Biodiversidade;44000;Ministério do Meio Ambiente e Mudança do Clima;560.67;2022
202204;09.333.052/0001-54;COOPERATIVA DE PRODUTORES RURAIS DE ITAJAI COOPERAR;Entidades Empresariais Privadas;ITAJAÍ;SC;158516;INST.FED.DE EDUC.,CIENC.E TEC.DE STA.CAT/IFSC;26438;Instituto Federal de Educação, Ciência e Tecnologia de Santa Catarina;26000;Ministério da Educação;466.0;2022
202203;83.102.277/0001-52;MUNICIPIO DE ITAJAI;Administração Pública Municipal;ITAJAÍ;SC;193125;IBAMA - SUPERINTENDENCIA DE SANTA CATARINA/SC;20701;Instituto Brasileiro do Meio Ambiente e dos Recursos Naturais Renováveis;44000;Ministério do Meio Ambiente e Mudança do Clima;264.6;2022
202210;84.307.974/0001-02;FUNDACAO UNIVERSIDADE DO VALE DO ITAJAI;Entidades Sem Fins Lucrativos;ITAJAÍ;SC;151714;FUNDO DE FINANCIAMENTO ESTUDANTIL;26298;Fundo Nacional de Desenvolvimento da Educação;26000;Ministério da Educação;175412.54;2022
202203;08.259.606/0001-58;FUNDO MUNICIPAL DE SAUDE DE ITAJAI;Administração Pública;ITAJAÍ;SC;257001;DIRETORIA EXECUTIVA DO FUNDO NAC. DE SAUDE;36000;Ministério da Saúde - Unidades com vínculo direto;36000;Ministério da Saúde;12731130.59;2022
202204;09.333.052/0001-54;COOPERATIVA DE PRODUTORES RURAIS DE ITAJAI COOPERAR;Entidades Empresariais Privadas;ITAJAÍ;SC;160446;62º BATALHAO DE INFANTARIA;52121;Comando do Exército;52000;Ministério da Defesa;1650.2;2022
202208;18.487.144/0001-80;I.G.I. INDUSTRIA DE GASES ITAJAI LTDA;Entidades Empresariais Privadas;ITAJAÍ;SC;513181;FRGPS - SUPERINTENDENCIA REGIONAL SUL;37904;Fundo do Regime Geral da Previdência Social;33000;Ministério da Previdência Social;500.0;2022
202205;18.487.144/0001-80;I.G.I. INDUSTRIA DE GASES ITAJAI LTDA;Entidades Empresariais Privadas;ITAJAÍ;SC;513181;FRGPS - SUPERINTENDENCIA REGIONAL SUL;37904;Fundo do Regime Geral da Previdência Social;33000;Ministério da Previdência Social;500.0;2022
202207;83.102.277/0001-52;MUNICIPIO DE ITAJAI;Administração Pública Municipal;ITAJAÍ;SC;193125;IBAMA - SUPERINTENDENCIA DE SANTA CATARINA/SC;20701;Instituto Brasileiro do Meio Ambiente e dos Recursos Naturais Renováveis;44000;Ministério do Meio Ambiente e Mudança do Clima;375.02;2022
202203;83.102.277/0001-52;MUNICIPIO DE ITAJAI;Administração Pública Municipal;ITAJAÍ;SC;153173;FUNDO NACIONAL DE DESENVOLVIMENTO DA EDUCACAO;26298;Fundo Nacional de Desenvolvimento da Educação;26000;Ministério da Educação;2094889.38;2022
202203;04.856.713/0001-02;CLINICA DE ESPORTE ITAJAI LTDA;Entidades Empresariais Privadas;ITAJAÍ;SC;785344;DELEGACIA DA CAPITANIA DOS PORTOS EM ITAJAI;52131;Comando da Marinha;52000;Ministério da Defesa;4610.18;2022
202211;03.842.931/0001-25;INSTITUTO ITAJAI SUSTENTAVEL - INIS;Administração Pública Municipal;ITAJAÍ;SC;200401;FUNDO DE DEFESA DE DIREITOS DIFUSOS;30905;Fundo de Defesa de Direitos Difusos;30000;Ministério da Justiça e Segurança Pública;579623.18;2022
202209;08.259.606/0001-58;FUNDO MUNICIPAL DE SAUDE DE ITAJAI;Administração Pública;ITAJAÍ;SC;257001;DIRETORIA EXECUTIVA DO FUNDO NAC. DE SAUDE;36000;Ministério da Saúde - Unidades com vínculo direto;36000;Ministério da Saúde;13012683.85;2022
202203;18.487.144/0001-80;I.G.I. INDUSTRIA DE GASES ITAJAI LTDA;Entidades Empresariais Privadas;ITAJAÍ;SC;513181;FRGPS - SUPERINTENDENCIA REGIONAL SUL;37904;Fundo do Regime Geral da Previdência Social;33000;Ministério da Previdência Social;500.0;2022
202207;83.102.277/0001-52;MUNICIPIO DE ITAJAI;Administração Pública Municipal;ITAJAÍ;SC;153173;FUNDO NACIONAL DE DESENVOLVIMENTO DA EDUCACAO;26298;Fundo Nacional de Desenvolvimento da Educação;26000;Ministério da Educação;2122580.88;2022
202203;83.102.277/0001-52;MUNICIPIO DE ITAJAI;Administração Pública Municipal;ITAJAÍ;SC;443048;ICMBIO GR5 SUL;44207;Instituto Chico Mendes de Conservação da Biodiversidade;44000;Ministério do Meio Ambiente e Mudança do Clima;666.82;2022
202210;01.823.752/0001-15;FUNDO MUNICIPAL DE ASSISTENCIA SOCIAL-FMAS DO MUNICIPIO DE ITAJAI;Administração Pública;ITAJAÍ;SC;330013;FUNDO NACIONAL DE ASSISTENCIA SOCIAL;55001;Fundo Nacional de Assistência Social;55000;Ministério do Desenvolvimento e Assistência Social, Família e Combate à Fome;64058.79;2022
202207;80.655.525/0001-02;CLINMEDI - CLINICA MEDICA ITAJAI LTDA;Entidades Empresariais Privadas;ITAJAÍ;SC;785344;DELEGACIA DA CAPITANIA DOS PORTOS EM ITAJAI;52131;Comando da Marinha;52000;Ministério da Defesa;1134.39;2022
202206;01.823.752/0001-15;FUNDO MUNICIPAL DE ASSISTENCIA SOCIAL-FMAS DO MUNICIPIO DE ITAJAI;Administração Pública;ITAJAÍ;SC;330013;FUNDO NACIONAL DE ASSISTENCIA SOCIAL;55001;Fundo Nacional de Assistência Social;55000;Ministério do Desenvolvimento e Assistência Social, Família e Combate à Fome;31216.04;2022
202211;18.487.144/0001-80;I.G.I. INDUSTRIA DE GASES ITAJAI LTDA;Entidades Empresariais Privadas;ITAJAÍ;SC;513181;FRGPS - SUPERINTENDENCIA REGIONAL SUL;37904;Fundo do Regime Geral da Previdência Social;33000;Ministério da Previdência Social;500.0;2022
202201;08.259.606/0001-58;FUNDO MUNICIPAL DE SAUDE DE ITAJAI;Administração Pública;ITAJAÍ;SC;257001;DIRETORIA EXECUTIVA DO FUNDO NAC. DE SAUDE;36000;Ministério da Saúde - Unidades com vínculo direto;36000;Ministério da Saúde;12057944.21;2022
202211;80.655.525/0001-02;CLINMEDI - CLINICA MEDICA ITAJAI LTDA;Entidades Empresariais Privadas;ITAJAÍ;SC;785344;DELEGACIA DA CAPITANIA DOS PORTOS EM ITAJAI;52131;Comando da Marinha;52000;Ministério da Defesa;762.95;2022
202203;83.102.277/0001-52;MUNICIPIO DE ITAJAI;Administração Pública Municipal;ITAJAÍ;SC;540045;CAIXA - CULTURA;42000;Ministério da Cultura - Unidades com vínculo direto;42000;Ministério da Cultura;106974.55;2022
202203;83.102.277/0001-52;MUNICIPIO DE ITAJAI;Administração Pública Municipal;ITAJAÍ;SC;510181;SUPERINTENDENCIA REGIONAL SUL;37202;Instituto Nacional do Seguro Social;33000;Ministério da Previdência Social;264.33;2022
202209;83.102.277/0001-52;MUNICIPIO DE ITAJAI;Administração Pública Municipal;ITAJAÍ;SC;443048;ICMBIO GR5 SUL;44207;Instituto Chico Mendes de Conservação da Biodiversidade;44000;Ministério do Meio Ambiente e Mudança do Clima;666.81;2022
202205;08.259.606/0001-58;FUNDO MUNICIPAL DE SAUDE DE ITAJAI;Administração Pública;ITAJAÍ;SC;257001;DIRETORIA EXECUTIVA DO FUNDO NAC. DE SAUDE;36000;Ministério da Saúde - Unidades com vínculo direto;36000;Ministério da Saúde;12722637.57;2022
202205;83.102.277/0001-52;MUNICIPIO DE ITAJAI;Administração Pública Municipal;ITAJAÍ;SC;510181;SUPERINTENDENCIA REGIONAL SUL;37202;Instituto Nacional do Seguro Social;33000;Ministério da Previdência Social;829.32;2022
202201;83.102.277/0001-52;MUNICIPIO DE ITAJAI;Administração Pública Municipal;ITAJAÍ;SC;193125;IBAMA - SUPERINTENDENCIA DE SANTA CATARINA/SC;20701;Instituto Brasileiro do Meio Ambiente e dos Recursos Naturais Renováveis;44000;Ministério do Meio Ambiente e Mudança do Clima;107.14;2022
202204;01.823.752/0001-15;FUNDO MUNICIPAL DE ASSISTENCIA SOCIAL-FMAS DO MUNICIPIO DE ITAJAI;Administração Pública;ITAJAÍ;SC;330013;FUNDO NACIONAL DE ASSISTENCIA SOCIAL;55001;Fundo Nacional de Assistência Social;55000;Ministério do Desenvolvimento e Assistência Social, Família e Combate à Fome;243311.17;2022
202201;83.102.277/0001-52;MUNICIPIO DE ITAJAI;Administração Pública Municipal;ITAJAÍ;SC;153173;FUNDO NACIONAL DE DESENVOLVIMENTO DA EDUCACAO;26298;Fundo Nacional de Desenvolvimento da Educação;26000;Ministério da Educação;2635216.81;2022
202206;84.307.974/0001-02;FUNDACAO UNIVERSIDADE DO VALE DO ITAJAI;Entidades Sem Fins Lucrativos;ITAJAÍ;SC;151714;FUNDO DE FINANCIAMENTO ESTUDANTIL;26298;Fundo Nacional de Desenvolvimento da Educação;26000;Ministério da Educação;286637.14;2022
202303;09.333.052/0001-54;COOPERATIVA DE PRODUTORES RURAIS DE ITAJAI COOPERAR;Entidades Empresariais Privadas;ITAJAÍ;SC;158516;INST.FED.DE EDUC.,CIENC.E TEC.DE STA.CAT/IFSC;26438;Instituto Federal de Educação, Ciência e Tecnologia de Santa Catarina;26000;Ministério da Educação;11377.85;2023
202311;84.291.137/0001-32;RADIO DIFUSORA ITAJAI LTDA;Entidades Empresariais Privadas;ITAJAÍ;SC;110816;SECRETARIA DE COMUNICACAO SOCIAL/PR;20101;Presidência da República;20000;Presidência da República;137.89;2023
202308;08.259.606/0001-58;FUNDO MUNICIPAL DE SAUDE DE ITAJAI;Administração Pública;ITAJAÍ;SC;257001;DIRETORIA EXECUTIVA DO FUNDO NAC. DE SAUDE;36000;Ministério da Saúde - Unidades com vínculo direto;36000;Ministério da Saúde;20903696.58;2023
202308;83.102.277/0001-52;MUNICIPIO DE ITAJAI;Administração Pública Municipal;ITAJAÍ;SC;153173;FUNDO NACIONAL DE DESENVOLVIMENTO DA EDUCACAO;26298;Fundo Nacional de Desenvolvimento da Educação;26000;Ministério da Educação;2464462.94;2023
202312;02.362.976/0001-30;FUNDACAO CULTURAL DE ITAJAI;Administração Pública Municipal;ITAJAÍ;SC;540032;FNC - SEFIC;34902;Fundo Nacional de Cultura;42000;Ministério da Cultura;1740547.58;2023
202304;18.487.144/0001-80;I.G.I. INDUSTRIA DE GASES ITAJAI LTDA;Entidades Empresariais Privadas;ITAJAÍ;SC;513181;FRGPS - SUPERINTENDENCIA REGIONAL SUL;37904;Fundo do Regime Geral da Previdência Social;33000;Ministério da Previdência Social;500.0;2023
202310;83.102.277/0001-52;MUNICIPIO DE ITAJAI;Administração Pública Municipal;ITAJAÍ;SC;153173;FUNDO NACIONAL DE DESENVOLVIMENTO DA EDUCACAO;26298;Fundo Nacional de Desenvolvimento da Educação;26000;Ministério da Educação;2534310.47;2023
202310;83.102.277/0001-52;MUNICIPIO DE ITAJAI;Administração Pública Municipal;ITAJAÍ;SC;193125;IBAMA - SUPERINTENDENCIA DE SANTA CATARINA/SC;20701;Instituto Brasileiro do Meio Ambiente e dos Recursos Naturais Renováveis;44000;Ministério do Meio Ambiente e Mudança do Clima;208.85;2023
202305;09.333.052/0001-54;COOPERATIVA DE PRODUTORES RURAIS DE ITAJAI COOPERAR;Entidades Empresariais Privadas;ITAJAÍ;SC;160446;62º BATALHAO DE INFANTARIA;52121;Comando do Exército;52000;Ministério da Defesa;12112.1;2023
202310;84.307.974/0001-02;FUNDACAO UNIVERSIDADE DO VALE DO ITAJAI;Entidades Sem Fins Lucrativos;ITAJAÍ;SC;364102;CONSELHO NAC DE DESENV CIENT E TECNOLOGICO;20501;Conselho Nacional de Desenvolvimento Científico e Tecnológico;24000;Ministério da Ciência, Tecnologia e Inovação;422.33;2023
202307;83.102.277/0001-52;MUNICIPIO DE ITAJAI;Administração Pública Municipal;ITAJAÍ;SC;200125;SUPERINTENDENCIA DA PRF EM SANTA CATARINA;30802;Polícia Rodoviária Federal;30000;Ministério da Justiça e Segurança Pública;213.51;2023
202309;09.333.052/0001-54;COOPERATIVA DE PRODUTORES RURAIS DE ITAJAI COOPERAR;Entidades Empresariais Privadas;ITAJAÍ;SC;158516;INST.FED.DE EDUC.,CIENC.E TEC.DE STA.CAT/IFSC;26438;Instituto Federal de Educação, Ciência e Tecnologia de Santa Catarina;26000;Ministério da Educação;16042.0;2023
202307;09.333.052/0001-54;COOPERATIVA DE PRODUTORES RURAIS DE ITAJAI COOPERAR;Entidades Empresariais Privadas;ITAJAÍ;SC;160446;62º BATALHAO DE INFANTARIA;52121;Comando do Exército;52000;Ministério da Defesa;8333.58;2023
202312;84.307.974/0001-02;FUNDACAO UNIVERSIDADE DO VALE DO ITAJAI;Entidades Sem Fins Lucrativos;ITAJAÍ;SC;364102;CONSELHO NAC DE DESENV CIENT E TECNOLOGICO;20501;Conselho Nacional de Desenvolvimento Científico e Tecnológico;24000;Ministério da Ciência, Tecnologia e Inovação;844.66;2023
202302;83.102.277/0001-52;MUNICIPIO DE ITAJAI;Administração Pública Municipal;ITAJAÍ;SC;443048;ICMBIO GR5 SUL;44207;Instituto Chico Mendes de Conservação da Biodiversidade;44000;Ministério do Meio Ambiente e Mudança do Clima;725.34;2023
202305;83.102.277/0001-52;MUNICIPIO DE ITAJAI;Administração Pública Municipal;ITAJAÍ;SC;200125;SUPERINTENDENCIA DA PRF EM SANTA CATARINA;30802;Polícia Rodoviária Federal;30000;Ministério da Justiça e Segurança Pública;247.9;2023
202307;09.333.052/0001-54;COOPERATIVA DE PRODUTORES RURAIS DE ITAJAI COOPERAR;Entidades Empresariais Privadas;ITAJAÍ;SC;158516;INST.FED.DE EDUC.,CIENC.E TEC.DE STA.CAT/IFSC;26438;Instituto Federal de Educação, Ciência e Tecnologia de Santa Catarina;26000;Ministério da Educação;18271.5;2023
202306;83.102.277/0001-52;MUNICIPIO DE ITAJAI;Administração Pública Municipal;ITAJAÍ;SC;153173;FUNDO NACIONAL DE DESENVOLVIMENTO DA EDUCACAO;26298;Fundo Nacional de Desenvolvimento da Educação;26000;Ministério da Educação;2392009.77;2023
202304;84.307.974/0001-02;FUNDACAO UNIVERSIDADE DO VALE DO ITAJAI;Entidades Sem Fins Lucrativos;ITAJAÍ;SC;153176;UTFPR - CAMPUS CORNELIO PROCOPIO;26258;Universidade Tecnológica Federal do Paraná;26000;Ministério da Educação;180.0;2023
202312;785344;DELEGACIA DA CAPITANIA DOS PORTOS EM ITAJAI;Agentes Intermediários;ITAJAÍ;SC;785344;DELEGACIA DA CAPITANIA DOS PORTOS EM ITAJAI;52131;Comando da Marinha;52000;Ministério da Defesa;16158.0;2023
202310;08.259.606/0001-58;FUNDO MUNICIPAL DE SAUDE DE ITAJAI;Administração Pública;ITAJAÍ;SC;257001;DIRETORIA EXECUTIVA DO FUNDO NAC. DE SAUDE;36000;Ministério da Saúde - Unidades com vínculo direto;36000;Ministério da Saúde;19834125.1;2023
202312;08.259.606/0001-58;FUNDO MUNICIPAL DE SAUDE DE ITAJAI;Administração Pública;ITAJAÍ;SC;257001;DIRETORIA EXECUTIVA DO FUNDO NAC. DE SAUDE;36000;Ministério da Saúde - Unidades com vínculo direto;36000;Ministério da Saúde;19369554.32;2023
202312;83.102.277/0001-52;MUNICIPIO DE ITAJAI;Administração Pública Municipal;ITAJAÍ;SC;153173;FUNDO NACIONAL DE DESENVOLVIMENTO DA EDUCACAO;26298;Fundo Nacional de Desenvolvimento da Educação;26000;Ministério da Educação;3677538.63;2023
202302;83.102.277/0001-52;MUNICIPIO DE ITAJAI;Administração Pública Municipal;ITAJAÍ;SC;193125;IBAMA - SUPERINTENDENCIA DE SANTA CATARINA/SC;20701;Instituto Brasileiro do Meio Ambiente e dos Recursos Naturais Renováveis;44000;Ministério do Meio Ambiente e Mudança do Clima;186.08;2023
202306;08.259.606/0001-58;FUNDO MUNICIPAL DE SAUDE DE ITAJAI;Administração Pública;ITAJAÍ;SC;257001;DIRETORIA EXECUTIVA DO FUNDO NAC. DE SAUDE;36000;Ministério da Saúde - Unidades com vínculo direto;36000;Ministério da Saúde;22051186.14;2023
202306;18.487.144/0001-80;I.G.I. INDUSTRIA DE GASES ITAJAI LTDA;Entidades Empresariais Privadas;ITAJAÍ;SC;513181;FRGPS - SUPERINTENDENCIA REGIONAL SUL;37904;Fundo do Regime Geral da Previdência Social;33000;Ministério da Previdência Social;500.0;2023
202304;83.102.277/0001-52;MUNICIPIO DE ITAJAI;Administração Pública Municipal;ITAJAÍ;SC;153173;FUNDO NACIONAL DE DESENVOLVIMENTO DA EDUCACAO;26298;Fundo Nacional de Desenvolvimento da Educação;26000;Ministério da Educação;2483423.37;2023
202308;83.102.277/0001-52;MUNICIPIO DE ITAJAI;Administração Pública Municipal;ITAJAÍ;SC;193125;IBAMA - SUPERINTENDENCIA DE SANTA CATARINA/SC;20701;Instituto Brasileiro do Meio Ambiente e dos Recursos Naturais Renováveis;44000;Ministério do Meio Ambiente e Mudança do Clima;356.53;2023
202302;83.102.277/0001-52;MUNICIPIO DE ITAJAI;Administração Pública Municipal;ITAJAÍ;SC;153173;FUNDO NACIONAL DE DESENVOLVIMENTO DA EDUCACAO;26298;Fundo Nacional de Desenvolvimento da Educação;26000;Ministério da Educação;2438761.48;2023
202308;785344;DELEGACIA DA CAPITANIA DOS PORTOS EM ITAJAI;Agentes Intermediários;ITAJAÍ;SC;785344;DELEGACIA DA CAPITANIA DOS PORTOS EM ITAJAI;52131;Comando da Marinha;52000;Ministério da Defesa;3526.0;2023
202309;08.259.606/0001-58;FUNDO MUNICIPAL DE SAUDE DE ITAJAI;Administração Pública;ITAJAÍ;SC;257001;DIRETORIA EXECUTIVA DO FUNDO NAC. DE SAUDE;36000;Ministério da Saúde - Unidades com vínculo direto;36000;Ministério da Saúde;17728496.31;2023
202306;04.856.713/0001-02;CLINICA DE ESPORTE ITAJAI LTDA;Entidades Empresariais Privadas;ITAJAÍ;SC;785344;DELEGACIA DA CAPITANIA DOS PORTOS EM ITAJAI;52131;Comando da Marinha;52000;Ministério da Defesa;7770.0;2023
202305;01.823.752/0001-15;FUNDO MUNICIPAL DE ASSISTENCIA SOCIAL-FMAS DO MUNICIPIO DE ITAJAI;Administração Pública;ITAJAÍ;SC;330013;FUNDO NACIONAL DE ASSISTENCIA SOCIAL;55001;Fundo Nacional de Assistência Social;55000;Ministério do Desenvolvimento e Assistência Social, Família e Combate à Fome;139532.37;2023
202311;09.333.052/0001-54;COOPERATIVA DE PRODUTORES RURAIS DE ITAJAI COOPERAR;Entidades Empresariais Privadas;ITAJAÍ;SC;158516;INST.FED.DE EDUC.,CIENC.E TEC.DE STA.CAT/IFSC;26438;Instituto Federal de Educação, Ciência e Tecnologia de Santa Catarina;26000;Ministério da Educação;24031.43;2023
202303;01.823.752/0001-15;FUNDO MUNICIPAL DE ASSISTENCIA SOCIAL-FMAS DO MUNICIPIO DE ITAJAI;Administração Pública;ITAJAÍ;SC;330013;FUNDO NACIONAL DE ASSISTENCIA SOCIAL;55001;Fundo Nacional de Assistência Social;55000;Ministério do Desenvolvimento e Assistência Social, Família e Combate à Fome;169448.04;2023
202309;01.823.752/0001-15;FUNDO MUNICIPAL DE ASSISTENCIA SOCIAL-FMAS DO MUNICIPIO DE ITAJAI;Administração Pública;ITAJAÍ;SC;330013;FUNDO NACIONAL DE ASSISTENCIA SOCIAL;55001;Fundo Nacional de Assistência Social;55000;Ministério do Desenvolvimento e Assistência Social, Família e Combate à Fome;118546.07;2023
202302;80.655.525/0001-02;CLINMEDI - CLINICA MEDICA ITAJAI LTDA;Entidades Empresariais Privadas;ITAJAÍ;SC;785344;DELEGACIA DA CAPITANIA DOS PORTOS EM ITAJAI;52131;Comando da Marinha;52000;Ministério da Defesa;534.8;2023
202304;76.368.240/0001-05;TV VALE DO ITAJAI LIMITADA;Entidades Empresariais Privadas;ITAJAÍ;SC;413013;FUNDO DE FISCALIZ.DAS TELECOMUNICACOES-FISTEL;41231;Agêncial Nacional de Telecomunicações;41000;Ministério das Comunicações;3228.19;2023
202308;18.487.144/0001-80;I.G.I. INDUSTRIA DE GASES ITAJAI LTDA;Entidades Empresariais Privadas;ITAJAÍ;SC;513181;FRGPS - SUPERINTENDENCIA REGIONAL SUL;37904;Fundo do Regime Geral da Previdência Social;33000;Ministério da Previdência Social;500.0;2023
202306;80.655.525/0001-02;CLINMEDI - CLINICA MEDICA ITAJAI LTDA;Entidades Empresariais Privadas;ITAJAÍ;SC;785344;DELEGACIA DA CAPITANIA DOS PORTOS EM ITAJAI;52131;Comando da Marinha;52000;Ministério da Defesa;892.21;2023
202307;01.823.752/0001-15;FUNDO MUNICIPAL DE ASSISTENCIA SOCIAL-FMAS DO MUNICIPIO DE ITAJAI;Administração Pública;ITAJAÍ;SC;330013;FUNDO NACIONAL DE ASSISTENCIA SOCIAL;55001;Fundo Nacional de Assistência Social;55000;Ministério do Desenvolvimento e Assistência Social, Família e Combate à Fome;226230.07;2023
202311;09.333.052/0001-54;COOPERATIVA DE PRODUTORES RURAIS DE ITAJAI COOPERAR;Entidades Empresariais Privadas;ITAJAÍ;SC;160446;62º BATALHAO DE INFANTARIA;52121;Comando do Exército;52000;Ministério da Defesa;4439.7;2023
202312;83.102.277/0001-52;MUNICIPIO DE ITAJAI;Administração Pública Municipal;ITAJAÍ;SC;193125;IBAMA - SUPERINTENDENCIA DE SANTA CATARINA/SC;20701;Instituto Brasileiro do Meio Ambiente e dos Recursos Naturais Renováveis;44000;Ministério do Meio Ambiente e Mudança do Clima;234.97;2023
202307;18.487.144/0001-80;I.G.I. INDUSTRIA DE GASES ITAJAI LTDA;Entidades Empresariais Privadas;ITAJAÍ;SC;513181;FRGPS - SUPERINTENDENCIA REGIONAL SUL;37904;Fundo do Regime Geral da Previdência Social;33000;Ministério da Previdência Social;500.0;2023
202301;08.259.606/0001-58;FUNDO MUNICIPAL DE SAUDE DE ITAJAI;Administração Pública;ITAJAÍ;SC;257001;DIRETORIA EXECUTIVA DO FUNDO NAC. DE SAUDE;36000;Ministério da Saúde - Unidades com vínculo direto;36000;Ministério da Saúde;10324827.01;2023
202302;08.259.606/0001-58;FUNDO MUNICIPAL DE SAUDE DE ITAJAI;Administração Pública;ITAJAÍ;SC;257001;DIRETORIA EXECUTIVA DO FUNDO NAC. DE SAUDE;36000;Ministério da Saúde - Unidades com vínculo direto;36000;Ministério da Saúde;12936895.82;2023
202304;09.333.052/0001-54;COOPERATIVA DE PRODUTORES RURAIS DE ITAJAI COOPERAR;Entidades Empresariais Privadas;ITAJAÍ;SC;160446;62º BATALHAO DE INFANTARIA;52121;Comando do Exército;52000;Ministério da Defesa;6012.7;2023
202308;84.307.974/0001-02;FUNDACAO UNIVERSIDADE DO VALE DO ITAJAI;Entidades Sem Fins Lucrativos;ITAJAÍ;SC;364102;CONSELHO NAC DE DESENV CIENT E TECNOLOGICO;20501;Conselho Nacional de Desenvolvimento Científico e Tecnológico;24000;Ministério da Ciência, Tecnologia e Inovação;844.66;2023
202301;04.856.713/0001-02;CLINICA DE ESPORTE ITAJAI LTDA;Entidades Empresariais Privadas;ITAJAÍ;SC;785344;DELEGACIA DA CAPITANIA DOS PORTOS EM ITAJAI;52131;Comando da Marinha;52000;Ministério da Defesa;3360.0;2023
202302;18.487.144/0001-80;I.G.I. INDUSTRIA DE GASES ITAJAI LTDA;Entidades Empresariais Privadas;ITAJAÍ;SC;513181;FRGPS - SUPERINTENDENCIA REGIONAL SUL;37904;Fundo do Regime Geral da Previdência Social;33000;Ministério da Previdência Social;500.0;2023
202312;18.487.144/0001-80;I.G.I. INDUSTRIA DE GASES ITAJAI LTDA;Entidades Empresariais Privadas;ITAJAÍ;SC;513181;FRGPS - SUPERINTENDENCIA REGIONAL SUL;37904;Fundo do Regime Geral da Previdência Social;33000;Ministério da Previdência Social;500.0;2023
202307;84.307.974/0001-02;FUNDACAO UNIVERSIDADE DO VALE DO ITAJAI;Entidades Sem Fins Lucrativos;ITAJAÍ;SC;240901;FUNDO NAC.DE DESENV. CIENT. E TECNOLOGICO;24901;Fundo Nacional de Desenvolvimento Científico e Tecnológico;24000;Ministério da Ciência, Tecnologia e Inovação;2890315.8;2023
202308;01.823.752/0001-15;FUNDO MUNICIPAL DE ASSISTENCIA SOCIAL-FMAS DO MUNICIPIO DE ITAJAI;Administração Pública;ITAJAÍ;SC;330013;FUNDO NACIONAL DE ASSISTENCIA SOCIAL;55001;Fundo Nacional de Assistência Social;55000;Ministério do Desenvolvimento e Assistência Social, Família e Combate à Fome;118870.71;2023
202303;84.307.974/0001-02;FUNDACAO UNIVERSIDADE DO VALE DO ITAJAI;Entidades Sem Fins Lucrativos;ITAJAÍ;SC;151714;FUNDO DE FINANCIAMENTO ESTUDANTIL;26298;Fundo Nacional de Desenvolvimento da Educação;26000;Ministério da Educação;14307.88;2023
202310;18.487.144/0001-80;I.G.I. INDUSTRIA DE GASES ITAJAI LTDA;Entidades Empresariais Privadas;ITAJAÍ;SC;513181;FRGPS - SUPERINTENDENCIA REGIONAL SUL;37904;Fundo do Regime Geral da Previdência Social;33000;Ministério da Previdência Social;500.0;2023
202305;09.333.052/0001-54;COOPERATIVA DE PRODUTORES RURAIS DE ITAJAI COOPERAR;Entidades Empresariais Privadas;ITAJAÍ;SC;158516;INST.FED.DE EDUC.,CIENC.E TEC.DE STA.CAT/IFSC;26438;Instituto Federal de Educação, Ciência e Tecnologia de Santa Catarina;26000;Ministério da Educação;9437.2;2023
202303;08.259.606/0001-58;FUNDO MUNICIPAL DE SAUDE DE ITAJAI;Administração Pública;ITAJAÍ;SC;257001;DIRETORIA EXECUTIVA DO FUNDO NAC. DE SAUDE;36000;Ministério da Saúde - Unidades com vínculo direto;36000;Ministério da Saúde;16017577.27;2023
202311;08.259.606/0001-58;FUNDO MUNICIPAL DE SAUDE DE ITAJAI;Administração Pública;ITAJAÍ;SC;257001;DIRETORIA EXECUTIVA DO FUNDO NAC. DE SAUDE;36000;Ministério da Saúde - Unidades com vínculo direto;36000;Ministério da Saúde;17588083.82;2023
202304;01.823.752/0001-15;FUNDO MUNICIPAL DE ASSISTENCIA SOCIAL-FMAS DO MUNICIPIO DE ITAJAI;Administração Pública;ITAJAÍ;SC;330013;FUNDO NACIONAL DE ASSISTENCIA SOCIAL;55001;Fundo Nacional de Assistência Social;55000;Ministério do Desenvolvimento e Assistência Social, Família e Combate à Fome;119549.32;2023
202310;09.333.052/0001-54;COOPERATIVA DE PRODUTORES RURAIS DE ITAJAI COOPERAR;Entidades Empresariais Privadas;ITAJAÍ;SC;160446;62º BATALHAO DE INFANTARIA;52121;Comando do Exército;52000;Ministério da Defesa;11603.03;2023
202305;08.259.606/0001-58;FUNDO MUNICIPAL DE SAUDE DE ITAJAI;Administração Pública;ITAJAÍ;SC;257001;DIRETORIA EXECUTIVA DO FUNDO NAC. DE SAUDE;36000;Ministério da Saúde - Unidades com vínculo direto;36000;Ministério da Saúde;13626165.2;2023
202310;09.333.052/0001-54;COOPERATIVA DE PRODUTORES RURAIS DE ITAJAI COOPERAR;Entidades Empresariais Privadas;ITAJAÍ;SC;158516;INST.FED.DE EDUC.,CIENC.E TEC.DE STA.CAT/IFSC;26438;Instituto Federal de Educação, Ciência e Tecnologia de Santa Catarina;26000;Ministério da Educação;8790.8;2023
202309;84.307.974/0018-50;FUNDACAO UNIVERSIDADE DO VALE DO ITAJAI;Entidades Sem Fins Lucrativos;ITAJAÍ;SC;170314;DELEGACIA DA RFB EM BLUMENAU;25801;Receita Federal do Brasil;25000;Ministério da Fazenda;5733.0;2023
202304;08.259.606/0001-58;FUNDO MUNICIPAL DE SAUDE DE ITAJAI;Administração Pública;ITAJAÍ;SC;257001;DIRETORIA EXECUTIVA DO FUNDO NAC. DE SAUDE;36000;Ministério da Saúde - Unidades com vínculo direto;36000;Ministério da Saúde;24465619.1;2023
202309;80.655.525/0001-02;CLINMEDI - CLINICA MEDICA ITAJAI LTDA;Entidades Empresariais Privadas;ITAJAÍ;SC;785344;DELEGACIA DA CAPITANIA DOS PORTOS EM ITAJAI;52131;Comando da Marinha;52000;Ministério da Defesa;546.39;2023
202309;83.102.277/0001-52;MUNICIPIO DE ITAJAI;Administração Pública Municipal;ITAJAÍ;SC;153173;FUNDO NACIONAL DE DESENVOLVIMENTO DA EDUCACAO;26298;Fundo Nacional de Desenvolvimento da Educação;26000;Ministério da Educação;2627706.02;2023
202301;83.102.277/0001-52;MUNICIPIO DE ITAJAI;Administração Pública Municipal;ITAJAÍ;SC;193125;IBAMA - SUPERINTENDENCIA DE SANTA CATARINA/SC;20701;Instituto Brasileiro do Meio Ambiente e dos Recursos Naturais Renováveis;44000;Ministério do Meio Ambiente e Mudança do Clima;102.14;2023
202301;83.102.277/0001-52;MUNICIPIO DE ITAJAI;Administração Pública Municipal;ITAJAÍ;SC;153173;FUNDO NACIONAL DE DESENVOLVIMENTO DA EDUCACAO;26298;Fundo Nacional de Desenvolvimento da Educação;26000;Ministério da Educação;3035697.4;2023
202309;83.102.277/0001-52;MUNICIPIO DE ITAJAI;Administração Pública Municipal;ITAJAÍ;SC;193125;IBAMA - SUPERINTENDENCIA DE SANTA CATARINA/SC;20701;Instituto Brasileiro do Meio Ambiente e dos Recursos Naturais Renováveis;44000;Ministério do Meio Ambiente e Mudança do Clima;220.25;2023
202303;83.102.277/0001-52;MUNICIPIO DE ITAJAI;Administração Pública Municipal;ITAJAÍ;SC;153173;FUNDO NACIONAL DE DESENVOLVIMENTO DA EDUCACAO;26298;Fundo Nacional de Desenvolvimento da Educação;26000;Ministério da Educação;2545688.68;2023
202303;83.102.277/0001-52;MUNICIPIO DE ITAJAI;Administração Pública Municipal;ITAJAÍ;SC;193125;IBAMA - SUPERINTENDENCIA DE SANTA CATARINA/SC;20701;Instituto Brasileiro do Meio Ambiente e dos Recursos Naturais Renováveis;44000;Ministério do Meio Ambiente e Mudança do Clima;93.04;2023
202310;83.102.277/0001-52;MUNICIPIO DE ITAJAI;Administração Pública Municipal;ITAJAÍ;SC;443048;ICMBIO GR5 SUL;44207;Instituto Chico Mendes de Conservação da Biodiversidade;44000;Ministério do Meio Ambiente e Mudança do Clima;259.05;2023
202308;09.333.052/0001-54;COOPERATIVA DE PRODUTORES RURAIS DE ITAJAI COOPERAR;Entidades Empresariais Privadas;ITAJAÍ;SC;158516;INST.FED.DE EDUC.,CIENC.E TEC.DE STA.CAT/IFSC;26438;Instituto Federal de Educação, Ciência e Tecnologia de Santa Catarina;26000;Ministério da Educação;4233.0;2023
202309;04.856.713/0001-02;CLINICA DE ESPORTE ITAJAI LTDA;Entidades Empresariais Privadas;ITAJAÍ;SC;785344;DELEGACIA DA CAPITANIA DOS PORTOS EM ITAJAI;52131;Comando da Marinha;52000;Ministério da Defesa;3444.0;2023
202302;09.333.052/0001-54;COOPERATIVA DE PRODUTORES RURAIS DE ITAJAI COOPERAR;Entidades Empresariais Privadas;ITAJAÍ;SC;158516;INST.FED.DE EDUC.,CIENC.E TEC.DE STA.CAT/IFSC;26438;Instituto Federal de Educação, Ciência e Tecnologia de Santa Catarina;26000;Ministério da Educação;21330.12;2023
202308;83.102.277/0001-52;MUNICIPIO DE ITAJAI;Administração Pública Municipal;ITAJAÍ;SC;170860;COORD.-GERAL DE TRANSFE. INTERGOVERNAMENTAIS;25000;Ministério da Fazenda - Unidades com vínculo direto;25000;Ministério da Fazenda;250000.0;2023
202311;785344;DELEGACIA DA CAPITANIA DOS PORTOS EM ITAJAI;Agentes Intermediários;ITAJAÍ;SC;785344;DELEGACIA DA CAPITANIA DOS PORTOS EM ITAJAI;52131;Comando da Marinha;52000;Ministério da Defesa;5263.0;2023
202309;09.333.052/0001-54;COOPERATIVA DE PRODUTORES RURAIS DE ITAJAI COOPERAR;Entidades Empresariais Privadas;ITAJAÍ;SC;160446;62º BATALHAO DE INFANTARIA;52121;Comando do Exército;52000;Ministério da Defesa;4266.03;2023
202304;83.102.277/0001-52;MUNICIPIO DE ITAJAI;Administração Pública Municipal;ITAJAÍ;SC;170011;SECRETARIA DO PATRIMONIO DA UNIAO;46000;Ministério da Gestão e da Inovação em Serviços Públicos - Unidades com vínculo direto;46000;Ministério da Gestão e da Inovação em Serviços Públicos;714218.16;2023
202306;83.102.277/0001-52;MUNICIPIO DE ITAJAI;Administração Pública Municipal;ITAJAÍ;SC;200125;SUPERINTENDENCIA DA PRF EM SANTA CATARINA;30802;Polícia Rodoviária Federal;30000;Ministério da Justiça e Segurança Pública;202.05;2023
202306;01.823.752/0001-15;FUNDO MUNICIPAL DE ASSISTENCIA SOCIAL-FMAS DO MUNICIPIO DE ITAJAI;Administração Pública;ITAJAÍ;SC;330013;FUNDO NACIONAL DE ASSISTENCIA SOCIAL;55001;Fundo Nacional de Assistência Social;55000;Ministério do Desenvolvimento e Assistência Social, Família e Combate à Fome;110921.86;2023
202306;83.102.277/0001-52;MUNICIPIO DE ITAJAI;Administração Pública Municipal;ITAJAÍ;SC;193125;IBAMA - SUPERINTENDENCIA DE SANTA CATARINA/SC;20701;Instituto Brasileiro do Meio Ambiente e dos Recursos Naturais Renováveis;44000;Ministério do Meio Ambiente e Mudança do Clima;93.04;2023
202303;04.856.713/0001-02;CLINICA DE ESPORTE ITAJAI LTDA;Entidades Empresariais Privadas;ITAJAÍ;SC;785344;DELEGACIA DA CAPITANIA DOS PORTOS EM ITAJAI;52131;Comando da Marinha;52000;Ministério da Defesa;4116.0;2023
202304;83.102.277/0001-52;MUNICIPIO DE ITAJAI;Administração Pública Municipal;ITAJAÍ;SC;200125;SUPERINTENDENCIA DA PRF EM SANTA CATARINA;30802;Polícia Rodoviária Federal;30000;Ministério da Justiça e Segurança Pública;129.28;2023
202303;83.102.277/0001-52;MUNICIPIO DE ITAJAI;Administração Pública Municipal;ITAJAÍ;SC;443048;ICMBIO GR5 SUL;44207;Instituto Chico Mendes de Conservação da Biodiversidade;44000;Ministério do Meio Ambiente e Mudança do Clima;725.34;2023
202312;01.823.752/0001-15;FUNDO MUNICIPAL DE ASSISTENCIA SOCIAL-FMAS DO MUNICIPIO DE ITAJAI;Administração Pública;ITAJAÍ;SC;330013;FUNDO NACIONAL DE ASSISTENCIA SOCIAL;55001;Fundo Nacional de Assistência Social;55000;Ministério do Desenvolvimento e Assistência Social, Família e Combate à Fome;508487.54;2023
202305;83.102.277/0001-52;MUNICIPIO DE ITAJAI;Administração Pública Municipal;ITAJAÍ;SC;510181;SUPERINTENDENCIA REGIONAL SUL;37202;Instituto Nacional do Seguro Social;33000;Ministério da Previdência Social;642.81;2023
202312;09.333.052/0001-54;COOPERATIVA DE PRODUTORES RURAIS DE ITAJAI COOPERAR;Entidades Empresariais Privadas;ITAJAÍ;SC;158516;INST.FED.DE EDUC.,CIENC.E TEC.DE STA.CAT/IFSC;26438;Instituto Federal de Educação, Ciência e Tecnologia de Santa Catarina;26000;Ministério da Educação;7658.9;2023
202310;17.733.888/0001-74;ITAJAI DISTRIBUIDORA DE ROLAMENTOS LTDA;Entidades Empresariais Privadas;ITAJAÍ;SC;168005;INDUSTRIA DE MATERIAL BELICO DO BRASIL/FI;52221;Indústria de Material Bélico do Brasil;52000;Ministério da Defesa;23055.0;2023
202305;83.102.277/0001-52;MUNICIPIO DE ITAJAI;Administração Pública Municipal;ITAJAÍ;SC;193125;IBAMA - SUPERINTENDENCIA DE SANTA CATARINA/SC;20701;Instituto Brasileiro do Meio Ambiente e dos Recursos Naturais Renováveis;44000;Ministério do Meio Ambiente e Mudança do Clima;186.08;2023
202311;01.823.752/0001-15;FUNDO MUNICIPAL DE ASSISTENCIA SOCIAL-FMAS DO MUNICIPIO DE ITAJAI;Administração Pública;ITAJAÍ;SC;330013;FUNDO NACIONAL DE ASSISTENCIA SOCIAL;55001;Fundo Nacional de Assistência Social;55000;Ministério do Desenvolvimento e Assistência Social, Família e Combate à Fome;119341.31;2023
202303;18.487.144/0001-80;I.G.I. INDUSTRIA DE GASES ITAJAI LTDA;Entidades Empresariais Privadas;ITAJAÍ;SC;513181;FRGPS - SUPERINTENDENCIA REGIONAL SUL;37904;Fundo do Regime Geral da Previdência Social;33000;Ministério da Previdência Social;500.0;2023
202312;09.333.052/0001-54;COOPERATIVA DE PRODUTORES RURAIS DE ITAJAI COOPERAR;Entidades Empresariais Privadas;ITAJAÍ;SC;160446;62º BATALHAO DE INFANTARIA;52121;Comando do Exército;52000;Ministério da Defesa;3208.32;2023
202307;02.362.976/0001-30;FUNDACAO CULTURAL DE ITAJAI;Administração Pública Municipal;ITAJAÍ;SC;540032;FNC - SEFIC;34902;Fundo Nacional de Cultura;42000;Ministério da Cultura;1800762.51;2023
202304;84.307.974/0001-02;FUNDACAO UNIVERSIDADE DO VALE DO ITAJAI;Entidades Sem Fins Lucrativos;ITAJAÍ;SC;151714;FUNDO DE FINANCIAMENTO ESTUDANTIL;26298;Fundo Nacional de Desenvolvimento da Educação;26000;Ministério da Educação;2532.55;2023
202306;84.307.974/0001-02;FUNDACAO UNIVERSIDADE DO VALE DO ITAJAI;Entidades Sem Fins Lucrativos;ITAJAÍ;SC;151714;FUNDO DE FINANCIAMENTO ESTUDANTIL;26298;Fundo Nacional de Desenvolvimento da Educação;26000;Ministério da Educação;36816.55;2023
202309;18.487.144/0001-80;I.G.I. INDUSTRIA DE GASES ITAJAI LTDA;Entidades Empresariais Privadas;ITAJAÍ;SC;513181;FRGPS - SUPERINTENDENCIA REGIONAL SUL;37904;Fundo do Regime Geral da Previdência Social;33000;Ministério da Previdência Social;500.0;2023
202309;785344;DELEGACIA DA CAPITANIA DOS PORTOS EM ITAJAI;Agentes Intermediários;ITAJAÍ;SC;785344;DELEGACIA DA CAPITANIA DOS PORTOS EM ITAJAI;52131;Comando da Marinha;52000;Ministério da Defesa;468.0;2023
202307;80.655.525/0001-02;CLINMEDI - CLINICA MEDICA ITAJAI LTDA;Entidades Empresariais Privadas;ITAJAÍ;SC;785344;DELEGACIA DA CAPITANIA DOS PORTOS EM ITAJAI;52131;Comando da Marinha;52000;Ministério da Defesa;647.38;2023
202302;01.823.752/0001-15;FUNDO MUNICIPAL DE ASSISTENCIA SOCIAL-FMAS DO MUNICIPIO DE ITAJAI;Administração Pública;ITAJAÍ;SC;330013;FUNDO NACIONAL DE ASSISTENCIA SOCIAL;55001;Fundo Nacional de Assistência Social;55000;Ministério do Desenvolvimento e Assistência Social, Família e Combate à Fome;145763.33;2023
202305;83.102.277/0001-52;MUNICIPIO DE ITAJAI;Administração Pública Municipal;ITAJAÍ;SC;153173;FUNDO NACIONAL DE DESENVOLVIMENTO DA EDUCACAO;26298;Fundo Nacional de Desenvolvimento da Educação;26000;Ministério da Educação;2634195.66;2023
202301;18.487.144/0001-80;I.G.I. INDUSTRIA DE GASES ITAJAI LTDA;Entidades Empresariais Privadas;ITAJAÍ;SC;513181;FRGPS - SUPERINTENDENCIA REGIONAL SUL;37904;Fundo do Regime Geral da Previdência Social;33000;Ministério da Previdência Social;500.0;2023
202309;02.362.976/0001-30;FUNDACAO CULTURAL DE ITAJAI;Administração Pública Municipal;ITAJAÍ;SC;540032;FNC - SEFIC;34902;Fundo Nacional de Cultura;42000;Ministério da Cultura;18280.27;2023
202312;18.458.779/0001-59;PORTO ESPORTIVO ITAJAI S.A.;Entidades Empresariais Privadas;ITAJAÍ;SC;193125;IBAMA - SUPERINTENDENCIA DE SANTA CATARINA/SC;20701;Instituto Brasileiro do Meio Ambiente e dos Recursos Naturais Renováveis;44000;Ministério do Meio Ambiente e Mudança do Clima;4022.92;2023
202307;08.259.606/0001-58;FUNDO MUNICIPAL DE SAUDE DE ITAJAI;Administração Pública;ITAJAÍ;SC;257001;DIRETORIA EXECUTIVA DO FUNDO NAC. DE SAUDE;36000;Ministério da Saúde - Unidades com vínculo direto;36000;Ministério da Saúde;15051578.77;2023
202311;04.856.713/0001-02;CLINICA DE ESPORTE ITAJAI LTDA;Entidades Empresariais Privadas;ITAJAÍ;SC;785344;DELEGACIA DA CAPITANIA DOS PORTOS EM ITAJAI;52131;Comando da Marinha;52000;Ministério da Defesa;3528.0;2023
202311;18.487.144/0001-80;I.G.I. INDUSTRIA DE GASES ITAJAI LTDA;Entidades Empresariais Privadas;ITAJAÍ;SC;513181;FRGPS - SUPERINTENDENCIA REGIONAL SUL;37904;Fundo do Regime Geral da Previdência Social;33000;Ministério da Previdência Social;500.0;2023
202306;09.333.052/0001-54;COOPERATIVA DE PRODUTORES RURAIS DE ITAJAI COOPERAR;Entidades Empresariais Privadas;ITAJAÍ;SC;158516;INST.FED.DE EDUC.,CIENC.E TEC.DE STA.CAT/IFSC;26438;Instituto Federal de Educação, Ciência e Tecnologia de Santa Catarina;26000;Ministério da Educação;19020.25;2023
202307;83.102.277/0001-52;MUNICIPIO DE ITAJAI;Administração Pública Municipal;ITAJAÍ;SC;193125;IBAMA - SUPERINTENDENCIA DE SANTA CATARINA/SC;20701;Instituto Brasileiro do Meio Ambiente e dos Recursos Naturais Renováveis;44000;Ministério do Meio Ambiente e Mudança do Clima;64.6;2023
202309;84.307.974/0001-02;FUNDACAO UNIVERSIDADE DO VALE DO ITAJAI;Entidades Sem Fins Lucrativos;ITAJAÍ;SC;364102;CONSELHO NAC DE DESENV CIENT E TECNOLOGICO;20501;Conselho Nacional de Desenvolvimento Científico e Tecnológico;24000;Ministério da Ciência, Tecnologia e Inovação;844.66;2023
202302;84.307.974/0001-02;FUNDACAO UNIVERSIDADE DO VALE DO ITAJAI;Entidades Sem Fins Lucrativos;ITAJAÍ;SC;154043;FUNDACAO UNIVERSIDADE FEDERAL DE UBERLANDIA;26274;Fundação Universidade Federal de Uberlândia;26000;Ministério da Educação;180.0;2023
202311;83.102.277/0001-52;MUNICIPIO DE ITAJAI;Administração Pública Municipal;ITAJAÍ;SC;193125;IBAMA - SUPERINTENDENCIA DE SANTA CATARINA/SC;20701;Instituto Brasileiro do Meio Ambiente e dos Recursos Naturais Renováveis;44000;Ministério do Meio Ambiente e Mudança do Clima;208.87;2023
202304;09.333.052/0001-54;COOPERATIVA DE PRODUTORES RURAIS DE ITAJAI COOPERAR;Entidades Empresariais Privadas;ITAJAÍ;SC;158516;INST.FED.DE EDUC.,CIENC.E TEC.DE STA.CAT/IFSC;26438;Instituto Federal de Educação, Ciência e Tecnologia de Santa Catarina;26000;Ministério da Educação;11053.55;2023
202305;18.487.144/0001-80;I.G.I. INDUSTRIA DE GASES ITAJAI LTDA;Entidades Empresariais Privadas;ITAJAÍ;SC;513181;FRGPS - SUPERINTENDENCIA REGIONAL SUL;37904;Fundo do Regime Geral da Previdência Social;33000;Ministério da Previdência Social;500.0;2023
202311;83.102.277/0001-52;MUNICIPIO DE ITAJAI;Administração Pública Municipal;ITAJAÍ;SC;153173;FUNDO NACIONAL DE DESENVOLVIMENTO DA EDUCACAO;26298;Fundo Nacional de Desenvolvimento da Educação;26000;Ministério da Educação;2645359.67;2023
202308;09.333.052/0001-54;COOPERATIVA DE PRODUTORES RURAIS DE ITAJAI COOPERAR;Entidades Empresariais Privadas;ITAJAÍ;SC;160446;62º BATALHAO DE INFANTARIA;52121;Comando do Exército;52000;Ministério da Defesa;14225.8;2023
202311;84.307.974/0001-02;FUNDACAO UNIVERSIDADE DO VALE DO ITAJAI;Entidades Sem Fins Lucrativos;ITAJAÍ;SC;364102;CONSELHO NAC DE DESENV CIENT E TECNOLOGICO;20501;Conselho Nacional de Desenvolvimento Científico e Tecnológico;24000;Ministério da Ciência, Tecnologia e Inovação;422.33;2023
202306;09.333.052/0001-54;COOPERATIVA DE PRODUTORES RURAIS DE ITAJAI COOPERAR;Entidades Empresariais Privadas;ITAJAÍ;SC;160446;62º BATALHAO DE INFANTARIA;52121;Comando do Exército;52000;Ministério da Defesa;15525.2;2023
202308;84.307.974/0001-02;FUNDACAO UNIVERSIDADE DO VALE DO ITAJAI;Entidades Sem Fins Lucrativos;ITAJAÍ;SC;151714;FUNDO DE FINANCIAMENTO ESTUDANTIL;26298;Fundo Nacional de Desenvolvimento da Educação;26000;Ministério da Educação;84730.58;2023
202310;01.823.752/0001-15;FUNDO MUNICIPAL DE ASSISTENCIA SOCIAL-FMAS DO MUNICIPIO DE ITAJAI;Administração Pública;ITAJAÍ;SC;330013;FUNDO NACIONAL DE ASSISTENCIA SOCIAL;55001;Fundo Nacional de Assistência Social;55000;Ministério do Desenvolvimento e Assistência Social, Família e Combate à Fome;518631.15;2023
202302;84.307.974/0001-02;FUNDACAO UNIVERSIDADE DO VALE DO ITAJAI;Entidades Sem Fins Lucrativos;ITAJAÍ;SC;151714;FUNDO DE FINANCIAMENTO ESTUDANTIL;26298;Fundo Nacional de Desenvolvimento da Educação;26000;Ministério da Educação;77458.79;2023
202307;83.102.277/0001-52;MUNICIPIO DE ITAJAI;Administração Pública Municipal;ITAJAÍ;SC;153173;FUNDO NACIONAL DE DESENVOLVIMENTO DA EDUCACAO;26298;Fundo Nacional de Desenvolvimento da Educação;26000;Ministério da Educação;2781580.58;2023
202307;84.307.974/0001-02;FUNDACAO UNIVERSIDADE DO VALE DO ITAJAI;Entidades Sem Fins Lucrativos;ITAJAÍ;SC;364102;CONSELHO NAC DE DESENV CIENT E TECNOLOGICO;20501;Conselho Nacional de Desenvolvimento Científico e Tecnológico;24000;Ministério da Ciência, Tecnologia e Inovação;844.66;2023
202401;18.487.144/0001-80;I.G.I. INDUSTRIA DE GASES ITAJAI LTDA;Entidades Empresariais Privadas;ITAJAÍ;SC;513181;FRGPS - SUPERINTENDENCIA REGIONAL SUL;37904;Fundo do Regime Geral da Previdência Social;33000;Ministério da Previdência Social;500.0;2024
202408;09.333.052/0001-54;COOPERATIVA DE PRODUTORES RURAIS DE ITAJAI COOPERAR;Entidades Empresariais Privadas;ITAJAÍ;SC;158516;INST.FED.DE EDUC.,CIENC.E TEC.DE STA.CAT/IFSC;26438;Instituto Federal de Educação, Ciência e Tecnologia de Santa Catarina;26000;Ministério da Educação;20149.15;2024
202409;785344;DELEGACIA DA CAPITANIA DOS PORTOS EM ITAJAI;Agentes Intermediários;ITAJAÍ;SC;785344;DELEGACIA DA CAPITANIA DOS PORTOS EM ITAJAI;52131;Comando da Marinha;52000;Ministério da Defesa;4104.36;2024
202406;84.291.137/0001-32;RADIO DIFUSORA ITAJAI LTDA;Entidades Empresariais Privadas;ITAJAÍ;SC;110816;SECRETARIA DE COMUNICACAO SOCIAL/PR;20101;Presidência da República;20000;Presidência da República;97.68;2024
202405;08.259.606/0001-58;FUNDO MUNICIPAL DE SAUDE DE ITAJAI;Administração Pública;ITAJAÍ;SC;257001;DIRETORIA EXECUTIVA DO FUNDO NAC. DE SAUDE;36000;Ministério da Saúde - Unidades com vínculo direto;36000;Ministério da Saúde;22974827.43;2024
202402;83.102.277/0001-52;MUNICIPIO DE ITAJAI;Administração Pública Municipal;ITAJAÍ;SC;513181;FRGPS - SUPERINTENDENCIA REGIONAL SUL;37904;Fundo do Regime Geral da Previdência Social;33000;Ministério da Previdência Social;2756.69;2024
202404;83.102.277/0001-52;MUNICIPIO DE ITAJAI;Administração Pública Municipal;ITAJAÍ;SC;170011;SECRETARIA DO PATRIMONIO DA UNIAO;46000;Ministério da Gestão e da Inovação em Serviços Públicos - Unidades com vínculo direto;46000;Ministério da Gestão e da Inovação em Serviços Públicos;811354.27;2024
202412;01.823.752/0001-15;FUNDO MUNICIPAL DE ASSISTENCIA SOCIAL-FMAS DO MUNICIPIO DE ITAJAI;Administração Pública;ITAJAÍ;SC;330013;FUNDO NACIONAL DE ASSISTENCIA SOCIAL;55001;Fundo Nacional de Assistência Social;55000;Ministério do Desenvolvimento e Assistência Social, Família e Combate à Fome;467513.23;2024
202405;84.307.974/0001-02;FUNDACAO UNIVERSIDADE DO VALE DO ITAJAI;Entidades Sem Fins Lucrativos;ITAJAÍ;SC;364102;CONSELHO NAC DE DESENV CIENT E TECNOLOGICO;20501;Conselho Nacional de Desenvolvimento Científico e Tecnológico;24000;Ministério da Ciência, Tecnologia e Inovação;422.33;2024
202409;83.102.277/0001-52;MUNICIPIO DE ITAJAI;Administração Pública Municipal;ITAJAÍ;SC;153173;FUNDO NACIONAL DE DESENVOLVIMENTO DA EDUCACAO;26298;Fundo Nacional de Desenvolvimento da Educação;26000;Ministério da Educação;3346905.6;2024
202401;83.102.277/0001-52;MUNICIPIO DE ITAJAI;Administração Pública Municipal;ITAJAÍ;SC;193125;IBAMA - SUPERINTENDENCIA DE SANTA CATARINA/SC;20701;Instituto Brasileiro do Meio Ambiente e dos Recursos Naturais Renováveis;44000;Ministério do Meio Ambiente e Mudança do Clima;234.97;2024
202405;84.291.137/0001-32;RADIO DIFUSORA ITAJAI LTDA;Entidades Empresariais Privadas;ITAJAÍ;SC;250110;SUBSECRETARIA DE ASSUNTOS ADMINISTRATIVOS/MS;36000;Ministério da Saúde - Unidades com vínculo direto;36000;Ministério da Saúde;161.48;2024
202411;04.856.713/0001-02;CLINICA DE ESPORTE ITAJAI LTDA;Entidades Empresariais Privadas;ITAJAÍ;SC;785344;DELEGACIA DA CAPITANIA DOS PORTOS EM ITAJAI;52131;Comando da Marinha;52000;Ministério da Defesa;251.78;2024
202405;83.102.277/0001-52;MUNICIPIO DE ITAJAI;Administração Pública Municipal;ITAJAÍ;SC;153173;FUNDO NACIONAL DE DESENVOLVIMENTO DA EDUCACAO;26298;Fundo Nacional de Desenvolvimento da Educação;26000;Ministério da Educação;2059961.61;2024
202405;83.102.277/0001-52;MUNICIPIO DE ITAJAI;Administração Pública Municipal;ITAJAÍ;SC;193125;IBAMA - SUPERINTENDENCIA DE SANTA CATARINA/SC;20701;Instituto Brasileiro do Meio Ambiente e dos Recursos Naturais Renováveis;44000;Ministério do Meio Ambiente e Mudança do Clima;408.04;2024
202402;09.333.052/0001-54;COOPERATIVA DE PRODUTORES RURAIS DE ITAJAI COOPERAR;Entidades Empresariais Privadas;ITAJAÍ;SC;160446;62º BATALHAO DE INFANTARIA;52121;Comando do Exército;52000;Ministério da Defesa;6689.79;2024
202405;785344;DELEGACIA DA CAPITANIA DOS PORTOS EM ITAJAI;Agentes Intermediários;ITAJAÍ;SC;785344;DELEGACIA DA CAPITANIA DOS PORTOS EM ITAJAI;52131;Comando da Marinha;52000;Ministério da Defesa;1929.0;2024
202410;01.823.752/0001-15;FUNDO MUNICIPAL DE ASSISTENCIA SOCIAL-FMAS DO MUNICIPIO DE ITAJAI;Administração Pública;ITAJAÍ;SC;330013;FUNDO NACIONAL DE ASSISTENCIA SOCIAL;55001;Fundo Nacional de Assistência Social;55000;Ministério do Desenvolvimento e Assistência Social, Família e Combate à Fome;129078.57;2024
202404;01.823.752/0001-15;FUNDO MUNICIPAL DE ASSISTENCIA SOCIAL-FMAS DO MUNICIPIO DE ITAJAI;Administração Pública;ITAJAÍ;SC;330013;FUNDO NACIONAL DE ASSISTENCIA SOCIAL;55001;Fundo Nacional de Assistência Social;55000;Ministério do Desenvolvimento e Assistência Social, Família e Combate à Fome;116239.13;2024
202410;09.333.052/0001-54;COOPERATIVA DE PRODUTORES RURAIS DE ITAJAI COOPERAR;Entidades Empresariais Privadas;ITAJAÍ;SC;158516;INST.FED.DE EDUC.,CIENC.E TEC.DE STA.CAT/IFSC;26438;Instituto Federal de Educação, Ciência e Tecnologia de Santa Catarina;26000;Ministério da Educação;14212.1;2024
202402;01.823.752/0001-15;FUNDO MUNICIPAL DE ASSISTENCIA SOCIAL-FMAS DO MUNICIPIO DE ITAJAI;Administração Pública;ITAJAÍ;SC;330013;FUNDO NACIONAL DE ASSISTENCIA SOCIAL;55001;Fundo Nacional de Assistência Social;55000;Ministério do Desenvolvimento e Assistência Social, Família e Combate à Fome;115224.75;2024
202411;83.102.277/0001-52;MUNICIPIO DE ITAJAI;Administração Pública Municipal;ITAJAÍ;SC;153173;FUNDO NACIONAL DE DESENVOLVIMENTO DA EDUCACAO;26298;Fundo Nacional de Desenvolvimento da Educação;26000;Ministério da Educação;1513930.98;2024
202411;83.102.277/0001-52;MUNICIPIO DE ITAJAI;Administração Pública Municipal;ITAJAÍ;SC;193125;IBAMA - SUPERINTENDENCIA DE SANTA CATARINA/SC;20701;Instituto Brasileiro do Meio Ambiente e dos Recursos Naturais Renováveis;44000;Ministério do Meio Ambiente e Mudança do Clima;135.86;2024
202409;83.102.277/0001-52;MUNICIPIO DE ITAJAI;Administração Pública Municipal;ITAJAÍ;SC;193125;IBAMA - SUPERINTENDENCIA DE SANTA CATARINA/SC;20701;Instituto Brasileiro do Meio Ambiente e dos Recursos Naturais Renováveis;44000;Ministério do Meio Ambiente e Mudança do Clima;500.21;2024
202411;84.307.974/0001-02;FUNDACAO UNIVERSIDADE DO VALE DO ITAJAI;Entidades Sem Fins Lucrativos;ITAJAÍ;SC;364102;CONSELHO NAC DE DESENV CIENT E TECNOLOGICO;20501;Conselho Nacional de Desenvolvimento Científico e Tecnológico;24000;Ministério da Ciência, Tecnologia e Inovação;844.66;2024
202411;84.291.137/0001-32;RADIO DIFUSORA ITAJAI LTDA;Entidades Empresariais Privadas;ITAJAÍ;SC;250110;SUBSECRETARIA DE ASSUNTOS ADMINISTRATIVOS/MS;36000;Ministério da Saúde - Unidades com vínculo direto;36000;Ministério da Saúde;40.37;2024
202406;01.823.752/0001-15;FUNDO MUNICIPAL DE ASSISTENCIA SOCIAL-FMAS DO MUNICIPIO DE ITAJAI;Administração Pública;ITAJAÍ;SC;330013;FUNDO NACIONAL DE ASSISTENCIA SOCIAL;55001;Fundo Nacional de Assistência Social;55000;Ministério do Desenvolvimento e Assistência Social, Família e Combate à Fome;641828.78;2024
202409;84.307.974/0001-02;FUNDACAO UNIVERSIDADE DO VALE DO ITAJAI;Entidades Sem Fins Lucrativos;ITAJAÍ;SC;364102;CONSELHO NAC DE DESENV CIENT E TECNOLOGICO;20501;Conselho Nacional de Desenvolvimento Científico e Tecnológico;24000;Ministério da Ciência, Tecnologia e Inovação;844.66;2024
202411;08.259.606/0001-58;FUNDO MUNICIPAL DE SAUDE DE ITAJAI;Administração Pública;ITAJAÍ;SC;257001;DIRETORIA EXECUTIVA DO FUNDO NAC. DE SAUDE;36000;Ministério da Saúde - Unidades com vínculo direto;36000;Ministério da Saúde;17155110.95;2024
202412;09.333.052/0001-54;COOPERATIVA DE PRODUTORES RURAIS DE ITAJAI COOPERAR;Entidades Empresariais Privadas;ITAJAÍ;SC;158516;INST.FED.DE EDUC.,CIENC.E TEC.DE STA.CAT/IFSC;26438;Instituto Federal de Educação, Ciência e Tecnologia de Santa Catarina;26000;Ministério da Educação;8629.2;2024
202407;08.259.606/0001-58;FUNDO MUNICIPAL DE SAUDE DE ITAJAI;Administração Pública;ITAJAÍ;SC;257001;DIRETORIA EXECUTIVA DO FUNDO NAC. DE SAUDE;36000;Ministério da Saúde - Unidades com vínculo direto;36000;Ministério da Saúde;17146581.49;2024
202404;09.333.052/0001-54;COOPERATIVA DE PRODUTORES RURAIS DE ITAJAI COOPERAR;Entidades Empresariais Privadas;ITAJAÍ;SC;158516;INST.FED.DE EDUC.,CIENC.E TEC.DE STA.CAT/IFSC;26438;Instituto Federal de Educação, Ciência e Tecnologia de Santa Catarina;26000;Ministério da Educação;10974.8;2024
202404;83.102.277/0001-52;MUNICIPIO DE ITAJAI;Administração Pública Municipal;ITAJAÍ;SC;193125;IBAMA - SUPERINTENDENCIA DE SANTA CATARINA/SC;20701;Instituto Brasileiro do Meio Ambiente e dos Recursos Naturais Renováveis;44000;Ministério do Meio Ambiente e Mudança do Clima;104.41;2024
202411;18.487.144/0001-80;I.G.I. INDUSTRIA DE GASES ITAJAI LTDA;Entidades Empresariais Privadas;ITAJAÍ;SC;513181;FRGPS - SUPERINTENDENCIA REGIONAL SUL;37904;Fundo do Regime Geral da Previdência Social;33000;Ministério da Previdência Social;500.0;2024
202404;83.102.277/0001-52;MUNICIPIO DE ITAJAI;Administração Pública Municipal;ITAJAÍ;SC;153173;FUNDO NACIONAL DE DESENVOLVIMENTO DA EDUCACAO;26298;Fundo Nacional de Desenvolvimento da Educação;26000;Ministério da Educação;2271235.75;2024
202408;83.102.277/0001-52;MUNICIPIO DE ITAJAI;Administração Pública Municipal;ITAJAÍ;SC;153173;FUNDO NACIONAL DE DESENVOLVIMENTO DA EDUCACAO;26298;Fundo Nacional de Desenvolvimento da Educação;26000;Ministério da Educação;2359037.3;2024
202403;84.307.974/0001-02;FUNDACAO UNIVERSIDADE DO VALE DO ITAJAI;Entidades Sem Fins Lucrativos;ITAJAÍ;SC;364102;CONSELHO NAC DE DESENV CIENT E TECNOLOGICO;20501;Conselho Nacional de Desenvolvimento Científico e Tecnológico;24000;Ministério da Ciência, Tecnologia e Inovação;422.33;2024
202405;18.487.144/0001-80;I.G.I. INDUSTRIA DE GASES ITAJAI LTDA;Entidades Empresariais Privadas;ITAJAÍ;SC;513181;FRGPS - SUPERINTENDENCIA REGIONAL SUL;37904;Fundo do Regime Geral da Previdência Social;33000;Ministério da Previdência Social;1000.0;2024
202407;80.655.525/0001-02;CLINMEDI - CLINICA MEDICA ITAJAI LTDA;Entidades Empresariais Privadas;ITAJAÍ;SC;785344;DELEGACIA DA CAPITANIA DOS PORTOS EM ITAJAI;52131;Comando da Marinha;52000;Ministério da Defesa;287.72;2024
202408;09.333.052/0001-54;COOPERATIVA DE PRODUTORES RURAIS DE ITAJAI COOPERAR;Entidades Empresariais Privadas;ITAJAÍ;SC;160446;62º BATALHAO DE INFANTARIA;52121;Comando do Exército;52000;Ministério da Defesa;1548.0;2024
202403;18.487.144/0001-80;I.G.I. INDUSTRIA DE GASES ITAJAI LTDA;Entidades Empresariais Privadas;ITAJAÍ;SC;513181;FRGPS - SUPERINTENDENCIA REGIONAL SUL;37904;Fundo do Regime Geral da Previdência Social;33000;Ministério da Previdência Social;500.0;2024
202407;18.487.144/0001-80;I.G.I. INDUSTRIA DE GASES ITAJAI LTDA;Entidades Empresariais Privadas;ITAJAÍ;SC;513181;FRGPS - SUPERINTENDENCIA REGIONAL SUL;37904;Fundo do Regime Geral da Previdência Social;33000;Ministério da Previdência Social;1000.0;2024
202403;83.102.277/0001-52;MUNICIPIO DE ITAJAI;Administração Pública Municipal;ITAJAÍ;SC;193125;IBAMA - SUPERINTENDENCIA DE SANTA CATARINA/SC;20701;Instituto Brasileiro do Meio Ambiente e dos Recursos Naturais Renováveis;44000;Ministério do Meio Ambiente e Mudança do Clima;365.53;2024
202407;84.307.974/0001-02;FUNDACAO UNIVERSIDADE DO VALE DO ITAJAI;Entidades Sem Fins Lucrativos;ITAJAÍ;SC;364102;CONSELHO NAC DE DESENV CIENT E TECNOLOGICO;20501;Conselho Nacional de Desenvolvimento Científico e Tecnológico;24000;Ministério da Ciência, Tecnologia e Inovação;422.33;2024
202410;83.102.277/0001-52;MUNICIPIO DE ITAJAI;Administração Pública Municipal;ITAJAÍ;SC;153173;FUNDO NACIONAL DE DESENVOLVIMENTO DA EDUCACAO;26298;Fundo Nacional de Desenvolvimento da Educação;26000;Ministério da Educação;1446010.43;2024
202403;84.307.974/0001-02;FUNDACAO UNIVERSIDADE DO VALE DO ITAJAI;Entidades Sem Fins Lucrativos;ITAJAÍ;SC;151714;FUNDO DE FINANCIAMENTO ESTUDANTIL;26298;Fundo Nacional de Desenvolvimento da Educação;26000;Ministério da Educação;4695.61;2024
202412;83.102.277/0001-52;MUNICIPIO DE ITAJAI;Administração Pública Municipal;ITAJAÍ;SC;170860;COORD.-GERAL DE TRANSFE. INTERGOVERNAMENTAIS;25000;Ministério da Fazenda - Unidades com vínculo direto;25000;Ministério da Fazenda;500000.0;2024
202401;08.259.606/0001-58;FUNDO MUNICIPAL DE SAUDE DE ITAJAI;Administração Pública;ITAJAÍ;SC;257001;DIRETORIA EXECUTIVA DO FUNDO NAC. DE SAUDE;36000;Ministério da Saúde - Unidades com vínculo direto;36000;Ministério da Saúde;14725363.1;2024
202407;83.102.277/0001-52;MUNICIPIO DE ITAJAI;Administração Pública Municipal;ITAJAÍ;SC;193125;IBAMA - SUPERINTENDENCIA DE SANTA CATARINA/SC;20701;Instituto Brasileiro do Meio Ambiente e dos Recursos Naturais Renováveis;44000;Ministério do Meio Ambiente e Mudança do Clima;135.86;2024
202410;08.259.606/0001-58;FUNDO MUNICIPAL DE SAUDE DE ITAJAI;Administração Pública;ITAJAÍ;SC;257001;DIRETORIA EXECUTIVA DO FUNDO NAC. DE SAUDE;36000;Ministério da Saúde - Unidades com vínculo direto;36000;Ministério da Saúde;13812432.5;2024
202411;785344;DELEGACIA DA CAPITANIA DOS PORTOS EM ITAJAI;Agentes Intermediários;ITAJAÍ;SC;785344;DELEGACIA DA CAPITANIA DOS PORTOS EM ITAJAI;52131;Comando da Marinha;52000;Ministério da Defesa;1848.0;2024
202403;08.259.606/0001-58;FUNDO MUNICIPAL DE SAUDE DE ITAJAI;Administração Pública;ITAJAÍ;SC;257001;DIRETORIA EXECUTIVA DO FUNDO NAC. DE SAUDE;36000;Ministério da Saúde - Unidades com vínculo direto;36000;Ministério da Saúde;17197744.56;2024
202403;04.856.713/0001-02;CLINICA DE ESPORTE ITAJAI LTDA;Entidades Empresariais Privadas;ITAJAÍ;SC;785344;DELEGACIA DA CAPITANIA DOS PORTOS EM ITAJAI;52131;Comando da Marinha;52000;Ministério da Defesa;167.45;2024
202404;08.259.606/0001-58;FUNDO MUNICIPAL DE SAUDE DE ITAJAI;Administração Pública;ITAJAÍ;SC;257001;DIRETORIA EXECUTIVA DO FUNDO NAC. DE SAUDE;36000;Ministério da Saúde - Unidades com vínculo direto;36000;Ministério da Saúde;17036540.07;2024
202410;83.102.277/0001-52;MUNICIPIO DE ITAJAI;Administração Pública Municipal;ITAJAÍ;SC;193125;IBAMA - SUPERINTENDENCIA DE SANTA CATARINA/SC;20701;Instituto Brasileiro do Meio Ambiente e dos Recursos Naturais Renováveis;44000;Ministério do Meio Ambiente e Mudança do Clima;247.15;2024
202409;08.259.606/0001-58;FUNDO MUNICIPAL DE SAUDE DE ITAJAI;Administração Pública;ITAJAÍ;SC;257001;DIRETORIA EXECUTIVA DO FUNDO NAC. DE SAUDE;36000;Ministério da Saúde - Unidades com vínculo direto;36000;Ministério da Saúde;16412351.05;2024
202406;83.102.277/0001-52;MUNICIPIO DE ITAJAI;Administração Pública Municipal;ITAJAÍ;SC;153173;FUNDO NACIONAL DE DESENVOLVIMENTO DA EDUCACAO;26298;Fundo Nacional de Desenvolvimento da Educação;26000;Ministério da Educação;3452378.68;2024
202405;84.291.137/0001-32;RADIO DIFUSORA ITAJAI LTDA;Entidades Empresariais Privadas;ITAJAÍ;SC;110816;SECRETARIA DE COMUNICACAO SOCIAL/PR;20101;Presidência da República;20000;Presidência da República;94.8;2024
202402;84.291.137/0001-32;RADIO DIFUSORA ITAJAI LTDA;Entidades Empresariais Privadas;ITAJAÍ;SC;110816;SECRETARIA DE COMUNICACAO SOCIAL/PR;20101;Presidência da República;20000;Presidência da República;43.09;2024
202408;84.307.974/0001-02;FUNDACAO UNIVERSIDADE DO VALE DO ITAJAI;Entidades Sem Fins Lucrativos;ITAJAÍ;SC;364102;CONSELHO NAC DE DESENV CIENT E TECNOLOGICO;20501;Conselho Nacional de Desenvolvimento Científico e Tecnológico;24000;Ministério da Ciência, Tecnologia e Inovação;844.66;2024
202406;08.259.606/0001-58;FUNDO MUNICIPAL DE SAUDE DE ITAJAI;Administração Pública;ITAJAÍ;SC;257001;DIRETORIA EXECUTIVA DO FUNDO NAC. DE SAUDE;36000;Ministério da Saúde - Unidades com vínculo direto;36000;Ministério da Saúde;57198695.38;2024
202404;84.307.974/0001-02;FUNDACAO UNIVERSIDADE DO VALE DO ITAJAI;Entidades Sem Fins Lucrativos;ITAJAÍ;SC;364102;CONSELHO NAC DE DESENV CIENT E TECNOLOGICO;20501;Conselho Nacional de Desenvolvimento Científico e Tecnológico;24000;Ministério da Ciência, Tecnologia e Inovação;422.33;2024
202408;80.655.525/0001-02;CLINMEDI - CLINICA MEDICA ITAJAI LTDA;Entidades Empresariais Privadas;ITAJAÍ;SC;785344;DELEGACIA DA CAPITANIA DOS PORTOS EM ITAJAI;52131;Comando da Marinha;52000;Ministério da Defesa;17.88;2024
202407;84.291.137/0001-32;RADIO DIFUSORA ITAJAI LTDA;Entidades Empresariais Privadas;ITAJAÍ;SC;110816;SECRETARIA DE COMUNICACAO SOCIAL/PR;20101;Presidência da República;20000;Presidência da República;102.27;2024
202407;785344;DELEGACIA DA CAPITANIA DOS PORTOS EM ITAJAI;Agentes Intermediários;ITAJAÍ;SC;785344;DELEGACIA DA CAPITANIA DOS PORTOS EM ITAJAI;52131;Comando da Marinha;52000;Ministério da Defesa;4370.28;2024
202403;83.102.277/0001-52;MUNICIPIO DE ITAJAI;Administração Pública Municipal;ITAJAÍ;SC;153173;FUNDO NACIONAL DE DESENVOLVIMENTO DA EDUCACAO;26298;Fundo Nacional de Desenvolvimento da Educação;26000;Ministério da Educação;2564363.12;2024
202401;83.102.277/0001-52;MUNICIPIO DE ITAJAI;Administração Pública Municipal;ITAJAÍ;SC;153173;FUNDO NACIONAL DE DESENVOLVIMENTO DA EDUCACAO;26298;Fundo Nacional de Desenvolvimento da Educação;26000;Ministério da Educação;3293494.2;2024
202407;83.102.277/0001-52;MUNICIPIO DE ITAJAI;Administração Pública Municipal;ITAJAÍ;SC;153173;FUNDO NACIONAL DE DESENVOLVIMENTO DA EDUCACAO;26298;Fundo Nacional de Desenvolvimento da Educação;26000;Ministério da Educação;2066348.74;2024
202407;09.333.052/0001-54;COOPERATIVA DE PRODUTORES RURAIS DE ITAJAI COOPERAR;Entidades Empresariais Privadas;ITAJAÍ;SC;158516;INST.FED.DE EDUC.,CIENC.E TEC.DE STA.CAT/IFSC;26438;Instituto Federal de Educação, Ciência e Tecnologia de Santa Catarina;26000;Ministério da Educação;2863.0;2024
202412;18.487.144/0001-80;I.G.I. INDUSTRIA DE GASES ITAJAI LTDA;Entidades Empresariais Privadas;ITAJAÍ;SC;513181;FRGPS - SUPERINTENDENCIA REGIONAL SUL;37904;Fundo do Regime Geral da Previdência Social;33000;Ministério da Previdência Social;1000.0;2024
202412;84.291.137/0001-32;RADIO DIFUSORA ITAJAI LTDA;Entidades Empresariais Privadas;ITAJAÍ;SC;250110;SUBSECRETARIA DE ASSUNTOS ADMINISTRATIVOS/MS;36000;Ministério da Saúde - Unidades com vínculo direto;36000;Ministério da Saúde;94.2;2024
202404;785344;DELEGACIA DA CAPITANIA DOS PORTOS EM ITAJAI;Agentes Intermediários;ITAJAÍ;SC;785344;DELEGACIA DA CAPITANIA DOS PORTOS EM ITAJAI;52131;Comando da Marinha;52000;Ministério da Defesa;553.0;2024
202402;83.102.277/0001-52;MUNICIPIO DE ITAJAI;Administração Pública Municipal;ITAJAÍ;SC;153173;FUNDO NACIONAL DE DESENVOLVIMENTO DA EDUCACAO;26298;Fundo Nacional de Desenvolvimento da Educação;26000;Ministério da Educação;1510388.6;2024
202410;04.856.713/0001-02;CLINICA DE ESPORTE ITAJAI LTDA;Entidades Empresariais Privadas;ITAJAÍ;SC;785344;DELEGACIA DA CAPITANIA DOS PORTOS EM ITAJAI;52131;Comando da Marinha;52000;Ministério da Defesa;4052.1;2024
202409;09.333.052/0001-54;COOPERATIVA DE PRODUTORES RURAIS DE ITAJAI COOPERAR;Entidades Empresariais Privadas;ITAJAÍ;SC;160446;62º BATALHAO DE INFANTARIA;52121;Comando do Exército;52000;Ministério da Defesa;1548.0;2024
202411;01.823.752/0001-15;FUNDO MUNICIPAL DE ASSISTENCIA SOCIAL-FMAS DO MUNICIPIO DE ITAJAI;Administração Pública;ITAJAÍ;SC;330013;FUNDO NACIONAL DE ASSISTENCIA SOCIAL;55001;Fundo Nacional de Assistência Social;55000;Ministério do Desenvolvimento e Assistência Social, Família e Combate à Fome;24663.18;2024
202403;09.333.052/0001-54;COOPERATIVA DE PRODUTORES RURAIS DE ITAJAI COOPERAR;Entidades Empresariais Privadas;ITAJAÍ;SC;160446;62º BATALHAO DE INFANTARIA;52121;Comando do Exército;52000;Ministério da Defesa;3095.94;2024
202412;785344;DELEGACIA DA CAPITANIA DOS PORTOS EM ITAJAI;Agentes Intermediários;ITAJAÍ;SC;785344;DELEGACIA DA CAPITANIA DOS PORTOS EM ITAJAI;52131;Comando da Marinha;52000;Ministério da Defesa;3922.19;2024
202409;01.823.752/0001-15;FUNDO MUNICIPAL DE ASSISTENCIA SOCIAL-FMAS DO MUNICIPIO DE ITAJAI;Administração Pública;ITAJAÍ;SC;330013;FUNDO NACIONAL DE ASSISTENCIA SOCIAL;55001;Fundo Nacional de Assistência Social;55000;Ministério do Desenvolvimento e Assistência Social, Família e Combate à Fome;15072.53;2024
202409;84.291.137/0001-32;RADIO DIFUSORA ITAJAI LTDA;Entidades Empresariais Privadas;ITAJAÍ;SC;110816;SECRETARIA DE COMUNICACAO SOCIAL/PR;20101;Presidência da República;20000;Presidência da República;96.89;2024
202407;84.307.974/0001-02;FUNDACAO UNIVERSIDADE DO VALE DO ITAJAI;Entidades Sem Fins Lucrativos;ITAJAÍ;SC;240901;FUNDO NAC.DE DESENV. CIENT. E TECNOLOGICO;24901;Fundo Nacional de Desenvolvimento Científico e Tecnológico;24000;Ministério da Ciência, Tecnologia e Inovação;1647135.68;2024
202408;83.102.277/0001-52;MUNICIPIO DE ITAJAI;Administração Pública Municipal;ITAJAÍ;SC;193125;IBAMA - SUPERINTENDENCIA DE SANTA CATARINA/SC;20701;Instituto Brasileiro do Meio Ambiente e dos Recursos Naturais Renováveis;44000;Ministério do Meio Ambiente e Mudança do Clima;111.29;2024
202408;01.823.752/0001-15;FUNDO MUNICIPAL DE ASSISTENCIA SOCIAL-FMAS DO MUNICIPIO DE ITAJAI;Administração Pública;ITAJAÍ;SC;330013;FUNDO NACIONAL DE ASSISTENCIA SOCIAL;55001;Fundo Nacional de Assistência Social;55000;Ministério do Desenvolvimento e Assistência Social, Família e Combate à Fome;223341.06;2024
202408;84.291.137/0001-32;RADIO DIFUSORA ITAJAI LTDA;Entidades Empresariais Privadas;ITAJAÍ;SC;250110;SUBSECRETARIA DE ASSUNTOS ADMINISTRATIVOS/MS;36000;Ministério da Saúde - Unidades com vínculo direto;36000;Ministério da Saúde;80.74;2024
202403;09.333.052/0001-54;COOPERATIVA DE PRODUTORES RURAIS DE ITAJAI COOPERAR;Entidades Empresariais Privadas;ITAJAÍ;SC;158516;INST.FED.DE EDUC.,CIENC.E TEC.DE STA.CAT/IFSC;26438;Instituto Federal de Educação, Ciência e Tecnologia de Santa Catarina;26000;Ministério da Educação;4350.0;2024
202401;01.823.752/0001-15;FUNDO MUNICIPAL DE ASSISTENCIA SOCIAL-FMAS DO MUNICIPIO DE ITAJAI;Administração Pública;ITAJAÍ;SC;330013;FUNDO NACIONAL DE ASSISTENCIA SOCIAL;55001;Fundo Nacional de Assistência Social;55000;Ministério do Desenvolvimento e Assistência Social, Família e Combate à Fome;103206.38;2024
202403;83.102.277/0001-52;MUNICIPIO DE ITAJAI;Administração Pública Municipal;ITAJAÍ;SC;513181;FRGPS - SUPERINTENDENCIA REGIONAL SUL;37904;Fundo do Regime Geral da Previdência Social;33000;Ministério da Previdência Social;1403.45;2024
202402;08.259.606/0001-58;FUNDO MUNICIPAL DE SAUDE DE ITAJAI;Administração Pública;ITAJAÍ;SC;257001;DIRETORIA EXECUTIVA DO FUNDO NAC. DE SAUDE;36000;Ministério da Saúde - Unidades com vínculo direto;36000;Ministério da Saúde;15945618.16;2024
202401;09.333.052/0001-54;COOPERATIVA DE PRODUTORES RURAIS DE ITAJAI COOPERAR;Entidades Empresariais Privadas;ITAJAÍ;SC;160446;62º BATALHAO DE INFANTARIA;52121;Comando do Exército;52000;Ministério da Defesa;1140.39;2024
202406;83.102.277/0001-52;MUNICIPIO DE ITAJAI;Administração Pública Municipal;ITAJAÍ;SC;193125;IBAMA - SUPERINTENDENCIA DE SANTA CATARINA/SC;20701;Instituto Brasileiro do Meio Ambiente e dos Recursos Naturais Renováveis;44000;Ministério do Meio Ambiente e Mudança do Clima;358.44;2024
202411;09.333.052/0001-54;COOPERATIVA DE PRODUTORES RURAIS DE ITAJAI COOPERAR;Entidades Empresariais Privadas;ITAJAÍ;SC;158516;INST.FED.DE EDUC.,CIENC.E TEC.DE STA.CAT/IFSC;26438;Instituto Federal de Educação, Ciência e Tecnologia de Santa Catarina;26000;Ministério da Educação;14212.5;2024
202408;08.259.606/0001-58;FUNDO MUNICIPAL DE SAUDE DE ITAJAI;Administração Pública;ITAJAÍ;SC;257001;DIRETORIA EXECUTIVA DO FUNDO NAC. DE SAUDE;36000;Ministério da Saúde - Unidades com vínculo direto;36000;Ministério da Saúde;16086350.65;2024
202412;83.102.277/0001-52;MUNICIPIO DE ITAJAI;Administração Pública Municipal;ITAJAÍ;SC;193125;IBAMA - SUPERINTENDENCIA DE SANTA CATARINA/SC;20701;Instituto Brasileiro do Meio Ambiente e dos Recursos Naturais Renováveis;44000;Ministério do Meio Ambiente e Mudança do Clima;135.86;2024
202407;83.102.277/0001-52;MUNICIPIO DE ITAJAI;Administração Pública Municipal;ITAJAÍ;SC;170860;COORD.-GERAL DE TRANSFE. INTERGOVERNAMENTAIS;25000;Ministério da Fazenda - Unidades com vínculo direto;25000;Ministério da Fazenda;2805585.0;2024
202410;84.307.974/0001-02;FUNDACAO UNIVERSIDADE DO VALE DO ITAJAI;Entidades Sem Fins Lucrativos;ITAJAÍ;SC;364102;CONSELHO NAC DE DESENV CIENT E TECNOLOGICO;20501;Conselho Nacional de Desenvolvimento Científico e Tecnológico;24000;Ministério da Ciência, Tecnologia e Inovação;844.66;2024
202412;08.259.606/0001-58;FUNDO MUNICIPAL DE SAUDE DE ITAJAI;Administração Pública;ITAJAÍ;SC;257001;DIRETORIA EXECUTIVA DO FUNDO NAC. DE SAUDE;36000;Ministério da Saúde - Unidades com vínculo direto;36000;Ministério da Saúde;20271838.41;2024
202402;84.307.974/0001-02;FUNDACAO UNIVERSIDADE DO VALE DO ITAJAI;Entidades Sem Fins Lucrativos;ITAJAÍ;SC;364102;CONSELHO NAC DE DESENV CIENT E TECNOLOGICO;20501;Conselho Nacional de Desenvolvimento Científico e Tecnológico;24000;Ministério da Ciência, Tecnologia e Inovação;422.33;2024
202401;09.333.052/0001-54;COOPERATIVA DE PRODUTORES RURAIS DE ITAJAI COOPERAR;Entidades Empresariais Privadas;ITAJAÍ;SC;158516;INST.FED.DE EDUC.,CIENC.E TEC.DE STA.CAT/IFSC;26438;Instituto Federal de Educação, Ciência e Tecnologia de Santa Catarina;26000;Ministério da Educação;13070.1;2024
202402;18.487.144/0001-80;I.G.I. INDUSTRIA DE GASES ITAJAI LTDA;Entidades Empresariais Privadas;ITAJAÍ;SC;513181;FRGPS - SUPERINTENDENCIA REGIONAL SUL;37904;Fundo do Regime Geral da Previdência Social;33000;Ministério da Previdência Social;500.0;2024
202409;84.307.974/0001-02;FUNDACAO UNIVERSIDADE DO VALE DO ITAJAI;Entidades Sem Fins Lucrativos;ITAJAÍ;SC;151714;FUNDO DE FINANCIAMENTO ESTUDANTIL;26298;Fundo Nacional de Desenvolvimento da Educação;26000;Ministério da Educação;5809.47;2024
202403;01.823.752/0001-15;FUNDO MUNICIPAL DE ASSISTENCIA SOCIAL-FMAS DO MUNICIPIO DE ITAJAI;Administração Pública;ITAJAÍ;SC;330013;FUNDO NACIONAL DE ASSISTENCIA SOCIAL;55001;Fundo Nacional de Assistência Social;55000;Ministério do Desenvolvimento e Assistência Social, Família e Combate à Fome;125631.48;2024
202402;785344;DELEGACIA DA CAPITANIA DOS PORTOS EM ITAJAI;Agentes Intermediários;ITAJAÍ;SC;785344;DELEGACIA DA CAPITANIA DOS PORTOS EM ITAJAI;52131;Comando da Marinha;52000;Ministério da Defesa;1812.0;2024
202406;84.307.974/0001-02;FUNDACAO UNIVERSIDADE DO VALE DO ITAJAI;Entidades Sem Fins Lucrativos;ITAJAÍ;SC;364102;CONSELHO NAC DE DESENV CIENT E TECNOLOGICO;20501;Conselho Nacional de Desenvolvimento Científico e Tecnológico;24000;Ministério da Ciência, Tecnologia e Inovação;422.33;2024
202409;09.333.052/0001-54;COOPERATIVA DE PRODUTORES RURAIS DE ITAJAI COOPERAR;Entidades Empresariais Privadas;ITAJAÍ;SC;158516;INST.FED.DE EDUC.,CIENC.E TEC.DE STA.CAT/IFSC;26438;Instituto Federal de Educação, Ciência e Tecnologia de Santa Catarina;26000;Ministério da Educação;12717.8;2024
202408;18.487.144/0001-80;I.G.I. INDUSTRIA DE GASES ITAJAI LTDA;Entidades Empresariais Privadas;ITAJAÍ;SC;513181;FRGPS - SUPERINTENDENCIA REGIONAL SUL;37904;Fundo do Regime Geral da Previdência Social;33000;Ministério da Previdência Social;500.0;2024
202412;04.856.713/0001-02;CLINICA DE ESPORTE ITAJAI LTDA;Entidades Empresariais Privadas;ITAJAÍ;SC;785344;DELEGACIA DA CAPITANIA DOS PORTOS EM ITAJAI;52131;Comando da Marinha;52000;Ministério da Defesa;6368.84;2024
202402;04.856.713/0001-02;CLINICA DE ESPORTE ITAJAI LTDA;Entidades Empresariais Privadas;ITAJAÍ;SC;785344;DELEGACIA DA CAPITANIA DOS PORTOS EM ITAJAI;52131;Comando da Marinha;52000;Ministério da Defesa;2436.55;2024
202405;01.823.752/0001-15;FUNDO MUNICIPAL DE ASSISTENCIA SOCIAL-FMAS DO MUNICIPIO DE ITAJAI;Administração Pública;ITAJAÍ;SC;330013;FUNDO NACIONAL DE ASSISTENCIA SOCIAL;55001;Fundo Nacional de Assistência Social;55000;Ministério do Desenvolvimento e Assistência Social, Família e Combate à Fome;221555.22;2024
202410;18.487.144/0001-80;I.G.I. INDUSTRIA DE GASES ITAJAI LTDA;Entidades Empresariais Privadas;ITAJAÍ;SC;513181;FRGPS - SUPERINTENDENCIA REGIONAL SUL;37904;Fundo do Regime Geral da Previdência Social;33000;Ministério da Previdência Social;500.0;2024
202412;83.102.277/0001-52;MUNICIPIO DE ITAJAI;Administração Pública Municipal;ITAJAÍ;SC;153173;FUNDO NACIONAL DE DESENVOLVIMENTO DA EDUCACAO;26298;Fundo Nacional de Desenvolvimento da Educação;26000;Ministério da Educação;1587701.67;2024
202412;84.307.974/0001-02;FUNDACAO UNIVERSIDADE DO VALE DO ITAJAI;Entidades Sem Fins Lucrativos;ITAJAÍ;SC;364102;CONSELHO NAC DE DESENV CIENT E TECNOLOGICO;20501;Conselho Nacional de Desenvolvimento Científico e Tecnológico;24000;Ministério da Ciência, Tecnologia e Inovação;1689.32;2024
202407;01.823.752/0001-15;FUNDO MUNICIPAL DE ASSISTENCIA SOCIAL-FMAS DO MUNICIPIO DE ITAJAI;Administração Pública;ITAJAÍ;SC;330013;FUNDO NACIONAL DE ASSISTENCIA SOCIAL;55001;Fundo Nacional de Assistência Social;55000;Ministério do Desenvolvimento e Assistência Social, Família e Combate à Fome;123392.15;2024
202504;84.307.974/0001-02;FUNDACAO UNIVERSIDADE DO VALE DO ITAJAI;Entidades Sem Fins Lucrativos;ITAJAÍ;SC;240305;COORDENACAO-GERAL DE TRANSFER. VOLUNTARIAS;24000;Ministério da Ciência, Tecnologia e Inovação - Unidades com vínculo direto;24000;Ministério da Ciência, Tecnologia e Inovação;235000.0;2025
202506;09.333.052/0001-54;COOPERATIVA DE PRODUTORES RURAIS DE ITAJAI COOPERAR;Entidades Empresariais Privadas;ITAJAÍ;SC;160446;62º BATALHAO DE INFANTARIA;52121;Comando do Exército;52000;Ministério da Defesa;7376.48;2025
202506;85.789.782/0002-23;COOPERATIVA REGIONAL AGROPECUARIA VALE DO ITAJAI;Entidades Empresariais Privadas;ITAJAÍ;SC;158460;IF CATARINENSE - CAMPUS CAMBORIU;26422;Instituto Federal de Educação, Ciência e Tecnologia Catarinense;26000;Ministério da Educação;5526.6;2025
202503;18.487.144/0001-80;I.G.I. INDUSTRIA DE GASES ITAJAI LTDA;Entidades Empresariais Privadas;ITAJAÍ;SC;513181;FRGPS - SUPERINTENDENCIA REGIONAL SUL;37904;Fundo do Regime Geral da Previdência Social;33000;Ministério da Previdência Social;500.0;2025
202507;18.487.144/0001-80;I.G.I. INDUSTRIA DE GASES ITAJAI LTDA;Entidades Empresariais Privadas;ITAJAÍ;SC;513181;FRGPS - SUPERINTENDENCIA REGIONAL SUL;37904;Fundo do Regime Geral da Previdência Social;33000;Ministério da Previdência Social;500.0;2025
202512;02.362.976/0001-30;FUNDACAO CULTURAL DE ITAJAI;Administração Pública Municipal;ITAJAÍ;SC;340034;SECRETARIA DE FOMENTO E INCENTIVO A CULTURA;34902;Fundo Nacional de Cultura;42000;Ministério da Cultura;1799733.05;2025
202511;08.259.606/0001-58;FUNDO MUNICIPAL DE SAUDE DE ITAJAI;Administração Pública;ITAJAÍ;SC;257001;DIRETORIA EXECUTIVA DO FUNDO NAC. DE SAUDE;36000;Ministério da Saúde - Unidades com vínculo direto;36000;Ministério da Saúde;22981585.72;2025
202504;01.823.752/0001-15;FUNDO MUNICIPAL DE ASSISTENCIA SOCIAL-FMAS DO MUNICIPIO DE ITAJAI;Administração Pública;ITAJAÍ;SC;330013;FUNDO NACIONAL DE ASSISTENCIA SOCIAL;55001;Fundo Nacional de Assistência Social;55000;Ministério do Desenvolvimento e Assistência Social, Família e Combate à Fome;109268.35;2025
202504;09.333.052/0001-54;COOPERATIVA DE PRODUTORES RURAIS DE ITAJAI COOPERAR;Entidades Empresariais Privadas;ITAJAÍ;SC;160446;62º BATALHAO DE INFANTARIA;52121;Comando do Exército;52000;Ministério da Defesa;1450.38;2025
202511;785344;DELEGACIA DA CAPITANIA DOS PORTOS EM ITAJAI;Agentes Intermediários;ITAJAÍ;SC;785344;DELEGACIA DA CAPITANIA DOS PORTOS EM ITAJAI;52131;Comando da Marinha;52000;Ministério da Defesa;261.18;2025
202502;01.823.752/0001-15;FUNDO MUNICIPAL DE ASSISTENCIA SOCIAL-FMAS DO MUNICIPIO DE ITAJAI;Administração Pública;ITAJAÍ;SC;330013;FUNDO NACIONAL DE ASSISTENCIA SOCIAL;55001;Fundo Nacional de Assistência Social;55000;Ministério do Desenvolvimento e Assistência Social, Família e Combate à Fome;121647.74;2025
202510;18.458.779/0001-59;PORTO ESPORTIVO ITAJAI S.A.;Entidades Empresariais Privadas;ITAJAÍ;SC;443033;INSTITUTO CHICO MENDES - SEDE;44207;Instituto Chico Mendes de Conservação da Biodiversidade;44000;Ministério do Meio Ambiente e Mudança do Clima;12.3;2025
202505;83.102.277/0001-52;MUNICIPIO DE ITAJAI;Administração Pública Municipal;ITAJAÍ;SC;153173;FUNDO NACIONAL DE DESENVOLVIMENTO DA EDUCACAO;26298;Fundo Nacional de Desenvolvimento da Educação;26000;Ministério da Educação;2384569.11;2025
202502;31.825.156/0001-35;NAUTICA ITAJAI LTDA;Entidades Empresariais Privadas;ITAJAÍ;SC;200370;SUPERINTENDENCIA REGIONAL NO ESTADO DE SC;30108;Polícia Federal;30000;Ministério da Justiça e Segurança Pública;49822.71;2025
202509;785344;DELEGACIA DA CAPITANIA DOS PORTOS EM ITAJAI;Agentes Intermediários;ITAJAÍ;SC;785344;DELEGACIA DA CAPITANIA DOS PORTOS EM ITAJAI;52131;Comando da Marinha;52000;Ministério da Defesa;180.0;2025
202505;18.487.144/0001-80;I.G.I. INDUSTRIA DE GASES ITAJAI LTDA;Entidades Empresariais Privadas;ITAJAÍ;SC;513181;FRGPS - SUPERINTENDENCIA REGIONAL SUL;37904;Fundo do Regime Geral da Previdência Social;33000;Ministério da Previdência Social;500.0;2025
202512;09.333.052/0001-54;COOPERATIVA DE PRODUTORES RURAIS DE ITAJAI COOPERAR;Entidades Empresariais Privadas;ITAJAÍ;SC;158516;INST.FED.DE EDUC.,CIENC.E TEC.DE STA.CAT/IFSC;26438;Instituto Federal de Educação, Ciência e Tecnologia de Santa Catarina;26000;Ministério da Educação;13361.0;2025
202509;08.259.606/0001-58;FUNDO MUNICIPAL DE SAUDE DE ITAJAI;Administração Pública;ITAJAÍ;SC;257001;DIRETORIA EXECUTIVA DO FUNDO NAC. DE SAUDE;36000;Ministério da Saúde - Unidades com vínculo direto;36000;Ministério da Saúde;21687552.02;2025
202502;84.305.275/0001-23;OBRAS SOCIAIS E CULTURAIS CONCEICAO DE ITAJAI;Entidades Sem Fins Lucrativos;ITAJAÍ;SC;420029;SECRET.DE CIDADANIA E DIVERSIDADE CULTURAL;42000;Ministério da Cultura - Unidades com vínculo direto;42000;Ministério da Cultura;2466.09;2025
202501;18.487.144/0001-80;I.G.I. INDUSTRIA DE GASES ITAJAI LTDA;Entidades Empresariais Privadas;ITAJAÍ;SC;513181;FRGPS - SUPERINTENDENCIA REGIONAL SUL;37904;Fundo do Regime Geral da Previdência Social;33000;Ministério da Previdência Social;500.0;2025
202506;85.789.782/0002-23;COOPERATIVA REGIONAL AGROPECUARIA VALE DO ITAJAI;Entidades Empresariais Privadas;ITAJAÍ;SC;158125;INSTITUTO FEDERAL CATARINENSE - REITORIA;26422;Instituto Federal de Educação, Ciência e Tecnologia Catarinense;26000;Ministério da Educação;343.4;2025
202503;83.102.277/0001-52;MUNICIPIO DE ITAJAI;Administração Pública Municipal;ITAJAÍ;SC;153173;FUNDO NACIONAL DE DESENVOLVIMENTO DA EDUCACAO;26298;Fundo Nacional de Desenvolvimento da Educação;26000;Ministério da Educação;2294000.65;2025
202511;83.102.277/0001-52;MUNICIPIO DE ITAJAI;Administração Pública Municipal;ITAJAÍ;SC;153173;FUNDO NACIONAL DE DESENVOLVIMENTO DA EDUCACAO;26298;Fundo Nacional de Desenvolvimento da Educação;26000;Ministério da Educação;1689984.5;2025
202508;18.458.779/0001-59;PORTO ESPORTIVO ITAJAI S.A.;Entidades Empresariais Privadas;ITAJAÍ;SC;443033;INSTITUTO CHICO MENDES - SEDE;44207;Instituto Chico Mendes de Conservação da Biodiversidade;44000;Ministério do Meio Ambiente e Mudança do Clima;5.51;2025
202510;83.102.277/0001-52;MUNICIPIO DE ITAJAI;Administração Pública Municipal;ITAJAÍ;SC;170860;COORD.-GERAL DE TRANSFE. INTERGOVERNAMENTAIS;25000;Ministério da Fazenda - Unidades com vínculo direto;25000;Ministério da Fazenda;297000.0;2025
202508;84.307.974/0001-02;FUNDACAO UNIVERSIDADE DO VALE DO ITAJAI;Entidades Sem Fins Lucrativos;ITAJAÍ;SC;364102;CONSELHO NAC DE DESENV CIENT E TECNOLOGICO;20501;Conselho Nacional de Desenvolvimento Científico e Tecnológico;24000;Ministério da Ciência, Tecnologia e Inovação;12330.29;2025
202512;01.823.752/0001-15;FUNDO MUNICIPAL DE ASSISTENCIA SOCIAL-FMAS DO MUNICIPIO DE ITAJAI;Administração Pública;ITAJAÍ;SC;330013;FUNDO NACIONAL DE ASSISTENCIA SOCIAL;55001;Fundo Nacional de Assistência Social;55000;Ministério do Desenvolvimento e Assistência Social, Família e Combate à Fome;693028.0;2025
202510;09.333.052/0001-54;COOPERATIVA DE PRODUTORES RURAIS DE ITAJAI COOPERAR;Entidades Empresariais Privadas;ITAJAÍ;SC;158516;INST.FED.DE EDUC.,CIENC.E TEC.DE STA.CAT/IFSC;26438;Instituto Federal de Educação, Ciência e Tecnologia de Santa Catarina;26000;Ministério da Educação;7953.2;2025
202506;01.823.752/0001-15;FUNDO MUNICIPAL DE ASSISTENCIA SOCIAL-FMAS DO MUNICIPIO DE ITAJAI;Administração Pública;ITAJAÍ;SC;330013;FUNDO NACIONAL DE ASSISTENCIA SOCIAL;55001;Fundo Nacional de Assistência Social;55000;Ministério do Desenvolvimento e Assistência Social, Família e Combate à Fome;13432.99;2025
202507;83.102.277/0001-52;MUNICIPIO DE ITAJAI;Administração Pública Municipal;ITAJAÍ;SC;193125;IBAMA - SUPERINTENDENCIA DE SANTA CATARINA/SC;20701;Instituto Brasileiro do Meio Ambiente e dos Recursos Naturais Renováveis;44000;Ministério do Meio Ambiente e Mudança do Clima;429.83;2025
202504;09.333.052/0001-54;COOPERATIVA DE PRODUTORES RURAIS DE ITAJAI COOPERAR;Entidades Empresariais Privadas;ITAJAÍ;SC;158516;INST.FED.DE EDUC.,CIENC.E TEC.DE STA.CAT/IFSC;26438;Instituto Federal de Educação, Ciência e Tecnologia de Santa Catarina;26000;Ministério da Educação;4669.3;2025
202509;09.333.052/0001-54;COOPERATIVA DE PRODUTORES RURAIS DE ITAJAI COOPERAR;Entidades Empresariais Privadas;ITAJAÍ;SC;158516;INST.FED.DE EDUC.,CIENC.E TEC.DE STA.CAT/IFSC;26438;Instituto Federal de Educação, Ciência e Tecnologia de Santa Catarina;26000;Ministério da Educação;18583.65;2025
202505;84.307.974/0001-02;FUNDACAO UNIVERSIDADE DO VALE DO ITAJAI;Entidades Sem Fins Lucrativos;ITAJAÍ;SC;364102;CONSELHO NAC DE DESENV CIENT E TECNOLOGICO;20501;Conselho Nacional de Desenvolvimento Científico e Tecnológico;24000;Ministério da Ciência, Tecnologia e Inovação;7220.97;2025
202511;83.102.277/0001-52;MUNICIPIO DE ITAJAI;Administração Pública Municipal;ITAJAÍ;SC;510181;SUPERINTENDENCIA REGIONAL SUL;37202;Instituto Nacional do Seguro Social;33000;Ministério da Previdência Social;4554.0;2025
202501;83.102.277/0001-52;MUNICIPIO DE ITAJAI;Administração Pública Municipal;ITAJAÍ;SC;153173;FUNDO NACIONAL DE DESENVOLVIMENTO DA EDUCACAO;26298;Fundo Nacional de Desenvolvimento da Educação;26000;Ministério da Educação;2784155.39;2025
202512;18.487.144/0001-80;I.G.I. INDUSTRIA DE GASES ITAJAI LTDA;Entidades Empresariais Privadas;ITAJAÍ;SC;513181;FRGPS - SUPERINTENDENCIA REGIONAL SUL;37904;Fundo do Regime Geral da Previdência Social;33000;Ministério da Previdência Social;500.0;2025
202505;09.333.052/0001-54;COOPERATIVA DE PRODUTORES RURAIS DE ITAJAI COOPERAR;Entidades Empresariais Privadas;ITAJAÍ;SC;160446;62º BATALHAO DE INFANTARIA;52121;Comando do Exército;52000;Ministério da Defesa;5738.36;2025
202504;18.458.779/0001-59;PORTO ESPORTIVO ITAJAI S.A.;Entidades Empresariais Privadas;ITAJAÍ;SC;443033;INSTITUTO CHICO MENDES - SEDE;44207;Instituto Chico Mendes de Conservação da Biodiversidade;44000;Ministério do Meio Ambiente e Mudança do Clima;7.19;2025
202509;84.291.137/0001-32;RADIO DIFUSORA ITAJAI LTDA;Entidades Empresariais Privadas;ITAJAÍ;SC;110816;SECRETARIA DE COMUNICACAO SOCIAL/PR;20101;Presidência da República;20000;Presidência da República;86.18;2025
202507;785344;DELEGACIA DA CAPITANIA DOS PORTOS EM ITAJAI;Agentes Intermediários;ITAJAÍ;SC;785344;DELEGACIA DA CAPITANIA DOS PORTOS EM ITAJAI;52131;Comando da Marinha;52000;Ministério da Defesa;648.0;2025
202506;09.333.052/0001-54;COOPERATIVA DE PRODUTORES RURAIS DE ITAJAI COOPERAR;Entidades Empresariais Privadas;ITAJAÍ;SC;158516;INST.FED.DE EDUC.,CIENC.E TEC.DE STA.CAT/IFSC;26438;Instituto Federal de Educação, Ciência e Tecnologia de Santa Catarina;26000;Ministério da Educação;13778.7;2025
202511;18.487.144/0001-80;I.G.I. INDUSTRIA DE GASES ITAJAI LTDA;Entidades Empresariais Privadas;ITAJAÍ;SC;513181;FRGPS - SUPERINTENDENCIA REGIONAL SUL;37904;Fundo do Regime Geral da Previdência Social;33000;Ministério da Previdência Social;500.0;2025
202501;785344;DELEGACIA DA CAPITANIA DOS PORTOS EM ITAJAI;Agentes Intermediários;ITAJAÍ;SC;785344;DELEGACIA DA CAPITANIA DOS PORTOS EM ITAJAI;52131;Comando da Marinha;52000;Ministério da Defesa;10966.12;2025
202503;785344;DELEGACIA DA CAPITANIA DOS PORTOS EM ITAJAI;Agentes Intermediários;ITAJAÍ;SC;785344;DELEGACIA DA CAPITANIA DOS PORTOS EM ITAJAI;52131;Comando da Marinha;52000;Ministério da Defesa;180.0;2025
202503;83.102.277/0001-52;MUNICIPIO DE ITAJAI;Administração Pública Municipal;ITAJAÍ;SC;193125;IBAMA - SUPERINTENDENCIA DE SANTA CATARINA/SC;20701;Instituto Brasileiro do Meio Ambiente e dos Recursos Naturais Renováveis;44000;Ministério do Meio Ambiente e Mudança do Clima;81.87;2025
202510;85.789.782/0002-23;COOPERATIVA REGIONAL AGROPECUARIA VALE DO ITAJAI;Entidades Empresariais Privadas;ITAJAÍ;SC;158125;INSTITUTO FEDERAL CATARINENSE - REITORIA;26422;Instituto Federal de Educação, Ciência e Tecnologia Catarinense;26000;Ministério da Educação;163.51;2025
202501;04.856.713/0001-02;CLINICA DE ESPORTE ITAJAI LTDA;Entidades Empresariais Privadas;ITAJAÍ;SC;785344;DELEGACIA DA CAPITANIA DOS PORTOS EM ITAJAI;52131;Comando da Marinha;52000;Ministério da Defesa;395.73;2025
202507;09.333.052/0001-54;COOPERATIVA DE PRODUTORES RURAIS DE ITAJAI COOPERAR;Entidades Empresariais Privadas;ITAJAÍ;SC;160446;62º BATALHAO DE INFANTARIA;52121;Comando do Exército;52000;Ministério da Defesa;13888.44;2025
202505;08.259.606/0001-58;FUNDO MUNICIPAL DE SAUDE DE ITAJAI;Administração Pública;ITAJAÍ;SC;257001;DIRETORIA EXECUTIVA DO FUNDO NAC. DE SAUDE;36000;Ministério da Saúde - Unidades com vínculo direto;36000;Ministério da Saúde;20164204.84;2025
202503;08.259.606/0001-58;FUNDO MUNICIPAL DE SAUDE DE ITAJAI;Administração Pública;ITAJAÍ;SC;257001;DIRETORIA EXECUTIVA DO FUNDO NAC. DE SAUDE;36000;Ministério da Saúde - Unidades com vínculo direto;36000;Ministério da Saúde;21466152.81;2025
202507;84.307.974/0001-02;FUNDACAO UNIVERSIDADE DO VALE DO ITAJAI;Entidades Sem Fins Lucrativos;ITAJAÍ;SC;364102;CONSELHO NAC DE DESENV CIENT E TECNOLOGICO;20501;Conselho Nacional de Desenvolvimento Científico e Tecnológico;24000;Ministério da Ciência, Tecnologia e Inovação;7358.3;2025
202509;84.307.974/0001-02;FUNDACAO UNIVERSIDADE DO VALE DO ITAJAI;Entidades Sem Fins Lucrativos;ITAJAÍ;SC;153173;FUNDO NACIONAL DE DESENVOLVIMENTO DA EDUCACAO;26298;Fundo Nacional de Desenvolvimento da Educação;26000;Ministério da Educação;2815.0;2025
202510;83.102.277/0001-52;MUNICIPIO DE ITAJAI;Administração Pública Municipal;ITAJAÍ;SC;193125;IBAMA - SUPERINTENDENCIA DE SANTA CATARINA/SC;20701;Instituto Brasileiro do Meio Ambiente e dos Recursos Naturais Renováveis;44000;Ministério do Meio Ambiente e Mudança do Clima;221.39;2025
202509;83.102.277/0001-52;MUNICIPIO DE ITAJAI;Administração Pública Municipal;ITAJAÍ;SC;153173;FUNDO NACIONAL DE DESENVOLVIMENTO DA EDUCACAO;26298;Fundo Nacional de Desenvolvimento da Educação;26000;Ministério da Educação;2364837.39;2025
202512;44.342.683/0001-30;ATLANTICA HOTELS INTERNATIONAL (BRASIL) LTDA SCP - HILTON GARDEN INN RIVIERA ITAJAI;Entidades Empresariais Privadas;ITAJAÍ;SC;495130;COMPANHIA DE PESQUISA DE RECURSOS MINERAIS;29208;Companhia de Pesquisa de Recursos Minerais;32000;Ministério de Minas e Energia;65.57;2025
202508;785344;DELEGACIA DA CAPITANIA DOS PORTOS EM ITAJAI;Agentes Intermediários;ITAJAÍ;SC;785344;DELEGACIA DA CAPITANIA DOS PORTOS EM ITAJAI;52131;Comando da Marinha;52000;Ministério da Defesa;3294.83;2025
202511;84.307.974/0001-02;FUNDACAO UNIVERSIDADE DO VALE DO ITAJAI;Entidades Sem Fins Lucrativos;ITAJAÍ;SC;364102;CONSELHO NAC DE DESENV CIENT E TECNOLOGICO;20501;Conselho Nacional de Desenvolvimento Científico e Tecnológico;24000;Ministério da Ciência, Tecnologia e Inovação;13459.95;2025
202507;83.102.277/0001-52;MUNICIPIO DE ITAJAI;Administração Pública Municipal;ITAJAÍ;SC;153173;FUNDO NACIONAL DE DESENVOLVIMENTO DA EDUCACAO;26298;Fundo Nacional de Desenvolvimento da Educação;26000;Ministério da Educação;2493604.23;2025
202509;18.487.144/0001-80;I.G.I. INDUSTRIA DE GASES ITAJAI LTDA;Entidades Empresariais Privadas;ITAJAÍ;SC;513181;FRGPS - SUPERINTENDENCIA REGIONAL SUL;37904;Fundo do Regime Geral da Previdência Social;33000;Ministério da Previdência Social;1000.0;2025
202505;83.102.277/0001-52;MUNICIPIO DE ITAJAI;Administração Pública Municipal;ITAJAÍ;SC;193125;IBAMA - SUPERINTENDENCIA DE SANTA CATARINA/SC;20701;Instituto Brasileiro do Meio Ambiente e dos Recursos Naturais Renováveis;44000;Ministério do Meio Ambiente e Mudança do Clima;212.52;2025
202508;09.333.052/0001-54;COOPERATIVA DE PRODUTORES RURAIS DE ITAJAI COOPERAR;Entidades Empresariais Privadas;ITAJAÍ;SC;158516;INST.FED.DE EDUC.,CIENC.E TEC.DE STA.CAT/IFSC;26438;Instituto Federal de Educação, Ciência e Tecnologia de Santa Catarina;26000;Ministério da Educação;15276.6;2025
202502;09.333.052/0001-54;COOPERATIVA DE PRODUTORES RURAIS DE ITAJAI COOPERAR;Entidades Empresariais Privadas;ITAJAÍ;SC;158516;INST.FED.DE EDUC.,CIENC.E TEC.DE STA.CAT/IFSC;26438;Instituto Federal de Educação, Ciência e Tecnologia de Santa Catarina;26000;Ministério da Educação;3363.9;2025
202502;83.102.277/0001-52;MUNICIPIO DE ITAJAI;Administração Pública Municipal;ITAJAÍ;SC;153173;FUNDO NACIONAL DE DESENVOLVIMENTO DA EDUCACAO;26298;Fundo Nacional de Desenvolvimento da Educação;26000;Ministério da Educação;2791046.38;2025
202505;18.458.779/0001-59;PORTO ESPORTIVO ITAJAI S.A.;Entidades Empresariais Privadas;ITAJAÍ;SC;443033;INSTITUTO CHICO MENDES - SEDE;44207;Instituto Chico Mendes de Conservação da Biodiversidade;44000;Ministério do Meio Ambiente e Mudança do Clima;13.0;2025
202508;09.333.052/0001-54;COOPERATIVA DE PRODUTORES RURAIS DE ITAJAI COOPERAR;Entidades Empresariais Privadas;ITAJAÍ;SC;160446;62º BATALHAO DE INFANTARIA;52121;Comando do Exército;52000;Ministério da Defesa;22102.96;2025
202508;84.291.137/0001-32;RADIO DIFUSORA ITAJAI LTDA;Entidades Empresariais Privadas;ITAJAÍ;SC;390004;SUBSECRETARIA PLAN.,ORC.E ADM.-ADMINISTRATIVO;39000;Ministério dos Transportes - Unidades com vínculo direto;39000;Ministério dos Transportes;53.83;2025
202512;18.458.779/0001-59;PORTO ESPORTIVO ITAJAI S.A.;Entidades Empresariais Privadas;ITAJAÍ;SC;158516;INST.FED.DE EDUC.,CIENC.E TEC.DE STA.CAT/IFSC;26438;Instituto Federal de Educação, Ciência e Tecnologia de Santa Catarina;26000;Ministério da Educação;9.9;2025
202509;84.307.974/0001-02;FUNDACAO UNIVERSIDADE DO VALE DO ITAJAI;Entidades Sem Fins Lucrativos;ITAJAÍ;SC;364102;CONSELHO NAC DE DESENV CIENT E TECNOLOGICO;20501;Conselho Nacional de Desenvolvimento Científico e Tecnológico;24000;Ministério da Ciência, Tecnologia e Inovação;13322.62;2025
202508;83.102.277/0001-52;MUNICIPIO DE ITAJAI;Administração Pública Municipal;ITAJAÍ;SC;193125;IBAMA - SUPERINTENDENCIA DE SANTA CATARINA/SC;20701;Instituto Brasileiro do Meio Ambiente e dos Recursos Naturais Renováveis;44000;Ministério do Meio Ambiente e Mudança do Clima;773.13;2025
202505;84.307.974/0001-02;FUNDACAO UNIVERSIDADE DO VALE DO ITAJAI;Entidades Sem Fins Lucrativos;ITAJAÍ;SC;153173;FUNDO NACIONAL DE DESENVOLVIMENTO DA EDUCACAO;26298;Fundo Nacional de Desenvolvimento da Educação;26000;Ministério da Educação;2815.0;2025
202510;785344;DELEGACIA DA CAPITANIA DOS PORTOS EM ITAJAI;Agentes Intermediários;ITAJAÍ;SC;785344;DELEGACIA DA CAPITANIA DOS PORTOS EM ITAJAI;52131;Comando da Marinha;52000;Ministério da Defesa;2872.48;2025
202506;84.307.974/0001-02;FUNDACAO UNIVERSIDADE DO VALE DO ITAJAI;Entidades Sem Fins Lucrativos;ITAJAÍ;SC;240901;FUNDO NAC.DE DESENV. CIENT. E TECNOLOGICO;24901;Fundo Nacional de Desenvolvimento Científico e Tecnológico;24000;Ministério da Ciência, Tecnologia e Inovação;1378655.73;2025
202504;84.307.974/0001-02;FUNDACAO UNIVERSIDADE DO VALE DO ITAJAI;Entidades Sem Fins Lucrativos;ITAJAÍ;SC;364102;CONSELHO NAC DE DESENV CIENT E TECNOLOGICO;20501;Conselho Nacional de Desenvolvimento Científico e Tecnológico;24000;Ministério da Ciência, Tecnologia e Inovação;7643.3;2025
202504;08.259.606/0001-58;FUNDO MUNICIPAL DE SAUDE DE ITAJAI;Administração Pública;ITAJAÍ;SC;257001;DIRETORIA EXECUTIVA DO FUNDO NAC. DE SAUDE;36000;Ministério da Saúde - Unidades com vínculo direto;36000;Ministério da Saúde;22205692.79;2025
202501;84.307.974/0001-02;FUNDACAO UNIVERSIDADE DO VALE DO ITAJAI;Entidades Sem Fins Lucrativos;ITAJAÍ;SC;240305;COORDENACAO-GERAL DE TRANSFER. VOLUNTARIAS;24000;Ministério da Ciência, Tecnologia e Inovação - Unidades com vínculo direto;24000;Ministério da Ciência, Tecnologia e Inovação;235000.0;2025
202505;85.789.782/0002-23;COOPERATIVA REGIONAL AGROPECUARIA VALE DO ITAJAI;Entidades Empresariais Privadas;ITAJAÍ;SC;158460;IF CATARINENSE - CAMPUS CAMBORIU;26422;Instituto Federal de Educação, Ciência e Tecnologia Catarinense;26000;Ministério da Educação;5526.6;2025
202510;08.259.606/0001-58;FUNDO MUNICIPAL DE SAUDE DE ITAJAI;Administração Pública;ITAJAÍ;SC;257001;DIRETORIA EXECUTIVA DO FUNDO NAC. DE SAUDE;36000;Ministério da Saúde - Unidades com vínculo direto;36000;Ministério da Saúde;22924412.45;2025
202508;85.789.782/0002-23;COOPERATIVA REGIONAL AGROPECUARIA VALE DO ITAJAI;Entidades Empresariais Privadas;ITAJAÍ;SC;158460;IF CATARINENSE - CAMPUS CAMBORIU;26422;Instituto Federal de Educação, Ciência e Tecnologia Catarinense;26000;Ministério da Educação;2631.49;2025
202501;83.102.277/0001-52;MUNICIPIO DE ITAJAI;Administração Pública Municipal;ITAJAÍ;SC;193125;IBAMA - SUPERINTENDENCIA DE SANTA CATARINA/SC;20701;Instituto Brasileiro do Meio Ambiente e dos Recursos Naturais Renováveis;44000;Ministério do Meio Ambiente e Mudança do Clima;358.44;2025
202502;08.259.606/0001-58;FUNDO MUNICIPAL DE SAUDE DE ITAJAI;Administração Pública;ITAJAÍ;SC;257001;DIRETORIA EXECUTIVA DO FUNDO NAC. DE SAUDE;36000;Ministério da Saúde - Unidades com vínculo direto;36000;Ministério da Saúde;17260945.29;2025
202504;83.102.277/0001-52;MUNICIPIO DE ITAJAI;Administração Pública Municipal;ITAJAÍ;SC;193125;IBAMA - SUPERINTENDENCIA DE SANTA CATARINA/SC;20701;Instituto Brasileiro do Meio Ambiente e dos Recursos Naturais Renováveis;44000;Ministério do Meio Ambiente e Mudança do Clima;103.08;2025
202504;83.102.277/0001-52;MUNICIPIO DE ITAJAI;Administração Pública Municipal;ITAJAÍ;SC;153173;FUNDO NACIONAL DE DESENVOLVIMENTO DA EDUCACAO;26298;Fundo Nacional de Desenvolvimento da Educação;26000;Ministério da Educação;2388498.37;2025
202505;785344;DELEGACIA DA CAPITANIA DOS PORTOS EM ITAJAI;Agentes Intermediários;ITAJAÍ;SC;785344;DELEGACIA DA CAPITANIA DOS PORTOS EM ITAJAI;52131;Comando da Marinha;52000;Ministério da Defesa;1278.86;2025
202507;08.259.606/0001-58;FUNDO MUNICIPAL DE SAUDE DE ITAJAI;Administração Pública;ITAJAÍ;SC;257001;DIRETORIA EXECUTIVA DO FUNDO NAC. DE SAUDE;36000;Ministério da Saúde - Unidades com vínculo direto;36000;Ministério da Saúde;18347069.91;2025
202504;18.487.144/0001-80;I.G.I. INDUSTRIA DE GASES ITAJAI LTDA;Entidades Empresariais Privadas;ITAJAÍ;SC;513181;FRGPS - SUPERINTENDENCIA REGIONAL SUL;37904;Fundo do Regime Geral da Previdência Social;33000;Ministério da Previdência Social;500.0;2025
202503;83.102.277/0001-52;MUNICIPIO DE ITAJAI;Administração Pública Municipal;ITAJAÍ;SC;170011;SECRETARIA DO PATRIMONIO DA UNIAO;46000;Ministério da Gestão e da Inovação em Serviços Públicos - Unidades com vínculo direto;46000;Ministério da Gestão e da Inovação em Serviços Públicos;864290.19;2025
202501;09.333.052/0001-54;COOPERATIVA DE PRODUTORES RURAIS DE ITAJAI COOPERAR;Entidades Empresariais Privadas;ITAJAÍ;SC;158516;INST.FED.DE EDUC.,CIENC.E TEC.DE STA.CAT/IFSC;26438;Instituto Federal de Educação, Ciência e Tecnologia de Santa Catarina;26000;Ministério da Educação;7785.5;2025
202505;84.291.137/0001-32;RADIO DIFUSORA ITAJAI LTDA;Entidades Empresariais Privadas;ITAJAÍ;SC;110816;SECRETARIA DE COMUNICACAO SOCIAL/PR;20101;Presidência da República;20000;Presidência da República;66.07;2025
202501;01.823.752/0001-15;FUNDO MUNICIPAL DE ASSISTENCIA SOCIAL-FMAS DO MUNICIPIO DE ITAJAI;Administração Pública;ITAJAÍ;SC;330013;FUNDO NACIONAL DE ASSISTENCIA SOCIAL;55001;Fundo Nacional de Assistência Social;55000;Ministério do Desenvolvimento e Assistência Social, Família e Combate à Fome;23801.77;2025
202509;18.458.779/0001-59;PORTO ESPORTIVO ITAJAI S.A.;Entidades Empresariais Privadas;ITAJAÍ;SC;443033;INSTITUTO CHICO MENDES - SEDE;44207;Instituto Chico Mendes de Conservação da Biodiversidade;44000;Ministério do Meio Ambiente e Mudança do Clima;15.56;2025
202501;08.259.606/0001-58;FUNDO MUNICIPAL DE SAUDE DE ITAJAI;Administração Pública;ITAJAÍ;SC;257001;DIRETORIA EXECUTIVA DO FUNDO NAC. DE SAUDE;36000;Ministério da Saúde - Unidades com vínculo direto;36000;Ministério da Saúde;19227119.57;2025
202510;83.102.277/0001-52;MUNICIPIO DE ITAJAI;Administração Pública Municipal;ITAJAÍ;SC;510181;SUPERINTENDENCIA REGIONAL SUL;37202;Instituto Nacional do Seguro Social;33000;Ministério da Previdência Social;6.3;2025
202510;18.487.144/0001-80;I.G.I. INDUSTRIA DE GASES ITAJAI LTDA;Entidades Empresariais Privadas;ITAJAÍ;SC;513181;FRGPS - SUPERINTENDENCIA REGIONAL SUL;37904;Fundo do Regime Geral da Previdência Social;33000;Ministério da Previdência Social;500.0;2025
202508;08.259.606/0001-58;FUNDO MUNICIPAL DE SAUDE DE ITAJAI;Administração Pública;ITAJAÍ;SC;257001;DIRETORIA EXECUTIVA DO FUNDO NAC. DE SAUDE;36000;Ministério da Saúde - Unidades com vínculo direto;36000;Ministério da Saúde;22494275.34;2025
202503;01.823.752/0001-15;FUNDO MUNICIPAL DE ASSISTENCIA SOCIAL-FMAS DO MUNICIPIO DE ITAJAI;Administração Pública;ITAJAÍ;SC;330013;FUNDO NACIONAL DE ASSISTENCIA SOCIAL;55001;Fundo Nacional de Assistência Social;55000;Ministério do Desenvolvimento e Assistência Social, Família e Combate à Fome;121140.14;2025
202510;83.102.277/0001-52;MUNICIPIO DE ITAJAI;Administração Pública Municipal;ITAJAÍ;SC;157241;CEF - PAC/FNDE;26298;Fundo Nacional de Desenvolvimento da Educação;26000;Ministério da Educação;520873.65;2025
202502;18.458.779/0001-59;PORTO ESPORTIVO ITAJAI S.A.;Entidades Empresariais Privadas;ITAJAÍ;SC;158516;INST.FED.DE EDUC.,CIENC.E TEC.DE STA.CAT/IFSC;26438;Instituto Federal de Educação, Ciência e Tecnologia de Santa Catarina;26000;Ministério da Educação;7.95;2025
202507;01.823.752/0001-15;FUNDO MUNICIPAL DE ASSISTENCIA SOCIAL-FMAS DO MUNICIPIO DE ITAJAI;Administração Pública;ITAJAÍ;SC;330013;FUNDO NACIONAL DE ASSISTENCIA SOCIAL;55001;Fundo Nacional de Assistência Social;55000;Ministério do Desenvolvimento e Assistência Social, Família e Combate à Fome;230392.9;2025
202510;01.823.752/0001-15;FUNDO MUNICIPAL DE ASSISTENCIA SOCIAL-FMAS DO MUNICIPIO DE ITAJAI;Administração Pública;ITAJAÍ;SC;330013;FUNDO NACIONAL DE ASSISTENCIA SOCIAL;55001;Fundo Nacional de Assistência Social;55000;Ministério do Desenvolvimento e Assistência Social, Família e Combate à Fome;117533.7;2025
202510;83.102.277/0001-52;MUNICIPIO DE ITAJAI;Administração Pública Municipal;ITAJAÍ;SC;153173;FUNDO NACIONAL DE DESENVOLVIMENTO DA EDUCACAO;26298;Fundo Nacional de Desenvolvimento da Educação;26000;Ministério da Educação;1782721.68;2025
202512;83.102.277/0001-52;MUNICIPIO DE ITAJAI;Administração Pública Municipal;ITAJAÍ;SC;510181;SUPERINTENDENCIA REGIONAL SUL;37202;Instituto Nacional do Seguro Social;33000;Ministério da Previdência Social;1518.0;2025
202509;85.789.782/0002-23;COOPERATIVA REGIONAL AGROPECUARIA VALE DO ITAJAI;Entidades Empresariais Privadas;ITAJAÍ;SC;158460;IF CATARINENSE - CAMPUS CAMBORIU;26422;Instituto Federal de Educação, Ciência e Tecnologia Catarinense;26000;Ministério da Educação;2631.49;2025
202512;08.259.606/0001-58;FUNDO MUNICIPAL DE SAUDE DE ITAJAI;Administração Pública;ITAJAÍ;SC;257001;DIRETORIA EXECUTIVA DO FUNDO NAC. DE SAUDE;36000;Ministério da Saúde - Unidades com vínculo direto;36000;Ministério da Saúde;29729892.91;2025
202504;18.458.779/0001-59;PORTO ESPORTIVO ITAJAI S.A.;Entidades Empresariais Privadas;ITAJAÍ;SC;158516;INST.FED.DE EDUC.,CIENC.E TEC.DE STA.CAT/IFSC;26438;Instituto Federal de Educação, Ciência e Tecnologia de Santa Catarina;26000;Ministério da Educação;8.03;2025
202506;785344;DELEGACIA DA CAPITANIA DOS PORTOS EM ITAJAI;Agentes Intermediários;ITAJAÍ;SC;785344;DELEGACIA DA CAPITANIA DOS PORTOS EM ITAJAI;52131;Comando da Marinha;52000;Ministério da Defesa;3933.62;2025
202505;01.823.752/0001-15;FUNDO MUNICIPAL DE ASSISTENCIA SOCIAL-FMAS DO MUNICIPIO DE ITAJAI;Administração Pública;ITAJAÍ;SC;330013;FUNDO NACIONAL DE ASSISTENCIA SOCIAL;55001;Fundo Nacional de Assistência Social;55000;Ministério do Desenvolvimento e Assistência Social, Família e Combate à Fome;113005.62;2025
202502;84.307.974/0001-02;FUNDACAO UNIVERSIDADE DO VALE DO ITAJAI;Entidades Sem Fins Lucrativos;ITAJAÍ;SC;364102;CONSELHO NAC DE DESENV CIENT E TECNOLOGICO;20501;Conselho Nacional de Desenvolvimento Científico e Tecnológico;24000;Ministério da Ciência, Tecnologia e Inovação;2259.32;2025
202508;01.823.752/0001-15;FUNDO MUNICIPAL DE ASSISTENCIA SOCIAL-FMAS DO MUNICIPIO DE ITAJAI;Administração Pública;ITAJAÍ;SC;330013;FUNDO NACIONAL DE ASSISTENCIA SOCIAL;55001;Fundo Nacional de Assistência Social;55000;Ministério do Desenvolvimento e Assistência Social, Família e Combate à Fome;114111.99;2025
202510;84.307.974/0001-02;FUNDACAO UNIVERSIDADE DO VALE DO ITAJAI;Entidades Sem Fins Lucrativos;ITAJAÍ;SC;364102;CONSELHO NAC DE DESENV CIENT E TECNOLOGICO;20501;Conselho Nacional de Desenvolvimento Científico e Tecnológico;24000;Ministério da Ciência, Tecnologia e Inovação;13459.95;2025
202509;09.333.052/0001-54;COOPERATIVA DE PRODUTORES RURAIS DE ITAJAI COOPERAR;Entidades Empresariais Privadas;ITAJAÍ;SC;160446;62º BATALHAO DE INFANTARIA;52121;Comando do Exército;52000;Ministério da Defesa;8205.64;2025
202505;09.333.052/0001-54;COOPERATIVA DE PRODUTORES RURAIS DE ITAJAI COOPERAR;Entidades Empresariais Privadas;ITAJAÍ;SC;158516;INST.FED.DE EDUC.,CIENC.E TEC.DE STA.CAT/IFSC;26438;Instituto Federal de Educação, Ciência e Tecnologia de Santa Catarina;26000;Ministério da Educação;17320.5;2025
202502;83.102.277/0001-52;MUNICIPIO DE ITAJAI;Administração Pública Municipal;ITAJAÍ;SC;193125;IBAMA - SUPERINTENDENCIA DE SANTA CATARINA/SC;20701;Instituto Brasileiro do Meio Ambiente e dos Recursos Naturais Renováveis;44000;Ministério do Meio Ambiente e Mudança do Clima;247.15;2025
202502;18.487.144/0001-80;I.G.I. INDUSTRIA DE GASES ITAJAI LTDA;Entidades Empresariais Privadas;ITAJAÍ;SC;513181;FRGPS - SUPERINTENDENCIA REGIONAL SUL;37904;Fundo do Regime Geral da Previdência Social;33000;Ministério da Previdência Social;500.0;2025
202504;785344;DELEGACIA DA CAPITANIA DOS PORTOS EM ITAJAI;Agentes Intermediários;ITAJAÍ;SC;785344;DELEGACIA DA CAPITANIA DOS PORTOS EM ITAJAI;52131;Comando da Marinha;52000;Ministério da Defesa;448.0;2025
202508;83.102.277/0001-52;MUNICIPIO DE ITAJAI;Administração Pública Municipal;ITAJAÍ;SC;153173;FUNDO NACIONAL DE DESENVOLVIMENTO DA EDUCACAO;26298;Fundo Nacional de Desenvolvimento da Educação;26000;Ministério da Educação;2347526.75;2025
202512;83.102.277/0001-52;MUNICIPIO DE ITAJAI;Administração Pública Municipal;ITAJAÍ;SC;153173;FUNDO NACIONAL DE DESENVOLVIMENTO DA EDUCACAO;26298;Fundo Nacional de Desenvolvimento da Educação;26000;Ministério da Educação;230399.75;2025
202507;85.789.782/0002-23;COOPERATIVA REGIONAL AGROPECUARIA VALE DO ITAJAI;Entidades Empresariais Privadas;ITAJAÍ;SC;158125;INSTITUTO FEDERAL CATARINENSE - REITORIA;26422;Instituto Federal de Educação, Ciência e Tecnologia Catarinense;26000;Ministério da Educação;343.4;2025
202507;09.333.052/0001-54;COOPERATIVA DE PRODUTORES RURAIS DE ITAJAI COOPERAR;Entidades Empresariais Privadas;ITAJAÍ;SC;158516;INST.FED.DE EDUC.,CIENC.E TEC.DE STA.CAT/IFSC;26438;Instituto Federal de Educação, Ciência e Tecnologia de Santa Catarina;26000;Ministério da Educação;9726.8;2025
202512;83.102.277/0001-52;MUNICIPIO DE ITAJAI;Administração Pública Municipal;ITAJAÍ;SC;193125;IBAMA - SUPERINTENDENCIA DE SANTA CATARINA/SC;20701;Instituto Brasileiro do Meio Ambiente e dos Recursos Naturais Renováveis;44000;Ministério do Meio Ambiente e Mudança do Clima;99.49;2025
202509;83.102.277/0001-52;MUNICIPIO DE ITAJAI;Administração Pública Municipal;ITAJAÍ;SC;170860;COORD.-GERAL DE TRANSFE. INTERGOVERNAMENTAIS;25000;Ministério da Fazenda - Unidades com vínculo direto;25000;Ministério da Fazenda;1485000.0;2025
202506;84.307.974/0001-02;FUNDACAO UNIVERSIDADE DO VALE DO ITAJAI;Entidades Sem Fins Lucrativos;ITAJAÍ;SC;364102;CONSELHO NAC DE DESENV CIENT E TECNOLOGICO;20501;Conselho Nacional de Desenvolvimento Científico e Tecnológico;24000;Ministério da Ciência, Tecnologia e Inovação;7358.3;2025
202509;85.789.782/0002-23;COOPERATIVA REGIONAL AGROPECUARIA VALE DO ITAJAI;Entidades Empresariais Privadas;ITAJAÍ;SC;158125;INSTITUTO FEDERAL CATARINENSE - REITORIA;26422;Instituto Federal de Educação, Ciência e Tecnologia Catarinense;26000;Ministério da Educação;163.51;2025
202506;83.102.277/0001-52;MUNICIPIO DE ITAJAI;Administração Pública Municipal;ITAJAÍ;SC;153173;FUNDO NACIONAL DE DESENVOLVIMENTO DA EDUCACAO;26298;Fundo Nacional de Desenvolvimento da Educação;26000;Ministério da Educação;2435632.46;2025
202506;83.102.277/0001-52;MUNICIPIO DE ITAJAI;Administração Pública Municipal;ITAJAÍ;SC;193125;IBAMA - SUPERINTENDENCIA DE SANTA CATARINA/SC;20701;Instituto Brasileiro do Meio Ambiente e dos Recursos Naturais Renováveis;44000;Ministério do Meio Ambiente e Mudança do Clima;210.77;2025
202501;84.291.137/0001-32;RADIO DIFUSORA ITAJAI LTDA;Entidades Empresariais Privadas;ITAJAÍ;SC;110816;SECRETARIA DE COMUNICACAO SOCIAL/PR;20101;Presidência da República;20000;Presidência da República;57.45;2025
202506;08.259.606/0001-58;FUNDO MUNICIPAL DE SAUDE DE ITAJAI;Administração Pública;ITAJAÍ;SC;257001;DIRETORIA EXECUTIVA DO FUNDO NAC. DE SAUDE;36000;Ministério da Saúde - Unidades com vínculo direto;36000;Ministério da Saúde;19382989.33;2025
202511;01.823.752/0001-15;FUNDO MUNICIPAL DE ASSISTENCIA SOCIAL-FMAS DO MUNICIPIO DE ITAJAI;Administração Pública;ITAJAÍ;SC;330013;FUNDO NACIONAL DE ASSISTENCIA SOCIAL;55001;Fundo Nacional de Assistência Social;55000;Ministério do Desenvolvimento e Assistência Social, Família e Combate à Fome;117366.89;2025
202511;09.333.052/0001-54;COOPERATIVA DE PRODUTORES RURAIS DE ITAJAI COOPERAR;Entidades Empresariais Privadas;ITAJAÍ;SC;158516;INST.FED.DE EDUC.,CIENC.E TEC.DE STA.CAT/IFSC;26438;Instituto Federal de Educação, Ciência e Tecnologia de Santa Catarina;26000;Ministério da Educação;4953.9;2025
202506;18.487.144/0001-80;I.G.I. INDUSTRIA DE GASES ITAJAI LTDA;Entidades Empresariais Privadas;ITAJAÍ;SC;513181;FRGPS - SUPERINTENDENCIA REGIONAL SUL;37904;Fundo do Regime Geral da Previdência Social;33000;Ministério da Previdência Social;500.0;2025
202509;84.307.974/0001-02;FUNDACAO UNIVERSIDADE DO VALE DO ITAJAI;Entidades Sem Fins Lucrativos;ITAJAÍ;SC;240305;COORDENACAO-GERAL DE TRANSFER. VOLUNTARIAS;24000;Ministério da Ciência, Tecnologia e Inovação - Unidades com vínculo direto;24000;Ministério da Ciência, Tecnologia e Inovação;30000.0;2025
202512;84.307.974/0001-02;FUNDACAO UNIVERSIDADE DO VALE DO ITAJAI;Entidades Sem Fins Lucrativos;ITAJAÍ;SC;364102;CONSELHO NAC DE DESENV CIENT E TECNOLOGICO;20501;Conselho Nacional de Desenvolvimento Científico e Tecnológico;24000;Ministério da Ciência, Tecnologia e Inovação;26919.9;2025
202509;01.823.752/0001-15;FUNDO MUNICIPAL DE ASSISTENCIA SOCIAL-FMAS DO MUNICIPIO DE ITAJAI;Administração Pública;ITAJAÍ;SC;330013;FUNDO NACIONAL DE ASSISTENCIA SOCIAL;55001;Fundo Nacional de Assistência Social;55000;Ministério do Desenvolvimento e Assistência Social, Família e Combate à Fome;142546.18;2025
202503;84.291.137/0001-32;RADIO DIFUSORA ITAJAI LTDA;Entidades Empresariais Privadas;ITAJAÍ;SC;110816;SECRETARIA DE COMUNICACAO SOCIAL/PR;20101;Presidência da República;20000;Presidência da República;186.73;2025
202605;83.102.277/0001-52;MUNICIPIO DE ITAJAI;Administração Pública Municipal;ITAJAÍ;SC;193125;IBAMA - SUPERINTENDENCIA DE SANTA CATARINA/SC;20701;Instituto Brasileiro do Meio Ambiente e dos Recursos Naturais Renováveis;44000;Ministério do Meio Ambiente e Mudança do Clima;235.97;2026
202603;18.487.144/0001-80;I.G.I. INDUSTRIA DE GASES ITAJAI LTDA;Entidades Empresariais Privadas;ITAJAÍ;SC;513181;FRGPS - SUPERINTENDENCIA REGIONAL SUL;37904;Fundo do Regime Geral da Previdência Social;33000;Ministério da Previdência Social;500.0;2026
202601;18.487.144/0001-80;I.G.I. INDUSTRIA DE GASES ITAJAI LTDA;Entidades Empresariais Privadas;ITAJAÍ;SC;513181;FRGPS - SUPERINTENDENCIA REGIONAL SUL;37904;Fundo do Regime Geral da Previdência Social;33000;Ministério da Previdência Social;500.0;2026
202605;08.259.606/0001-58;FUNDO MUNICIPAL DE SAUDE DE ITAJAI;Administração Pública;ITAJAÍ;SC;257001;DIRETORIA EXECUTIVA DO FUNDO NAC. DE SAUDE;36000;Ministério da Saúde - Unidades com vínculo direto;36000;Ministério da Saúde;23667707.44;2026
202605;785344;DELEGACIA DA CAPITANIA DOS PORTOS EM ITAJAI;Agentes Intermediários;ITAJAÍ;SC;785344;DELEGACIA DA CAPITANIA DOS PORTOS EM ITAJAI;52131;Comando da Marinha;52000;Ministério da Defesa;2514.0;2026
202607;83.102.277/0001-52;MUNICIPIO DE ITAJAI;Administração Pública Municipal;ITAJAÍ;SC;510181;SUPERINTENDENCIA REGIONAL SUL;37202;Instituto Nacional do Seguro Social;33000;Ministério da Previdência Social;1621.0;2026
202602;83.102.277/0001-52;MUNICIPIO DE ITAJAI;Administração Pública Municipal;ITAJAÍ;SC;510181;SUPERINTENDENCIA REGIONAL SUL;37202;Instituto Nacional do Seguro Social;33000;Ministério da Previdência Social;1621.0;2026
202605;83.102.277/0001-52;MUNICIPIO DE ITAJAI;Administração Pública Municipal;ITAJAÍ;SC;200477;TRANSFERENCIAS ESPECIAIS;46000;Ministério da Gestão e da Inovação em Serviços Públicos - Unidades com vínculo direto;46000;Ministério da Gestão e da Inovação em Serviços Públicos;2985000.0;2026
202606;83.102.277/0001-52;MUNICIPIO DE ITAJAI;Administração Pública Municipal;ITAJAÍ;SC;153173;FUNDO NACIONAL DE DESENVOLVIMENTO DA EDUCACAO;26298;Fundo Nacional de Desenvolvimento da Educação;26000;Ministério da Educação;2675870.06;2026
202605;84.307.974/0001-02;FUNDACAO UNIVERSIDADE DO VALE DO ITAJAI;Entidades Sem Fins Lucrativos;ITAJAÍ;SC;364102;CONSELHO NAC DE DESENV CIENT E TECNOLOGICO;20501;Conselho Nacional de Desenvolvimento Científico e Tecnológico;24000;Ministério da Ciência, Tecnologia e Inovação;8920.63;2026
202605;83.102.277/0001-52;MUNICIPIO DE ITAJAI;Administração Pública Municipal;ITAJAÍ;SC;153173;FUNDO NACIONAL DE DESENVOLVIMENTO DA EDUCACAO;26298;Fundo Nacional de Desenvolvimento da Educação;26000;Ministério da Educação;2680473.75;2026
202607;83.102.277/0001-52;MUNICIPIO DE ITAJAI;Administração Pública Municipal;ITAJAÍ;SC;193125;IBAMA - SUPERINTENDENCIA DE SANTA CATARINA/SC;20701;Instituto Brasileiro do Meio Ambiente e dos Recursos Naturais Renováveis;44000;Ministério do Meio Ambiente e Mudança do Clima;246.31;2026
202606;09.333.052/0001-54;COOPERATIVA DE PRODUTORES RURAIS DE ITAJAI COOPERAR;Entidades Empresariais Privadas;ITAJAÍ;SC;158516;INST.FED.DE EDUC.,CIENC.E TEC.DE STA.CAT/IFSC;26438;Instituto Federal de Educação, Ciência e Tecnologia de Santa Catarina;26000;Ministério da Educação;6974.8;2026
202604;09.333.052/0001-54;COOPERATIVA DE PRODUTORES RURAIS DE ITAJAI COOPERAR;Entidades Empresariais Privadas;ITAJAÍ;SC;158516;INST.FED.DE EDUC.,CIENC.E TEC.DE STA.CAT/IFSC;26438;Instituto Federal de Educação, Ciência e Tecnologia de Santa Catarina;26000;Ministério da Educação;2333.1;2026
202604;83.102.277/0001-52;MUNICIPIO DE ITAJAI;Administração Pública Municipal;ITAJAÍ;SC;157241;CEF - PAC/FNDE;26298;Fundo Nacional de Desenvolvimento da Educação;26000;Ministério da Educação;199415.54;2026
202601;83.102.277/0001-52;MUNICIPIO DE ITAJAI;Administração Pública Municipal;ITAJAÍ;SC;510181;SUPERINTENDENCIA REGIONAL SUL;37202;Instituto Nacional do Seguro Social;33000;Ministério da Previdência Social;1518.0;2026
202602;18.487.144/0001-80;I.G.I. INDUSTRIA DE GASES ITAJAI LTDA;Entidades Empresariais Privadas;ITAJAÍ;SC;513181;FRGPS - SUPERINTENDENCIA REGIONAL SUL;37904;Fundo do Regime Geral da Previdência Social;33000;Ministério da Previdência Social;500.0;2026
202601;785344;DELEGACIA DA CAPITANIA DOS PORTOS EM ITAJAI;Agentes Intermediários;ITAJAÍ;SC;785344;DELEGACIA DA CAPITANIA DOS PORTOS EM ITAJAI;52131;Comando da Marinha;52000;Ministério da Defesa;7602.0;2026
202603;83.102.277/0001-52;MUNICIPIO DE ITAJAI;Administração Pública Municipal;ITAJAÍ;SC;510181;SUPERINTENDENCIA REGIONAL SUL;37202;Instituto Nacional do Seguro Social;33000;Ministério da Previdência Social;1621.0;2026
202607;08.259.606/0001-58;FUNDO MUNICIPAL DE SAUDE DE ITAJAI;Administração Pública;ITAJAÍ;SC;257001;DIRETORIA EXECUTIVA DO FUNDO NAC. DE SAUDE;36000;Ministério da Saúde - Unidades com vínculo direto;36000;Ministério da Saúde;18301908.65;2026
202603;83.102.277/0001-52;MUNICIPIO DE ITAJAI;Administração Pública Municipal;ITAJAÍ;SC;193125;IBAMA - SUPERINTENDENCIA DE SANTA CATARINA/SC;20701;Instituto Brasileiro do Meio Ambiente e dos Recursos Naturais Renováveis;44000;Ministério do Meio Ambiente e Mudança do Clima;574.35;2026
202603;83.102.277/0001-52;MUNICIPIO DE ITAJAI;Administração Pública Municipal;ITAJAÍ;SC;153173;FUNDO NACIONAL DE DESENVOLVIMENTO DA EDUCACAO;26298;Fundo Nacional de Desenvolvimento da Educação;26000;Ministério da Educação;815854.0;2026
202607;83.102.277/0001-52;MUNICIPIO DE ITAJAI;Administração Pública Municipal;ITAJAÍ;SC;153173;FUNDO NACIONAL DE DESENVOLVIMENTO DA EDUCACAO;26298;Fundo Nacional de Desenvolvimento da Educação;26000;Ministério da Educação;2662467.7;2026
202603;83.102.277/0001-52;MUNICIPIO DE ITAJAI;Administração Pública Municipal;ITAJAÍ;SC;157241;CEF - PAC/FNDE;26298;Fundo Nacional de Desenvolvimento da Educação;26000;Ministério da Educação;305329.13;2026
202603;08.259.606/0001-58;FUNDO MUNICIPAL DE SAUDE DE ITAJAI;Administração Pública;ITAJAÍ;SC;257001;DIRETORIA EXECUTIVA DO FUNDO NAC. DE SAUDE;36000;Ministério da Saúde - Unidades com vínculo direto;36000;Ministério da Saúde;24905130.41;2026
202603;01.823.752/0001-15;FUNDO MUNICIPAL DE ASSISTENCIA SOCIAL-FMAS DO MUNICIPIO DE ITAJAI;Administração Pública;ITAJAÍ;SC;330013;FUNDO NACIONAL DE ASSISTENCIA SOCIAL;55001;Fundo Nacional de Assistência Social;55000;Ministério do Desenvolvimento e Assistência Social, Família e Combate à Fome;236618.96;2026
202602;09.333.052/0001-54;COOPERATIVA DE PRODUTORES RURAIS DE ITAJAI COOPERAR;Entidades Empresariais Privadas;ITAJAÍ;SC;158516;INST.FED.DE EDUC.,CIENC.E TEC.DE STA.CAT/IFSC;26438;Instituto Federal de Educação, Ciência e Tecnologia de Santa Catarina;26000;Ministério da Educação;7859.2;2026
202607;84.307.974/0001-02;FUNDACAO UNIVERSIDADE DO VALE DO ITAJAI;Entidades Sem Fins Lucrativos;ITAJAÍ;SC;364102;CONSELHO NAC DE DESENV CIENT E TECNOLOGICO;20501;Conselho Nacional de Desenvolvimento Científico e Tecnológico;24000;Ministério da Ciência, Tecnologia e Inovação;8920.63;2026
202601;44.342.683/0001-30;ATLANTICA HOTELS INTERNATIONAL (BRASIL) LTDA SCP - HILTON GARDEN INN RIVIERA ITAJAI;Entidades Empresariais Privadas;ITAJAÍ;SC;495130;COMPANHIA DE PESQUISA DE RECURSOS MINERAIS;29208;Companhia de Pesquisa de Recursos Minerais;32000;Ministério de Minas e Energia;51.47;2026
202605;83.102.277/0001-52;MUNICIPIO DE ITAJAI;Administração Pública Municipal;ITAJAÍ;SC;510181;SUPERINTENDENCIA REGIONAL SUL;37202;Instituto Nacional do Seguro Social;33000;Ministério da Previdência Social;1621.0;2026
202604;84.307.974/0001-02;FUNDACAO UNIVERSIDADE DO VALE DO ITAJAI;Entidades Sem Fins Lucrativos;ITAJAÍ;SC;364102;CONSELHO NAC DE DESENV CIENT E TECNOLOGICO;20501;Conselho Nacional de Desenvolvimento Científico e Tecnológico;24000;Ministério da Ciência, Tecnologia e Inovação;10905.29;2026
202604;18.458.779/0001-59;PORTO ESPORTIVO ITAJAI S.A.;Entidades Empresariais Privadas;ITAJAÍ;SC;443033;INSTITUTO CHICO MENDES - SEDE;44207;Instituto Chico Mendes de Conservação da Biodiversidade;44000;Ministério do Meio Ambiente e Mudança do Clima;13.67;2026
202601;08.259.606/0001-58;FUNDO MUNICIPAL DE SAUDE DE ITAJAI;Administração Pública;ITAJAÍ;SC;257001;DIRETORIA EXECUTIVA DO FUNDO NAC. DE SAUDE;36000;Ministério da Saúde - Unidades com vínculo direto;36000;Ministério da Saúde;20473747.27;2026
202601;18.458.779/0001-59;PORTO ESPORTIVO ITAJAI S.A.;Entidades Empresariais Privadas;ITAJAÍ;SC;443033;INSTITUTO CHICO MENDES - SEDE;44207;Instituto Chico Mendes de Conservação da Biodiversidade;44000;Ministério do Meio Ambiente e Mudança do Clima;20.14;2026
202604;83.102.277/0001-52;MUNICIPIO DE ITAJAI;Administração Pública Municipal;ITAJAÍ;SC;170011;SECRETARIA DO PATRIMONIO DA UNIAO;46000;Ministério da Gestão e da Inovação em Serviços Públicos - Unidades com vínculo direto;46000;Ministério da Gestão e da Inovação em Serviços Públicos;776953.03;2026
202607;18.487.144/0001-80;I.G.I. INDUSTRIA DE GASES ITAJAI LTDA;Entidades Empresariais Privadas;ITAJAÍ;SC;513181;FRGPS - SUPERINTENDENCIA REGIONAL SUL;37904;Fundo do Regime Geral da Previdência Social;33000;Ministério da Previdência Social;1000.0;2026
202606;83.102.277/0001-52;MUNICIPIO DE ITAJAI;Administração Pública Municipal;ITAJAÍ;SC;157241;CEF - PAC/FNDE;26298;Fundo Nacional de Desenvolvimento da Educação;26000;Ministério da Educação;178940.42;2026
202605;09.333.052/0001-54;COOPERATIVA DE PRODUTORES RURAIS DE ITAJAI COOPERAR;Entidades Empresariais Privadas;ITAJAÍ;SC;158516;INST.FED.DE EDUC.,CIENC.E TEC.DE STA.CAT/IFSC;26438;Instituto Federal de Educação, Ciência e Tecnologia de Santa Catarina;26000;Ministério da Educação;15145.9;2026
202601;83.102.277/0001-52;MUNICIPIO DE ITAJAI;Administração Pública Municipal;ITAJAÍ;SC;153173;FUNDO NACIONAL DE DESENVOLVIMENTO DA EDUCACAO;26298;Fundo Nacional de Desenvolvimento da Educação;26000;Ministério da Educação;3108835.91;2026
202604;83.102.277/0001-52;MUNICIPIO DE ITAJAI;Administração Pública Municipal;ITAJAÍ;SC;153173;FUNDO NACIONAL DE DESENVOLVIMENTO DA EDUCACAO;26298;Fundo Nacional de Desenvolvimento da Educação;26000;Ministério da Educação;2951342.84;2026
202601;01.823.752/0001-15;FUNDO MUNICIPAL DE ASSISTENCIA SOCIAL-FMAS DO MUNICIPIO DE ITAJAI;Administração Pública;ITAJAÍ;SC;330013;FUNDO NACIONAL DE ASSISTENCIA SOCIAL;55001;Fundo Nacional de Assistência Social;55000;Ministério do Desenvolvimento e Assistência Social, Família e Combate à Fome;133204.47;2026
202607;09.333.052/0001-54;COOPERATIVA DE PRODUTORES RURAIS DE ITAJAI COOPERAR;Entidades Empresariais Privadas;ITAJAÍ;SC;158516;INST.FED.DE EDUC.,CIENC.E TEC.DE STA.CAT/IFSC;26438;Instituto Federal de Educação, Ciência e Tecnologia de Santa Catarina;26000;Ministério da Educação;13016.2;2026
202606;01.823.752/0001-15;FUNDO MUNICIPAL DE ASSISTENCIA SOCIAL-FMAS DO MUNICIPIO DE ITAJAI;Administração Pública;ITAJAÍ;SC;330013;FUNDO NACIONAL DE ASSISTENCIA SOCIAL;55001;Fundo Nacional de Assistência Social;55000;Ministério do Desenvolvimento e Assistência Social, Família e Combate à Fome;434215.14;2026
202604;01.823.752/0001-15;FUNDO MUNICIPAL DE ASSISTENCIA SOCIAL-FMAS DO MUNICIPIO DE ITAJAI;Administração Pública;ITAJAÍ;SC;330013;FUNDO NACIONAL DE ASSISTENCIA SOCIAL;55001;Fundo Nacional de Assistência Social;55000;Ministério do Desenvolvimento e Assistência Social, Família e Combate à Fome;132892.45;2026
202604;83.102.277/0001-52;MUNICIPIO DE ITAJAI;Administração Pública Municipal;ITAJAÍ;SC;510181;SUPERINTENDENCIA REGIONAL SUL;37202;Instituto Nacional do Seguro Social;33000;Ministério da Previdência Social;1621.0;2026
202604;83.102.277/0001-52;MUNICIPIO DE ITAJAI;Administração Pública Municipal;ITAJAÍ;SC;130072;SUPERINT.DE AGRICULTURA E PECUARIA - SFA/SC;22000;Ministério da Agricultura e Pecuária - Unidades com vínculo direto;22000;Ministério da Agricultura e Pecuária;151.64;2026
202606;83.102.277/0001-52;MUNICIPIO DE ITAJAI;Administração Pública Municipal;ITAJAÍ;SC;193125;IBAMA - SUPERINTENDENCIA DE SANTA CATARINA/SC;20701;Instituto Brasileiro do Meio Ambiente e dos Recursos Naturais Renováveis;44000;Ministério do Meio Ambiente e Mudança do Clima;523.61;2026
202606;83.102.277/0001-52;MUNICIPIO DE ITAJAI;Administração Pública Municipal;ITAJAÍ;SC;200477;TRANSFERENCIAS ESPECIAIS;46000;Ministério da Gestão e da Inovação em Serviços Públicos - Unidades com vínculo direto;46000;Ministério da Gestão e da Inovação em Serviços Públicos;166989.28;2026
202606;84.307.974/0001-02;FUNDACAO UNIVERSIDADE DO VALE DO ITAJAI;Entidades Sem Fins Lucrativos;ITAJAÍ;SC;364102;CONSELHO NAC DE DESENV CIENT E TECNOLOGICO;20501;Conselho Nacional de Desenvolvimento Científico e Tecnológico;24000;Ministério da Ciência, Tecnologia e Inovação;8920.63;2026
202604;785344;DELEGACIA DA CAPITANIA DOS PORTOS EM ITAJAI;Agentes Intermediários;ITAJAÍ;SC;785344;DELEGACIA DA CAPITANIA DOS PORTOS EM ITAJAI;52131;Comando da Marinha;52000;Ministério da Defesa;261.18;2026
202603;18.458.779/0001-59;PORTO ESPORTIVO ITAJAI S.A.;Entidades Empresariais Privadas;ITAJAÍ;SC;443033;INSTITUTO CHICO MENDES - SEDE;44207;Instituto Chico Mendes de Conservação da Biodiversidade;44000;Ministério do Meio Ambiente e Mudança do Clima;4.65;2026
202604;08.259.606/0001-58;FUNDO MUNICIPAL DE SAUDE DE ITAJAI;Administração Pública;ITAJAÍ;SC;257001;DIRETORIA EXECUTIVA DO FUNDO NAC. DE SAUDE;36000;Ministério da Saúde - Unidades com vínculo direto;36000;Ministério da Saúde;21173050.26;2026
202605;01.823.752/0001-15;FUNDO MUNICIPAL DE ASSISTENCIA SOCIAL-FMAS DO MUNICIPIO DE ITAJAI;Administração Pública;ITAJAÍ;SC;330013;FUNDO NACIONAL DE ASSISTENCIA SOCIAL;55001;Fundo Nacional de Assistência Social;55000;Ministério do Desenvolvimento e Assistência Social, Família e Combate à Fome;183151.43;2026
202603;84.307.974/0001-02;FUNDACAO UNIVERSIDADE DO VALE DO ITAJAI;Entidades Sem Fins Lucrativos;ITAJAÍ;SC;364102;CONSELHO NAC DE DESENV CIENT E TECNOLOGICO;20501;Conselho Nacional de Desenvolvimento Científico e Tecnológico;24000;Ministério da Ciência, Tecnologia e Inovação;12615.29;2026
202606;08.259.606/0001-58;FUNDO MUNICIPAL DE SAUDE DE ITAJAI;Administração Pública;ITAJAÍ;SC;257001;DIRETORIA EXECUTIVA DO FUNDO NAC. DE SAUDE;36000;Ministério da Saúde - Unidades com vínculo direto;36000;Ministério da Saúde;22859042.3;2026
202603;84.307.974/0001-02;FUNDACAO UNIVERSIDADE DO VALE DO ITAJAI;Entidades Sem Fins Lucrativos;ITAJAÍ;SC;240901;FUNDO NAC.DE DESENV. CIENT. E TECNOLOGICO;24901;Fundo Nacional de Desenvolvimento Científico e Tecnológico;24000;Ministério da Ciência, Tecnologia e Inovação;1816869.59;2026
202605;83.102.277/0001-52;MUNICIPIO DE ITAJAI;Administração Pública Municipal;ITAJAÍ;SC;157241;CEF - PAC/FNDE;26298;Fundo Nacional de Desenvolvimento da Educação;26000;Ministério da Educação;16128.98;2026
202607;01.823.752/0001-15;FUNDO MUNICIPAL DE ASSISTENCIA SOCIAL-FMAS DO MUNICIPIO DE ITAJAI;Administração Pública;ITAJAÍ;SC;330013;FUNDO NACIONAL DE ASSISTENCIA SOCIAL;55001;Fundo Nacional de Assistência Social;55000;Ministério do Desenvolvimento e Assistência Social, Família e Combate à Fome;132509.41;2026
202603;09.333.052/0001-54;COOPERATIVA DE PRODUTORES RURAIS DE ITAJAI COOPERAR;Entidades Empresariais Privadas;ITAJAÍ;SC;158516;INST.FED.DE EDUC.,CIENC.E TEC.DE STA.CAT/IFSC;26438;Instituto Federal de Educação, Ciência e Tecnologia de Santa Catarina;26000;Ministério da Educação;9651.8;2026
202607;83.102.277/0001-52;MUNICIPIO DE ITAJAI;Administração Pública Municipal;ITAJAÍ;SC;157241;CEF - PAC/FNDE;26298;Fundo Nacional de Desenvolvimento da Educação;26000;Ministério da Educação;559.58;2026
202604;18.487.144/0001-80;I.G.I. INDUSTRIA DE GASES ITAJAI LTDA;Entidades Empresariais Privadas;ITAJAÍ;SC;513181;FRGPS - SUPERINTENDENCIA REGIONAL SUL;37904;Fundo do Regime Geral da Previdência Social;33000;Ministério da Previdência Social;500.0;2026
202606;785344;DELEGACIA DA CAPITANIA DOS PORTOS EM ITAJAI;Agentes Intermediários;ITAJAÍ;SC;785344;DELEGACIA DA CAPITANIA DOS PORTOS EM ITAJAI;52131;Comando da Marinha;52000;Ministério da Defesa;2620.0;2026
202602;84.307.974/0001-02;FUNDACAO UNIVERSIDADE DO VALE DO ITAJAI;Entidades Sem Fins Lucrativos;ITAJAÍ;SC;364102;CONSELHO NAC DE DESENV CIENT E TECNOLOGICO;20501;Conselho Nacional de Desenvolvimento Científico e Tecnológico;24000;Ministério da Ciência, Tecnologia e Inovação;13037.62;2026
202604;83.102.277/0001-52;MUNICIPIO DE ITAJAI;Administração Pública Municipal;ITAJAÍ;SC;193125;IBAMA - SUPERINTENDENCIA DE SANTA CATARINA/SC;20701;Instituto Brasileiro do Meio Ambiente e dos Recursos Naturais Renováveis;44000;Ministério do Meio Ambiente e Mudança do Clima;153.65;2026
202606;18.487.144/0001-80;I.G.I. INDUSTRIA DE GASES ITAJAI LTDA;Entidades Empresariais Privadas;ITAJAÍ;SC;513181;FRGPS - SUPERINTENDENCIA REGIONAL SUL;37904;Fundo do Regime Geral da Previdência Social;33000;Ministério da Previdência Social;500.0;2026
202606;83.102.277/0001-52;MUNICIPIO DE ITAJAI;Administração Pública Municipal;ITAJAÍ;SC;130072;SUPERINT.DE AGRICULTURA E PECUARIA - SFA/SC;22000;Ministério da Agricultura e Pecuária - Unidades com vínculo direto;22000;Ministério da Agricultura e Pecuária;25.82;2026
202602;08.259.606/0001-58;FUNDO MUNICIPAL DE SAUDE DE ITAJAI;Administração Pública;ITAJAÍ;SC;257001;DIRETORIA EXECUTIVA DO FUNDO NAC. DE SAUDE;36000;Ministério da Saúde - Unidades com vínculo direto;36000;Ministério da Saúde;19862965.59;2026
202602;785344;DELEGACIA DA CAPITANIA DOS PORTOS EM ITAJAI;Agentes Intermediários;ITAJAÍ;SC;785344;DELEGACIA DA CAPITANIA DOS PORTOS EM ITAJAI;52131;Comando da Marinha;52000;Ministério da Defesa;234.0;2026
202606;83.102.277/0001-52;MUNICIPIO DE ITAJAI;Administração Pública Municipal;ITAJAÍ;SC;510181;SUPERINTENDENCIA REGIONAL SUL;37202;Instituto Nacional do Seguro Social;33000;Ministério da Previdência Social;1621.0;2026
202602;83.102.277/0001-52;MUNICIPIO DE ITAJAI;Administração Pública Municipal;ITAJAÍ;SC;153173;FUNDO NACIONAL DE DESENVOLVIMENTO DA EDUCACAO;26298;Fundo Nacional de Desenvolvimento da Educação;26000;Ministério da Educação;2667287.23;2026
