{"type":"FeatureCollection","crs":{"type":"name","properties":{"name":"EPSG:4326"}},"features":[{"type":"Feature","id":1,"geometry":{"type":"Polygon","coordinates":[[[-48.682779225175054,-26.886529363790391],[-48.68279890370021,-26.886642336717067],[-48.682505208742704,-26.887829844438588],[-48.6837143192475,-26.889320206370051],[-48.684467210023847,-26.890014965804728],[-48.684913807639255,-26.890348724641377],[-48.686145904043997,-26.891337871292318],[-48.6867958651602,-26.891884294107317],[-48.687482684085239,-26.892494013679407],[-48.688526595902765,-26.893673848274034],[-48.688804964408824,-26.894675855297862],[-48.688841152061983,-26.895083977899937],[-48.688790345768545,-26.895393779153057],[-48.688314099624762,-26.895836260699841],[-48.688065332566453,-26.895877784652676],[-48.687558455704078,-26.895795387194028],[-48.686815785574979,-26.895429839204898],[-48.68588943054759,-26.894876035932175],[-48.685635042242893,-26.894569782415569],[-48.685022794841821,-26.894043921540796],[-48.684598014719796,-26.893521132629573],[-48.684188098361076,-26.89289314231646],[-48.684057576668927,-26.892591767734931],[-48.683813408060942,-26.89240822233684],[-48.683454430690958,-26.892399482416536],[-48.683210513103482,-26.892515174723698],[-48.682816230437616,-26.892990329203258],[-48.682622889628988,-26.893543283718806],[-48.681792648652802,-26.893552295738512],[-48.68076226138917,-26.893580971466957],[-48.677934699352789,-26.893676989424698],[-48.675850962318123,-26.893744952589486],[-48.674972095413423,-26.893182332647896],[-48.674307493614236,-26.893973566789516],[-48.672614278543456,-26.892664215955495],[-48.673700827754381,-26.891321918839488],[-48.674234256276215,-26.891043587864907],[-48.674029400966589,-26.890896413806537],[-48.673808930030397,-26.889782805377955],[-48.673547934154776,-26.889529561844885],[-48.673548235993508,-26.8890958413681],[-48.673369121310863,-26.888618103316261],[-48.671371730916327,-26.887063291948021],[-48.671883481576636,-26.886532782011155],[-48.670882542392015,-26.885656527019215],[-48.670297052727136,-26.886293606721114],[-48.666343133277358,-26.883082865740146],[-48.666595026766601,-26.882818282647655],[-48.667483034720121,-26.882195600936964],[-48.669570627463415,-26.881346718455074],[-48.670789290696732,-26.881136394010824],[-48.671756155473801,-26.881201363156773],[-48.673560789104457,-26.881584029997118],[-48.675491677227832,-26.882265229360591],[-48.676326267336712,-26.882646665751022],[-48.67726085354527,-26.883220949580672],[-48.679148483842887,-26.884626700788232],[-48.680138993872127,-26.88524790461679],[-48.680891459847082,-26.885902518571591],[-48.682108259599886,-26.886413957865742],[-48.682629840508049,-26.886527489129044],[-48.682779225175054,-26.886529363790391]]]},"properties":{"db_h11sh.hsu_hxmoy.bairros_segurança_bairros.fid":1,"id":76,"numero":2,"nome_1":"Barra do Rio","descricao_":"Área Urbana","area_em_km":1.5287062700000003,"shape__len":6722.7672468600003,"shape__are":152.8706267,"globalid":"{DCE7CCE4-2071-45E8-A0BF-B7B173326F67}"}},{"type":"Feature","id":2,"geometry":{"type":"Polygon","coordinates":[[[-48.666343133277358,-26.883082865740146],[-48.670297052727136,-26.886293606721114],[-48.670882542392015,-26.885656527019215],[-48.671883481576636,-26.886532782011155],[-48.671371730916327,-26.887063291948021],[-48.673369121310863,-26.888618103316261],[-48.673548235993508,-26.8890958413681],[-48.673547934154776,-26.889529561844885],[-48.673808930030397,-26.889782805377955],[-48.674029400966589,-26.890896413806537],[-48.674234256276215,-26.891043587864907],[-48.673700827754381,-26.891321918839488],[-48.672614278543456,-26.892664215955495],[-48.672299417772514,-26.892943897493335],[-48.671635435595,-26.892940648225672],[-48.671342056136915,-26.892779006440573],[-48.670327301930548,-26.893006695248527],[-48.67011995007018,-26.893043873200554],[-48.670075418281307,-26.89292922020574],[-48.669295924174619,-26.891914220370396],[-48.668532151943815,-26.891278970248226],[-48.667079081055064,-26.890342048974496],[-48.665835300470555,-26.889340412248096],[-48.665423491621617,-26.888882557386879],[-48.664982022984923,-26.888225380002304],[-48.664679670690482,-26.886698949138612],[-48.66476273010386,-26.885852159584374],[-48.665492200988218,-26.884214182649565],[-48.665922099559978,-26.883525106269943],[-48.666343133277358,-26.883082865740146]]]},"properties":{"db_h11sh.hsu_hxmoy.bairros_segurança_bairros.fid":2,"id":77,"numero":14,"nome_1":"Imaruí","descricao_":"Área Urbana","area_em_km":0.57090654000000007,"shape__len":3270.4473324799997,"shape__are":57.0906539,"globalid":"{4985F0C4-24A5-461D-A708-C9B3FDCBD4C8}"}},{"type":"Feature","id":3,"geometry":{"type":"Polygon","coordinates":[[[-48.648861731918814,-26.909407816773747],[-48.65386417189233,-26.910367238298385],[-48.661392098010523,-26.913078968794679],[-48.661084506915095,-26.913502340077333],[-48.661976672486553,-26.913817843309428],[-48.662402980126906,-26.914030953455192],[-48.663333041301236,-26.914618094074392],[-48.665684661904734,-26.916260850894151],[-48.666640940968264,-26.916919730813284],[-48.668153725253333,-26.917962902940097],[-48.664999999564202,-26.921111133197069],[-48.662714079327749,-26.923952475177369],[-48.662226591692018,-26.925699884000107],[-48.662777778125175,-26.926944465195085],[-48.66374284654696,-26.928643212743747],[-48.663746693417153,-26.929073598654742],[-48.663186816345565,-26.929859423473584],[-48.662679714036926,-26.930244295777975],[-48.662481316697743,-26.930614334934738],[-48.662394733729911,-26.932345584988369],[-48.661647033688652,-26.934065877372291],[-48.661795301504164,-26.936433677926754],[-48.662450000492555,-26.938791688291758],[-48.656490608853538,-26.94089195157666],[-48.655335278491215,-26.941701236017117],[-48.654083332831277,-26.943027799396681],[-48.653344250225985,-26.942272232942532],[-48.651890193787196,-26.941658333938541],[-48.650892532395218,-26.939596080918562],[-48.649444444963059,-26.938333354854233],[-48.649908546602603,-26.936123133869131],[-48.649826858238178,-26.932530151838339],[-48.649444444896645,-26.93083335449823],[-48.649691251684231,-26.92990210958807],[-48.650197120657687,-26.927343849950653],[-48.648201833441064,-26.925659790020308],[-48.648083166025557,-26.9257212841359],[-48.646856819606057,-26.925297588810754],[-48.646700409290986,-26.925327751968137],[-48.646551649641026,-26.925372291738491],[-48.646452587493634,-26.925473231275909],[-48.646000639762129,-26.926032799948242],[-48.645446688674276,-26.925839744045845],[-48.644990544384555,-26.9257594603828],[-48.644568322998417,-26.925729612782927],[-48.64425645902493,-26.925667410642351],[-48.643724523637296,-26.925486114224881],[-48.643479204493637,-26.925358050883045],[-48.643307219938947,-26.92521981200905],[-48.643193577581847,-26.925180866685682],[-48.643061773152233,-26.925174389963235],[-48.642900151764756,-26.925225836407769],[-48.642636079497827,-26.925388135319917],[-48.642487081493222,-26.925444066942056],[-48.642338586029069,-26.925475782365741],[-48.642181623569279,-26.925456061040112],[-48.642000066424082,-26.925396030883153],[-48.641745244788346,-26.925266379976961],[-48.641670658798098,-26.925183914011587],[-48.641625416313786,-26.925066316625376],[-48.641591150339494,-26.924956026387978],[-48.641567182275566,-26.92465639845922],[-48.641624136542397,-26.924363822053621],[-48.641603608294304,-26.924280835723419],[-48.64154732136339,-26.924235722461884],[-48.641388889140835,-26.924166688573997],[-48.641823977259463,-26.923996191493668],[-48.64213535182806,-26.923788754315915],[-48.642578043783359,-26.923548570094464],[-48.642663296387234,-26.92322385894645],[-48.642623055738468,-26.922882894703339],[-48.642834865308977,-26.922535785649526],[-48.643387155392269,-26.921989347506216],[-48.643518718833029,-26.92161818480696],[-48.643947944563379,-26.921117143025338],[-48.644011689246724,-26.920679340788766],[-48.643611110690188,-26.920000020933323],[-48.646300005895228,-26.919194010032079],[-48.646431797945596,-26.919698484914598],[-48.646443658159114,-26.919969413358153],[-48.646545364379584,-26.920162046918126],[-48.646808528463801,-26.920540471125644],[-48.647174750722549,-26.920701893705285],[-48.647267023537104,-26.92077467645786],[-48.647551479645159,-26.920854940152672],[-48.647698832062204,-26.920839584991295],[-48.649339490960351,-26.920445158276344],[-48.649315485215141,-26.919973352117452],[-48.649330981934959,-26.919884754570319],[-48.649300220661495,-26.919753788473852],[-48.649203051501885,-26.919593570441489],[-48.649092702712579,-26.919514739353819],[-48.648878086977902,-26.919443346594957],[-48.648723456056729,-26.919305790658751],[-48.648436164573191,-26.918906500853424],[-48.648132113451091,-26.918391767299102],[-48.648116552321291,-26.918328231269335],[-48.647839635043958,-26.917965579150763],[-48.647745755464513,-26.917919187441303],[-48.647609029852347,-26.917902297933757],[-48.647492163922294,-26.917921171039268],[-48.647353455996331,-26.917979592005043],[-48.646884172257288,-26.918082021360938],[-48.646577189468985,-26.917824706523049],[-48.646543371757822,-26.917845877206325],[-48.646466793417162,-26.917800753266523],[-48.64628083326231,-26.917811969158674],[-48.646261679921601,-26.917900296835565],[-48.646202503326592,-26.917908745369278],[-48.646042146686248,-26.9178525623505],[-48.645671208649048,-26.91766583785223],[-48.645595964539886,-26.917751426490543],[-48.645374579964709,-26.917659368565129],[-48.645261393389134,-26.917521813063892],[-48.645306041243359,-26.917396550931038],[-48.645252138344866,-26.917237684192777],[-48.644957953627653,-26.917128042725633],[-48.644900048215682,-26.917081749669908],[-48.644816704104613,-26.917062127067627],[-48.644742235174043,-26.917053681897901],[-48.644673157429331,-26.917031110905274],[-48.644589223240857,-26.917032000185056],[-48.644503734031559,-26.917051678848047],[-48.644354283829038,-26.917035129726184],[-48.64425142398737,-26.917061474071229],[-48.644167719949969,-26.917061508742581],[-48.644080440688057,-26.917003621615049],[-48.644005336976115,-26.916976072129593],[-48.643970642169727,-26.916896763298666],[-48.64378944327661,-26.916662438412807],[-48.643434040649183,-26.91636222719432],[-48.643266565394597,-26.916026041430456],[-48.643214028911665,-26.915895461463961],[-48.643179524780258,-26.915798397001446],[-48.643147159858486,-26.915713827926243],[-48.643064351836948,-26.915493003307059],[-48.642943394341991,-26.915290473218327],[-48.642925506808893,-26.915192902061083],[-48.643005728855279,-26.914985795558145],[-48.643044581056536,-26.914894176019676],[-48.643092434388272,-26.914828722572903],[-48.643386849665447,-26.91454367153349],[-48.643445093584567,-26.914456303918477],[-48.64347039407167,-26.914309251675046],[-48.643539635516049,-26.914151532958989],[-48.643553791637224,-26.914005723114464],[-48.643009511562504,-26.912772274982487],[-48.642843163014064,-26.912457274794885],[-48.643402893725671,-26.912243879316446],[-48.645483448936588,-26.911590643512703],[-48.646722410043651,-26.911040873961998],[-48.64819549434246,-26.91002269283327],[-48.648861731918814,-26.909407816773747]]]},"properties":{"db_h11sh.hsu_hxmoy.bairros_segurança_bairros.fid":3,"id":79,"numero":12,"nome_1":"Fazenda","descricao_":"Área Urbana","area_em_km":5.3362317599999995,"shape__len":12255.8036627,"shape__are":533.62317583000004,"globalid":"{30CA5F77-08AC-41E8-ABC1-B16F6E44691B}"}},{"type":"Feature","id":4,"geometry":{"type":"Polygon","coordinates":[[[-48.642843163014064,-26.912457274794885],[-48.643009511562504,-26.912772274982487],[-48.643553791637224,-26.914005723114464],[-48.643539635516049,-26.914151532958989],[-48.64347039407167,-26.914309251675046],[-48.643445093584567,-26.914456303918477],[-48.643386849665447,-26.91454367153349],[-48.643092434388272,-26.914828722572903],[-48.643044581056536,-26.914894176019676],[-48.643005728855279,-26.914985795558145],[-48.642925506808893,-26.915192902061083],[-48.642943394341991,-26.915290473218327],[-48.643064351836948,-26.915493003307059],[-48.643147159858486,-26.915713827926243],[-48.643179524780258,-26.915798397001446],[-48.643214028911665,-26.915895461463961],[-48.643266565394597,-26.916026041430456],[-48.643434040649183,-26.91636222719432],[-48.64378944327661,-26.916662438412807],[-48.643970642169727,-26.916896763298666],[-48.644005336976115,-26.916976072129593],[-48.644080440688057,-26.917003621615049],[-48.644167719949969,-26.917061508742581],[-48.64425142398737,-26.917061474071229],[-48.644354283829038,-26.917035129726184],[-48.644503734031559,-26.917051678848047],[-48.644589223240857,-26.917032000185056],[-48.644673157429331,-26.917031110905274],[-48.644742235174043,-26.917053681897901],[-48.644816704104613,-26.917062127067627],[-48.644900048215682,-26.917081749669908],[-48.644957953627653,-26.917128042725633],[-48.645252138344866,-26.917237684192777],[-48.645306041243359,-26.917396550931038],[-48.645261393389134,-26.917521813063892],[-48.645374579964709,-26.917659368565129],[-48.645595964539886,-26.917751426490543],[-48.645671208649048,-26.91766583785223],[-48.646042146686248,-26.9178525623505],[-48.646202503326592,-26.917908745369278],[-48.646261679921601,-26.917900296835565],[-48.64628083326231,-26.917811969158674],[-48.646466793417162,-26.917800753266523],[-48.646543371757822,-26.917845877206325],[-48.646577189468985,-26.917824706523049],[-48.646884172257288,-26.918082021360938],[-48.647353455996331,-26.917979592005043],[-48.647492163922294,-26.917921171039268],[-48.647609029852347,-26.917902297933757],[-48.647745755464513,-26.917919187441303],[-48.647839635043958,-26.917965579150763],[-48.648116552321291,-26.918328231269335],[-48.648132113451091,-26.918391767299102],[-48.648436164573191,-26.918906500853424],[-48.648723456056729,-26.919305790658751],[-48.648878086977902,-26.919443346594957],[-48.649092702712579,-26.919514739353819],[-48.649203051501885,-26.919593570441489],[-48.649300220661495,-26.919753788473852],[-48.649330981934959,-26.919884754570319],[-48.649315485215141,-26.919973352117452],[-48.649339490960351,-26.920445158276344],[-48.647698832062204,-26.920839584991295],[-48.647551479645159,-26.920854940152672],[-48.647267023537104,-26.92077467645786],[-48.647174750722549,-26.920701893705285],[-48.646808528463801,-26.920540471125644],[-48.646545364379584,-26.920162046918126],[-48.646443658159114,-26.919969413358153],[-48.646431797945596,-26.919698484914598],[-48.646300005895228,-26.919194010032079],[-48.643611110690188,-26.920000020933323],[-48.644011689246724,-26.920679340788766],[-48.643947944563379,-26.921117143025338],[-48.643518718833029,-26.92161818480696],[-48.643387155392269,-26.921989347506216],[-48.642834865308977,-26.922535785649526],[-48.642623055738468,-26.922882894703339],[-48.642663296387234,-26.92322385894645],[-48.642578043783359,-26.923548570094464],[-48.64213535182806,-26.923788754315915],[-48.641823977259463,-26.923996191493668],[-48.641388889140835,-26.924166688573997],[-48.641015630804077,-26.924544928844057],[-48.640529333296378,-26.925075976591067],[-48.640029426359703,-26.925506237817881],[-48.640111748914329,-26.926778729409442],[-48.640210679757324,-26.928127618208233],[-48.640087352813481,-26.928946843827578],[-48.639660349973788,-26.930059793495808],[-48.639525190555325,-26.930907515087195],[-48.638886549143493,-26.931668227186698],[-48.638457882742188,-26.931993636169302],[-48.638154441209998,-26.93240770457658],[-48.638129654393715,-26.932621419439602],[-48.638166506883827,-26.932804275178562],[-48.63816289963183,-26.932977341756779],[-48.638108480417202,-26.933149557471811],[-48.637950726129453,-26.93340204942416],[-48.637716422412979,-26.933912949040216],[-48.637656712257993,-26.93441706529044],[-48.637777777845827,-26.934722243095646],[-48.636634246412918,-26.93546430663077],[-48.635190061809816,-26.934825826898059],[-48.634114885906676,-26.934914078732742],[-48.632881503284679,-26.935134505298283],[-48.631975363150147,-26.934833852947392],[-48.63189449827388,-26.933514627130453],[-48.631230204715202,-26.932223250195296],[-48.630465417168793,-26.931362998193062],[-48.629836910575882,-26.930792056566627],[-48.628834062388854,-26.930592579617443],[-48.62775957089903,-26.930474667002642],[-48.627176799138049,-26.930633434844328],[-48.626714039658964,-26.930643873709364],[-48.626229211954836,-26.93049448050245],[-48.625811370693476,-26.930059190509763],[-48.625788063719199,-26.929958567733479],[-48.62599913002272,-26.92958853300448],[-48.62597963904944,-26.929305736706972],[-48.625736871403902,-26.929005513722874],[-48.625338741281823,-26.928114960025269],[-48.625007573105229,-26.927667458345908],[-48.624296219662426,-26.927414014735287],[-48.62348861795666,-26.92714527928592],[-48.622093749947773,-26.925554532264051],[-48.622024291184687,-26.925470086414428],[-48.622069477490236,-26.925473630203264],[-48.622195888105686,-26.925332856596473],[-48.623156926388411,-26.925703837759208],[-48.623446191807211,-26.926142440781589],[-48.623726292874018,-26.926403181360651],[-48.624992761337445,-26.927005712152649],[-48.625436294987004,-26.927130016270578],[-48.625534099968746,-26.927326592721826],[-48.625803001402936,-26.927489300957618],[-48.625942694788684,-26.927678547110958],[-48.626189558695131,-26.927787038868829],[-48.626343616997978,-26.928465569626521],[-48.626766359740181,-26.92866624914404],[-48.627805477115125,-26.928822211161684],[-48.628123670145634,-26.928956225474558],[-48.628304629812042,-26.928916409979902],[-48.628313879033556,-26.928844915990524],[-48.628134858678834,-26.928763929702185],[-48.628210799756644,-26.928630821587941],[-48.629047091227314,-26.928877855409155],[-48.629359202604654,-26.929093670202214],[-48.629779940200763,-26.929104334706128],[-48.629889797080409,-26.929209502897148],[-48.630236681764032,-26.92915925780234],[-48.630418808065855,-26.929230574734717],[-48.630509164453606,-26.929406003224493],[-48.631148132710564,-26.929179711512667],[-48.632461435948251,-26.928088052976211],[-48.633535098054672,-26.926761518678365],[-48.633842067657106,-26.926047049481998],[-48.634352929962724,-26.925418749729793],[-48.634626037476949,-26.924693057487747],[-48.634614167577062,-26.924224043568017],[-48.634955839884263,-26.924204959950242],[-48.635130428541878,-26.92410486723594],[-48.635044091927227,-26.923930949998425],[-48.635117720644907,-26.923766155673277],[-48.635530714647395,-26.923525734748129],[-48.635553801794899,-26.922836341728765],[-48.635717439637453,-26.922598634353765],[-48.636165826379752,-26.922377601629439],[-48.636719463158585,-26.922234060953709],[-48.636896285501443,-26.922018957242429],[-48.637204230649289,-26.92212762069941],[-48.637328623757831,-26.922096987774612],[-48.637622411130501,-26.921766122784515],[-48.637689816884361,-26.921395573357088],[-48.637794465527975,-26.921328998327962],[-48.638074276559202,-26.92145350895386],[-48.638393595398824,-26.921473773824374],[-48.639177222033268,-26.921913621116186],[-48.63948876882214,-26.921808027341729],[-48.639914162624656,-26.921454779952057],[-48.639900913886521,-26.920967926720749],[-48.639990645577527,-26.920850721343143],[-48.639946186088309,-26.920726901839078],[-48.639722690871857,-26.920557140597914],[-48.640397665016863,-26.920716633066316],[-48.640554278772825,-26.92059029075763],[-48.640221604933025,-26.92037660501752],[-48.640198648583009,-26.920281356513765],[-48.64037082882485,-26.920204476201295],[-48.640957564452357,-26.920287368661828],[-48.641143647299579,-26.920155830420086],[-48.641310069253755,-26.919720971874909],[-48.641432321370232,-26.919614565032745],[-48.641398322189694,-26.91920580622811],[-48.641524066448902,-26.919180770694396],[-48.64171815924751,-26.91877982293131],[-48.641705381247597,-26.918103481666748],[-48.641496807780037,-26.91718622568338],[-48.641554229432771,-26.916806073630294],[-48.641266793453383,-26.915464039740861],[-48.640902019142693,-26.914595888541314],[-48.641233762611627,-26.91428729776354],[-48.642213166411331,-26.914088169222669],[-48.642129201976466,-26.913083731470945],[-48.642216946216749,-26.91269601418113],[-48.642843163014064,-26.912457274794885]]]},"properties":{"db_h11sh.hsu_hxmoy.bairros_segurança_bairros.fid":4,"id":96,"numero":3,"nome_1":"Cabeçudas","descricao_":"Área Urbana","area_em_km":1.53786475,"shape__len":10220.852018600001,"shape__are":153.78647509999999,"globalid":"{A67F56F7-EFB8-4852-98D4-95D9FB312BE5}"}},{"type":"Feature","id":5,"geometry":{"type":"Polygon","coordinates":[[[-48.622024291184687,-26.925470086414428],[-48.622093749947773,-26.925554532264051],[-48.62348861795666,-26.92714527928592],[-48.624296219662426,-26.927414014735287],[-48.625007573105229,-26.927667458345908],[-48.625338741281823,-26.928114960025269],[-48.625736871403902,-26.929005513722874],[-48.62597963904944,-26.929305736706972],[-48.62599913002272,-26.92958853300448],[-48.625788063719199,-26.929958567733479],[-48.625811370693476,-26.930059190509763],[-48.626229211954836,-26.93049448050245],[-48.626714039658964,-26.930643873709364],[-48.627176799138049,-26.930633434844328],[-48.62775957089903,-26.930474667002642],[-48.628834062388854,-26.930592579617443],[-48.629836910575882,-26.930792056566627],[-48.630465417168793,-26.931362998193062],[-48.631230204715202,-26.932223250195296],[-48.63189449827388,-26.933514627130453],[-48.631975363150147,-26.934833852947392],[-48.632881503284679,-26.935134505298283],[-48.634114885906676,-26.934914078732742],[-48.635190061809816,-26.934825826898059],[-48.636634246412918,-26.93546430663077],[-48.637777777845827,-26.934722243095646],[-48.638209522301253,-26.935641292743462],[-48.639401330974124,-26.935991678387509],[-48.641388888701094,-26.937222243468113],[-48.643253702660409,-26.938013896031269],[-48.643603605982904,-26.936774171875033],[-48.644953886559826,-26.936384509916021],[-48.645356210325055,-26.936054931595024],[-48.647101398495927,-26.936680967246886],[-48.64800462920438,-26.936743423420424],[-48.648537604098401,-26.937011722881142],[-48.649444444963059,-26.938333354854233],[-48.650892532395218,-26.939596080918562],[-48.651890193787196,-26.941658333938541],[-48.653344250225985,-26.942272232942532],[-48.654083332831277,-26.943027799396681],[-48.653527274616927,-26.946227295676419],[-48.652715728114003,-26.947566425092504],[-48.653999696760266,-26.950617523681942],[-48.654619693888542,-26.952837492056897],[-48.657490708516427,-26.954625615369643],[-48.660418289737578,-26.955157167222485],[-48.6617924991778,-26.956068386616142],[-48.662325597774071,-26.956850789302546],[-48.662812739163449,-26.957223114212894],[-48.662906389597758,-26.957480624713188],[-48.662583564426704,-26.958178399343574],[-48.662407143795249,-26.960331429112589],[-48.66236678547051,-26.961213143326852],[-48.662667085288483,-26.962113975655921],[-48.663292962932076,-26.962651955488166],[-48.662980118227985,-26.962754958585087],[-48.662590346016358,-26.963071428411588],[-48.662013736674737,-26.963835737304713],[-48.661819079019239,-26.964184291544356],[-48.661568909473871,-26.96497718300661],[-48.66079636407899,-26.965902500944214],[-48.660298909704913,-26.966078921208492],[-48.659176003692565,-26.966162153789835],[-48.658770728776396,-26.965852665242693],[-48.65868828150419,-26.96548904818118],[-48.658576579928727,-26.965354502834856],[-48.658370235641065,-26.965336301069481],[-48.657981653352778,-26.965452830959002],[-48.657728467191042,-26.96533145710287],[-48.657498359751386,-26.964978296249498],[-48.657474644627918,-26.964651613444516],[-48.657390776545689,-26.96453622704723],[-48.656278099121288,-26.964527123016566],[-48.655573508840902,-26.964598282024912],[-48.655303990343192,-26.964410219922772],[-48.654904503291725,-26.964268193746118],[-48.653323013434957,-26.962288073958142],[-48.652716401634777,-26.961888964081961],[-48.651814492191505,-26.961565627238212],[-48.651231125355764,-26.960976847365867],[-48.650847130422257,-26.960856701276715],[-48.650103252210855,-26.960102602400415],[-48.649918100762051,-26.959654397791269],[-48.649522966657671,-26.959614855778824],[-48.649222670065946,-26.959358600388786],[-48.648999263515002,-26.959321199836378],[-48.648509578244699,-26.959050799869413],[-48.648483072969086,-26.958772368174859],[-48.648349420948215,-26.958580023295411],[-48.647497098585994,-26.958391574709974],[-48.647143437594274,-26.958436243101524],[-48.646760744712878,-26.958126576105418],[-48.645890121737999,-26.957972621321357],[-48.645534571326039,-26.958106571366642],[-48.645431792502173,-26.958247111847935],[-48.645403779086379,-26.958496315362666],[-48.645212190992083,-26.958505874986898],[-48.644690262398299,-26.957880648208],[-48.644326633152069,-26.957629349321277],[-48.644047449828498,-26.957503937039323],[-48.643562179289695,-26.957485097710336],[-48.643452837847548,-26.957420934780366],[-48.643460832302353,-26.955879687842064],[-48.642939862814892,-26.95600460968712],[-48.642869750689542,-26.955838866246491],[-48.642695462198709,-26.955776532494717],[-48.642229588011062,-26.955197442230599],[-48.641986496479383,-26.955307352605168],[-48.641224826676577,-26.955337637748169],[-48.640672702137465,-26.955504104818903],[-48.639825027485657,-26.956021210325876],[-48.63932186167527,-26.956087772567138],[-48.63900491087923,-26.956031997964558],[-48.638807477647198,-26.955894577512321],[-48.638680965776693,-26.955657984140693],[-48.638780563806485,-26.955185481726986],[-48.638709715590998,-26.954809126817022],[-48.637976891002388,-26.954235090353407],[-48.637780635986978,-26.954184984852326],[-48.637167194050718,-26.954154307080536],[-48.63560457682501,-26.954444900881139],[-48.634718766805854,-26.954422986024678],[-48.634422682560817,-26.954555439401236],[-48.633909783459153,-26.954559906661373],[-48.633615348019191,-26.954678362516773],[-48.632993800089075,-26.95456615752467],[-48.632894920713781,-26.954605285178094],[-48.632564410123685,-26.954878140578916],[-48.632616273619512,-26.955258503110549],[-48.632109397843998,-26.957698406534362],[-48.631952466408791,-26.958285221129149],[-48.631625389197339,-26.958727343487595],[-48.631286627478396,-26.95902521369436],[-48.630445122991674,-26.959479648225724],[-48.629942485430853,-26.95961495717437],[-48.629556997538195,-26.95980552609613],[-48.628950268921244,-26.959864827175736],[-48.628469310593417,-26.960074446646605],[-48.628252803614657,-26.960055263343151],[-48.628346645292716,-26.959604836187125],[-48.62879789096624,-26.958594677110845],[-48.62886375318196,-26.95809254546522],[-48.629179614581247,-26.957212942237284],[-48.629170917294857,-26.956825255591834],[-48.629490704853659,-26.95533557104595],[-48.629434776500162,-26.95457117253714],[-48.629492317036799,-26.95420659937972],[-48.629372780188021,-26.953390227278771],[-48.62933962486936,-26.95189707011675],[-48.62880194832654,-26.947649154248701],[-48.628628001167861,-26.945481490978125],[-48.628519514747708,-26.944756757518057],[-48.628391257703264,-26.944408301411425],[-48.62839537577311,-26.943876768572501],[-48.628300626959323,-26.94367753863817],[-48.628158088458136,-26.942480287340331],[-48.628196867295635,-26.942172946882213],[-48.627921830372642,-26.941038092652366],[-48.62797946635169,-26.940300470989964],[-48.627734999762858,-26.939667287462893],[-48.627560055693756,-26.938746372670128],[-48.627536062189741,-26.937983145458386],[-48.627298698916121,-26.937223062409597],[-48.627303844255145,-26.936930360861869],[-48.627147308088006,-26.936294948774453],[-48.627038964563376,-26.936101822603302],[-48.62695401679116,-26.934896716224706],[-48.626538455273241,-26.933267103603665],[-48.625900455529695,-26.931930124143335],[-48.6258024015521,-26.931407374546492],[-48.625665220897417,-26.931141888060548],[-48.625449014426287,-26.930883998663237],[-48.625031225668728,-26.930600979645302],[-48.624880353666995,-26.930648063617681],[-48.624615348754567,-26.931026141706525],[-48.624291865626866,-26.931076852411334],[-48.624187060850289,-26.930975367543923],[-48.624162089707426,-26.93049917692781],[-48.624311713305886,-26.930389085552381],[-48.62422960383509,-26.930293699726526],[-48.62425933057996,-26.930158620873399],[-48.624542781162766,-26.929885888859879],[-48.624835522447157,-26.929898037677646],[-48.624925834238958,-26.929761641530476],[-48.624879300957502,-26.929167753088169],[-48.624608159166357,-26.928980929923394],[-48.624797098589028,-26.928874718833505],[-48.624206446108708,-26.928605560917696],[-48.624583504460318,-26.928537002911348],[-48.624608732781695,-26.928443819157511],[-48.623992190194144,-26.927936033960091],[-48.622765571243399,-26.927316391711926],[-48.622704376264288,-26.927118003058684],[-48.622394047392376,-26.927034314100364],[-48.622005768603877,-26.926715026652097],[-48.621703602826308,-26.926379074209756],[-48.621743780895351,-26.926215024371139],[-48.621617702264622,-26.926186322013233],[-48.621488934260036,-26.926039284886368],[-48.621573789571059,-26.925937596595212],[-48.621504131943922,-26.925824543551407],[-48.621729920349559,-26.925840955922801],[-48.621511511753937,-26.925714607704897],[-48.621571032915583,-26.925576044942375],[-48.621856763581128,-26.925616216458856],[-48.621795265023337,-26.925452127385118],[-48.622024291184687,-26.925470086414428]]]},"properties":{"db_h11sh.hsu_hxmoy.bairros_segurança_bairros.fid":5,"id":95,"numero":18,"nome_1":"Praia Brava de Itajai","descricao_":"Área Urbana","area_em_km":7.0545493500000003,"shape__len":16795.3755513,"shape__are":705.45493524999995,"globalid":"{1ABD936A-1831-43D1-8A37-87D9975BE847}"}},{"type":"Feature","id":6,"geometry":{"type":"Polygon","coordinates":[[[-48.668901574778239,-26.900962063286237],[-48.670618056724358,-26.902433398015155],[-48.670728884806032,-26.902612309465049],[-48.671388330583227,-26.903955158787152],[-48.671498284570809,-26.904316270073135],[-48.671606388522598,-26.904907045909113],[-48.672392710310547,-26.905787462672937],[-48.672553842656662,-26.906710002368317],[-48.67368389569836,-26.907073918780451],[-48.674394043317839,-26.912462766886001],[-48.674554321337631,-26.91371257454087],[-48.673672261555289,-26.913762840050083],[-48.670740984555898,-26.913925574598121],[-48.67100777435919,-26.916212868784836],[-48.671028624235852,-26.916358555106513],[-48.67020828001241,-26.916675592839834],[-48.669562462854145,-26.915904509592611],[-48.669432067759416,-26.915748819922531],[-48.668033905560272,-26.914079121182162],[-48.668587225204618,-26.913344004656835],[-48.667599145624727,-26.912171947384053],[-48.668103101194433,-26.911688372782191],[-48.669231375461415,-26.910278162614087],[-48.669270475273954,-26.910186417855986],[-48.669582458067481,-26.910189003281889],[-48.669535412806084,-26.909831495170302],[-48.669026496620738,-26.905580074561041],[-48.668733705666128,-26.902614113503905],[-48.668476506519589,-26.902510552507469],[-48.668242753524261,-26.902298786552681],[-48.667637072747304,-26.901573579532752],[-48.668901574778239,-26.900962063286237]]]},"properties":{"db_h11sh.hsu_hxmoy.bairros_segurança_bairros.fid":6,"id":82,"numero":27,"nome_1":"Vila Operária","descricao_":"Área Urbana","area_em_km":0.62105200999999999,"shape__len":4433.8111492799999,"shape__are":62.105201100000002,"globalid":"{D71AA7BC-5A57-4E4C-BD10-C779434AEC6C}"}},{"type":"Feature","id":7,"geometry":{"type":"Polygon","coordinates":[[[-48.709540192345351,-26.918474523871502],[-48.70952014324147,-26.918517410025679],[-48.708348962086838,-26.921368529213709],[-48.707204502999247,-26.924071293855231],[-48.706098490500217,-26.926730103953862],[-48.70523114239581,-26.928822495876389],[-48.704928158920794,-26.929528497077005],[-48.704563348497111,-26.93025620749567],[-48.704115093708033,-26.930972213919073],[-48.70375201499882,-26.931456130989169],[-48.703044005609073,-26.932260318732173],[-48.702552703531623,-26.932755384689113],[-48.70230659143111,-26.933005365861064],[-48.701792587959964,-26.93280898095086],[-48.700748059289296,-26.932506586181152],[-48.699778860462793,-26.932414686422661],[-48.698187288291763,-26.932398234692666],[-48.697896887641264,-26.932326909227115],[-48.697076715135545,-26.931952051492352],[-48.696679935832208,-26.931893255184356],[-48.69645704630274,-26.931894372138167],[-48.696355294254438,-26.931940271443768],[-48.69631150457186,-26.932006143352254],[-48.696310150405104,-26.932072707400224],[-48.696361360942085,-26.932163911789463],[-48.696743848405148,-26.932664799707119],[-48.697008682790383,-26.932949737967423],[-48.697132515053234,-26.933122981490634],[-48.697175908226242,-26.933337717782663],[-48.697119189835718,-26.933517526965794],[-48.696886065312619,-26.933761041947996],[-48.696607710104459,-26.933880157203063],[-48.69570032345964,-26.933879603673933],[-48.694791003740583,-26.933974137388734],[-48.694252331294578,-26.934108018230773],[-48.693524509620758,-26.934410024548221],[-48.692977355053998,-26.934439126276061],[-48.69250024528359,-26.934155463998398],[-48.6918232309581,-26.933526084531081],[-48.691464403147982,-26.932906666838598],[-48.691280046971258,-26.932318641814877],[-48.691176932228963,-26.931389502821041],[-48.690952445523138,-26.93094826101424],[-48.690634006171955,-26.930690971380439],[-48.690384695082102,-26.930686889539281],[-48.689976223649907,-26.930941789066491],[-48.689493681492763,-26.931185962423591],[-48.689179940400777,-26.931218872284131],[-48.688856559547283,-26.931204062608181],[-48.688679891175582,-26.931020433280366],[-48.688286612828968,-26.930790449889304],[-48.687706995921317,-26.929810692873065],[-48.687222222834187,-26.929166687327577],[-48.686938253324087,-26.92846354821036],[-48.686966760222823,-26.927593515405835],[-48.68717563563257,-26.927329054903247],[-48.687613000017457,-26.927085438790879],[-48.688398926484133,-26.92689882921427],[-48.68937546250995,-26.926407555247948],[-48.6895949838608,-26.925932375527609],[-48.689863644044621,-26.925230013776634],[-48.690138279757491,-26.924858329447964],[-48.690493108664121,-26.924607652448938],[-48.691008498423848,-26.923966323501862],[-48.691171033395513,-26.923478809347419],[-48.690606727925257,-26.921839459432523],[-48.689919725718148,-26.921229744079323],[-48.689496411465377,-26.921097419489787],[-48.688988607811652,-26.921054905232882],[-48.687928358254609,-26.921288321263866],[-48.687374631742294,-26.921626928388768],[-48.687318434395749,-26.921888191918374],[-48.687854616708691,-26.922409952318134],[-48.688328368722381,-26.923187174765815],[-48.68845313854537,-26.923616695206839],[-48.688424891597194,-26.924066508504538],[-48.688259706756298,-26.924371585654985],[-48.687834022622631,-26.924666693721502],[-48.68720543233205,-26.924622190901253],[-48.686321927012159,-26.92429422215443],[-48.685594197241265,-26.924122694398818],[-48.684425854008261,-26.923930555210802],[-48.683934524595259,-26.923816173925811],[-48.683824300252567,-26.923609175931517],[-48.683788188012912,-26.92319820610852],[-48.684325540794283,-26.922728253578629],[-48.686512347664994,-26.920883231425336],[-48.687570225565224,-26.920142513346391],[-48.688196186227152,-26.919691095892457],[-48.688482943921912,-26.919348112528073],[-48.688539716687302,-26.919058357944149],[-48.688418402418371,-26.918771385710045],[-48.688156325368269,-26.918527705341695],[-48.687353784269654,-26.917973082558046],[-48.686829834379488,-26.917787804219287],[-48.685803409930507,-26.917611382497704],[-48.685364650775718,-26.917302103047273],[-48.684904035994379,-26.917129255344395],[-48.683803650543737,-26.916216346893485],[-48.683576021376858,-26.915609868015071],[-48.683238061329547,-26.914413085442064],[-48.683230588364644,-26.914156476259031],[-48.683287836292713,-26.913843933789288],[-48.683841462498407,-26.913197557807258],[-48.684314086165351,-26.912470053466855],[-48.684547704892935,-26.911926716501274],[-48.684736414322742,-26.910582849407831],[-48.705373920587931,-26.917170652712908],[-48.709540192345351,-26.918474523871502]]]},"properties":{"db_h11sh.hsu_hxmoy.bairros_segurança_bairros.fid":7,"id":87,"numero":7,"nome_1":"Cidade Nova","descricao_":"Área Urbana","area_em_km":4.0027479100000001,"shape__len":10802.022169100001,"shape__are":400.27479089000002,"globalid":"{D9F35C63-AEBF-4F8C-888C-D52ED3F873E0}"}},{"type":"Feature","id":8,"geometry":{"type":"Polygon","coordinates":[[[-48.673204106990717,-26.921442786719162],[-48.67305555527296,-26.925277798885599],[-48.670752982284114,-26.926619981441053],[-48.668781994406061,-26.925837920897859],[-48.662777778125175,-26.926944465195085],[-48.662226591692018,-26.925699884000107],[-48.662714079327749,-26.923952475177369],[-48.664999999564202,-26.921111133197069],[-48.668153725253333,-26.917962902940097],[-48.666640940968264,-26.916919730813284],[-48.667142351845598,-26.916399814466356],[-48.667006996976198,-26.916264765800715],[-48.667073929212926,-26.916211977729134],[-48.66732282013637,-26.916359810863064],[-48.667405328836914,-26.916245685959304],[-48.668130968805016,-26.916737597451753],[-48.668755875391412,-26.916663873659687],[-48.668961837753486,-26.916254084091094],[-48.669003129804722,-26.916055869634008],[-48.669100749927075,-26.916042084082775],[-48.669094861582444,-26.915980392606969],[-48.669320486548436,-26.915728119921525],[-48.669432067759416,-26.915748819922531],[-48.669562462854145,-26.915904509592611],[-48.669442515512472,-26.915989343855031],[-48.66947352990401,-26.916556364241906],[-48.669786727065208,-26.916514083409599],[-48.669881474429623,-26.916640118799801],[-48.6698111990586,-26.916646657829876],[-48.66984604700545,-26.916901307882796],[-48.670008728313761,-26.917169617160816],[-48.670113039084292,-26.918571957012595],[-48.669639656659946,-26.918620600860663],[-48.669636683876284,-26.918834847327322],[-48.669776010796355,-26.919086009538155],[-48.673204106990717,-26.921442786719162]]]},"properties":{"db_h11sh.hsu_hxmoy.bairros_segurança_bairros.fid":8,"id":85,"numero":17,"nome_1":"Nossa Senhora das Graças","descricao_":"Área Urbana","area_em_km":0.75364054000000003,"shape__len":4259.4920258700004,"shape__are":75.364053510000005,"globalid":"{A35911CE-7F06-4235-A4E9-D334CD12FF44}"}},{"type":"Feature","id":9,"geometry":{"type":"Polygon","coordinates":[[[-48.683576021376858,-26.915609868015071],[-48.683803650543737,-26.916216346893485],[-48.684904035994379,-26.917129255344395],[-48.685364650775718,-26.917302103047273],[-48.685803409930507,-26.917611382497704],[-48.686829834379488,-26.917787804219287],[-48.687353784269654,-26.917973082558046],[-48.688156325368269,-26.918527705341695],[-48.688418402418371,-26.918771385710045],[-48.688539716687302,-26.919058357944149],[-48.688482943921912,-26.919348112528073],[-48.688196186227152,-26.919691095892457],[-48.687570225565224,-26.920142513346391],[-48.686512347664994,-26.920883231425336],[-48.684325540794283,-26.922728253578629],[-48.683788188012912,-26.92319820610852],[-48.683824300252567,-26.923609175931517],[-48.683934524595259,-26.923816173925811],[-48.684425854008261,-26.923930555210802],[-48.684428646655739,-26.924194534238072],[-48.682942401497066,-26.924734744880812],[-48.68305719079811,-26.925036901292067],[-48.682589159323882,-26.925067709911218],[-48.679079070562295,-26.925343642698664],[-48.678706187672148,-26.925245758713363],[-48.676196335400121,-26.923500840813421],[-48.673204106990717,-26.921442786719162],[-48.669776010796355,-26.919086009538155],[-48.669636683876284,-26.918834847327322],[-48.669639656659946,-26.918620600860663],[-48.670113039084292,-26.918571957012595],[-48.670008728313761,-26.917169617160816],[-48.66984604700545,-26.916901307882796],[-48.6698111990586,-26.916646657829876],[-48.669881474429623,-26.916640118799801],[-48.669786727065208,-26.916514083409599],[-48.66947352990401,-26.916556364241906],[-48.669442515512472,-26.915989343855031],[-48.669562462854145,-26.915904509592611],[-48.67020828001241,-26.916675592839834],[-48.671028624235852,-26.916358555106513],[-48.67100777435919,-26.916212868784836],[-48.683576021376858,-26.915609868015071]]]},"properties":{"db_h11sh.hsu_hxmoy.bairros_segurança_bairros.fid":9,"id":89,"numero":9,"nome_1":"Dom Bosco","descricao_":"Área Urbana","area_em_km":1.31233994,"shape__len":5139.46070478,"shape__are":131.23399415,"globalid":"{C850D637-937B-46A2-B810-60C254DB44C1}"}},{"type":"Feature","id":10,"geometry":{"type":"Polygon","coordinates":[[[-48.666214911387229,-26.898562329258013],[-48.66642792427411,-26.898812216736292],[-48.66841628485065,-26.90056393819696],[-48.668901574778239,-26.900962063286237],[-48.667637072747304,-26.901573579532752],[-48.668242753524261,-26.902298786552681],[-48.668476506519589,-26.902510552507469],[-48.668733705666128,-26.902614113503905],[-48.669026496620738,-26.905580074561041],[-48.669582458067481,-26.910189003281889],[-48.669270475273954,-26.910186417855986],[-48.669231375461415,-26.910278162614087],[-48.668103101194433,-26.911688372782191],[-48.667599145624727,-26.912171947384053],[-48.668587225204618,-26.913344004656835],[-48.668033905560272,-26.914079121182162],[-48.669432067759416,-26.915748819922531],[-48.669320486548436,-26.915728119921525],[-48.669094861582444,-26.915980392606969],[-48.669100749927075,-26.916042084082775],[-48.669003129804722,-26.916055869634008],[-48.668961837753486,-26.916254084091094],[-48.668755875391412,-26.916663873659687],[-48.668130968805016,-26.916737597451753],[-48.667405328836914,-26.916245685959304],[-48.66732282013637,-26.916359810863064],[-48.667073929212926,-26.916211977729134],[-48.667006996976198,-26.916264765800715],[-48.667142351845598,-26.916399814466356],[-48.666640940968264,-26.916919730813284],[-48.665684661904734,-26.916260850894151],[-48.663333041301236,-26.914618094074392],[-48.662402980126906,-26.914030953455192],[-48.661976672486553,-26.913817843309428],[-48.661084506915095,-26.913502340077333],[-48.661392098010523,-26.913078968794679],[-48.65386417189233,-26.910367238298385],[-48.648861731918814,-26.909407816773747],[-48.649590782268945,-26.908734961385182],[-48.650258090762421,-26.907951844027938],[-48.651227501389187,-26.906612879192554],[-48.652973638967048,-26.904511936426957],[-48.654788711580771,-26.902799685129292],[-48.655539808886779,-26.902194428453441],[-48.65657951275216,-26.9015034926813],[-48.659334337985733,-26.900096281932182],[-48.660405784088425,-26.89973091618662],[-48.663497732355594,-26.899209103865829],[-48.665362286017555,-26.898802387474689],[-48.666214911387229,-26.898562329258013]]]},"properties":{"db_h11sh.hsu_hxmoy.bairros_segurança_bairros.fid":10,"id":91,"numero":6,"nome_1":"Centro","descricao_":"Área Urbana","area_em_km":2.3844646999999997,"shape__len":6999.7841951399996,"shape__are":238.44646950000001,"globalid":"{DC344EBF-7195-4279-8AE4-66C716D231E1}"}},{"type":"Feature","id":11,"geometry":{"type":"Polygon","coordinates":[[[-48.649444444963059,-26.938333354854233],[-48.648537604098401,-26.937011722881142],[-48.64800462920438,-26.936743423420424],[-48.647101398495927,-26.936680967246886],[-48.645356210325055,-26.936054931595024],[-48.644953886559826,-26.936384509916021],[-48.643603605982904,-26.936774171875033],[-48.643253702660409,-26.938013896031269],[-48.641388888701094,-26.937222243468113],[-48.639401330974124,-26.935991678387509],[-48.638209522301253,-26.935641292743462],[-48.637777777845827,-26.934722243095646],[-48.637656712257993,-26.93441706529044],[-48.637716422412979,-26.933912949040216],[-48.637950726129453,-26.93340204942416],[-48.638108480417202,-26.933149557471811],[-48.63816289963183,-26.932977341756779],[-48.638166506883827,-26.932804275178562],[-48.638129654393715,-26.932621419439602],[-48.638154441209998,-26.93240770457658],[-48.638457882742188,-26.931993636169302],[-48.638886549143493,-26.931668227186698],[-48.639525190555325,-26.930907515087195],[-48.639660349973788,-26.930059793495808],[-48.640087352813481,-26.928946843827578],[-48.640210679757324,-26.928127618208233],[-48.640111748914329,-26.926778729409442],[-48.640029426359703,-26.925506237817881],[-48.640529333296378,-26.925075976591067],[-48.641015630804077,-26.924544928844057],[-48.641388889140835,-26.924166688573997],[-48.64154732136339,-26.924235722461884],[-48.641603608294304,-26.924280835723419],[-48.641624136542397,-26.924363822053621],[-48.641567182275566,-26.92465639845922],[-48.641591150339494,-26.924956026387978],[-48.641625416313786,-26.925066316625376],[-48.641670658798098,-26.925183914011587],[-48.641745244788346,-26.925266379976961],[-48.642000066424082,-26.925396030883153],[-48.642181623569279,-26.925456061040112],[-48.642338586029069,-26.925475782365741],[-48.642487081493222,-26.925444066942056],[-48.642636079497827,-26.925388135319917],[-48.642900151764756,-26.925225836407769],[-48.643061773152233,-26.925174389963235],[-48.643193577581847,-26.925180866685682],[-48.643307219938947,-26.92521981200905],[-48.643479204493637,-26.925358050883045],[-48.643724523637296,-26.925486114224881],[-48.64425645902493,-26.925667410642351],[-48.644568322998417,-26.925729612782927],[-48.644990544384555,-26.9257594603828],[-48.645446688674276,-26.925839744045845],[-48.646000639762129,-26.926032799948242],[-48.646452587493634,-26.925473231275909],[-48.646551649641026,-26.925372291738491],[-48.646700409290986,-26.925327751968137],[-48.646856819606057,-26.925297588810754],[-48.648083166025557,-26.9257212841359],[-48.648201833441064,-26.925659790020308],[-48.650197120657687,-26.927343849950653],[-48.649691251684231,-26.92990210958807],[-48.649444444896645,-26.93083335449823],[-48.649826858238178,-26.932530151838339],[-48.649908546602603,-26.936123133869131],[-48.649444444963059,-26.938333354854233]]]},"properties":{"db_h11sh.hsu_hxmoy.bairros_segurança_bairros.fid":11,"id":92,"numero":13,"nome_1":"Fazendinha","descricao_":"Área Urbana","area_em_km":1.33094947,"shape__len":5188.1712654200001,"shape__are":133.09494652000001,"globalid":"{BE8B870C-29C4-4241-BEF2-0AD2EB3ACF3F}"}},{"type":"Feature","id":12,"geometry":{"type":"Polygon","coordinates":[[[-48.691337677953889,-26.879087982196083],[-48.691568246304797,-26.879007287815032],[-48.692615657406733,-26.878662234421849],[-48.69298817177237,-26.878078550730105],[-48.693543936318385,-26.877612006914429],[-48.693680066077107,-26.877176660084949],[-48.693834410741424,-26.876889051077082],[-48.694543826407688,-26.876429768049157],[-48.694910819845511,-26.876378683441111],[-48.695338543198368,-26.876471273598408],[-48.696344086959336,-26.876316453325444],[-48.696707320503677,-26.876189202515306],[-48.697284945324228,-26.876212888506362],[-48.697606148817314,-26.876327517377995],[-48.697960709427946,-26.876628180617804],[-48.698295800365891,-26.877104506415073],[-48.698340053651052,-26.877538042113361],[-48.698250307509241,-26.877779146039448],[-48.697859693536273,-26.877948759888032],[-48.697573963403535,-26.878438748724061],[-48.697420879977976,-26.878926142530588],[-48.697807066265504,-26.879236834618631],[-48.699268144290592,-26.879636382297857],[-48.699918284449289,-26.879746851499139],[-48.700513279225056,-26.879699465437625],[-48.702923669319908,-26.878530607004734],[-48.703748459456328,-26.878134983646795],[-48.70407456032644,-26.877745517846943],[-48.704749082174942,-26.876386688295103],[-48.705062072628074,-26.876120669540381],[-48.705406010910174,-26.875897957478397],[-48.706060746759171,-26.875780173678677],[-48.70659519173239,-26.875841170075606],[-48.707391281540239,-26.876077635745265],[-48.708873911104128,-26.876986349624609],[-48.709946452146937,-26.877717178001664],[-48.710363310198005,-26.878283982048227],[-48.711205761524589,-26.882537816508297],[-48.71122409552266,-26.884259868270746],[-48.711605488010981,-26.885864142064577],[-48.712284722632518,-26.886902493105968],[-48.714111697660925,-26.88836846141573],[-48.714138718611714,-26.891241662973037],[-48.715587840070924,-26.891455363964212],[-48.716832891442479,-26.891266226596148],[-48.721320903846248,-26.890187712813685],[-48.720523012207238,-26.892096235969447],[-48.718611111971015,-26.89638891031495],[-48.7136309623681,-26.90867652633278],[-48.703299939309666,-26.902471168238041],[-48.695733262429783,-26.897858011552625],[-48.688526595902765,-26.893673848274034],[-48.687482684085239,-26.892494013679407],[-48.6867958651602,-26.891884294107317],[-48.686145904043997,-26.891337871292318],[-48.684913807639255,-26.890348724641377],[-48.684467210023847,-26.890014965804728],[-48.6837143192475,-26.889320206370051],[-48.682505208742704,-26.887829844438588],[-48.68279890370021,-26.886642336717067],[-48.682779225175054,-26.886529363790391],[-48.684439044304654,-26.886550174428109],[-48.686133135468474,-26.886480070627581],[-48.687500120220434,-26.886090753500113],[-48.689204094014045,-26.884817173738558],[-48.69045177641032,-26.883537406149934],[-48.691189025864063,-26.882283522921536],[-48.691417191168277,-26.881291466831126],[-48.691379589976478,-26.879407993398523],[-48.691337677953889,-26.879087982196083]]]},"properties":{"db_h11sh.hsu_hxmoy.bairros_segurança_bairros.fid":12,"id":70,"numero":8,"nome_1":"Cordeiros","descricao_":"Área Urbana","area_em_km":7.0513976100000004,"shape__len":12603.853072299999,"shape__are":705.13976129999992,"globalid":"{DDC3F812-2E42-43D2-AC5B-EEB6C0248D48}"}},{"type":"Feature","id":13,"geometry":{"type":"Polygon","coordinates":[[[-48.67011995007018,-26.893043873200554],[-48.670327301930548,-26.893006695248527],[-48.671342056136915,-26.892779006440573],[-48.671635435595,-26.892940648225672],[-48.672299417772514,-26.892943897493335],[-48.672614278543456,-26.892664215955495],[-48.674307493614236,-26.893973566789516],[-48.674972095413423,-26.893182332647896],[-48.675850962318123,-26.893744952589486],[-48.677934699352789,-26.893676989424698],[-48.68076226138917,-26.893580971466957],[-48.681792648652802,-26.893552295738512],[-48.682622889628988,-26.893543283718806],[-48.682455381320814,-26.894406730897469],[-48.682382358687562,-26.895648065196053],[-48.682367815162756,-26.896360288728122],[-48.682442289280623,-26.897538499318401],[-48.682813513124572,-26.898504991424179],[-48.683045578983844,-26.898970476251503],[-48.683491020661918,-26.899727296165103],[-48.683934843088956,-26.900096509290037],[-48.684375568847749,-26.900306077622524],[-48.685029598959325,-26.900499195339435],[-48.686079157717153,-26.900624696862462],[-48.686335261240025,-26.900691592066476],[-48.686606654439359,-26.900943977435183],[-48.686704211969904,-26.90114791463866],[-48.686697458055647,-26.901635128584847],[-48.686537540810583,-26.902151181194661],[-48.686186385426105,-26.90269259694827],[-48.685469820740757,-26.903538654571843],[-48.684579366427251,-26.904182366404303],[-48.683770400403048,-26.904570922438573],[-48.683033257436037,-26.904866607289016],[-48.682946740090472,-26.90505612744742],[-48.682987969769279,-26.905216394977405],[-48.683260528543322,-26.905411809192422],[-48.68385773513441,-26.905586900656811],[-48.685303154235775,-26.905787302538496],[-48.685799222602576,-26.905778337398967],[-48.686420870067145,-26.90600226706059],[-48.686746063531515,-26.906266934009423],[-48.686874648508599,-26.906508428235572],[-48.686930477027289,-26.906888373616159],[-48.686792290409009,-26.907273688132658],[-48.686185078887874,-26.908055992600506],[-48.685197143952642,-26.908957444225809],[-48.684992525779315,-26.909170677482809],[-48.684791313555515,-26.909839940411427],[-48.684736414322742,-26.910582849407831],[-48.67368389569836,-26.907073918780451],[-48.672554098484611,-26.90671146671653],[-48.672392710310547,-26.905787462672937],[-48.671606388522598,-26.904907045909113],[-48.671498284570809,-26.904316270073135],[-48.671388330583227,-26.903955158787152],[-48.670728884806032,-26.902612309465049],[-48.670618056724358,-26.902433398015155],[-48.668901574778239,-26.900962063286237],[-48.66841628485065,-26.90056393819696],[-48.66642792427411,-26.898812216736292],[-48.666214911387229,-26.898562329258013],[-48.667141901129945,-26.898301327341294],[-48.66806925263657,-26.897899920840519],[-48.66902602339789,-26.897178245343223],[-48.670017878909228,-26.896045646812194],[-48.670332917128682,-26.895089919361595],[-48.670434535745649,-26.894398120807153],[-48.670346420800804,-26.893626942622994],[-48.67011995007018,-26.893043873200554]]]},"properties":{"db_h11sh.hsu_hxmoy.bairros_segurança_bairros.fid":13,"id":71,"numero":23,"nome_1":"São João","descricao_":"Área Urbana","area_em_km":2.3765607700000002,"shape__len":7290.2002422800006,"shape__are":237.65607740999999,"globalid":"{EEB98F1A-F635-43D8-A70A-5DC6B4789829}"}},{"type":"Feature","id":14,"geometry":{"type":"Polygon","coordinates":[[[-48.709540192345351,-26.918474523871502],[-48.705373920587931,-26.917170652712908],[-48.684736414322742,-26.910582849407831],[-48.684791313555515,-26.909839940411427],[-48.684992525779315,-26.909170677482809],[-48.685197143952642,-26.908957444225809],[-48.686185078887874,-26.908055992600506],[-48.686792290409009,-26.907273688132658],[-48.686930477027289,-26.906888373616159],[-48.686874648508599,-26.906508428235572],[-48.686746063531515,-26.906266934009423],[-48.686420870067145,-26.90600226706059],[-48.685799222602576,-26.905778337398967],[-48.685303154235775,-26.905787302538496],[-48.68385773513441,-26.905586900656811],[-48.683260528543322,-26.905411809192422],[-48.682987969769279,-26.905216394977405],[-48.682946740090472,-26.90505612744742],[-48.683033257436037,-26.904866607289016],[-48.683770400403048,-26.904570922438573],[-48.684579366427251,-26.904182366404303],[-48.685469820740757,-26.903538654571843],[-48.686186385426105,-26.90269259694827],[-48.686537540810583,-26.902151181194661],[-48.686697458055647,-26.901635128584847],[-48.686704211969904,-26.90114791463866],[-48.686606654439359,-26.900943977435183],[-48.686335261240025,-26.900691592066476],[-48.686079157717153,-26.900624696862462],[-48.685029598959325,-26.900499195339435],[-48.684375568847749,-26.900306077622524],[-48.683934843088956,-26.900096509290037],[-48.683491020661918,-26.899727296165103],[-48.683045578983844,-26.898970476251503],[-48.682813513124572,-26.898504991424179],[-48.682442289280623,-26.897538499318401],[-48.682367815162756,-26.896360288728122],[-48.682382358687562,-26.895648065196053],[-48.682455381320814,-26.894406730897469],[-48.682622889628988,-26.893543283718806],[-48.682816230437616,-26.892990329203258],[-48.683210513103482,-26.892515174723698],[-48.683454430690958,-26.892399482416536],[-48.683813408060942,-26.89240822233684],[-48.684057576668927,-26.892591767734931],[-48.684188098361076,-26.89289314231646],[-48.684598014719796,-26.893521132629573],[-48.685022794841821,-26.894043921540796],[-48.685635042242893,-26.894569782415569],[-48.68588943054759,-26.894876035932175],[-48.686815785574979,-26.895429839204898],[-48.687558455704078,-26.895795387194028],[-48.688065332566453,-26.895877784652676],[-48.688314099624762,-26.895836260699841],[-48.688790345768545,-26.895393779153057],[-48.688841152061983,-26.895083977899937],[-48.688804964408824,-26.894675855297862],[-48.688526595902765,-26.893673848274034],[-48.695733262429783,-26.897858011552625],[-48.703299939309666,-26.902471168238041],[-48.7136309623681,-26.90867652633278],[-48.709540192345351,-26.918474523871502]]]},"properties":{"db_h11sh.hsu_hxmoy.bairros_segurança_bairros.fid":14,"id":72,"numero":26,"nome_1":"São Vicente","descricao_":"Área Urbana","area_em_km":4.5430689400000004,"shape__len":10509.917955000001,"shape__are":454.30689419999999,"globalid":"{FEC217F2-2D1E-4572-BBDB-EDA093540320}"}},{"type":"Feature","id":15,"geometry":{"type":"Polygon","coordinates":[[[-48.670752982284114,-26.926619981441053],[-48.67305555527296,-26.925277798885599],[-48.673204106990717,-26.921442786719162],[-48.676196335400121,-26.923500840813421],[-48.678706187672148,-26.925245758713363],[-48.678544001502118,-26.925545926224846],[-48.678311338786266,-26.925652453730258],[-48.678324694821718,-26.925690528614965],[-48.678707112675738,-26.92924617237502],[-48.678979310190357,-26.936505902586383],[-48.677347469245177,-26.939494570046886],[-48.677615049579998,-26.939432250363694],[-48.677682441592317,-26.940195583456866],[-48.676544890231007,-26.940462941662396],[-48.676153668544757,-26.940048593295849],[-48.67244884585984,-26.938451483935527],[-48.6719993684234,-26.93844776412411],[-48.670828592943963,-26.9387230829212],[-48.670010826767466,-26.939106109870334],[-48.668230418353453,-26.939639867222507],[-48.666682898594651,-26.939716343646975],[-48.665896612913905,-26.939378023136971],[-48.664034135601604,-26.939155308754987],[-48.662450000492555,-26.938791688291758],[-48.661795301504164,-26.936433677926754],[-48.661647033688652,-26.934065877372291],[-48.662394733729911,-26.932345584988369],[-48.662481316697743,-26.930614334934738],[-48.662679714036926,-26.930244295777975],[-48.663186816345565,-26.929859423473584],[-48.663746693417153,-26.929073598654742],[-48.66374284654696,-26.928643212743747],[-48.662777778125175,-26.926944465195085],[-48.668781994406061,-26.925837920897859],[-48.670752982284114,-26.926619981441053]]]},"properties":{"db_h11sh.hsu_hxmoy.bairros_segurança_bairros.fid":15,"id":75,"numero":19,"nome_1":"Ressacada","descricao_":"Área Urbana","area_em_km":2.5048362699999998,"shape__len":6981.6486443600006,"shape__are":250.48362699999998,"globalid":"{C8669BFB-5583-47A7-A861-63BF951B3E02}"}},{"type":"Feature","id":16,"geometry":{"type":"Polygon","coordinates":[[[-48.70230659143111,-26.933005365861064],[-48.697977894442346,-26.937372405091747],[-48.697187672078478,-26.93686061437597],[-48.695964675744449,-26.936495599166005],[-48.696006443654355,-26.936976204196423],[-48.695705779652968,-26.937961934790319],[-48.695126929462312,-26.937983273350653],[-48.689206382339982,-26.939616159323055],[-48.689275794576169,-26.940705460227729],[-48.682690214717987,-26.940961829632968],[-48.682606543128806,-26.938541239345323],[-48.679253333880936,-26.939018627230585],[-48.678784935318099,-26.939449855725119],[-48.677682441592317,-26.940195583456866],[-48.677615049579998,-26.939432250363694],[-48.677347469245177,-26.939494570046886],[-48.678979310190357,-26.936505902586383],[-48.678707112675738,-26.92924617237502],[-48.678324694821718,-26.925690528614965],[-48.678311338786266,-26.925652453730258],[-48.678544001502118,-26.925545926224846],[-48.678706187672148,-26.925245758713363],[-48.679079070562295,-26.925343642698664],[-48.682589159323882,-26.925067709911218],[-48.682885253231404,-26.925044342603321],[-48.68305719079811,-26.925036901292067],[-48.682942401497066,-26.924734744880812],[-48.684428646655739,-26.924194534238072],[-48.684425854008261,-26.923930555210802],[-48.685594197241265,-26.924122694398818],[-48.686321927012159,-26.92429422215443],[-48.68720543233205,-26.924622190901253],[-48.687834022622631,-26.924666693721502],[-48.688259706756298,-26.924371585654985],[-48.688424891597194,-26.924066508504538],[-48.68845313854537,-26.923616695206839],[-48.688328368722381,-26.923187174765815],[-48.687854616708691,-26.922409952318134],[-48.687318434395749,-26.921888191918374],[-48.687374631742294,-26.921626928388768],[-48.687928358254609,-26.921288321263866],[-48.688988607811652,-26.921054905232882],[-48.689496411465377,-26.921097419489787],[-48.689919725718148,-26.921229744079323],[-48.690606727925257,-26.921839459432523],[-48.691171033395513,-26.923478809347419],[-48.691008498423848,-26.923966323501862],[-48.690493108664121,-26.924607652448938],[-48.690138279757491,-26.924858329447964],[-48.689863644044621,-26.925230013776634],[-48.6895949838608,-26.925932375527609],[-48.68937546250995,-26.926407555247948],[-48.688398926484133,-26.92689882921427],[-48.687613000017457,-26.927085438790879],[-48.68717563563257,-26.927329054903247],[-48.686966760222823,-26.927593515405835],[-48.686938253324087,-26.92846354821036],[-48.687222222834187,-26.929166687327577],[-48.687706995921317,-26.929810692873065],[-48.688286612828968,-26.930790449889304],[-48.688679891175582,-26.931020433280366],[-48.688856559547283,-26.931204062608181],[-48.689179940400777,-26.931218872284131],[-48.689493681492763,-26.931185962423591],[-48.689976223649907,-26.930941789066491],[-48.690384695082102,-26.930686889539281],[-48.690634006171955,-26.930690971380439],[-48.690952445523138,-26.93094826101424],[-48.691176932228963,-26.931389502821041],[-48.691280046971258,-26.932318641814877],[-48.691464403147982,-26.932906666838598],[-48.6918232309581,-26.933526084531081],[-48.69250024528359,-26.934155463998398],[-48.692977355053998,-26.934439126276061],[-48.693524509620758,-26.934410024548221],[-48.694252331294578,-26.934108018230773],[-48.694791003740583,-26.933974137388734],[-48.69570032345964,-26.933879603673933],[-48.696607710104459,-26.933880157203063],[-48.696886065312619,-26.933761041947996],[-48.697119189835718,-26.933517526965794],[-48.697175908226242,-26.933337717782663],[-48.697132515053234,-26.933122981490634],[-48.697008682790383,-26.932949737967423],[-48.696743848405148,-26.932664799707119],[-48.696361360942085,-26.932163911789463],[-48.696310150405104,-26.932072707400224],[-48.69631150457186,-26.932006143352254],[-48.696355294254438,-26.931940271443768],[-48.69645704630274,-26.931894372138167],[-48.696679935832208,-26.931893255184356],[-48.697076715135545,-26.931952051492352],[-48.697896887641264,-26.932326909227115],[-48.698187288291763,-26.932398234692666],[-48.699778860462793,-26.932414686422661],[-48.700748059289296,-26.932506586181152],[-48.701792587959964,-26.93280898095086],[-48.70230659143111,-26.933005365861064]]]},"properties":{"db_h11sh.hsu_hxmoy.bairros_segurança_bairros.fid":16,"id":74,"numero":5,"nome_1":"Carvalho","descricao_":"Área Urbana","area_em_km":2.4643975400000002,"shape__len":10073.504910899999,"shape__are":246.43975409999999,"globalid":"{DC965973-9992-4070-B034-8C60DDDDAF1A}"}},{"type":"Feature","id":17,"geometry":{"type":"Polygon","coordinates":[[[-48.684736414322742,-26.910582849407831],[-48.684547704892935,-26.911926716501274],[-48.684314086165351,-26.912470053466855],[-48.683841462498407,-26.913197557807258],[-48.683287836292713,-26.913843933789288],[-48.683230588364644,-26.914156476259031],[-48.683238061329547,-26.914413085442064],[-48.683576021376858,-26.915609868015071],[-48.67100777435919,-26.916212868784836],[-48.670740984555898,-26.913925574598121],[-48.673672261555289,-26.913762840050083],[-48.674554321337631,-26.91371257454087],[-48.674394043317839,-26.912462766886001],[-48.67368389569836,-26.907073918780451],[-48.684736414322742,-26.910582849407831]]]},"properties":{"db_h11sh.hsu_hxmoy.bairros_segurança_bairros.fid":17,"id":99,"numero":24,"nome_1":"São Judas","descricao_":"Área Urbana","area_em_km":0.84685991999999999,"shape__len":4389.4901064200003,"shape__are":84.685992130000002,"globalid":"{814F98AF-0C19-404B-9A1C-FE6D9D061713}"}},{"type":"Feature","id":18,"geometry":{"type":"Polygon","coordinates":[[[-48.719526229425618,-26.844557385947958],[-48.72431399704508,-26.848436499760769],[-48.726069177199307,-26.85075399995663],[-48.726674677460508,-26.853008106168232],[-48.728029364094326,-26.860346526382411],[-48.729113748036781,-26.863685619693928],[-48.730202668936585,-26.866800341446591],[-48.730047924064237,-26.869535981631486],[-48.721320903846248,-26.890187712813685],[-48.716832891442479,-26.891266226596148],[-48.715587840070924,-26.891455363964212],[-48.714138718611714,-26.891241662973037],[-48.714111697660925,-26.88836846141573],[-48.712284722632518,-26.886902493105968],[-48.711605488010981,-26.885864142064577],[-48.71122409552266,-26.884259868270746],[-48.711205761524589,-26.882537816508297],[-48.710363310198005,-26.878283982048227],[-48.709946452146937,-26.877717178001664],[-48.708873911104128,-26.876986349624609],[-48.709913088612524,-26.875952074504958],[-48.710703273971959,-26.875069319446464],[-48.710882044718652,-26.874835956923199],[-48.711033347915411,-26.875003270343605],[-48.712700046188168,-26.876131195227408],[-48.714387023209341,-26.876893678745496],[-48.715644433324563,-26.877281257749779],[-48.716834175961644,-26.877509361486226],[-48.71828870285303,-26.877670051329144],[-48.719277764889753,-26.877651152257307],[-48.720014013652246,-26.877461663757202],[-48.720677965516543,-26.87714944197716],[-48.72148191489697,-26.876633434954389],[-48.722712522584061,-26.875670334017943],[-48.723509697276732,-26.87500340017835],[-48.724677181356128,-26.872984630690432],[-48.725456586502631,-26.871355598596825],[-48.726015737538042,-26.869817307776625],[-48.726409666108609,-26.868393374349111],[-48.726504290514818,-26.867445472998003],[-48.726410130216308,-26.866351886541889],[-48.726129256777639,-26.865279226595963],[-48.725409678323537,-26.86380461477599],[-48.720897999840311,-26.857286878879229],[-48.720084175255352,-26.855875992239177],[-48.719413768911622,-26.854461961466505],[-48.719014973727305,-26.853225838711214],[-48.718756574685962,-26.851784010104918],[-48.718390800108793,-26.848487826541234],[-48.718400667051199,-26.847204142742527],[-48.71868119344245,-26.846169124330988],[-48.719526229425618,-26.844557385947958]]]},"properties":{"db_h11sh.hsu_hxmoy.bairros_segurança_bairros.fid":18,"id":93,"numero":22,"nome_1":"Salseiros","descricao_":"Área Urbana","area_em_km":3.6859938300000001,"shape__len":13411.5281774,"shape__are":368.59938270000004,"globalid":"{95BD470F-39B8-41CA-81A0-2765F3506ACB}"}},{"type":"Feature","id":19,"geometry":{"type":"Polygon","coordinates":[[[-48.767819646147281,-26.949437132678153],[-48.767592896248985,-26.949907445846357],[-48.767397111905012,-26.95047067153255],[-48.767188030055287,-26.950723429797883],[-48.767106615366878,-26.950815674936852],[-48.76711357422969,-26.950967225006721],[-48.766993456363828,-26.951107476197841],[-48.767090185971774,-26.951234876836835],[-48.767226172650261,-26.951311970635743],[-48.767407346379031,-26.951711249352485],[-48.768224362602112,-26.953397869491564],[-48.768378753788078,-26.95563707300526],[-48.768442145905368,-26.957345687763105],[-48.768257490113527,-26.957717981631063],[-48.76787632044617,-26.958245910618462],[-48.768161979239338,-26.958474122424025],[-48.768541592306867,-26.959271445931268],[-48.768594297893841,-26.959459888801604],[-48.768753294440124,-26.961624126264319],[-48.768838847577797,-26.962599605096152],[-48.768782822151245,-26.962988367305883],[-48.768565779332086,-26.963367364319314],[-48.767837821923152,-26.964412450818099],[-48.7676963397655,-26.964675759187859],[-48.767645350245061,-26.964822080189808],[-48.76706056021834,-26.964798462123213],[-48.76575057660731,-26.964700113307245],[-48.765625988573831,-26.964637248575912],[-48.765565014274323,-26.964737834526105],[-48.765524210293265,-26.964821313776991],[-48.765360333904219,-26.965003505407939],[-48.76522321285654,-26.96541177318279],[-48.765239880334555,-26.96574274639098],[-48.763192920851822,-26.964892143806651],[-48.762691090802768,-26.964571121170287],[-48.762389754174386,-26.96374812215041],[-48.762006293812775,-26.963464552211398],[-48.761088451467046,-26.963101345128756],[-48.755300644751522,-26.96106619890865],[-48.755987358049723,-26.96012571734509],[-48.756059034423764,-26.959844374912738],[-48.75611396344123,-26.959125374248416],[-48.756215114363954,-26.958639474051104],[-48.756252599728555,-26.957774396770716],[-48.756377899078863,-26.957352667043068],[-48.756772283338485,-26.956693742269561],[-48.756882720168178,-26.95650869685257],[-48.75694618239681,-26.955871841625797],[-48.757006213476664,-26.955408066780642],[-48.757152468403909,-26.954954775739907],[-48.757398300486116,-26.954607860712319],[-48.757620823124633,-26.954410928887416],[-48.7584230328671,-26.954209545399792],[-48.759427372752882,-26.95407060155738],[-48.759825079879612,-26.954013134279577],[-48.760142274234731,-26.953913381814068],[-48.760890113631298,-26.953118817038483],[-48.761815829046562,-26.952325730602887],[-48.761672782056145,-26.948811191925213],[-48.761962481001248,-26.948093014104202],[-48.761861762882866,-26.946694936293834],[-48.761971695214754,-26.945692517300621],[-48.761326965386409,-26.942994975110519],[-48.761328411814944,-26.94298756452676],[-48.762345532470562,-26.943912550600299],[-48.763757065509054,-26.945439478294645],[-48.76460498900196,-26.946189156617098],[-48.76485643119787,-26.946524933262271],[-48.767267671528813,-26.94882798144047],[-48.767819646147281,-26.949437132678153]]]},"properties":{"db_h11sh.hsu_hxmoy.bairros_segurança_bairros.fid":19,"id":83,"numero":33,"nome_1":"KM12","descricao_":"Zona Rural(localidade)","area_em_km":1.7910899299999998,"shape__len":6612.5283064200003,"shape__are":179.10899326000001,"globalid":"{B93673AB-249C-45B5-AD63-B3A327383C79}"}},{"type":"Feature","id":20,"geometry":{"type":"Polygon","coordinates":[[[-48.663292962932076,-26.962651955488166],[-48.662667085288483,-26.962113975655921],[-48.66236678547051,-26.961213143326852],[-48.662407143795249,-26.960331429112589],[-48.662583564426704,-26.958178399343574],[-48.662906389597758,-26.957480624713188],[-48.662812739163449,-26.957223114212894],[-48.662325597774071,-26.956850789302546],[-48.6617924991778,-26.956068386616142],[-48.660418289737578,-26.955157167222485],[-48.657490708516427,-26.954625615369643],[-48.654619693888542,-26.952837492056897],[-48.653999696760266,-26.950617523681942],[-48.652715728114003,-26.947566425092504],[-48.653527274616927,-26.946227295676419],[-48.654083332831277,-26.943027799396681],[-48.655335278491215,-26.941701236017117],[-48.656490608853538,-26.94089195157666],[-48.662450000492555,-26.938791688291758],[-48.664034135601604,-26.939155308754987],[-48.665896612913905,-26.939378023136971],[-48.666682898594651,-26.939716343646975],[-48.668230418353453,-26.939639867222507],[-48.670010826767466,-26.939106109870334],[-48.670828592943963,-26.9387230829212],[-48.6719993684234,-26.93844776412411],[-48.67244884585984,-26.938451483935527],[-48.676153668544757,-26.940048593295849],[-48.676544890231007,-26.940462941662396],[-48.677682441592317,-26.940195583456866],[-48.678784935318099,-26.939449855725119],[-48.679253333880936,-26.939018627230585],[-48.682606543128806,-26.938541239345323],[-48.682690214717987,-26.940961829632968],[-48.689275794576169,-26.940705460227729],[-48.689206382339982,-26.939616159323055],[-48.695126929462312,-26.937983273350653],[-48.695705779652968,-26.937961934790319],[-48.696006443654355,-26.936976204196423],[-48.695964675744449,-26.936495599166005],[-48.697187672078478,-26.93686061437597],[-48.697977894442346,-26.937372405091747],[-48.695107840697773,-26.94027102983091],[-48.695235065100697,-26.941138762252219],[-48.695535224541899,-26.941753494291671],[-48.696115525191175,-26.94216843954332],[-48.697006155479507,-26.942059817735444],[-48.697500000314157,-26.94222224418824],[-48.69694444434036,-26.945833354426551],[-48.688355567397544,-26.950540426974886],[-48.688259939581954,-26.951571041197731],[-48.688937708559791,-26.953485620649182],[-48.691239081064687,-26.956847459535425],[-48.699279431079674,-26.961073039195497],[-48.706297538992949,-26.966571508430651],[-48.708002398602112,-26.968199384273781],[-48.708423929961604,-26.969450791828795],[-48.70833102436864,-26.97036047005901],[-48.707372968025098,-26.973511518635487],[-48.70503249747663,-26.979884937558488],[-48.706657818301849,-26.98792555041182],[-48.706577290006194,-26.98844178266631],[-48.705799840123511,-26.990943793792088],[-48.705779101016695,-26.991000609712724],[-48.684849264673588,-26.971676519280042],[-48.684170909814476,-26.972695010859987],[-48.68383022692759,-26.972955057546521],[-48.683497604380698,-26.973047960397913],[-48.682725722906056,-26.972701747521409],[-48.682034743461244,-26.972191273659746],[-48.681244417434456,-26.971881804169215],[-48.680448143689873,-26.971873487170246],[-48.679299379784588,-26.971688337928828],[-48.677822752830039,-26.971250137294145],[-48.677473731788069,-26.971229709067469],[-48.677063359608312,-26.971340831033373],[-48.676815695638773,-26.971299158557088],[-48.676467755003571,-26.970918769896279],[-48.675567551825019,-26.970181110755622],[-48.675272897788204,-26.96976774309525],[-48.675175922410318,-26.969471805378678],[-48.675086995690862,-26.96854282431223],[-48.675137097824027,-26.968113805100444],[-48.675006711192104,-26.96783605491596],[-48.67446716129254,-26.967544262639553],[-48.674138557751768,-26.967522385847694],[-48.673324445884326,-26.967639020703558],[-48.673276885301647,-26.967296967268734],[-48.673334852948038,-26.966790071582817],[-48.673244876571999,-26.966371373580781],[-48.673133832127888,-26.966124372747466],[-48.672846109749898,-26.965841253520786],[-48.672070593569792,-26.965569894451402],[-48.670452015448099,-26.965177897115613],[-48.669510201668089,-26.964568117212625],[-48.669043293520552,-26.964413828137811],[-48.668546821595896,-26.964090298491001],[-48.667141817344188,-26.963462741677468],[-48.665918693358655,-26.962768536686092],[-48.665411107564829,-26.962690765397305],[-48.663722910957098,-26.962802841083626],[-48.663292962932076,-26.962651955488166]]]},"properties":{"db_h11sh.hsu_hxmoy.bairros_segurança_bairros.fid":20,"id":73,"numero":4,"nome_1":"Canhanduba","descricao_":"Zona Rural/Urbana (limite perímetro urbano)","area_em_km":15.04065014,"shape__len":21494.4248549,"shape__are":1504.06501366,"globalid":"{AC3E2671-A460-4712-AE8D-BAEBFB42C6D9}"}},{"type":"Feature","id":21,"geometry":{"type":"Polygon","coordinates":[[[-48.781136315563359,-26.919296052753719],[-48.780372589337787,-26.918641745261414],[-48.778556002500466,-26.917276193789821],[-48.764610626268386,-26.9073197765487],[-48.759426952997565,-26.900997752671042],[-48.75818888916897,-26.899980577121394],[-48.754945960997617,-26.902403743633879],[-48.749652402704271,-26.905902214425829],[-48.748034442523291,-26.905641333053076],[-48.739716927589157,-26.905617123627856],[-48.737558129360465,-26.904632686260499],[-48.735380738872067,-26.902705451765517],[-48.732027998934093,-26.901523004890343],[-48.728772269436995,-26.901909525384045],[-48.722777778038001,-26.900000020831165],[-48.720351943312025,-26.898702844700964],[-48.719537783857135,-26.897113650822494],[-48.718611111971015,-26.89638891031495],[-48.720523012207238,-26.892096235969447],[-48.721320903846248,-26.890187712813685],[-48.726011992343629,-26.889261225802855],[-48.739247850395344,-26.88630855228644],[-48.740844855726259,-26.885972581251949],[-48.747111360225581,-26.886233367010792],[-48.749191813516525,-26.886366964516654],[-48.751615039596899,-26.887289301374171],[-48.753598009789528,-26.88782298091807],[-48.754815290741973,-26.88856539606433],[-48.758641620633561,-26.891036372822462],[-48.759397036825938,-26.891349635152519],[-48.760847834626119,-26.891613668527274],[-48.764179569160326,-26.89191250304809],[-48.766416993829665,-26.892029323299276],[-48.766558973991792,-26.892770299201818],[-48.76768731579061,-26.893823543747153],[-48.767913256795431,-26.89420322904898],[-48.768387567427894,-26.894478746983193],[-48.768628430680948,-26.895328299468616],[-48.768810452210701,-26.89536114869188],[-48.769365625923889,-26.895183514637072],[-48.769531312761202,-26.895196123361547],[-48.770369097476284,-26.895729592365829],[-48.771077462130343,-26.895925583974343],[-48.771525880862292,-26.896334335822747],[-48.771912501377912,-26.896369451018405],[-48.777262081453067,-26.90092972280781],[-48.778115922534596,-26.902298747355424],[-48.782277514722942,-26.909770775063453],[-48.786035402691049,-26.914555421272482],[-48.786383222537651,-26.915574585967033],[-48.785648730592172,-26.915745380581789],[-48.783860729773096,-26.916434888745169],[-48.78242665738221,-26.918052479234237],[-48.782143515080335,-26.918464086093074],[-48.781136315563359,-26.919296052753719]]]},"properties":{"db_h11sh.hsu_hxmoy.bairros_segurança_bairros.fid":21,"id":80,"numero":10,"nome_1":"Espinheiros","descricao_":"Zona Rural/Urbana (limite perímetro urbano)","area_em_km":10.36342992,"shape__len":17205.1962169,"shape__are":1036.34299216,"globalid":"{CF8B7307-2373-488C-84F3-E0BFED5DF387}"}},{"type":"Feature","id":22,"geometry":{"type":"Polygon","coordinates":[[[-48.758922338623655,-26.936014762509327],[-48.758716271670615,-26.934975898023691],[-48.758200988920642,-26.934504631968661],[-48.757116000797161,-26.933533076290036],[-48.754867596622191,-26.931718341665643],[-48.753214741240498,-26.930990372400842],[-48.752277188481472,-26.930799859915407],[-48.751363238604604,-26.930624456477688],[-48.750274783288376,-26.930369713523792],[-48.749365361034329,-26.92999912891521],[-48.747678838535791,-26.929269946488787],[-48.746396622230172,-26.9286028693333],[-48.745142936128261,-26.92777176951034],[-48.742989348224363,-26.926446452510742],[-48.73919103485877,-26.924170041884526],[-48.7353438290573,-26.921765960701922],[-48.732732074138298,-26.920147892151185],[-48.719604543363083,-26.912240617188704],[-48.717965967584533,-26.911245051772934],[-48.7136309623681,-26.90867652633278],[-48.718611111971015,-26.89638891031495],[-48.719537783857135,-26.897113650822494],[-48.720351943312025,-26.898702844700964],[-48.722777778038001,-26.900000020831165],[-48.728772269436995,-26.901909525384045],[-48.732027998934093,-26.901523004890343],[-48.735380738872067,-26.902705451765517],[-48.737558129360465,-26.904632686260499],[-48.739716927589157,-26.905617123627856],[-48.748034442523291,-26.905641333053076],[-48.748605359972167,-26.905733390622906],[-48.749652402704271,-26.905902214425829],[-48.754945960997617,-26.902403743633879],[-48.75818888916897,-26.899980577121394],[-48.759426952997565,-26.900997752671042],[-48.764610626268386,-26.9073197765487],[-48.778556002500466,-26.917276193789821],[-48.780372589337787,-26.918641745261414],[-48.781136315563359,-26.919296052753719],[-48.778926686288855,-26.92112118053679],[-48.778557025750594,-26.921572114792745],[-48.776698238381265,-26.923105810063124],[-48.776496039399575,-26.923085492203345],[-48.776370197765758,-26.923154312814965],[-48.77246451613329,-26.926393097316467],[-48.769842814967504,-26.928417051886989],[-48.763385562347842,-26.933681430295287],[-48.761463854266658,-26.934743218681639],[-48.758922338623655,-26.936014762509327]]]},"properties":{"db_h11sh.hsu_hxmoy.bairros_segurança_bairros.fid":22,"id":98,"numero":25,"nome_1":"São Roque","descricao_":"Zona Rural/Urbana (limite perímetro urbano)","area_em_km":13.87197171,"shape__len":17508.9447435,"shape__are":1387.1971708800002,"globalid":"{B194DEBC-FBA2-4C6D-BDBE-70447488AAC0}"}},{"type":"Feature","id":23,"geometry":{"type":"Polygon","coordinates":[[[-48.801399170159037,-26.966630584442989],[-48.803274136694988,-26.970041860920286],[-48.804222250451687,-26.971839301755526],[-48.804745297176382,-26.973388123797406],[-48.805408018457335,-26.974304138828103],[-48.805847744184597,-26.974852007728902],[-48.806804672019226,-26.975792328531607],[-48.808241221304748,-26.976945664293456],[-48.808243944604683,-26.977277372007595],[-48.808168514096565,-26.977859009017671],[-48.80816122172012,-26.978235308099105],[-48.808121017865972,-26.978449775786419],[-48.808015759540226,-26.97892134616265],[-48.80784071760533,-26.979273525757598],[-48.807714349133974,-26.979594200919454],[-48.807307959949853,-26.980104101752463],[-48.807082368237772,-26.980584552115612],[-48.806566391139,-26.982248849364822],[-48.806127707204517,-26.982564657974539],[-48.805449818453106,-26.98282296546212],[-48.804689309024887,-26.983004701720176],[-48.803882206275198,-26.983110423476589],[-48.802606639260489,-26.983208834327087],[-48.801740522310411,-26.981340907032244],[-48.801179215255466,-26.98054706001119],[-48.800058693240651,-26.98008862648647],[-48.797167451284835,-26.979050363107604],[-48.795858758971214,-26.978384617071981],[-48.794883810834357,-26.982039648586902],[-48.792317236774537,-26.981840781428012],[-48.789462190153436,-26.981128093186165],[-48.785010584338671,-26.979781965773011],[-48.784482322018739,-26.979454606842587],[-48.780430828053412,-26.974538432462214],[-48.779313957885762,-26.97152212468842],[-48.777836407653247,-26.971314947430912],[-48.77574368291026,-26.970592815000014],[-48.774184539921258,-26.969866988217888],[-48.773801317463771,-26.969437793330197],[-48.773626089829449,-26.968608911002224],[-48.773436744286045,-26.968279493699633],[-48.773026737270015,-26.968182343487197],[-48.7702231188646,-26.968028278648081],[-48.765239880334555,-26.96574274639098],[-48.76522321285654,-26.96541177318279],[-48.765360333904219,-26.965003505407939],[-48.765524210293265,-26.964821313776991],[-48.765565014274323,-26.964737834526105],[-48.765607108088936,-26.964668395378784],[-48.765625988573831,-26.964637248575912],[-48.765693196283564,-26.964671161641562],[-48.76575057660731,-26.964700113307245],[-48.76706056021834,-26.964798462123213],[-48.767645350245061,-26.964822080189808],[-48.7676963397655,-26.964675759187859],[-48.767837821923152,-26.964412450818099],[-48.768565779332086,-26.963367364319314],[-48.768782822151245,-26.962988367305883],[-48.768838847577797,-26.962599605096152],[-48.768753294440124,-26.961624126264319],[-48.768594297893841,-26.959459888801604],[-48.768541592306867,-26.959271445931268],[-48.768161979239338,-26.958474122424025],[-48.76787632044617,-26.958245910618462],[-48.768257490113527,-26.957717981631063],[-48.768442145905368,-26.957345687763105],[-48.768378753788078,-26.95563707300526],[-48.768224362602112,-26.953397869491564],[-48.767407346379031,-26.951711249352485],[-48.767226172650261,-26.951311970635743],[-48.767090185971774,-26.951234876836835],[-48.766993456363828,-26.951107476197841],[-48.76711357422969,-26.950967225006721],[-48.767106615366878,-26.950815674936852],[-48.767188030055287,-26.950723429797883],[-48.767397111905012,-26.95047067153255],[-48.767592896248985,-26.949907445846357],[-48.767819646147281,-26.949437132678153],[-48.768239660973727,-26.949900648064975],[-48.769197958190446,-26.950360369583688],[-48.769657359249173,-26.950494389785955],[-48.771304660042397,-26.950618906786396],[-48.771918305972584,-26.950952942640559],[-48.772422789667466,-26.951364806860109],[-48.773554548758902,-26.952707926339269],[-48.775249545342639,-26.954271969409781],[-48.775615955085286,-26.954479063247192],[-48.77662215841363,-26.954640309594179],[-48.7781126773842,-26.954626527889815],[-48.779512009691395,-26.954423182034937],[-48.780689174360624,-26.954166310324442],[-48.781681338620771,-26.953783621946883],[-48.782413851766947,-26.953688584724425],[-48.783504444060043,-26.95366013969932],[-48.785130225878611,-26.954024602213639],[-48.786137441668608,-26.954442013184071],[-48.786649071938506,-26.954890469715256],[-48.787473663382059,-26.956023963815827],[-48.788181538114273,-26.956716631349718],[-48.791218837391085,-26.960431173226215],[-48.792102634743962,-26.961360163267884],[-48.793074844168096,-26.963045861609015],[-48.793651049949723,-26.963635934177255],[-48.794461788334971,-26.964189213565621],[-48.795498684412117,-26.96453298050189],[-48.796449233701949,-26.965128896153136],[-48.798508447267459,-26.966136206697776],[-48.799424169066832,-26.966574631785985],[-48.800151444833702,-26.966769386154986],[-48.80051161619437,-26.966950489074303],[-48.800724672322403,-26.966881039669339],[-48.800884558122455,-26.966701789798527],[-48.801399170159037,-26.966630584442989]]]},"properties":{"db_h11sh.hsu_hxmoy.bairros_segurança_bairros.fid":23,"id":100,"numero":38,"nome_1":"Arraial dos Cunha","descricao_":"Zona Rural(localidade)","area_em_km":7.6212280200000002,"shape__len":13817.9948852,"shape__are":762.1228016,"globalid":"{ED310792-AD7C-425A-9EE7-8C6A9E465FE0}"}},{"type":"Feature","id":24,"geometry":{"type":"Polygon","coordinates":[[[-48.708348962086838,-26.921368529213709],[-48.70952014324147,-26.918517410025679],[-48.709540192345351,-26.918474523871502],[-48.7136309623681,-26.90867652633278],[-48.716696853280354,-26.910473938084444],[-48.719604543363083,-26.912240617188704],[-48.732732074138298,-26.920147892151185],[-48.7353438290573,-26.921765960701922],[-48.73919103485877,-26.924170041884526],[-48.742989348224363,-26.926446452510742],[-48.745142936128261,-26.92777176951034],[-48.746396622230172,-26.9286028693333],[-48.747678838535791,-26.929269946488787],[-48.749365361034329,-26.92999912891521],[-48.750274783288376,-26.930369713523792],[-48.751363238604604,-26.930624456477688],[-48.752277188481472,-26.930799859915407],[-48.751894166319161,-26.931962579856314],[-48.751415493331621,-26.933030208707617],[-48.750963970882459,-26.933241706646704],[-48.75031297725539,-26.933258662548941],[-48.749789551220367,-26.932995166884101],[-48.749465050741371,-26.932953541507704],[-48.749322041506559,-26.932987708959413],[-48.749094286485246,-26.933193658027637],[-48.748937494684377,-26.933409853086083],[-48.748666734231534,-26.933733576609736],[-48.748422271494071,-26.933757010769611],[-48.74804767661157,-26.933678132282747],[-48.747938594989691,-26.933539705031446],[-48.747724236672674,-26.933071552917557],[-48.747911883064361,-26.932837628659357],[-48.748240002562746,-26.932697069235871],[-48.748393717608728,-26.932635735725135],[-48.748477556899317,-26.932509502140658],[-48.748501141518346,-26.932345855713695],[-48.748402405357929,-26.932198481881201],[-48.747986981997208,-26.932128064720239],[-48.746927477045013,-26.932238718242424],[-48.74635507773003,-26.932393596138489],[-48.745809708330938,-26.932211747025139],[-48.745419507104579,-26.931895692304256],[-48.745062515354746,-26.93144348191516],[-48.744792643660332,-26.931211358646607],[-48.74456923783854,-26.931198674709979],[-48.744302640593332,-26.931312872305188],[-48.74416707522419,-26.931483837288006],[-48.744111182904142,-26.931738089414431],[-48.744075978659062,-26.931974447329161],[-48.743776531815676,-26.932206578889016],[-48.743060031954606,-26.932450260631999],[-48.741734641359358,-26.933148921879102],[-48.74138419051102,-26.93338934342059],[-48.741329924929069,-26.933561608010315],[-48.741357871843626,-26.933689627879772],[-48.741489086740941,-26.933737291016552],[-48.741691988297184,-26.933758764727838],[-48.742354417441341,-26.933678245715296],[-48.742872926119304,-26.933677431831303],[-48.743136627529431,-26.933708987537276],[-48.743368386824329,-26.933812931826864],[-48.743446247179023,-26.933987311134345],[-48.742994706858404,-26.934198782340157],[-48.742270932638981,-26.934296547342843],[-48.741319025096438,-26.934618462283261],[-48.74093281686222,-26.934612278112965],[-48.740538081520953,-26.934523944234755],[-48.740253508272339,-26.934519385368812],[-48.739915937576029,-26.934623324011135],[-48.73917622541925,-26.935010133211698],[-48.738831612713142,-26.935339486751193],[-48.738559042352215,-26.935879576802719],[-48.73831770056843,-26.936001001399717],[-48.738141926664177,-26.936020963240924],[-48.737931625867169,-26.93598797486786],[-48.737549649884045,-26.935642415107218],[-48.737204696563104,-26.935352122384],[-48.736988503173485,-26.935232471542172],[-48.736821171678287,-26.935211562626279],[-48.736592858801679,-26.935189674040309],[-48.736404381412704,-26.935209430803525],[-48.73623518469627,-26.935281891177219],[-48.736094066437232,-26.93547554073325],[-48.735993009575282,-26.935699448861879],[-48.735954001910912,-26.936252394153385],[-48.735791416736483,-26.936502650474232],[-48.735450240856927,-26.936786488238926],[-48.735390253504001,-26.936862979559379],[-48.735343871679092,-26.937021700266545],[-48.735354209438178,-26.937140326223581],[-48.73542820485212,-26.937253140058939],[-48.735571807076582,-26.937316953034053],[-48.735769222491484,-26.93735884927483],[-48.736025443167009,-26.937383466054754],[-48.736289605238959,-26.937392261751732],[-48.736569466754297,-26.937378528375568],[-48.736878195141152,-26.937192124508709],[-48.737197313185234,-26.936994496785417],[-48.737367369865531,-26.937006337058872],[-48.737427260872742,-26.937061971864168],[-48.737408785519925,-26.937223417934923],[-48.737270104233581,-26.937676808339983],[-48.737201526518177,-26.938056147449295],[-48.73710695471533,-26.938337110328675],[-48.737016611874701,-26.938406281037079],[-48.736783660223999,-26.938489110456651],[-48.736496173182942,-26.938502720844177],[-48.735933409360506,-26.938427623969531],[-48.735247507378688,-26.938282205118579],[-48.734644100965276,-26.938078878590535],[-48.734066433564436,-26.937732443121462],[-48.73369508350666,-26.93736426346042],[-48.733351821638088,-26.936989699180984],[-48.733243110564061,-26.936960615081279],[-48.7330267264444,-26.936977640861446],[-48.732857388440692,-26.937056928905132],[-48.732748620385827,-26.93715769404821],[-48.732425176700147,-26.937444087746133],[-48.73208866086258,-26.937748493538276],[-48.73192948435603,-26.937827944676506],[-48.731791775055399,-26.937850788306584],[-48.731639776778927,-26.937825563239752],[-48.731534883776639,-26.937732753323427],[-48.731298287140184,-26.937489750356484],[-48.731136438860275,-26.937067981648823],[-48.730993400533855,-26.936849264646334],[-48.73086445518323,-26.936815297665266],[-48.730747529476069,-26.936815694223821],[-48.73058881066315,-26.93687237076044],[-48.730405808596558,-26.936999275546587],[-48.729845266789646,-26.937448145880708],[-48.729731246122583,-26.937430363409916],[-48.729582932511732,-26.937348243866435],[-48.729461622927687,-26.936806388649604],[-48.729285937742389,-26.936441347906221],[-48.729055251351845,-26.936157432160538],[-48.728884527635977,-26.936052169774843],[-48.728591433291378,-26.935965439231094],[-48.728203368296811,-26.935925018016949],[-48.727896017603555,-26.935915511599759],[-48.727519561570134,-26.935929949332102],[-48.72718769984025,-26.936002056234567],[-48.727044041134043,-26.93606808252817],[-48.726974569996408,-26.936110246070065],[-48.72692963999679,-26.936196088201235],[-48.726915748485418,-26.936255094556113],[-48.726946860473369,-26.936351274187732],[-48.727011460245912,-26.936425213958906],[-48.727131821771984,-26.936506885634032],[-48.727240348766927,-26.936545083393234],[-48.727754983254648,-26.936737899459008],[-48.727959818026939,-26.936916609613885],[-48.728134983825882,-26.937053837136933],[-48.728211605576639,-26.937162141186732],[-48.728202687716404,-26.937353354965087],[-48.728089972367023,-26.937777538178928],[-48.727684693695707,-26.93884853323615],[-48.727590388486249,-26.938988253763885],[-48.727438830178507,-26.93906782233412],[-48.727176385409599,-26.939100041981089],[-48.726919798483486,-26.939093628896146],[-48.726485228994733,-26.938963608991745],[-48.725975896913859,-26.938759483698611],[-48.72392558728906,-26.938083995211546],[-48.721681280938185,-26.937450906837583],[-48.721174389854362,-26.93737893106697],[-48.720615949686881,-26.937342570992467],[-48.720218474817159,-26.937390819347261],[-48.71960001102584,-26.937558510141447],[-48.719051314413136,-26.937795667573326],[-48.718605846556464,-26.938207624447319],[-48.717886363583212,-26.938847507796417],[-48.717326150199703,-26.939403400084348],[-48.717125974943926,-26.939750980653614],[-48.71701883120717,-26.940022613034092],[-48.716820581548681,-26.940274545540689],[-48.716662492625112,-26.940299322804815],[-48.716469750392555,-26.940277977208559],[-48.716369581507877,-26.940203457792798],[-48.716302109521919,-26.940020120743835],[-48.716214948067169,-26.939048258772988],[-48.716066164629979,-26.938107289288979],[-48.716051801810096,-26.937054596623746],[-48.715827929652548,-26.936308324688689],[-48.715627877048547,-26.936145621411026],[-48.715465080149798,-26.93615209653704],[-48.71504841474836,-26.936395933287461],[-48.714620452992236,-26.936443671972004],[-48.714073195407806,-26.936357349476424],[-48.713663878239991,-26.936236812345424],[-48.713386225390508,-26.936141189030504],[-48.712969414008676,-26.935888401190898],[-48.712169916335739,-26.934699960035019],[-48.711654861962721,-26.934026414027223],[-48.711161357016984,-26.933544571315732],[-48.710854788016228,-26.933371021319513],[-48.710420814502804,-26.933213624768708],[-48.710106773776403,-26.933158410739448],[-48.709243010981417,-26.933139828989695],[-48.708904484881216,-26.933038653189961],[-48.708866595769564,-26.932901354257684],[-48.70890465195572,-26.932778957251386],[-48.709110214193011,-26.932668394580777],[-48.709239552709562,-26.932556591907417],[-48.70971207335527,-26.931812508139377],[-48.709883331612211,-26.931387015893936],[-48.70987767804413,-26.931163674856144],[-48.709800241615923,-26.930971061525032],[-48.709711110894695,-26.930841687194761],[-48.709612919294521,-26.930776663991214],[-48.70942386768661,-26.930762203646733],[-48.70914104582095,-26.93079747700898],[-48.708873655321554,-26.930886534066577],[-48.708563889618027,-26.931122975442623],[-48.708307947739627,-26.931462803144441],[-48.707738528650673,-26.931845374736486],[-48.706925051115007,-26.932105519632312],[-48.706120708588784,-26.932165338680157],[-48.705722326980059,-26.932259093358851],[-48.705497451798095,-26.932319220795467],[-48.705398967881671,-26.932413297062283],[-48.705314897176208,-26.932548611817378],[-48.705251531494412,-26.932916624958622],[-48.70527777677114,-26.933126632383679],[-48.70546312660867,-26.933512358189894],[-48.705554695774786,-26.933759876800234],[-48.705511654390129,-26.934128220626775],[-48.705433586566379,-26.934218072530658],[-48.705029470563268,-26.93434362463308],[-48.704397139042015,-26.934192095855799],[-48.704231479139061,-26.934089165825586],[-48.704032278755584,-26.933885454996002],[-48.703280206905191,-26.933372040469457],[-48.702913321123404,-26.933165598581841],[-48.702601800877815,-26.933063870347063],[-48.70230659143111,-26.933005365861064],[-48.702552703531623,-26.932755384689113],[-48.703044005609073,-26.932260318732173],[-48.70375201499882,-26.931456130989169],[-48.704115093708033,-26.930972213919073],[-48.704563348497111,-26.93025620749567],[-48.704928158920794,-26.929528497077005],[-48.70523114239581,-26.928822495876389],[-48.706098490500217,-26.926730103953862],[-48.707204502999247,-26.924071293855231],[-48.708348962086838,-26.921368529213709]]]},"properties":{"db_h11sh.hsu_hxmoy.bairros_segurança_bairros.fid":24,"id":81,"numero":29,"nome_1":"Rio Novo - Colônia Japonesa","descricao_":"Zona Rural/Urbana (limite perímetro urbano)","area_em_km":8.0741692499999989,"shape__len":16571.4306942,"shape__are":807.4169247100001,"globalid":"{4F2CE4F4-D6A2-4A30-8FA9-8CCCABD24E9B}"}},{"type":"Feature","id":25,"geometry":{"type":"Polygon","coordinates":[[[-48.761328411814944,-26.94298756452676],[-48.761326965386409,-26.942994975110519],[-48.761971695214754,-26.945692517300621],[-48.761861762882866,-26.946694936293834],[-48.761962481001248,-26.948093014104202],[-48.761672782056145,-26.948811191925213],[-48.761815829046562,-26.952325730602887],[-48.760890113631298,-26.953118817038483],[-48.760142274234731,-26.953913381814068],[-48.759825079879612,-26.954013134279577],[-48.759427372752882,-26.95407060155738],[-48.7584230328671,-26.954209545399792],[-48.757620823124633,-26.954410928887416],[-48.757398300486116,-26.954607860712319],[-48.757152468403909,-26.954954775739907],[-48.757006213476664,-26.955408066780642],[-48.75694618239681,-26.955871841625797],[-48.756882720168178,-26.95650869685257],[-48.756772283338485,-26.956693742269561],[-48.756377899078863,-26.957352667043068],[-48.756252599728555,-26.957774396770716],[-48.756215114363954,-26.958639474051104],[-48.75611396344123,-26.959125374248416],[-48.756059034423764,-26.959844374912738],[-48.755987358049723,-26.96012571734509],[-48.755300644751522,-26.96106619890865],[-48.755551309973995,-26.963240234278146],[-48.755321302056302,-26.96363394967408],[-48.754886320246648,-26.963947193024339],[-48.753721948044102,-26.964604554550764],[-48.753211424062499,-26.965122919652732],[-48.752052566352582,-26.965901308014637],[-48.751768243906717,-26.966224057800201],[-48.751441284243057,-26.967093971698723],[-48.750726635185487,-26.967893664010344],[-48.750301918949106,-26.968587700376904],[-48.75014262949675,-26.9694104840815],[-48.749751277671201,-26.969923621304286],[-48.749002683449881,-26.971829124632254],[-48.747570575358758,-26.97296596354013],[-48.74664457787766,-26.974206932135736],[-48.745655866190859,-26.974509507680182],[-48.74435488765571,-26.975538128228251],[-48.742778388885718,-26.976146104115664],[-48.742095953651251,-26.976519371418714],[-48.738486581074369,-26.977521595338562],[-48.737319050643791,-26.977531309933688],[-48.736744915199175,-26.977650156316905],[-48.73466473981555,-26.97763095586372],[-48.732173334409815,-26.978715017629618],[-48.731833104630056,-26.978752229018642],[-48.732545753122146,-26.974062175020613],[-48.732064289101373,-26.968840340348049],[-48.730632933448447,-26.967174677814569],[-48.728844440302247,-26.96566174560061],[-48.728125504032249,-26.965161658565272],[-48.726566177572437,-26.964076975105712],[-48.724178001249356,-26.96262933206598],[-48.722373869652941,-26.960827871467824],[-48.720423087044864,-26.957206468559008],[-48.719909075738165,-26.956678131039766],[-48.719324896987494,-26.956119560149162],[-48.717872761992687,-26.954731047745526],[-48.717558026674318,-26.952883697581012],[-48.716628378107359,-26.946549738017023],[-48.716254657760501,-26.944943834688313],[-48.716044660270121,-26.94442811864009],[-48.714567221334292,-26.943780372565048],[-48.712995749145563,-26.94303885644468],[-48.711337113748385,-26.942218915659755],[-48.709852965401069,-26.941409488790445],[-48.708972924488386,-26.941030759071744],[-48.706598076408682,-26.940088771599839],[-48.704839507662626,-26.9395417420019],[-48.698361404401446,-26.93785845117586],[-48.697977894442346,-26.937372405091747],[-48.70230659143111,-26.933005365861064],[-48.702601800877815,-26.933063870347063],[-48.702913321123404,-26.933165598581841],[-48.703280206905191,-26.933372040469457],[-48.704032278755584,-26.933885454996002],[-48.704231479139061,-26.934089165825586],[-48.704397139042015,-26.934192095855799],[-48.705029470563268,-26.93434362463308],[-48.705433586566379,-26.934218072530658],[-48.705511654390129,-26.934128220626775],[-48.705554695774786,-26.933759876800234],[-48.70546312660867,-26.933512358189894],[-48.70527777677114,-26.933126632383679],[-48.705251531494412,-26.932916624958622],[-48.705314897176208,-26.932548611817378],[-48.705398967881671,-26.932413297062283],[-48.705497451798095,-26.932319220795467],[-48.705722326980059,-26.932259093358851],[-48.706120708588784,-26.932165338680157],[-48.706925051115007,-26.932105519632312],[-48.707738528650673,-26.931845374736486],[-48.708307947739627,-26.931462803144441],[-48.708563889618027,-26.931122975442623],[-48.708873655321554,-26.930886534066577],[-48.70914104582095,-26.93079747700898],[-48.70942386768661,-26.930762203646733],[-48.709612919294521,-26.930776663991214],[-48.709711110894695,-26.930841687194761],[-48.709800241615923,-26.930971061525032],[-48.70987767804413,-26.931163674856144],[-48.709883331612211,-26.931387015893936],[-48.70971207335527,-26.931812508139377],[-48.709239552709562,-26.932556591907417],[-48.709110214193011,-26.932668394580777],[-48.70890465195572,-26.932778957251386],[-48.708866595769564,-26.932901354257684],[-48.708904484881216,-26.933038653189961],[-48.709243010981417,-26.933139828989695],[-48.710106773776403,-26.933158410739448],[-48.710420814502804,-26.933213624768708],[-48.710854788016228,-26.933371021319513],[-48.711161357016984,-26.933544571315732],[-48.711654861962721,-26.934026414027223],[-48.712169916335739,-26.934699960035019],[-48.712969414008676,-26.935888401190898],[-48.713386225390508,-26.936141189030504],[-48.713663878239991,-26.936236812345424],[-48.714073195407806,-26.936357349476424],[-48.714620452992236,-26.936443671972004],[-48.71504841474836,-26.936395933287461],[-48.715465080149798,-26.93615209653704],[-48.715627877048547,-26.936145621411026],[-48.715827929652548,-26.936308324688689],[-48.716051801810096,-26.937054596623746],[-48.716066164629979,-26.938107289288979],[-48.716214948067169,-26.939048258772988],[-48.716302109521919,-26.940020120743835],[-48.716369581507877,-26.940203457792798],[-48.716469750392555,-26.940277977208559],[-48.716662492625112,-26.940299322804815],[-48.716820581548681,-26.940274545540689],[-48.71701883120717,-26.940022613034092],[-48.717125974943926,-26.939750980653614],[-48.717326150199703,-26.939403400084348],[-48.717886363583212,-26.938847507796417],[-48.718605846556464,-26.938207624447319],[-48.719051314413136,-26.937795667573326],[-48.71960001102584,-26.937558510141447],[-48.720218474817159,-26.937390819347261],[-48.720615949686881,-26.937342570992467],[-48.721174389854362,-26.93737893106697],[-48.721681280938185,-26.937450906837583],[-48.72392558728906,-26.938083995211546],[-48.725975896913859,-26.938759483698611],[-48.726485228994733,-26.938963608991745],[-48.726919798483486,-26.939093628896146],[-48.727176385409599,-26.939100041981089],[-48.727438830178507,-26.93906782233412],[-48.727590388486249,-26.938988253763885],[-48.727684693695707,-26.93884853323615],[-48.728089972367023,-26.937777538178928],[-48.728202687716404,-26.937353354965087],[-48.728211605576639,-26.937162141186732],[-48.728134983825882,-26.937053837136933],[-48.727959818026939,-26.936916609613885],[-48.727754983254648,-26.936737899459008],[-48.727240348766927,-26.936545083393234],[-48.727131821771984,-26.936506885634032],[-48.727011460245912,-26.936425213958906],[-48.726946860473369,-26.936351274187732],[-48.726915748485418,-26.936255094556113],[-48.72692963999679,-26.936196088201235],[-48.726974569996408,-26.936110246070065],[-48.727044041134043,-26.93606808252817],[-48.72718769984025,-26.936002056234567],[-48.727519561570134,-26.935929949332102],[-48.727896017603555,-26.935915511599759],[-48.728203368296811,-26.935925018016949],[-48.728591433291378,-26.935965439231094],[-48.728884527635977,-26.936052169774843],[-48.729055251351845,-26.936157432160538],[-48.729285937742389,-26.936441347906221],[-48.729461622927687,-26.936806388649604],[-48.729582932511732,-26.937348243866435],[-48.729731246122583,-26.937430363409916],[-48.729845266789646,-26.937448145880708],[-48.730405808596558,-26.936999275546587],[-48.73058881066315,-26.93687237076044],[-48.730747529476069,-26.936815694223821],[-48.73086445518323,-26.936815297665266],[-48.730993400533855,-26.936849264646334],[-48.731136438860275,-26.937067981648823],[-48.731298287140184,-26.937489750356484],[-48.731534883776639,-26.937732753323427],[-48.731639776778927,-26.937825563239752],[-48.731791775055399,-26.937850788306584],[-48.73192948435603,-26.937827944676506],[-48.73208866086258,-26.937748493538276],[-48.732425176700147,-26.937444087746133],[-48.732748620385827,-26.93715769404821],[-48.732857388440692,-26.937056928905132],[-48.7330267264444,-26.936977640861446],[-48.733243110564061,-26.936960615081279],[-48.733351821638088,-26.936989699180984],[-48.73369508350666,-26.93736426346042],[-48.734066433564436,-26.937732443121462],[-48.734644100965276,-26.938078878590535],[-48.735247507378688,-26.938282205118579],[-48.735933409360506,-26.938427623969531],[-48.736496173182942,-26.938502720844177],[-48.736783660223999,-26.938489110456651],[-48.737016611874701,-26.938406281037079],[-48.73710695471533,-26.938337110328675],[-48.737201526518177,-26.938056147449295],[-48.737270104233581,-26.937676808339983],[-48.737408785519925,-26.937223417934923],[-48.737427260872742,-26.937061971864168],[-48.737367369865531,-26.937006337058872],[-48.737197313185234,-26.936994496785417],[-48.736878195141152,-26.937192124508709],[-48.736569466754297,-26.937378528375568],[-48.736289605238959,-26.937392261751732],[-48.736025443167009,-26.937383466054754],[-48.735769222491484,-26.93735884927483],[-48.735571807076582,-26.937316953034053],[-48.73542820485212,-26.937253140058939],[-48.735354209438178,-26.937140326223581],[-48.735343871679092,-26.937021700266545],[-48.735390253504001,-26.936862979559379],[-48.735450240856927,-26.936786488238926],[-48.735791416736483,-26.936502650474232],[-48.735954001910912,-26.936252394153385],[-48.735993009575282,-26.935699448861879],[-48.736094066437232,-26.93547554073325],[-48.73623518469627,-26.935281891177219],[-48.736404381412704,-26.935209430803525],[-48.736592858801679,-26.935189674040309],[-48.736821171678287,-26.935211562626279],[-48.736988503173485,-26.935232471542172],[-48.737204696563104,-26.935352122384],[-48.737549649884045,-26.935642415107218],[-48.737931625867169,-26.93598797486786],[-48.738141926664177,-26.936020963240924],[-48.73831770056843,-26.936001001399717],[-48.738559042352215,-26.935879576802719],[-48.738831612713142,-26.935339486751193],[-48.73917622541925,-26.935010133211698],[-48.739915937576029,-26.934623324011135],[-48.740253508272339,-26.934519385368812],[-48.740538081520953,-26.934523944234755],[-48.74093281686222,-26.934612278112965],[-48.741319025096438,-26.934618462283261],[-48.742270932638981,-26.934296547342843],[-48.742994706858404,-26.934198782340157],[-48.743446247179023,-26.933987311134345],[-48.743368386824329,-26.933812931826864],[-48.743136627529431,-26.933708987537276],[-48.742872926119304,-26.933677431831303],[-48.742354417441341,-26.933678245715296],[-48.741691988297184,-26.933758764727838],[-48.741489086740941,-26.933737291016552],[-48.741357871843626,-26.933689627879772],[-48.741329924929069,-26.933561608010315],[-48.74138419051102,-26.93338934342059],[-48.741734641359358,-26.933148921879102],[-48.743060031954606,-26.932450260631999],[-48.743776531815676,-26.932206578889016],[-48.744075978659062,-26.931974447329161],[-48.744111182904142,-26.931738089414431],[-48.74416707522419,-26.931483837288006],[-48.744302640593332,-26.931312872305188],[-48.74456923783854,-26.931198674709979],[-48.744792643660332,-26.931211358646607],[-48.745062515354746,-26.93144348191516],[-48.745419507104579,-26.931895692304256],[-48.745809708330938,-26.932211747025139],[-48.74635507773003,-26.932393596138489],[-48.746927477045013,-26.932238718242424],[-48.747986981997208,-26.932128064720239],[-48.748402405357929,-26.932198481881201],[-48.748501141518346,-26.932345855713695],[-48.748477556899317,-26.932509502140658],[-48.748393717608728,-26.932635735725135],[-48.748240002562746,-26.932697069235871],[-48.747911883064361,-26.932837628659357],[-48.747724236672674,-26.933071552917557],[-48.747938594989691,-26.933539705031446],[-48.74804767661157,-26.933678132282747],[-48.748422271494071,-26.933757010769611],[-48.748666734231534,-26.933733576609736],[-48.748937494684377,-26.933409853086083],[-48.749094286485246,-26.933193658027637],[-48.749322041506559,-26.932987708959413],[-48.749465050741371,-26.932953541507704],[-48.749789551220367,-26.932995166884101],[-48.75031297725539,-26.933258662548941],[-48.750963970882459,-26.933241706646704],[-48.751415493331621,-26.933030208707617],[-48.751894166319161,-26.931962579856314],[-48.752277188481472,-26.930799859915407],[-48.753214741240498,-26.930990372400842],[-48.754867596622191,-26.931718341665643],[-48.757309198194228,-26.933689005515703],[-48.758716271670615,-26.934975898023691],[-48.758922338623655,-26.936014762509327],[-48.759234024662632,-26.937967836629113],[-48.759685120240931,-26.939592007603476],[-48.759861516779011,-26.940564085207129],[-48.760130339982879,-26.941316172953872],[-48.760737537492474,-26.942450202171624],[-48.761328411814944,-26.94298756452676]]]},"properties":{"db_h11sh.hsu_hxmoy.bairros_segurança_bairros.fid":25,"id":97,"numero":15,"nome_1":"Itaipava","descricao_":"Zona Rural/Urbana (limite perímetro urbano)","area_em_km":16.773592959999998,"shape__len":23559.3286615,"shape__are":1677.3592960600001,"globalid":"{28CABB33-C37F-4EDD-88E2-1511257E57C0}"}},{"type":"Feature","id":26,"geometry":{"type":"Polygon","coordinates":[[[-48.705777414060641,-26.990999053513807],[-48.705798179625205,-26.990942075586631],[-48.706577290006194,-26.98844178266631],[-48.706657818301849,-26.98792555041182],[-48.70503249747663,-26.979884937558488],[-48.707372968025098,-26.973511518635487],[-48.70833102436864,-26.97036047005901],[-48.708423929961604,-26.969450791828795],[-48.708002398602112,-26.968199384273781],[-48.706297538992949,-26.966571508430651],[-48.699279431079674,-26.961073039195497],[-48.691239081064687,-26.956847459535425],[-48.688937708559791,-26.953485620649182],[-48.688259939581954,-26.951571041197731],[-48.688355567397544,-26.950540426974886],[-48.69694444434036,-26.945833354426551],[-48.697500000314157,-26.94222224418824],[-48.697006155479507,-26.942059817735444],[-48.696115525191175,-26.94216843954332],[-48.695535224541899,-26.941753494291671],[-48.695235065100697,-26.941138762252219],[-48.695107840697773,-26.94027102983091],[-48.697977894442346,-26.937372405091747],[-48.698361404401446,-26.93785845117586],[-48.704839507662626,-26.9395417420019],[-48.706598076408682,-26.940088771599839],[-48.708972924488386,-26.941030759071744],[-48.709852965401069,-26.941409488790445],[-48.711337113748385,-26.942218915659755],[-48.712995749145563,-26.94303885644468],[-48.714567221334292,-26.943780372565048],[-48.716044660270121,-26.94442811864009],[-48.716254657760501,-26.944943834688313],[-48.716628378107359,-26.946549738017023],[-48.717558026674318,-26.952883697581012],[-48.717872761992687,-26.954731047745526],[-48.719324896987494,-26.956119560149162],[-48.719909075738165,-26.956678131039766],[-48.720423087044864,-26.957206468559008],[-48.722373869652941,-26.960827871467824],[-48.724178001249356,-26.96262933206598],[-48.726566177572437,-26.964076975105712],[-48.728125504032249,-26.965161658565272],[-48.728844440302247,-26.96566174560061],[-48.730632933448447,-26.967174677814569],[-48.732064289101373,-26.968840340348049],[-48.732545753122146,-26.974062175020613],[-48.731833104630056,-26.978752229018642],[-48.731581051979482,-26.979167561603635],[-48.7303271798149,-26.980609269508644],[-48.72987769506755,-26.989942845591454],[-48.73397366207206,-27.001159473635788],[-48.734666135696692,-27.001853337282199],[-48.734757205083994,-27.001944589022468],[-48.735511398638423,-27.002967578717396],[-48.739688545193793,-27.005123329632436],[-48.746740800112484,-27.00741084316315],[-48.748242057157903,-27.016524450415567],[-48.754109761039238,-27.021562663121571],[-48.756797106841461,-27.023885428126466],[-48.759835706491479,-27.025120502254278],[-48.761697150015699,-27.025206630875463],[-48.764090240157238,-27.025555469851618],[-48.764998961772001,-27.029101679475133],[-48.765483947892228,-27.030126533234],[-48.765422246318693,-27.031721969075097],[-48.766268463333944,-27.03523892444473],[-48.765488919462186,-27.036328458819877],[-48.76824044860625,-27.040921058520681],[-48.769435639100728,-27.040946282686605],[-48.771548650029715,-27.041057005393867],[-48.771931696291674,-27.041333393107372],[-48.773330902994829,-27.045982113596651],[-48.773781848193885,-27.04828696979332],[-48.773600688435657,-27.049809477800281],[-48.773390090134441,-27.050636409175731],[-48.773460572141424,-27.052503800786159],[-48.773583418148803,-27.053934579096826],[-48.773673801303957,-27.05579141156527],[-48.773300453804957,-27.055633768501608],[-48.773122785063691,-27.055380859073541],[-48.772976120868542,-27.055361200353367],[-48.772997579381808,-27.055488025765769],[-48.772932628299877,-27.055541155845855],[-48.772467364650566,-27.055316778909493],[-48.772088340844199,-27.056112893215516],[-48.772012251492185,-27.056497414407943],[-48.772034431458948,-27.057035933418248],[-48.771909614112218,-27.057119481725721],[-48.771793888005682,-27.057054116427029],[-48.771567152674116,-27.056658922659103],[-48.771305596784998,-27.056444142128665],[-48.771202684873145,-27.056105852337829],[-48.771087791093642,-27.056146292917127],[-48.770972539812909,-27.056027885860797],[-48.770814524413538,-27.05601420233695],[-48.770295891724551,-27.056250795960427],[-48.770060975391615,-27.056132018519371],[-48.769926066781693,-27.055919624745101],[-48.769873174509165,-27.05535429700177],[-48.769683529737243,-27.054662597232326],[-48.769540637315501,-27.054427286998212],[-48.769374180038653,-27.054315130932554],[-48.76909753484734,-27.054261899203187],[-48.76854767350509,-27.054329215291812],[-48.768317276497086,-27.05443914848416],[-48.768107244236262,-27.054741788407078],[-48.76728944879698,-27.054867765321433],[-48.766912342883685,-27.055139685248687],[-48.766507773670597,-27.055681107077053],[-48.766077671686254,-27.055779954293268],[-48.765715971579759,-27.055500379967853],[-48.765129467952903,-27.054685414690436],[-48.763639761604956,-27.053483429340663],[-48.763487892273758,-27.053162889922106],[-48.763435096274875,-27.052648517466586],[-48.76307976129744,-27.05195276394204],[-48.76290855622112,-27.051336706284264],[-48.762669947831526,-27.051160295930565],[-48.762073361160525,-27.051160598860335],[-48.76179169558241,-27.051005053233709],[-48.761065141086505,-27.049943084307674],[-48.761006437288579,-27.04973994134323],[-48.761103841170396,-27.049608202481132],[-48.761310898209167,-27.049526454697471],[-48.762545212549405,-27.049687209722219],[-48.762804292436208,-27.049659920637552],[-48.762964349119166,-27.049483329988082],[-48.76305184420486,-27.049003679517313],[-48.763796441654719,-27.048516790226881],[-48.76392018889117,-27.048022854748968],[-48.764449418897442,-27.047490928151522],[-48.764505995578212,-27.047217246861102],[-48.764330278512276,-27.04704915976334],[-48.763896579178727,-27.046994463569298],[-48.763745678765432,-27.046907159452129],[-48.763583289147128,-27.046310730034357],[-48.762526552248211,-27.045532503679269],[-48.761849305112257,-27.044703826573663],[-48.761522202139943,-27.044464450785782],[-48.760634633881899,-27.044337659757847],[-48.759977663153734,-27.044099327581634],[-48.759612493811495,-27.04417459384069],[-48.759380874151731,-27.044349391183488],[-48.758913350963169,-27.044201013442084],[-48.758183980106793,-27.043776063308194],[-48.757331691474114,-27.043606252128555],[-48.756336031823189,-27.043107975616845],[-48.755934836849349,-27.042736783072563],[-48.755784298677128,-27.041912806233412],[-48.75543635764479,-27.041494885183432],[-48.755268851917442,-27.040999545006621],[-48.755278346845969,-27.040352387105148],[-48.755688903546726,-27.039920951296256],[-48.755651062272307,-27.039478310904762],[-48.755437420239581,-27.039302127337589],[-48.754313706025123,-27.038966601429742],[-48.753666004514272,-27.038645154380518],[-48.753404412573879,-27.038401857232675],[-48.75339755283715,-27.037897124993993],[-48.753072909137721,-27.037773675783694],[-48.753008409500914,-27.037676538863586],[-48.753284900725916,-27.036230646604807],[-48.753266334442486,-27.035785333796031],[-48.754038537888135,-27.034618562761352],[-48.7544402603733,-27.034223091780405],[-48.754804470241183,-27.033646275463425],[-48.754498317306833,-27.033304055473895],[-48.754593784719447,-27.03266087550567],[-48.75422707986457,-27.032136474907801],[-48.754116314178297,-27.031845454144371],[-48.75424602068027,-27.031357309630657],[-48.754708214815849,-27.031011017294841],[-48.754760384344856,-27.030851461663598],[-48.754505648270865,-27.030769097723773],[-48.754386620740419,-27.030307112303799],[-48.754055752841325,-27.03004955818021],[-48.754058347064976,-27.029923162420239],[-48.754302724050312,-27.029549960471886],[-48.753919994427811,-27.029275698980204],[-48.753723490053424,-27.02926361083243],[-48.753413801372297,-27.029548453754078],[-48.753340262118158,-27.029368469041351],[-48.753110571736464,-27.029143502026631],[-48.752315805765392,-27.028958158585333],[-48.752007439691518,-27.028783313859599],[-48.751578837438522,-27.02879973735525],[-48.751240646097997,-27.029022975620311],[-48.750919818522988,-27.029059576185944],[-48.750763828708322,-27.029009333584714],[-48.750753690330896,-27.028862498994172],[-48.750833062413484,-27.028777206105996],[-48.750751949803274,-27.028624322327897],[-48.750780138853862,-27.028444756843829],[-48.750305089936909,-27.027689512633529],[-48.750202882111864,-27.027340267715722],[-48.750477059302156,-27.026888163707433],[-48.750336215148195,-27.026847579889541],[-48.75004962446809,-27.026922617926015],[-48.749874714069414,-27.026635098123979],[-48.749850813139268,-27.026312811237489],[-48.750055350263729,-27.026132952136315],[-48.75093543329524,-27.025931438169156],[-48.751021612172323,-27.025805372163472],[-48.750907384837369,-27.025735112379866],[-48.750360711136757,-27.025708060927087],[-48.750000139528844,-27.025612901945742],[-48.74994835866557,-27.025396066652608],[-48.750211263875094,-27.02509930731426],[-48.750146328744933,-27.024914060325926],[-48.750000141694599,-27.024796072091679],[-48.749746688911557,-27.024741187570253],[-48.749025355734609,-27.024997960011383],[-48.748946395420944,-27.024827386676545],[-48.748990319318359,-27.024271105016538],[-48.748183449234475,-27.023691102383697],[-48.747944214644193,-27.023254261622341],[-48.747504026387233,-27.023031231330926],[-48.746659335632017,-27.022803061132056],[-48.746474906825711,-27.022809175824126],[-48.746260780266653,-27.022932691890755],[-48.745759466859667,-27.022828934375909],[-48.745448638251105,-27.022661035356762],[-48.745428992166012,-27.022419169005868],[-48.74535203812016,-27.022350300762007],[-48.745022878454911,-27.022465728899956],[-48.744286467650184,-27.022468644658804],[-48.744175835900421,-27.022629492534858],[-48.744223980120495,-27.023030424584935],[-48.744153523171953,-27.023068834868166],[-48.743559482762436,-27.022864286521539],[-48.743272341824373,-27.022664059905594],[-48.743116496020669,-27.022508156370307],[-48.743116340900606,-27.022314317331741],[-48.742412725235233,-27.021642143837457],[-48.742157911159005,-27.021755190436618],[-48.742073547551755,-27.021941728168187],[-48.741500407283404,-27.022218827925268],[-48.741169115651552,-27.022109605693476],[-48.740799443244207,-27.021788835264974],[-48.740586691889732,-27.021713772342746],[-48.740171335243033,-27.021761953076048],[-48.740142105725518,-27.021999321309547],[-48.739924826857639,-27.022020954392094],[-48.739721427392851,-27.021536513326122],[-48.739879526187494,-27.021234323987883],[-48.739879693756251,-27.020938221161618],[-48.740193386634772,-27.020789854068028],[-48.740174759214661,-27.020627082077073],[-48.740042599355974,-27.020463901218765],[-48.739347527670525,-27.020075245388128],[-48.738798636612266,-27.020248819428197],[-48.738419940806445,-27.020134667404765],[-48.7379387600295,-27.020291934174789],[-48.737694191262975,-27.020197787972972],[-48.737582256094335,-27.019875193526385],[-48.737789403143395,-27.019726604480763],[-48.737844181253152,-27.019522201262159],[-48.737558053887653,-27.018941741059809],[-48.737441284203015,-27.018862716133693],[-48.737051646145048,-27.018806358478013],[-48.736223124191532,-27.018119214318183],[-48.73565691774094,-27.018036525155118],[-48.735371036438842,-27.018133749853828],[-48.73499520817213,-27.018092473839836],[-48.734498086866076,-27.018154633307088],[-48.733828425550342,-27.018090191141543],[-48.733790207985308,-27.018674356682588],[-48.733671808232977,-27.018705300865147],[-48.733353402038652,-27.018500391485667],[-48.733102459882012,-27.018563984262915],[-48.732859300948441,-27.018956955097764],[-48.732820104358751,-27.019388889888788],[-48.732756142901707,-27.019433493200797],[-48.732339715403555,-27.019191178370143],[-48.732633859284483,-27.019070013420347],[-48.732679044935971,-27.018942161803736],[-48.732255363765319,-27.018917647311721],[-48.73220223377465,-27.018853169314582],[-48.732573508469812,-27.01857642312984],[-48.732622022628732,-27.018239775441707],[-48.732439819901636,-27.01812119259284],[-48.732223573647474,-27.018349896228436],[-48.731909480591199,-27.018288795508045],[-48.7318388747752,-27.018162494859126],[-48.731959897996219,-27.017771570064873],[-48.73176256548745,-27.017574851288437],[-48.731441742592672,-27.017519141540163],[-48.731026445002314,-27.01726405838302],[-48.730621890610209,-27.01731981718687],[-48.72953495643619,-27.01681279399979],[-48.728118405966974,-27.01667354598343],[-48.72788386288245,-27.016408883431879],[-48.727721207504757,-27.016421123571337],[-48.727405653850326,-27.01660466110178],[-48.727039555639152,-27.016609751322076],[-48.726878774628176,-27.016543236158036],[-48.726839563048131,-27.0163740366513],[-48.727250184726429,-27.016074008375746],[-48.727324247245548,-27.015613357453667],[-48.727227304045584,-27.015479644652569],[-48.72697326825012,-27.015525487124609],[-48.726681875374744,-27.014823774802341],[-48.726511284313951,-27.014801248131],[-48.726181181366783,-27.014920930763335],[-48.725858029750341,-27.014895642793398],[-48.725611536269184,-27.015067509090709],[-48.725073407961247,-27.014964421791074],[-48.724749240151311,-27.015046884740062],[-48.724653772989519,-27.014382821327406],[-48.724467251177174,-27.014165010937116],[-48.724011609135765,-27.014355791534992],[-48.723423183706451,-27.014762486889691],[-48.722467912150371,-27.014711805380514],[-48.721859746289809,-27.014812259586815],[-48.721256724054868,-27.014629027182504],[-48.721082565694495,-27.014241212523316],[-48.720471402234757,-27.013791174633546],[-48.719307474581534,-27.012766131759765],[-48.719085448572834,-27.01248188707908],[-48.717958780304123,-27.011566543918445],[-48.716770972004618,-27.009930455439175],[-48.715234808690589,-27.008307878330044],[-48.714724908288787,-27.007893499020597],[-48.714662522156011,-27.007276791913146],[-48.714309091269911,-27.007169678612154],[-48.713783468277732,-27.007162630454026],[-48.713332800226532,-27.006923422204149],[-48.713707888621101,-27.005974608358212],[-48.71361370884155,-27.004638679330519],[-48.713397369985834,-27.00441635840745],[-48.712956339543844,-27.004256385276221],[-48.711754367705467,-27.003227101127528],[-48.711420494920382,-27.003093392132484],[-48.711475919663329,-27.002489302780912],[-48.711187343445559,-27.001725771621345],[-48.711052650606881,-27.000245144072181],[-48.711748060864821,-26.999050345018617],[-48.711978068597496,-26.998860427386827],[-48.712876991689193,-26.997551836428997],[-48.705777414060641,-26.990999053513807]]]},"properties":{"db_h11sh.hsu_hxmoy.bairros_segurança_bairros.fid":26,"id":68,"numero":20,"nome_1":"Rio do Meio","descricao_":"Zona Rural/Urbana (limite perímetro urbano)","area_em_km":25.957299880000001,"shape__len":39546.5213792,"shape__are":2595.72998818,"globalid":"{FFE09463-4028-42C5-A54F-8FCF607EAB68}"}},{"type":"Feature","id":27,"geometry":{"type":"Polygon","coordinates":[[[-48.731833104630056,-26.978752229018642],[-48.732173334409815,-26.978715017629618],[-48.73466473981555,-26.97763095586372],[-48.736744915199175,-26.977650156316905],[-48.737319050643791,-26.977531309933688],[-48.738486581074369,-26.977521595338562],[-48.742095953651251,-26.976519371418714],[-48.742778388885718,-26.976146104115664],[-48.74435488765571,-26.975538128228251],[-48.745655866190859,-26.974509507680182],[-48.74664457787766,-26.974206932135736],[-48.747570575358758,-26.97296596354013],[-48.749002683449881,-26.971829124632254],[-48.749751277671201,-26.969923621304286],[-48.75014262949675,-26.9694104840815],[-48.750301918949106,-26.968587700376904],[-48.750726635185487,-26.967893664010344],[-48.751441284243057,-26.967093971698723],[-48.751768243906717,-26.966224057800201],[-48.752052566352582,-26.965901308014637],[-48.753211424062499,-26.965122919652732],[-48.753721948044102,-26.964604554550764],[-48.754886320246648,-26.963947193024339],[-48.755321302056302,-26.96363394967408],[-48.755551309973995,-26.963240234278146],[-48.755300644751522,-26.96106619890865],[-48.761088451467046,-26.963101345128756],[-48.762006293812775,-26.963464552211398],[-48.762389754174386,-26.96374812215041],[-48.762691090802768,-26.964571121170287],[-48.763192920851822,-26.964892143806651],[-48.765239880334555,-26.96574274639098],[-48.765302365677869,-26.968502446259944],[-48.765303818856765,-26.968938206004552],[-48.765466351533455,-26.970172176085452],[-48.765461330399461,-26.970426404177211],[-48.764928175856681,-26.970545104357225],[-48.763956711516826,-26.970523001504056],[-48.763622396285754,-26.9706269332878],[-48.763326289043682,-26.970856465295892],[-48.762856992930551,-26.971493272482117],[-48.76241199666201,-26.972068441538326],[-48.762289219826407,-26.97232968302076],[-48.762096273134986,-26.972883118673494],[-48.761640895099269,-26.973446105507715],[-48.761147327263025,-26.97382091319594],[-48.760292405412834,-26.976284609462407],[-48.759565866257475,-26.976808365396497],[-48.759177092125384,-26.977053313190215],[-48.758782761227486,-26.977205651928919],[-48.758633050130136,-26.97730900816962],[-48.758595712478687,-26.978011826780584],[-48.758174523504067,-26.978401648189426],[-48.757675193717304,-26.97932400455781],[-48.7571122497666,-26.979744774610765],[-48.756792216231332,-26.98002122738697],[-48.75649436284656,-26.980431394216243],[-48.7563301976909,-26.981129979667902],[-48.756371327899387,-26.981560363340037],[-48.756272950647322,-26.981929254871631],[-48.755966961517125,-26.982331883275002],[-48.755485679126835,-26.98239089925017],[-48.755216610412532,-26.9826014758718],[-48.755078322936285,-26.982895637303184],[-48.754902485359914,-26.98299656290509],[-48.753027885304377,-26.98306522504425],[-48.75266616210471,-26.983355820706269],[-48.752521065914877,-26.983575779465088],[-48.752144556873773,-26.983777229258884],[-48.751730058741579,-26.983807660266958],[-48.751550008217286,-26.984038070831602],[-48.750997288489586,-26.985607388503592],[-48.750622559360096,-26.986057415647334],[-48.750269560989516,-26.986740827224853],[-48.749686907383861,-26.987316839729814],[-48.749242999149324,-26.988328935860359],[-48.74897168839469,-26.988650601701462],[-48.748624208714425,-26.989425394279081],[-48.748377592472963,-26.990169772060064],[-48.748347010954021,-26.990458238913526],[-48.748393270973338,-26.990629386781574],[-48.74828199975736,-26.990812835399893],[-48.747235129912681,-26.991418460190495],[-48.746921387088953,-26.991376397116827],[-48.74674995966582,-26.99125510925694],[-48.746438425925909,-26.990687033150483],[-48.746308526126683,-26.990559000150856],[-48.746093206564169,-26.990562963803647],[-48.74570247780423,-26.990645619790143],[-48.745496472112684,-26.990597867964436],[-48.745286488283263,-26.990656084252969],[-48.745003452717341,-26.990885201994292],[-48.744553265053106,-26.990768957400402],[-48.743980357369409,-26.990697476289675],[-48.743817347096567,-26.990726018551559],[-48.743725279369116,-26.990688198611846],[-48.743683129764037,-26.990474644452277],[-48.743914285726028,-26.990229120425305],[-48.744005317762507,-26.990028083070449],[-48.744014536702636,-26.989856889537421],[-48.743977151400529,-26.98969533129252],[-48.743850078203344,-26.989667334329408],[-48.743674437383113,-26.989747596431933],[-48.743583511660169,-26.989943443492198],[-48.743394713899235,-26.990101377354105],[-48.743324394256469,-26.990136594941688],[-48.743195870365646,-26.990472028889954],[-48.743016806824976,-26.990723576350053],[-48.742484600812119,-26.990860080132006],[-48.742055378762288,-26.990922096196673],[-48.741752745303685,-26.991104557712593],[-48.73914170963473,-26.994637990140145],[-48.737599745359432,-26.996658146905027],[-48.735783796852317,-26.999316569273606],[-48.734666135696692,-27.001853337282199],[-48.73397366207206,-27.001159473635788],[-48.731120374658097,-26.993464775875889],[-48.72987769506755,-26.989942845591454],[-48.7300082317904,-26.986626030483421],[-48.7303271798149,-26.980609269508644],[-48.731581051979482,-26.979167561603635],[-48.731833104630056,-26.978752229018642]]]},"properties":{"db_h11sh.hsu_hxmoy.bairros_segurança_bairros.fid":27,"id":69,"numero":37,"nome_1":"Baia","descricao_":"Zona Rural(localidade)","area_em_km":6.25601115,"shape__len":13207.136792599998,"shape__are":625.60111483999992,"globalid":"{82D0A74E-97C3-4AA8-914C-17C149E41ABE}"}},{"type":"Feature","id":28,"geometry":{"type":"Polygon","coordinates":[[[-48.797942363276931,-26.997033676423651],[-48.798205288392118,-26.996622462878005],[-48.798773405302285,-26.996407221030143],[-48.79961801410019,-26.99575552359147],[-48.800067232988518,-26.995225003705116],[-48.800928820159299,-26.994825789545214],[-48.80106516705434,-26.994622139799734],[-48.800950919711298,-26.994404963380838],[-48.800630066849969,-26.9940562615045],[-48.800646796911224,-26.993604720021246],[-48.800845270038465,-26.99340504215019],[-48.801362215643344,-26.993149402184379],[-48.801325510635387,-26.992932513295639],[-48.801285383757595,-26.992566672059059],[-48.801280060086846,-26.991887177524116],[-48.800871016104558,-26.991175139106637],[-48.80053772142071,-26.991053940849032],[-48.800024430757823,-26.991245401317187],[-48.79931059125213,-26.991296338646212],[-48.799128793875411,-26.991508435750859],[-48.797817290115404,-26.99206867407079],[-48.796265492113683,-26.993735454475704],[-48.795780699620778,-26.993962702093597],[-48.792786930138597,-26.994121494998158],[-48.791431355785555,-26.995243704678881],[-48.790269223726995,-26.995277380567998],[-48.787473199549829,-26.995908882251292],[-48.786183489763289,-26.996564415384693],[-48.785251921498755,-26.996757804441845],[-48.784268652039792,-26.996586463823533],[-48.783977092715091,-26.996633317452122],[-48.782688359199909,-26.99728885148506],[-48.782339295755591,-26.997336278934494],[-48.781926481345714,-26.994730021611591],[-48.784029829456884,-26.994094421478309],[-48.790997226493793,-26.989818905580574],[-48.791992829442279,-26.988320975560466],[-48.794883810834357,-26.982039648586902],[-48.795858758971214,-26.978384617071981],[-48.797167451284835,-26.979050363107604],[-48.800058693240651,-26.98008862648647],[-48.801179215255466,-26.98054706001119],[-48.801740522310411,-26.981340907032244],[-48.802606639260489,-26.983208834327087],[-48.803084186230485,-26.983704496911432],[-48.803879183881847,-26.984289297566118],[-48.807246939102463,-26.986745371442559],[-48.81157132930791,-26.989943127986642],[-48.81368387564887,-26.991497734002216],[-48.814229755010942,-26.992028840201002],[-48.814733334333759,-26.992945537955652],[-48.814886550021868,-26.993729627037361],[-48.814897598740721,-26.996468047735778],[-48.815140590835355,-26.997507820560706],[-48.815573142329512,-26.998541114441604],[-48.816822052931101,-27.000027478218385],[-48.818312709358082,-27.001312620026486],[-48.822814203963588,-27.005445917362529],[-48.824113633820133,-27.004694466861672],[-48.825798006105195,-27.003983708561602],[-48.826103972820029,-27.003688808430336],[-48.826767955827862,-27.003492809068344],[-48.828405372372373,-27.002963607656202],[-48.828707978034274,-27.003394666765438],[-48.829614285465262,-27.004325902978966],[-48.832287532860335,-27.006025477764663],[-48.83373384366535,-27.007235955594428],[-48.833986519576492,-27.008143457929378],[-48.833597624659731,-27.009368383088443],[-48.832599604938856,-27.011288323668897],[-48.832211474593635,-27.011676722377207],[-48.832308052484549,-27.012695891749541],[-48.832841096903778,-27.013486881872211],[-48.833440652571859,-27.013994071574405],[-48.832544664524022,-27.015255168309906],[-48.832412107417866,-27.016188455466665],[-48.832426119837379,-27.016916429179791],[-48.83300451107791,-27.018510463245001],[-48.832962330048915,-27.019210271850969],[-48.832602101374455,-27.019830015993978],[-48.832040122271941,-27.02034063693846],[-48.830846024043325,-27.020582325013589],[-48.830199566146668,-27.021065536484905],[-48.829359557638639,-27.020975353052293],[-48.828945630913275,-27.02135813429803],[-48.828600210616074,-27.022731074738054],[-48.828177330492437,-27.023420924174879],[-48.827360265203694,-27.023750727506762],[-48.826999878368561,-27.024394755189295],[-48.825917952487885,-27.024871887384041],[-48.825736985224687,-27.025232584809785],[-48.824941152694286,-27.025870547786706],[-48.823150026692794,-27.026986989793336],[-48.822074957671667,-27.027072702967033],[-48.819262980366119,-27.027642963499996],[-48.81668557244388,-27.027367384593735],[-48.814218965109475,-27.026413492158383],[-48.812550835447468,-27.02394001065214],[-48.812251006929657,-27.021373946810808],[-48.811158434797711,-27.020360858359137],[-48.810071159407762,-27.020713925212995],[-48.808936095744599,-27.021891580204844],[-48.807211242053725,-27.019075638769046],[-48.803845755322541,-27.015661334703985],[-48.803873038527051,-27.015483885349429],[-48.804374345407638,-27.014623676277381],[-48.804463143722131,-27.014244409384574],[-48.804790697048425,-27.013331682918437],[-48.805610256195202,-27.012853526396515],[-48.806146130537407,-27.012257103343085],[-48.806647129253136,-27.011411109707083],[-48.807175740194204,-27.0107789945612],[-48.808237500786461,-27.009280032133553],[-48.808376629216795,-27.008250521311361],[-48.808228775112475,-27.007273463327255],[-48.808294286151146,-27.005943976516253],[-48.808530567909926,-27.005229037948993],[-48.808631086570884,-27.004142004623549],[-48.807859378332992,-27.003795586363442],[-48.804044866266111,-27.003480009388433],[-48.803582310337632,-27.003166848735265],[-48.802515162752883,-27.001880172237243],[-48.802263902945221,-27.000709390828142],[-48.801899832864713,-27.000234118977815],[-48.801249009135198,-26.999800616115856],[-48.800793508994516,-26.999377296744434],[-48.800613477882948,-26.998765176149604],[-48.800389829147463,-26.998341224125905],[-48.799998844959255,-26.998311814950995],[-48.799335442319318,-26.998543387949343],[-48.798673598100358,-26.999084455451325],[-48.798356198504855,-26.99904023447634],[-48.798094696267285,-26.998786872361325],[-48.798096762031207,-26.997912136156913],[-48.797904541474402,-26.997382622436589],[-48.797942363276931,-26.997033676423651]]]},"properties":{"db_h11sh.hsu_hxmoy.bairros_segurança_bairros.fid":28,"id":84,"numero":36,"nome_1":"Brilhante","descricao_":"Zona Rural(localidade)","area_em_km":10.109543200000001,"shape__len":19939.952863499999,"shape__are":1010.95431954,"globalid":"{B00C6F8E-E90E-4D09-A7E4-98D8FB8D133F}"}},{"type":"Feature","id":29,"geometry":{"type":"Polygon","coordinates":[[[-48.838924058312799,-26.964111444321503],[-48.839147042624049,-26.96801868979178],[-48.838420843516616,-26.969832167947967],[-48.83725422100558,-26.971834374446118],[-48.834891140327883,-26.974777649819977],[-48.835309542766169,-26.975613603249887],[-48.837369005837999,-26.978470798480497],[-48.83897075119539,-26.982665606613484],[-48.838566835178739,-26.985614592749961],[-48.837057157096872,-26.988831754077616],[-48.833856537838564,-26.992425560651355],[-48.831653527613177,-26.994024784455299],[-48.828985666182184,-26.999766081808335],[-48.828405372372373,-27.002963607656202],[-48.826767955827862,-27.003492809068344],[-48.826103972820029,-27.003688808430336],[-48.825798006105195,-27.003983708561602],[-48.824113633820133,-27.004694466861672],[-48.822814203963588,-27.005445917362529],[-48.818312709358082,-27.001312620026486],[-48.816822052931101,-27.000027478218385],[-48.815573142329512,-26.998541114441604],[-48.815140590835355,-26.997507820560706],[-48.814897598740721,-26.996468047735778],[-48.814886550021868,-26.993729627037361],[-48.814733334333759,-26.992945537955652],[-48.814229755010942,-26.992028840201002],[-48.81368387564887,-26.991497734002216],[-48.81157132930791,-26.989943127986642],[-48.807246939102463,-26.986745371442559],[-48.803879183881847,-26.984289297566118],[-48.803084186230485,-26.983704496911432],[-48.802606639260489,-26.983208834327087],[-48.803882206275198,-26.983110423476589],[-48.804689309024887,-26.983004701720176],[-48.805449818453106,-26.98282296546212],[-48.806127707204517,-26.982564657974539],[-48.806566391139,-26.982248849364822],[-48.807082368237772,-26.980584552115612],[-48.807307959949853,-26.980104101752463],[-48.807714349133974,-26.979594200919454],[-48.80784071760533,-26.979273525757598],[-48.808015759540226,-26.97892134616265],[-48.808121017865972,-26.978449775786419],[-48.80816122172012,-26.978235308099105],[-48.808168514096565,-26.977859009017671],[-48.808243944604683,-26.977277372007595],[-48.808241221304748,-26.976945664293456],[-48.806804672019226,-26.975792328531607],[-48.805847744184597,-26.974852007728902],[-48.805408018457335,-26.974304138828103],[-48.804745297176382,-26.973388123797406],[-48.804222250451687,-26.971839301755526],[-48.803274136694988,-26.970041860920286],[-48.801399170159037,-26.966630584442989],[-48.805934217337935,-26.966298400232752],[-48.806837757836298,-26.966758914116536],[-48.807632032389613,-26.96675387659101],[-48.808848501670596,-26.966449759584375],[-48.809635012885671,-26.966596575391453],[-48.810342872788759,-26.966481220307003],[-48.811821513116662,-26.966061747320659],[-48.813599026958535,-26.965254263575456],[-48.814416997454423,-26.965296210068438],[-48.814873173864704,-26.965201829655786],[-48.815219238981882,-26.965264750695003],[-48.815512870318763,-26.965233290532176],[-48.816446195640175,-26.965474486421101],[-48.816981022216815,-26.965673735894697],[-48.818401985296831,-26.966439273127047],[-48.818533787567389,-26.96643614384227],[-48.838924058312799,-26.964111444321503]]]},"properties":{"db_h11sh.hsu_hxmoy.bairros_segurança_bairros.fid":29,"id":78,"numero":32,"nome_1":"Laranjeiras","descricao_":"Zona Rural(localidade)","area_em_km":10.873624659999999,"shape__len":14971.924337300001,"shape__are":1087.36246577,"globalid":"{E48C5EFA-5949-418A-8617-CF9BA36DE3E8}"}},{"type":"Feature","id":30,"geometry":{"type":"Polygon","coordinates":[[[-48.825643276924012,-27.074063016488459],[-48.825544009627379,-27.068278103584973],[-48.82513826824627,-27.059711235205782],[-48.823587892850675,-27.056782057547959],[-48.822264956512598,-27.056241698584859],[-48.821623433748435,-27.055447857430426],[-48.819707666264655,-27.055509908699253],[-48.819556997445751,-27.052694127226626],[-48.81741963730309,-27.053608982261554],[-48.816587686780068,-27.05243399341666],[-48.816014961453796,-27.045457132362774],[-48.816637996232281,-27.042827038042415],[-48.816917899731997,-27.040811151867082],[-48.815172700228189,-27.039194811427961],[-48.815954379258578,-27.034468584102232],[-48.81775889848155,-27.033015081261123],[-48.81668557244388,-27.027367384593735],[-48.819262980366119,-27.027642963499996],[-48.822074957671667,-27.027072702967033],[-48.823150026692794,-27.026986989793336],[-48.824941152694286,-27.025870547786706],[-48.825736985224687,-27.025232584809785],[-48.825917952487885,-27.024871887384041],[-48.826999878368561,-27.024394755189295],[-48.827360265203694,-27.023750727506762],[-48.828177330492437,-27.023420924174879],[-48.828600210616074,-27.022731074738054],[-48.828945630913275,-27.02135813429803],[-48.829359557638639,-27.020975353052293],[-48.830199566146668,-27.021065536484905],[-48.830846024043325,-27.020582325013589],[-48.832040122271941,-27.02034063693846],[-48.832602101374455,-27.019830015993978],[-48.832962330048915,-27.019210271850969],[-48.83300451107791,-27.018510463245001],[-48.832426119837379,-27.016916429179791],[-48.832412107417866,-27.016188455466665],[-48.832544664524022,-27.015255168309906],[-48.833440652571859,-27.013994071574405],[-48.834787202729686,-27.015064517462605],[-48.835715322881015,-27.015548385858789],[-48.836619390047048,-27.016458782833524],[-48.837479585847902,-27.016653436345585],[-48.840527168094908,-27.017639415026],[-48.842197061465733,-27.01797097242369],[-48.842682730697426,-27.017748570831909],[-48.842987810030188,-27.0175793412701],[-48.843555570300786,-27.017507331843159],[-48.844538520014218,-27.017937431261494],[-48.845107819218505,-27.017784742141256],[-48.845544579473938,-27.017157341012361],[-48.846233639322044,-27.016798961960021],[-48.847693169929094,-27.017213271557434],[-48.848586499976882,-27.017618900950605],[-48.848760559563509,-27.019293250946248],[-48.848747250460804,-27.022694052013609],[-48.849996619497603,-27.024684571826704],[-48.851796649355443,-27.02615317204992],[-48.852912670038052,-27.027715061184836],[-48.855473387506542,-27.030329812478726],[-48.85632080420892,-27.031257705405128],[-48.856755042375156,-27.032784953010552],[-48.857096439304051,-27.033285027984387],[-48.857601382368401,-27.033512007845989],[-48.858425304891888,-27.033557757592824],[-48.860160485674818,-27.033223252335684],[-48.862024167680246,-27.033135529774537],[-48.864562514906325,-27.033685864613627],[-48.865914575331487,-27.034886679785249],[-48.867247022211437,-27.03652704623018],[-48.86717393719286,-27.036674112874248],[-48.86715156468577,-27.036795009077348],[-48.867165012970183,-27.036880525782763],[-48.867123576522857,-27.036947250091455],[-48.867002152443789,-27.036994801374764],[-48.867021327645332,-27.037574324213324],[-48.866708787825651,-27.037636937949429],[-48.866675184977289,-27.03782052543438],[-48.866288779595926,-27.037805685951444],[-48.865464740781356,-27.037564185979992],[-48.865344079862503,-27.03757133589226],[-48.865091539213296,-27.037913247515384],[-48.865040781962541,-27.037941560741583],[-48.865033807473097,-27.038044728900463],[-48.864816153209823,-27.038400639809851],[-48.864582407663384,-27.038545267359559],[-48.864411457472563,-27.038556142951112],[-48.86421659192456,-27.038503792744255],[-48.864129817375733,-27.038552580388735],[-48.864102204008226,-27.038951993161909],[-48.863797498836711,-27.039272849354525],[-48.862538672051151,-27.040215428014477],[-48.86266522945283,-27.043706373231217],[-48.861526074033875,-27.043583878423419],[-48.860995343463813,-27.044102068237461],[-48.860815320884846,-27.044114158439694],[-48.860469581486342,-27.043978585362286],[-48.860011522480086,-27.043972282699535],[-48.859647265734182,-27.044145431227747],[-48.859627398870032,-27.044575360972036],[-48.859225529338303,-27.044861801159087],[-48.859006934046,-27.044936183236867],[-48.858592412621974,-27.044870585703844],[-48.858438432008228,-27.044909305279479],[-48.858120947600696,-27.045474995555384],[-48.857602453840904,-27.045998268995234],[-48.856188623990562,-27.045827873469968],[-48.855490583105961,-27.046175993072055],[-48.855060507590942,-27.049267480002442],[-48.854528818891687,-27.050091256218309],[-48.854461538295759,-27.050398933767287],[-48.854520674517865,-27.050601003952849],[-48.854756194593506,-27.05083575494141],[-48.854805031771377,-27.052013238189467],[-48.854628552275415,-27.052251141726629],[-48.853629103468371,-27.052651024057354],[-48.853233761808205,-27.05289137913314],[-48.853047464214171,-27.053795854642793],[-48.852875617598897,-27.054128340225443],[-48.851845895232458,-27.054747024335988],[-48.851739157394796,-27.055319476264994],[-48.85155406405736,-27.055443760773127],[-48.850571638327203,-27.055629559213127],[-48.850507630817027,-27.055774520473452],[-48.850472171911584,-27.057101025314449],[-48.85003838098033,-27.057023162954248],[-48.849554933894353,-27.057396081599805],[-48.849208943325188,-27.057906301877217],[-48.848919688258277,-27.058875306553894],[-48.84768127466959,-27.059823448419721],[-48.846794587137602,-27.060940531482515],[-48.846718523968157,-27.061152460964021],[-48.846737570911607,-27.061710062831491],[-48.846577452129786,-27.062324830628928],[-48.845492304696783,-27.063715236050797],[-48.845194923930251,-27.064266937827863],[-48.844920282183388,-27.065064253747547],[-48.844919170693032,-27.065417687196206],[-48.844669114362979,-27.066228197017416],[-48.843887815192787,-27.067703860992587],[-48.84293407475198,-27.068029965320139],[-48.840148217681502,-27.068645097519553],[-48.838927765630807,-27.06990745405821],[-48.837204852486757,-27.070792391208094],[-48.836962451038666,-27.071088838635578],[-48.836528162654943,-27.072009472853242],[-48.835975356752137,-27.072657619924474],[-48.835888711975755,-27.073043960179529],[-48.835972607223596,-27.074108238239198],[-48.835901255867121,-27.074696524055149],[-48.835280322191927,-27.074650840122743],[-48.834498825203639,-27.07446161929153],[-48.834223432787056,-27.074276801928018],[-48.833623475033406,-27.073596983511237],[-48.833412928238324,-27.073553443954772],[-48.833063863106361,-27.07369519623974],[-48.831883955059489,-27.073790192531895],[-48.83145558452938,-27.073783401102745],[-48.830861886242644,-27.073597441298116],[-48.830548654664625,-27.073574046959166],[-48.829547707075626,-27.074017170949343],[-48.82797803886848,-27.074296792865702],[-48.826207779503612,-27.074160614714536],[-48.825643276924012,-27.074063016488459]]]},"properties":{"db_h11sh.hsu_hxmoy.bairros_segurança_bairros.fid":30,"id":88,"numero":31,"nome_1":"Limoeiro","descricao_":"Zona Rural(localidade)","area_em_km":19.2188242,"shape__len":20878.229857599999,"shape__are":1921.8824195,"globalid":"{79A913EB-CE29-4CA8-9249-FD733A35F0A2}"}},{"type":"Feature","id":31,"geometry":{"type":"Polygon","coordinates":[[[-48.710882044718652,-26.874835956923199],[-48.710703273971959,-26.875069319446464],[-48.709913088612524,-26.875952074504958],[-48.708873911104128,-26.876986349624609],[-48.707391281540239,-26.876077635745265],[-48.70659519173239,-26.875841170075606],[-48.706060746759171,-26.875780173678677],[-48.705406010910174,-26.875897957478397],[-48.705062072628074,-26.876120669540381],[-48.704749082174942,-26.876386688295103],[-48.70407456032644,-26.877745517846943],[-48.703748459456328,-26.878134983646795],[-48.702923669319908,-26.878530607004734],[-48.700513279225056,-26.879699465437625],[-48.699918284449289,-26.879746851499139],[-48.699268144290592,-26.879636382297857],[-48.697807066265504,-26.879236834618631],[-48.697420879977976,-26.878926142530588],[-48.697573963403535,-26.878438748724061],[-48.697859693536273,-26.877948759888032],[-48.698250307509241,-26.877779146039448],[-48.698340053651052,-26.877538042113361],[-48.698295800365891,-26.877104506415073],[-48.697960709427946,-26.876628180617804],[-48.697606148817314,-26.876327517377995],[-48.697284945324228,-26.876212888506362],[-48.696707320503677,-26.876189202515306],[-48.696344086959336,-26.876316453325444],[-48.695338543198368,-26.876471273598408],[-48.694910819845511,-26.876378683441111],[-48.694543826407688,-26.876429768049157],[-48.693834410741424,-26.876889051077082],[-48.693680066077107,-26.877176660084949],[-48.693543936318385,-26.877612006914429],[-48.69298817177237,-26.878078550730105],[-48.692615657406733,-26.878662234421849],[-48.691568246304797,-26.879007287815032],[-48.691337677953889,-26.879087982196083],[-48.691290827664048,-26.878730258565479],[-48.691119215882743,-26.878155017562477],[-48.689491335013535,-26.87500044963436],[-48.688894646190221,-26.873145554998779],[-48.688181734808005,-26.871270509206973],[-48.688009711587846,-26.870470500761119],[-48.688043399987535,-26.869633347304518],[-48.688206362873743,-26.86903757719049],[-48.688542319868994,-26.868339556258537],[-48.689860724672506,-26.866364927335024],[-48.691059814098423,-26.865215025825893],[-48.69245046513916,-26.864322555455555],[-48.693552242289208,-26.863865252062723],[-48.694671539010045,-26.863550679477978],[-48.695500463459844,-26.863449524060307],[-48.696766782648098,-26.863455732756268],[-48.698266483179175,-26.863653859739934],[-48.700191076620897,-26.864053814178593],[-48.70127535985722,-26.864402910336512],[-48.702323932015979,-26.86490969206794],[-48.704279647418126,-26.866270746675838],[-48.705699374411914,-26.867642833420817],[-48.706985467933883,-26.869396594640815],[-48.708872994206892,-26.872483972943996],[-48.709647690397823,-26.873470963064438],[-48.710882044718652,-26.874835956923199]]]},"properties":{"db_h11sh.hsu_hxmoy.bairros_segurança_bairros.fid":31,"id":94,"numero":16,"nome_1":"Murta","descricao_":"Área Urbana","area_em_km":2.6961455399999998,"shape__len":7099.9121718699998,"shape__are":269.61455394000001,"globalid":"{970FAE69-7A35-43EE-839F-6AC35C2BB4E7}"}},{"type":"Feature","id":32,"geometry":{"type":"Polygon","coordinates":[[[-48.855473387506542,-27.030329812478726],[-48.852912670038052,-27.027715061184836],[-48.851796649355443,-27.02615317204992],[-48.849996619497603,-27.024684571826704],[-48.848747250460804,-27.022694052013609],[-48.848760559563509,-27.019293250946248],[-48.848586499976882,-27.017618900950605],[-48.847693169929094,-27.017213271557434],[-48.846233639322044,-27.016798961960021],[-48.845544579473938,-27.017157341012361],[-48.845107819218505,-27.017784742141256],[-48.844538520014218,-27.017937431261494],[-48.843555570300786,-27.017507331843159],[-48.842987810030188,-27.0175793412701],[-48.842682730697426,-27.017748570831909],[-48.842197061465733,-27.01797097242369],[-48.840527168094908,-27.017639415026],[-48.837479585847902,-27.016653436345585],[-48.836619390047048,-27.016458782833524],[-48.835715322881015,-27.015548385858789],[-48.834787202729686,-27.015064517462605],[-48.833440652571859,-27.013994071574405],[-48.832841096903778,-27.013486881872211],[-48.832308052484549,-27.012695891749541],[-48.832211474593635,-27.011676722377207],[-48.832599604938856,-27.011288323668897],[-48.833597624659731,-27.009368383088443],[-48.833986519576492,-27.008143457929378],[-48.83373384366535,-27.007235955594428],[-48.832287532860335,-27.006025477764663],[-48.829614285465262,-27.004325902978966],[-48.828707978034274,-27.003394666765438],[-48.828405372372373,-27.002963607656202],[-48.828985666182184,-26.999766081808335],[-48.831653527613177,-26.994024784455299],[-48.833856537838564,-26.992425560651355],[-48.837057157096872,-26.988831754077616],[-48.838566835178739,-26.985614592749961],[-48.83897075119539,-26.982665606613484],[-48.837369005837999,-26.978470798480497],[-48.835309542766169,-26.975613603249887],[-48.834891140327883,-26.974777649819977],[-48.83725422100558,-26.971834374446118],[-48.838420843516616,-26.969832167947967],[-48.839147042624049,-26.96801868979178],[-48.838924058312799,-26.964111444321503],[-48.843193887849345,-26.963624250738881],[-48.85136604038415,-26.980225818202857],[-48.855876238988593,-26.991582288056854],[-48.856446623545011,-26.991609759337305],[-48.85694990309333,-26.991888904513832],[-48.857881639583262,-26.993071579949902],[-48.85856797050068,-26.993642038658038],[-48.859588014207425,-26.994966594502735],[-48.860993809134598,-26.996472169586252],[-48.862392129612545,-26.997821128918069],[-48.863843558860403,-26.998999260395586],[-48.864319595100348,-26.999800055652631],[-48.864396591860519,-27.000131790388888],[-48.864359065139475,-27.000676074237784],[-48.864969806635841,-27.002017719497509],[-48.865240966201924,-27.00239108997442],[-48.865259282679069,-27.00257699146648],[-48.865688187875371,-27.003174013811908],[-48.865868950631388,-27.003625380590144],[-48.865855861186247,-27.003765959576963],[-48.866007305327713,-27.003854864834619],[-48.866025279876773,-27.004261742601585],[-48.866419976115196,-27.00456943742077],[-48.86717561511837,-27.005725984642165],[-48.867697146027218,-27.006361266790357],[-48.867387062939713,-27.007458523593087],[-48.868282437575651,-27.00859414172011],[-48.868778012269964,-27.01018033733207],[-48.868837812815634,-27.01125724018107],[-48.868523784966492,-27.011878373639753],[-48.867306249670527,-27.012579922258105],[-48.866877614687454,-27.012996294176972],[-48.866292205065186,-27.013334398334681],[-48.865962500500125,-27.014039564419164],[-48.86537545637816,-27.014489771802673],[-48.865124286680988,-27.014881355098026],[-48.864678839251987,-27.015326510123177],[-48.864733115541647,-27.016323245603974],[-48.864615478225751,-27.018644252042474],[-48.864412391917064,-27.019850784085875],[-48.864299586397244,-27.02010011163636],[-48.863660774837079,-27.020329515446061],[-48.862573004975062,-27.020943657725564],[-48.861829767583664,-27.021158089416254],[-48.860012385070462,-27.021305660991111],[-48.857756349083616,-27.021726800177206],[-48.857694398488015,-27.022194247134184],[-48.858074680161195,-27.022362711309224],[-48.858107016629241,-27.022444947691373],[-48.858003936166256,-27.022520223605273],[-48.857413885172846,-27.022514888272045],[-48.857635858363565,-27.02338801138978],[-48.857223120400256,-27.023774123224417],[-48.857166876176301,-27.024234794989081],[-48.857008235433184,-27.024258099325507],[-48.856807616846332,-27.024141902770484],[-48.854742713182816,-27.024803611186744],[-48.854176424592133,-27.025191624213083],[-48.853568189827392,-27.025380384941997],[-48.853180868584353,-27.025794212218067],[-48.853037920601693,-27.02662477738177],[-48.85310677005323,-27.026848539417902],[-48.853678302033366,-27.027965384798662],[-48.853966688947608,-27.028337666112485],[-48.854396648556886,-27.028536915814929],[-48.855455815463067,-27.028673244711921],[-48.85613745732941,-27.029050769027492],[-48.856273786662129,-27.029386347456171],[-48.856221353202123,-27.029711438623501],[-48.856037833647576,-27.029926417908509],[-48.855473387506542,-27.030329812478726]]]},"properties":{"db_h11sh.hsu_hxmoy.bairros_segurança_bairros.fid":32,"id":90,"numero":34,"nome_1":"Campeche","descricao_":"Zona Rural(localidade)","area_em_km":14.082181420000001,"shape__len":19595.180853399997,"shape__are":1408.2181419000001,"globalid":"{7B6DCE14-BFB7-48DE-ACFB-F288F2BE88AE}"}},{"type":"Feature","id":33,"geometry":{"type":"Polygon","coordinates":[[[-48.74828199975736,-26.990812835399893],[-48.748393270973338,-26.990629386781574],[-48.748347010954021,-26.990458238913526],[-48.748377592472963,-26.990169772060064],[-48.748624208714425,-26.989425394279081],[-48.74897168839469,-26.988650601701462],[-48.749242999149324,-26.988328935860359],[-48.749686907383861,-26.987316839729814],[-48.750269560989516,-26.986740827224853],[-48.750622559360096,-26.986057415647334],[-48.750997288489586,-26.985607388503592],[-48.751550008217286,-26.984038070831602],[-48.751730058741579,-26.983807660266958],[-48.752144556873773,-26.983777229258884],[-48.752521065914877,-26.983575779465088],[-48.75266616210471,-26.983355820706269],[-48.753027885304377,-26.98306522504425],[-48.754902485359914,-26.98299656290509],[-48.755078322936285,-26.982895637303184],[-48.755216610412532,-26.9826014758718],[-48.755485679126835,-26.98239089925017],[-48.755966961517125,-26.982331883275002],[-48.756272950647322,-26.981929254871631],[-48.756371327899387,-26.981560363340037],[-48.7563301976909,-26.981129979667902],[-48.75649436284656,-26.980431394216243],[-48.756792216231332,-26.98002122738697],[-48.7571122497666,-26.979744774610765],[-48.757675193717304,-26.97932400455781],[-48.758174523504067,-26.978401648189426],[-48.758595712478687,-26.978011826780584],[-48.758633050130136,-26.97730900816962],[-48.758782761227486,-26.977205651928919],[-48.759177092125384,-26.977053313190215],[-48.759565866257475,-26.976808365396497],[-48.760292405412834,-26.976284609462407],[-48.761147327263025,-26.97382091319594],[-48.761640895099269,-26.973446105507715],[-48.762096273134986,-26.972883118673494],[-48.762289219826407,-26.97232968302076],[-48.76241199666201,-26.972068441538326],[-48.762856992930551,-26.971493272482117],[-48.763326289043682,-26.970856465295892],[-48.763622396285754,-26.9706269332878],[-48.763956711516826,-26.970523001504056],[-48.764928175856681,-26.970545104357225],[-48.765461330399461,-26.970426404177211],[-48.765466351533455,-26.970172176085452],[-48.765303818856765,-26.968938206004552],[-48.765302365677869,-26.968502446259944],[-48.765239880334555,-26.96574274639098],[-48.7702231188646,-26.968028278648081],[-48.773026737270015,-26.968182343487197],[-48.773436744286045,-26.968279493699633],[-48.773626089829449,-26.968608911002224],[-48.773801317463771,-26.969437793330197],[-48.774184539921258,-26.969866988217888],[-48.77574368291026,-26.970592815000014],[-48.777836407653247,-26.971314947430912],[-48.779313957885762,-26.97152212468842],[-48.780430828053412,-26.974538432462214],[-48.784482322018739,-26.979454606842587],[-48.785010584338671,-26.979781965773011],[-48.789462190153436,-26.981128093186165],[-48.792317236774537,-26.981840781428012],[-48.794883810834357,-26.982039648586902],[-48.791992829442279,-26.988320975560466],[-48.790997226493793,-26.989818905580574],[-48.784029829456884,-26.994094421478309],[-48.781926481345714,-26.994730021611591],[-48.782339295755591,-26.997336278934494],[-48.781107586545716,-26.997620409571226],[-48.782652402484246,-26.99881646267071],[-48.782539813794962,-26.999743872027054],[-48.782012695939244,-27.000630964390052],[-48.781394618598661,-27.003267631159773],[-48.781325220423234,-27.008734306871194],[-48.780774819655107,-27.010803618400356],[-48.77918618932204,-27.01378988628425],[-48.77899805036283,-27.014716097212251],[-48.779189662861263,-27.015640051064757],[-48.780549823541008,-27.018482831076394],[-48.780722922874375,-27.020242555091205],[-48.780723117431357,-27.022112622045075],[-48.780232573348812,-27.024013925205967],[-48.779549918638494,-27.026081138547912],[-48.779307632160503,-27.027793965833467],[-48.779270742720207,-27.029668634788699],[-48.778369225984136,-27.0303808520978],[-48.777112361178084,-27.030918507607357],[-48.774054919563262,-27.031384744639706],[-48.772654211659038,-27.032511377946612],[-48.770849183239875,-27.033074083090252],[-48.766268463333944,-27.03523892444473],[-48.765422246318693,-27.031721969075097],[-48.765483947892228,-27.030126533234],[-48.764998961772001,-27.029101679475133],[-48.764090240157238,-27.025555469851618],[-48.761697150015699,-27.025206630875463],[-48.759835706491479,-27.025120502254278],[-48.756797106841461,-27.023885428126466],[-48.754109761039238,-27.021562663121571],[-48.748242057157903,-27.016524450415567],[-48.746740800112484,-27.00741084316315],[-48.739688545193793,-27.005123329632436],[-48.735511398638423,-27.002967578717396],[-48.734757205083994,-27.001944589022468],[-48.734666135696692,-27.001853337282199],[-48.735783796852317,-26.999316569273606],[-48.737599745359432,-26.996658146905027],[-48.73914170963473,-26.994637990140145],[-48.741752745303685,-26.991104557712593],[-48.742055378762288,-26.990922096196673],[-48.742484600812119,-26.990860080132006],[-48.743016806824976,-26.990723576350053],[-48.743195870365646,-26.990472028889954],[-48.743324394256469,-26.990136594941688],[-48.743394713899235,-26.990101377354105],[-48.743583511660169,-26.989943443492198],[-48.743674437383113,-26.989747596431933],[-48.743850078203344,-26.989667334329408],[-48.743977151400529,-26.98969533129252],[-48.744014536702636,-26.989856889537421],[-48.744005317762507,-26.990028083070449],[-48.743914285726028,-26.990229120425305],[-48.743683129764037,-26.990474644452277],[-48.743725279369116,-26.990688198611846],[-48.743817347096567,-26.990726018551559],[-48.743980357369409,-26.990697476289675],[-48.744553265053106,-26.990768957400402],[-48.745003452717341,-26.990885201994292],[-48.745286488283263,-26.990656084252969],[-48.745496472112684,-26.990597867964436],[-48.74570247780423,-26.990645619790143],[-48.746093206564169,-26.990562963803647],[-48.746308526126683,-26.990559000150856],[-48.746438425925909,-26.990687033150483],[-48.74674995966582,-26.99125510925694],[-48.746921387088953,-26.991376397116827],[-48.747235129912681,-26.991418460190495],[-48.74828199975736,-26.990812835399893]]]},"properties":{"db_h11sh.hsu_hxmoy.bairros_segurança_bairros.fid":33,"id":101,"numero":30,"nome_1":"Paciência","descricao_":"Zona Rural(localidade)","area_em_km":22.371090799999998,"shape__len":22743.393334299999,"shape__are":2237.1090802899998,"globalid":"{EB5B5DEB-0AB6-40C0-8331-B3DA5666C3D8}"}},{"type":"Feature","id":34,"geometry":{"type":"Polygon","coordinates":[[[-48.78850713486689,-27.097101547227901],[-48.787302524381964,-27.096900172744423],[-48.786850839054637,-27.096445155812404],[-48.785579744117925,-27.095431242768296],[-48.785262160015229,-27.09540044423947],[-48.784202106574895,-27.09562006870398],[-48.784151362729396,-27.095469273069742],[-48.784215286071152,-27.094323943788421],[-48.784336477246171,-27.093806360013222],[-48.784555583294988,-27.093333583620836],[-48.784436298676738,-27.092865138589719],[-48.784169640620071,-27.092538364974352],[-48.784056822933806,-27.092139075341365],[-48.784196753303846,-27.091723478715451],[-48.784266093706677,-27.090719609337778],[-48.784392823238015,-27.090148179314195],[-48.784222074400333,-27.089526145831922],[-48.783725713890583,-27.088871993148054],[-48.783533069083248,-27.088011643819701],[-48.783357613279051,-27.087826491655864],[-48.782983861929814,-27.087699487857172],[-48.782920721703626,-27.087573539254741],[-48.782963963929916,-27.087100900976033],[-48.783315225088707,-27.086301881498056],[-48.783697412874879,-27.085688276984932],[-48.783664569511821,-27.085267425496927],[-48.783062391622835,-27.084425657579285],[-48.782724521959437,-27.083799167433003],[-48.782249471783274,-27.083317947661744],[-48.781970101940843,-27.082690414558531],[-48.781347701188203,-27.082306914520817],[-48.781164117058502,-27.081918965821249],[-48.780590440304984,-27.081252200366507],[-48.780327130122437,-27.08106001531474],[-48.77974218812777,-27.080814149081206],[-48.779406551640086,-27.080535090613772],[-48.778746176779663,-27.080852305615256],[-48.778076361153239,-27.080927987334064],[-48.777448428476369,-27.079815673211066],[-48.777264655154816,-27.079234081344485],[-48.777250187431996,-27.078725187214946],[-48.776854908805468,-27.0783756280976],[-48.7763814700278,-27.078261952435383],[-48.776209940728393,-27.076693239997809],[-48.77713927339412,-27.074602065309712],[-48.777531907141274,-27.074149113423683],[-48.777639709707763,-27.073765569472052],[-48.777644948191409,-27.073084618692999],[-48.777436197835712,-27.072649881218204],[-48.777001646288376,-27.072105864164058],[-48.776967693725815,-27.071949480480892],[-48.777054626336081,-27.071612037838634],[-48.777388347602404,-27.07120355089662],[-48.777623884188984,-27.070651567114808],[-48.777032828730235,-27.069774933640037],[-48.777175356819328,-27.069459558535751],[-48.777060163087285,-27.069002935611525],[-48.777149369163091,-27.068791205612044],[-48.777151560271193,-27.068447893242841],[-48.777370843621469,-27.067994452731273],[-48.777435238036894,-27.067650046316373],[-48.776901072282193,-27.066926244132155],[-48.776839595833522,-27.066707175939889],[-48.776910827393152,-27.066421883673012],[-48.777430006457081,-27.065708946472512],[-48.777458085438987,-27.064772007887402],[-48.777384417392071,-27.064230580435204],[-48.777774423198991,-27.063364569383371],[-48.777852108072068,-27.06285241735241],[-48.777280175327867,-27.06166007961485],[-48.776787170107006,-27.061122254848716],[-48.776556938094537,-27.061070293361773],[-48.776334666804487,-27.061300159132408],[-48.776093580881209,-27.061368724347549],[-48.775480682441923,-27.061009434768813],[-48.774946805436038,-27.06113679040141],[-48.774697672377641,-27.060931116616906],[-48.774555226147996,-27.060652558058756],[-48.774599395400834,-27.060390504351659],[-48.774907018235162,-27.060282719181391],[-48.775025293509266,-27.060161529165519],[-48.775168726603937,-27.059667721058823],[-48.775843532894363,-27.059256580837353],[-48.776328582799295,-27.059193711666321],[-48.77656572153834,-27.058980857319924],[-48.776375237940286,-27.05851761233729],[-48.775871534764171,-27.057850617683229],[-48.775993674841175,-27.057562436932617],[-48.775924868147605,-27.057167833181531],[-48.775770583673861,-27.056989217280279],[-48.77552963770794,-27.056888226333264],[-48.775717583718396,-27.05669177585796],[-48.775865307458098,-27.056028815803792],[-48.7757976717741,-27.05544582763104],[-48.775610690935103,-27.055299936248847],[-48.775124218370671,-27.055259749304234],[-48.774748294513699,-27.055372032879472],[-48.77416695351716,-27.055712742933871],[-48.773673801303957,-27.05579141156527],[-48.773583418148803,-27.053934579096826],[-48.773460572141424,-27.052503800786159],[-48.773390090134441,-27.050636409175731],[-48.773600688435657,-27.049809477800281],[-48.773781848193885,-27.04828696979332],[-48.773330902994829,-27.045982113596651],[-48.771931696291674,-27.041333393107372],[-48.771548650029715,-27.041057005393867],[-48.769435639100728,-27.040946282686605],[-48.76824044860625,-27.040921058520681],[-48.765488919462186,-27.036328458819877],[-48.766268463333944,-27.03523892444473],[-48.770849183239875,-27.033074083090252],[-48.772654211659038,-27.032511377946612],[-48.774054919563262,-27.031384744639706],[-48.777112361178084,-27.030918507607357],[-48.778369225984136,-27.0303808520978],[-48.779270742720207,-27.029668634788699],[-48.779307632160503,-27.027793965833467],[-48.779549918638494,-27.026081138547912],[-48.780232573348812,-27.024013925205967],[-48.780723117431357,-27.022112622045075],[-48.780722922874375,-27.020242555091205],[-48.780549823541008,-27.018482831076394],[-48.779189662861263,-27.015640051064757],[-48.77899805036283,-27.014716097212251],[-48.77918618932204,-27.01378988628425],[-48.780774819655107,-27.010803618400356],[-48.781325220423234,-27.008734306871194],[-48.781394618598661,-27.003267631159773],[-48.782012695939244,-27.000630964390052],[-48.782539813794962,-26.999743872027054],[-48.782652402484246,-26.99881646267071],[-48.781107586545716,-26.997620409571226],[-48.782339295755591,-26.997336278934494],[-48.782688359199909,-26.99728885148506],[-48.783977092715091,-26.996633317452122],[-48.784268652039792,-26.996586463823533],[-48.785251921498755,-26.996757804441845],[-48.786183489763289,-26.996564415384693],[-48.787473199549829,-26.995908882251292],[-48.790269223726995,-26.995277380567998],[-48.791431355785555,-26.995243704678881],[-48.792786930138597,-26.994121494998158],[-48.795780699620778,-26.993962702093597],[-48.796265492113683,-26.993735454475704],[-48.797817290115404,-26.99206867407079],[-48.799128793875411,-26.991508435750859],[-48.79931059125213,-26.991296338646212],[-48.800024430757823,-26.991245401317187],[-48.80053772142071,-26.991053940849032],[-48.800871016104558,-26.991175139106637],[-48.801280060086846,-26.991887177524116],[-48.801285383757595,-26.992566672059059],[-48.801325510635387,-26.992932513295639],[-48.801362215643344,-26.993149402184379],[-48.800845270038465,-26.99340504215019],[-48.800646796911224,-26.993604720021246],[-48.800630066849969,-26.9940562615045],[-48.800950919711298,-26.994404963380838],[-48.80106516705434,-26.994622139799734],[-48.800928820159299,-26.994825789545214],[-48.800067232988518,-26.995225003705116],[-48.79961801410019,-26.99575552359147],[-48.798773405302285,-26.996407221030143],[-48.798205288392118,-26.996622462878005],[-48.797942363276931,-26.997033676423651],[-48.797904541474402,-26.997382622436589],[-48.798096762031207,-26.997912136156913],[-48.798094696267285,-26.998786872361325],[-48.798356198504855,-26.99904023447634],[-48.798673598100358,-26.999084455451325],[-48.799335442319318,-26.998543387949343],[-48.799998844959255,-26.998311814950995],[-48.800389829147463,-26.998341224125905],[-48.800613477882948,-26.998765176149604],[-48.800793508994516,-26.999377296744434],[-48.801249009135198,-26.999800616115856],[-48.801899832864713,-27.000234118977815],[-48.802263902945221,-27.000709390828142],[-48.802515162752883,-27.001880172237243],[-48.803582310337632,-27.003166848735265],[-48.804044866266111,-27.003480009388433],[-48.807859378332992,-27.003795586363442],[-48.808631086570884,-27.004142004623549],[-48.808530567909926,-27.005229037948993],[-48.808294286151146,-27.005943976516253],[-48.808228775112475,-27.007273463327255],[-48.808376629216795,-27.008250521311361],[-48.808237500786461,-27.009280032133553],[-48.807175740194204,-27.0107789945612],[-48.806647129253136,-27.011411109707083],[-48.806146130537407,-27.012257103343085],[-48.805610256195202,-27.012853526396515],[-48.804790697048425,-27.013331682918437],[-48.804463143722131,-27.014244409384574],[-48.804374345407638,-27.014623676277381],[-48.803873038527051,-27.015483885349429],[-48.803845755322541,-27.015661334703985],[-48.807211242053725,-27.019075638769046],[-48.808936095744599,-27.021891580204844],[-48.810071159407762,-27.020713925212995],[-48.811158434797711,-27.020360858359137],[-48.812251006929657,-27.021373946810808],[-48.812550835447468,-27.02394001065214],[-48.814218965109475,-27.026413492158383],[-48.81668557244388,-27.027367384593735],[-48.81775889848155,-27.033015081261123],[-48.815954379258578,-27.034468584102232],[-48.815172700228189,-27.039194811427961],[-48.816917899731997,-27.040811151867082],[-48.816637996232281,-27.042827038042415],[-48.816014961453796,-27.045457132362774],[-48.816587686780068,-27.05243399341666],[-48.81741963730309,-27.053608982261554],[-48.819556997445751,-27.052694127226626],[-48.819707666264655,-27.055509908699253],[-48.821623433748435,-27.055447857430426],[-48.822264956512598,-27.056241698584859],[-48.823587892850675,-27.056782057547959],[-48.82513826824627,-27.059711235205782],[-48.825544009627379,-27.068278103584973],[-48.825643276924012,-27.074063016488459],[-48.824600669658658,-27.073882753412569],[-48.82424650880116,-27.074002204591793],[-48.8238415949629,-27.074381161931928],[-48.823425023324489,-27.074506203761601],[-48.821625220819961,-27.074469576645281],[-48.821119483227221,-27.07497410948924],[-48.820401926396919,-27.075461681543846],[-48.819406025258587,-27.07628999050193],[-48.818332793974164,-27.077580330445937],[-48.817656039839065,-27.078024184192198],[-48.816569797679257,-27.078953464155038],[-48.815501453921662,-27.079700801343225],[-48.815428663149653,-27.080100097858196],[-48.814890967313794,-27.081007014792664],[-48.814878135197389,-27.081597131945436],[-48.814973718267595,-27.082030428174878],[-48.815342188059056,-27.082467689880737],[-48.815642080005986,-27.083270678757643],[-48.815611474923948,-27.083413144894092],[-48.814461641842264,-27.083848438579629],[-48.813595284926848,-27.084485711937898],[-48.81290687152589,-27.08474093440438],[-48.811734252256308,-27.084832267873786],[-48.81090626632971,-27.084448384458199],[-48.810725331026234,-27.084519583630843],[-48.810464032915462,-27.084813518289977],[-48.809573915514179,-27.085124192971886],[-48.809548395428543,-27.08534528494776],[-48.809152711556493,-27.085749280537854],[-48.807897803976672,-27.086534485968073],[-48.80748000717584,-27.087008876901844],[-48.807219139505129,-27.089090235426525],[-48.806858855667535,-27.089735346898408],[-48.806595795105878,-27.089982730269043],[-48.805892797065447,-27.090361501870433],[-48.80517881639711,-27.090610169529356],[-48.804251599820766,-27.090691464990737],[-48.803235411399129,-27.091023714470282],[-48.802796098387951,-27.091324698065815],[-48.80255408404615,-27.091374105605794],[-48.801608880985086,-27.091312637450933],[-48.800707913085638,-27.091424431169607],[-48.800296366005583,-27.091731476127936],[-48.799965286276418,-27.092289996496113],[-48.799466882784287,-27.09253661740296],[-48.799127597908452,-27.092952933411645],[-48.798548079054328,-27.0933884480723],[-48.797895860485902,-27.093575493853052],[-48.79733731350489,-27.093451034878498],[-48.797115202485031,-27.093476086101635],[-48.794895737127256,-27.094584068081886],[-48.794309227506012,-27.094688027442139],[-48.793439471716198,-27.094407593017412],[-48.792933439062388,-27.094375388719062],[-48.792532183092938,-27.094594053064618],[-48.792037592918966,-27.09510070278359],[-48.791484251408903,-27.095382060139737],[-48.791196474840525,-27.096149911888595],[-48.79064247676952,-27.096775393484755],[-48.790363615147527,-27.096865764782581],[-48.789595567206831,-27.096847951852176],[-48.789077705741796,-27.097052787952183],[-48.78850713486689,-27.097101547227901]]]},"properties":{"db_h11sh.hsu_hxmoy.bairros_segurança_bairros.fid":34,"id":67,"numero":35,"nome_1":"Brilhante II","descricao_":"Zona Rural(localidade)","area_em_km":39.67148547,"shape__len":33656.1103363,"shape__are":3967.1485464999996,"globalid":"{B84C6412-7273-498D-90AB-A19AE4B22291}"}},{"type":"Feature","id":35,"geometry":{"type":"Polygon","coordinates":[[[-48.766416993829665,-26.892029323299276],[-48.764179569160326,-26.89191250304809],[-48.760847834626119,-26.891613668527274],[-48.759397036825938,-26.891349635152519],[-48.758641620633561,-26.891036372822462],[-48.754815290741973,-26.88856539606433],[-48.753598009789528,-26.88782298091807],[-48.751615039596899,-26.887289301374171],[-48.749191813516525,-26.886366964516654],[-48.747111360225581,-26.886233367010792],[-48.740844855726259,-26.885972581251949],[-48.739247850395344,-26.88630855228644],[-48.726011992343629,-26.889261225802855],[-48.721320903846248,-26.890187712813685],[-48.730047924064237,-26.869535981631486],[-48.730202668936585,-26.866800341446591],[-48.729113748036781,-26.863685619693928],[-48.728029364094326,-26.860346526382411],[-48.726674677460508,-26.853008106168232],[-48.726069177199307,-26.85075399995663],[-48.72431399704508,-26.848436499760769],[-48.719526229425618,-26.844557385947958],[-48.719536326994444,-26.844538125335369],[-48.720583438146846,-26.842854963239635],[-48.721475890483241,-26.841823670476209],[-48.72289967275082,-26.840613351686109],[-48.724937051897037,-26.839307847424692],[-48.726427840226215,-26.838477172368169],[-48.727596146740829,-26.838091815435156],[-48.7292522809486,-26.837987265153139],[-48.730146664276894,-26.83808058805965],[-48.730955850325721,-26.838275497810631],[-48.731654200098077,-26.838573584474673],[-48.732239700330354,-26.838928415740476],[-48.733043887298507,-26.839541928561339],[-48.733578572842205,-26.840070746188566],[-48.734176158282274,-26.840941287071232],[-48.734521459954358,-26.841832931360099],[-48.734694503904251,-26.842721424224525],[-48.734980520495625,-26.845765847347277],[-48.735200409836104,-26.847028491487972],[-48.735661970707525,-26.848509659217505],[-48.736358395776755,-26.84995608007134],[-48.737580447299258,-26.851628794748844],[-48.73957789196654,-26.853755995321634],[-48.74133183756809,-26.855197712667191],[-48.743268639161791,-26.85641378634428],[-48.744486155594785,-26.85695279427981],[-48.745716773126844,-26.857240219865421],[-48.747098086188885,-26.857350077406188],[-48.74927331523407,-26.857297729752556],[-48.752500092074349,-26.856619738975212],[-48.756481981899363,-26.855302993520127],[-48.757404705529453,-26.855146553551243],[-48.758491952372189,-26.85509859051032],[-48.759596612301863,-26.855151385650061],[-48.760426794625616,-26.855381238863792],[-48.761300821154272,-26.855806723796757],[-48.761826440851614,-26.85632662037608],[-48.762306452318157,-26.857333348453984],[-48.762508675892974,-26.858475281008555],[-48.762410760350505,-26.861041208672049],[-48.761968293316301,-26.867179296836458],[-48.762062604370911,-26.869880180829586],[-48.76246110685841,-26.875002229979792],[-48.762538948319083,-26.877508671200751],[-48.762444454340702,-26.879649894976428],[-48.761917352043952,-26.88170213021213],[-48.761831348988771,-26.882781853249782],[-48.762038543915651,-26.884498209206818],[-48.762610566263945,-26.886366572405102],[-48.763129755587045,-26.887278341808646],[-48.764186926004299,-26.888467377713564],[-48.765260197324132,-26.889453475836277],[-48.766573682125355,-26.890349513261516],[-48.766548167192063,-26.891514723225068],[-48.766416993829665,-26.892029323299276]]]},"properties":{"db_h11sh.hsu_hxmoy.bairros_segurança_bairros.fid":35,"id":86,"numero":39,"nome_1":"Santa Regina","descricao_":"Zona Rural/Urbana (limite perímetro urbano)","area_em_km":1481.93876015,"shape__len":20228.590860600001,"shape__are":1481.93876015,"globalid":"{AB245AC8-0724-45A1-91DD-B5D0DFCA5367}"}}]}