Ano de eleição;Cor / Raça;Estado civil;Faixa etária;Gênero;Grau de instrução;Identidade de gênero;Intérprete de libras;Município;Nome social;País;Quilombola;Região;Turno;UF;Quantidade de eleitores deficientes abstenção;Quantidade de eleitores comparecimento TTE;Quantidade de eleitores abstenção TTE;Quantidade de eleitores abstenção obrigatório;Quantidade de eleitores facultativos;Quantidade de eleitores obrigatórios;Quantidade de eleitores comparecimento facultativo;Quantidade de eleitores comparecimento obrigatório;Quantidade de eleitores deficientes facultativo;Quantidade de eleitores deficientes obrigatório;Quantidade de eleitores deficientes comparecimento;Quantidade de eleitores deficientes abstenção facultativo;Quantidade de eleitores deficientes abstenção obrigatório;Quantidade de eleitores nome social;Quantidade de eleitores aptos;Quantidade de eleitores comparecimento;Quantidade de eleitores abstenção;Data de carga
2024;Amarela;CASADO;25 a 29 anos                  ;FEMININO;ENSINO MÉDIO COMPLETO;Cisgênero;NÃO;ITAJAÍ;Não;Brasil;NÃO;SUL;1;SC;0;0;0;0;0;1;0;1;0;0;0;0;0;0;1;1;0;2025-04-29 16:22:43
2024;Amarela;CASADO;25 a 29 anos                  ;FEMININO;SUPERIOR COMPLETO;Cisgênero;NÃO;ITAJAÍ;Não;Brasil;NÃO;SUL;1;SC;0;0;0;0;0;2;0;2;0;0;0;0;0;0;2;2;0;2025-04-29 16:22:43
2024;Amarela;CASADO;25 a 29 anos                  ;MASCULINO;ENSINO MÉDIO COMPLETO;Cisgênero;SIM;ITAJAÍ;Não;Brasil;NÃO;SUL;1;SC;0;0;0;0;0;1;0;1;0;0;0;0;0;0;1;1;0;2025-04-29 16:22:43
2024;Amarela;CASADO;25 a 29 anos                  ;MASCULINO;ENSINO MÉDIO COMPLETO;Prefere não informar;SIM;ITAJAÍ;Não;Brasil;NÃO;SUL;1;SC;0;0;0;0;0;1;0;1;0;0;0;0;0;0;1;1;0;2025-04-29 16:22:43
2024;Amarela;CASADO;30 a 34 anos                  ;FEMININO;ENSINO MÉDIO COMPLETO;Cisgênero;NÃO;ITAJAÍ;Não;Brasil;NÃO;SUL;1;SC;0;0;0;0;0;1;0;1;0;0;0;0;0;0;1;1;0;2025-04-29 16:22:43
2024;Amarela;CASADO;30 a 34 anos                  ;FEMININO;SUPERIOR COMPLETO;Prefere não informar;NÃO;ITAJAÍ;Não;Brasil;NÃO;SUL;1;SC;0;0;0;0;0;1;0;1;0;0;0;0;0;0;1;1;0;2025-04-29 16:22:43
2024;Amarela;CASADO;30 a 34 anos                  ;FEMININO;SUPERIOR INCOMPLETO;Cisgênero;NÃO;ITAJAÍ;Não;Brasil;NÃO;SUL;1;SC;0;0;0;0;0;2;0;2;0;0;0;0;0;0;2;2;0;2025-04-29 16:22:43
2024;Amarela;CASADO;30 a 34 anos                  ;MASCULINO;ENSINO MÉDIO COMPLETO;Cisgênero;NÃO;ITAJAÍ;Não;Brasil;NÃO;SUL;1;SC;0;0;0;0;0;1;0;1;0;0;0;0;0;0;1;1;0;2025-04-29 16:22:43
2024;Amarela;CASADO;30 a 34 anos                  ;MASCULINO;SUPERIOR COMPLETO;Cisgênero;NÃO;ITAJAÍ;Não;Brasil;NÃO;SUL;1;SC;0;0;0;0;0;1;0;1;0;0;0;0;0;0;1;1;0;2025-04-29 16:22:43
2024;Amarela;CASADO;30 a 34 anos                  ;MASCULINO;SUPERIOR COMPLETO;Prefere não informar;NÃO;ITAJAÍ;Não;Brasil;NÃO;SUL;1;SC;0;0;0;0;0;1;0;1;0;0;0;0;0;0;1;1;0;2025-04-29 16:22:43
2024;Amarela;CASADO;35 a 39 anos                  ;FEMININO;ENSINO MÉDIO COMPLETO;Cisgênero;NÃO;ITAJAÍ;Não;Brasil;NÃO;SUL;1;SC;0;0;0;0;0;1;0;1;0;0;0;0;0;0;1;1;0;2025-04-29 16:22:43
2024;Amarela;CASADO;35 a 39 anos                  ;FEMININO;ENSINO MÉDIO INCOMPLETO;Prefere não informar;NÃO;ITAJAÍ;Não;Brasil;NÃO;SUL;1;SC;0;0;0;0;0;1;0;1;0;0;0;0;0;0;1;1;0;2025-04-29 16:22:43
2024;Amarela;CASADO;35 a 39 anos                  ;FEMININO;SUPERIOR COMPLETO;Prefere não informar;NÃO;ITAJAÍ;Não;Brasil;NÃO;SUL;1;SC;0;0;0;0;0;1;0;1;0;0;0;0;0;0;1;1;0;2025-04-29 16:22:43
2024;Amarela;CASADO;35 a 39 anos                  ;MASCULINO;ENSINO MÉDIO COMPLETO;Cisgênero;NÃO;ITAJAÍ;Não;Brasil;NÃO;SUL;1;SC;0;0;0;0;0;1;0;1;0;0;0;0;0;0;1;1;0;2025-04-29 16:22:43
2024;Amarela;CASADO;35 a 39 anos                  ;MASCULINO;SUPERIOR COMPLETO;Prefere não informar;NÃO;ITAJAÍ;Não;Brasil;NÃO;SUL;1;SC;0;0;0;0;0;1;0;1;0;0;0;0;0;0;1;1;0;2025-04-29 16:22:43
2024;Amarela;CASADO;35 a 39 anos                  ;MASCULINO;SUPERIOR INCOMPLETO;Cisgênero;NÃO;ITAJAÍ;Não;Brasil;NÃO;SUL;1;SC;0;0;0;0;0;1;0;1;0;0;0;0;0;0;1;1;0;2025-04-29 16:22:43
2024;Amarela;CASADO;40 a 44 anos                  ;MASCULINO;ENSINO MÉDIO COMPLETO;Cisgênero;NÃO;ITAJAÍ;Não;Brasil;NÃO;SUL;1;SC;0;0;0;0;0;1;0;1;0;0;0;0;0;0;1;1;0;2025-04-29 16:22:43
2024;Amarela;CASADO;45 a 49 anos                  ;FEMININO;SUPERIOR INCOMPLETO;Prefere não informar;NÃO;ITAJAÍ;Não;Brasil;NÃO;SUL;1;SC;0;0;0;0;0;1;0;1;0;0;0;0;0;0;1;1;0;2025-04-29 16:22:43
2024;Amarela;CASADO;45 a 49 anos                  ;MASCULINO;SUPERIOR COMPLETO;Cisgênero;NÃO;ITAJAÍ;Não;Brasil;NÃO;SUL;1;SC;0;0;0;0;0;1;0;1;0;0;0;0;0;0;1;1;0;2025-04-29 16:22:43
2024;Amarela;CASADO;55 a 59 anos                  ;MASCULINO;SUPERIOR INCOMPLETO;Cisgênero;NÃO;ITAJAÍ;Não;Brasil;NÃO;SUL;1;SC;0;0;0;0;0;1;0;1;0;0;0;0;0;0;1;1;0;2025-04-29 16:22:43
2024;Amarela;CASADO;70 a 74 anos                  ;FEMININO;ENSINO MÉDIO COMPLETO;Prefere não informar;NÃO;ITAJAÍ;Não;Brasil;NÃO;SUL;1;SC;0;0;0;0;1;0;1;0;0;0;0;0;0;0;1;1;0;2025-04-29 16:22:43
2024;Amarela;DIVORCIADO;35 a 39 anos                  ;FEMININO;SUPERIOR INCOMPLETO;Cisgênero;NÃO;ITAJAÍ;Não;Brasil;NÃO;SUL;1;SC;0;0;0;0;0;1;0;1;0;0;0;0;0;0;1;1;0;2025-04-29 16:22:43
2024;Amarela;DIVORCIADO;40 a 44 anos                  ;MASCULINO;SUPERIOR COMPLETO;Cisgênero;NÃO;ITAJAÍ;Não;Brasil;NÃO;SUL;1;SC;0;0;0;0;0;1;0;1;0;0;0;0;0;0;1;1;0;2025-04-29 16:22:43
2024;Amarela;DIVORCIADO;45 a 49 anos                  ;FEMININO;SUPERIOR COMPLETO;Cisgênero;NÃO;ITAJAÍ;Não;Brasil;NÃO;SUL;1;SC;0;0;0;1;0;2;0;1;0;0;0;0;0;0;2;1;1;2025-04-29 16:22:43
2024;Amarela;DIVORCIADO;55 a 59 anos                  ;FEMININO;SUPERIOR COMPLETO;Cisgênero;NÃO;ITAJAÍ;Não;Brasil;NÃO;SUL;1;SC;0;0;0;0;0;1;0;1;0;0;0;0;0;0;1;1;0;2025-04-29 16:22:43
2024;Amarela;SEPARADO JUDICIALMENTE;55 a 59 anos                  ;FEMININO;SUPERIOR COMPLETO;Cisgênero;NÃO;ITAJAÍ;Não;Brasil;NÃO;SUL;1;SC;0;0;0;1;0;1;0;0;0;0;0;0;0;0;1;0;1;2025-04-29 16:22:43
2024;Amarela;SOLTEIRO;16 anos                       ;MASCULINO;ENSINO MÉDIO INCOMPLETO;Prefere não informar;NÃO;ITAJAÍ;Não;Brasil;NÃO;SUL;1;SC;0;0;0;0;1;0;1;0;0;0;0;0;0;0;1;1;0;2025-04-29 16:22:43
2024;Amarela;SOLTEIRO;17 anos                       ;FEMININO;ENSINO MÉDIO INCOMPLETO;Cisgênero;NÃO;ITAJAÍ;Não;Brasil;NÃO;SUL;1;SC;0;0;0;0;1;0;1;0;0;0;0;0;0;0;1;1;0;2025-04-29 16:22:43
2024;Amarela;SOLTEIRO;17 anos                       ;MASCULINO;ENSINO MÉDIO INCOMPLETO;Prefere não informar;NÃO;ITAJAÍ;Não;Brasil;NÃO;SUL;1;SC;0;0;0;0;1;0;1;0;0;0;0;0;0;0;1;1;0;2025-04-29 16:22:43
2024;Amarela;SOLTEIRO;18 anos                       ;MASCULINO;ENSINO MÉDIO INCOMPLETO;Cisgênero;NÃO;ITAJAÍ;Não;Brasil;NÃO;SUL;1;SC;0;0;0;0;0;1;0;1;0;0;0;0;0;0;1;1;0;2025-04-29 16:22:43
2024;Amarela;SOLTEIRO;18 anos                       ;MASCULINO;SUPERIOR INCOMPLETO;Cisgênero;NÃO;ITAJAÍ;Não;Brasil;NÃO;SUL;1;SC;0;0;0;0;0;1;0;1;0;0;0;0;0;0;1;1;0;2025-04-29 16:22:43
2024;Amarela;SOLTEIRO;19 anos                       ;FEMININO;ENSINO MÉDIO COMPLETO;Cisgênero;NÃO;ITAJAÍ;Não;Brasil;NÃO;SUL;1;SC;0;0;0;0;0;2;0;2;0;0;0;0;0;0;2;2;0;2025-04-29 16:22:43
2024;Amarela;SOLTEIRO;19 anos                       ;FEMININO;ENSINO MÉDIO COMPLETO;Prefere não informar;NÃO;ITAJAÍ;Não;Brasil;NÃO;SUL;1;SC;0;0;0;1;0;1;0;0;0;0;0;0;0;0;1;0;1;2025-04-29 16:22:43
2024;Amarela;SOLTEIRO;20 anos                       ;FEMININO;ENSINO MÉDIO COMPLETO;Cisgênero;NÃO;ITAJAÍ;Não;Brasil;NÃO;SUL;1;SC;0;0;0;1;0;1;0;0;0;0;0;0;0;0;1;0;1;2025-04-29 16:22:43
2024;Amarela;SOLTEIRO;20 anos                       ;FEMININO;ENSINO MÉDIO INCOMPLETO;Cisgênero;NÃO;ITAJAÍ;Não;Brasil;NÃO;SUL;1;SC;0;0;0;0;0;1;0;1;0;0;0;0;0;0;1;1;0;2025-04-29 16:22:43
2024;Amarela;SOLTEIRO;20 anos                       ;MASCULINO;ENSINO MÉDIO INCOMPLETO;Cisgênero;NÃO;ITAJAÍ;Não;Brasil;NÃO;SUL;1;SC;0;0;0;1;0;1;0;0;0;0;0;0;0;0;1;0;1;2025-04-29 16:22:43
2024;Amarela;SOLTEIRO;20 anos                       ;MASCULINO;SUPERIOR INCOMPLETO;Cisgênero;NÃO;ITAJAÍ;Não;Brasil;NÃO;SUL;1;SC;0;0;0;0;0;1;0;1;0;0;0;0;0;0;1;1;0;2025-04-29 16:22:43
2024;Amarela;SOLTEIRO;21 a 24 anos                  ;FEMININO;ENSINO MÉDIO COMPLETO;Cisgênero;NÃO;ITAJAÍ;Não;Brasil;NÃO;SUL;1;SC;0;0;0;1;0;2;0;1;0;0;0;0;0;0;2;1;1;2025-04-29 16:22:43
2024;Amarela;SOLTEIRO;25 a 29 anos                  ;FEMININO;ENSINO MÉDIO COMPLETO;Prefere não informar;NÃO;ITAJAÍ;Não;Brasil;NÃO;SUL;1;SC;0;0;0;0;0;1;0;1;0;0;0;0;0;0;1;1;0;2025-04-29 16:22:43
2024;Amarela;SOLTEIRO;25 a 29 anos                  ;FEMININO;ENSINO MÉDIO INCOMPLETO;Cisgênero;NÃO;ITAJAÍ;Não;Brasil;NÃO;SUL;1;SC;0;0;0;0;0;1;0;1;0;0;0;0;0;0;1;1;0;2025-04-29 16:22:43
2024;Amarela;SOLTEIRO;25 a 29 anos                  ;FEMININO;ENSINO MÉDIO INCOMPLETO;Prefere não informar;SIM;ITAJAÍ;Não;Brasil;NÃO;SUL;1;SC;0;0;0;0;0;1;0;1;0;0;0;0;0;0;1;1;0;2025-04-29 16:22:43
2024;Amarela;SOLTEIRO;25 a 29 anos                  ;MASCULINO;ENSINO MÉDIO COMPLETO;Prefere não informar;NÃO;ITAJAÍ;Não;Brasil;NÃO;SUL;1;SC;0;0;0;1;0;2;0;1;0;0;0;0;0;0;2;1;1;2025-04-29 16:22:43
2024;Amarela;SOLTEIRO;25 a 29 anos                  ;MASCULINO;ENSINO MÉDIO INCOMPLETO;Cisgênero;NÃO;ITAJAÍ;Não;Brasil;NÃO;SUL;1;SC;0;0;0;0;0;1;0;1;0;0;0;0;0;0;1;1;0;2025-04-29 16:22:43
2024;Amarela;SOLTEIRO;25 a 29 anos                  ;MASCULINO;ENSINO MÉDIO INCOMPLETO;Prefere não informar;NÃO;ITAJAÍ;Não;Brasil;NÃO;SUL;1;SC;0;0;0;0;0;1;0;1;0;0;0;0;0;0;1;1;0;2025-04-29 16:22:43
2024;Amarela;SOLTEIRO;25 a 29 anos                  ;MASCULINO;SUPERIOR COMPLETO;Cisgênero;NÃO;ITAJAÍ;Não;Brasil;NÃO;SUL;1;SC;0;0;0;0;0;1;0;1;0;0;0;0;0;0;1;1;0;2025-04-29 16:22:43
2024;Amarela;SOLTEIRO;30 a 34 anos                  ;FEMININO;ENSINO MÉDIO COMPLETO;Cisgênero;NÃO;ITAJAÍ;Não;Brasil;NÃO;SUL;1;SC;0;0;0;0;0;1;0;1;0;0;0;0;0;0;1;1;0;2025-04-29 16:22:43
2024;Amarela;SOLTEIRO;30 a 34 anos                  ;FEMININO;SUPERIOR INCOMPLETO;Cisgênero;NÃO;ITAJAÍ;Não;Brasil;NÃO;SUL;1;SC;0;0;0;1;0;1;0;0;0;0;0;0;0;0;1;0;1;2025-04-29 16:22:43
2024;Amarela;SOLTEIRO;30 a 34 anos                  ;FEMININO;SUPERIOR INCOMPLETO;Prefere não informar;NÃO;ITAJAÍ;Não;Brasil;NÃO;SUL;1;SC;0;0;0;0;0;1;0;1;0;0;0;0;0;0;1;1;0;2025-04-29 16:22:43
2024;Amarela;SOLTEIRO;30 a 34 anos                  ;MASCULINO;ENSINO MÉDIO COMPLETO;Cisgênero;NÃO;ITAJAÍ;Não;Brasil;NÃO;SUL;1;SC;0;0;0;0;0;1;0;1;0;0;0;0;0;0;1;1;0;2025-04-29 16:22:43
2024;Amarela;SOLTEIRO;30 a 34 anos                  ;MASCULINO;ENSINO MÉDIO COMPLETO;Prefere não informar;NÃO;ITAJAÍ;Não;Brasil;NÃO;SUL;1;SC;1;0;0;1;0;1;0;0;0;1;0;0;1;0;1;0;1;2025-04-29 16:22:43
2024;Amarela;SOLTEIRO;30 a 34 anos                  ;MASCULINO;ENSINO MÉDIO COMPLETO;Prefere não informar;SIM;ITAJAÍ;Não;Brasil;NÃO;SUL;1;SC;0;0;0;0;0;1;0;1;0;0;0;0;0;0;1;1;0;2025-04-29 16:22:43
2024;Amarela;SOLTEIRO;35 a 39 anos                  ;FEMININO;ENSINO MÉDIO COMPLETO;Cisgênero;SIM;ITAJAÍ;Não;Brasil;NÃO;SUL;1;SC;0;0;0;1;0;1;0;0;0;0;0;0;0;0;1;0;1;2025-04-29 16:22:43
2024;Amarela;SOLTEIRO;35 a 39 anos                  ;FEMININO;ENSINO MÉDIO INCOMPLETO;Cisgênero;NÃO;ITAJAÍ;Não;Brasil;NÃO;SUL;1;SC;0;0;0;0;0;1;0;1;0;0;0;0;0;0;1;1;0;2025-04-29 16:22:43
2024;Amarela;SOLTEIRO;35 a 39 anos                  ;FEMININO;SUPERIOR INCOMPLETO;Prefere não informar;NÃO;ITAJAÍ;Não;Brasil;NÃO;SUL;1;SC;0;0;0;0;0;1;0;1;0;0;0;0;0;0;1;1;0;2025-04-29 16:22:43
2024;Amarela;SOLTEIRO;35 a 39 anos                  ;MASCULINO;ENSINO MÉDIO COMPLETO;Prefere não informar;NÃO;ITAJAÍ;Não;Brasil;NÃO;SUL;1;SC;0;0;0;0;0;1;0;1;0;0;0;0;0;0;1;1;0;2025-04-29 16:22:43
2024;Amarela;SOLTEIRO;35 a 39 anos                  ;MASCULINO;SUPERIOR COMPLETO;Cisgênero;NÃO;ITAJAÍ;Não;Brasil;NÃO;SUL;1;SC;0;0;0;1;0;1;0;0;0;0;0;0;0;0;1;0;1;2025-04-29 16:22:43
2024;Amarela;SOLTEIRO;35 a 39 anos                  ;MASCULINO;SUPERIOR COMPLETO;Prefere não informar;NÃO;ITAJAÍ;Não;Brasil;NÃO;SUL;1;SC;0;0;0;0;0;1;0;1;0;0;0;0;0;0;1;1;0;2025-04-29 16:22:43
2024;Amarela;SOLTEIRO;35 a 39 anos                  ;MASCULINO;SUPERIOR INCOMPLETO;Cisgênero;NÃO;ITAJAÍ;Não;Brasil;NÃO;SUL;1;SC;0;0;0;0;0;1;0;1;0;0;0;0;0;0;1;1;0;2025-04-29 16:22:43
2024;Amarela;SOLTEIRO;40 a 44 anos                  ;FEMININO;SUPERIOR COMPLETO;Cisgênero;NÃO;ITAJAÍ;Não;Brasil;NÃO;SUL;1;SC;0;0;0;0;0;1;0;1;0;0;0;0;0;0;1;1;0;2025-04-29 16:22:43
2024;Amarela;SOLTEIRO;45 a 49 anos                  ;MASCULINO;ENSINO MÉDIO COMPLETO;Cisgênero;NÃO;ITAJAÍ;Não;Brasil;NÃO;SUL;1;SC;0;0;0;1;0;1;0;0;0;0;0;0;0;0;1;0;1;2025-04-29 16:22:43
2024;Amarela;SOLTEIRO;50 a 54 anos                  ;MASCULINO;SUPERIOR COMPLETO;Cisgênero;NÃO;ITAJAÍ;Não;Brasil;NÃO;SUL;1;SC;0;0;0;1;0;1;0;0;0;0;0;0;0;0;1;0;1;2025-04-29 16:22:43
2024;Amarela;SOLTEIRO;55 a 59 anos                  ;MASCULINO;SUPERIOR COMPLETO;Cisgênero;NÃO;ITAJAÍ;Não;Brasil;NÃO;SUL;1;SC;0;0;0;0;0;1;0;1;0;0;0;0;0;0;1;1;0;2025-04-29 16:22:43
2024;Amarela;VIÚVO;55 a 59 anos                  ;FEMININO;SUPERIOR COMPLETO;Cisgênero;NÃO;ITAJAÍ;Não;Brasil;NÃO;SUL;1;SC;0;0;0;0;0;1;0;1;0;0;0;0;0;0;1;1;0;2025-04-29 16:22:43
2024;Branca;CASADO;17 anos                       ;FEMININO;ENSINO MÉDIO INCOMPLETO;Cisgênero;NÃO;ITAJAÍ;Não;Brasil;NÃO;SUL;1;SC;0;0;0;0;1;0;1;0;0;0;0;0;0;0;1;1;0;2025-04-29 16:22:43
2024;Branca;CASADO;18 anos                       ;FEMININO;ENSINO FUNDAMENTAL COMPLETO;Cisgênero;NÃO;ITAJAÍ;Não;Brasil;NÃO;SUL;1;SC;0;0;0;1;0;1;0;0;0;0;0;0;0;0;1;0;1;2025-04-29 16:22:43
2024;Branca;CASADO;18 anos                       ;FEMININO;ENSINO MÉDIO COMPLETO;Cisgênero;NÃO;ITAJAÍ;Não;Brasil;NÃO;SUL;1;SC;0;0;0;0;0;2;0;2;0;0;0;0;0;0;2;2;0;2025-04-29 16:22:43
2024;Branca;CASADO;18 anos                       ;FEMININO;ENSINO MÉDIO INCOMPLETO;Cisgênero;NÃO;ITAJAÍ;Não;Brasil;NÃO;SUL;1;SC;0;0;0;1;0;1;0;0;0;0;0;0;0;0;1;0;1;2025-04-29 16:22:43
2024;Branca;CASADO;19 anos                       ;FEMININO;ENSINO FUNDAMENTAL COMPLETO;Cisgênero;NÃO;ITAJAÍ;Não;Brasil;NÃO;SUL;1;SC;0;0;0;0;0;1;0;1;0;0;0;0;0;0;1;1;0;2025-04-29 16:22:43
2024;Branca;CASADO;19 anos                       ;FEMININO;ENSINO MÉDIO COMPLETO;Cisgênero;NÃO;ITAJAÍ;Não;Brasil;NÃO;SUL;1;SC;0;0;0;0;0;6;0;6;0;0;0;0;0;0;6;6;0;2025-04-29 16:22:43
2024;Branca;CASADO;19 anos                       ;FEMININO;ENSINO MÉDIO INCOMPLETO;Cisgênero;NÃO;ITAJAÍ;Não;Brasil;NÃO;SUL;1;SC;0;0;0;0;0;5;0;5;0;0;0;0;0;0;5;5;0;2025-04-29 16:22:43
2024;Branca;CASADO;19 anos                       ;FEMININO;SUPERIOR INCOMPLETO;Cisgênero;NÃO;ITAJAÍ;Não;Brasil;NÃO;SUL;1;SC;0;0;0;0;0;1;0;1;0;0;0;0;0;0;1;1;0;2025-04-29 16:22:43
2024;Branca;CASADO;19 anos                       ;MASCULINO;ENSINO MÉDIO INCOMPLETO;Cisgênero;NÃO;ITAJAÍ;Não;Brasil;NÃO;SUL;1;SC;0;0;0;1;0;1;0;0;0;0;0;0;0;0;1;0;1;2025-04-29 16:22:43
2024;Branca;CASADO;20 anos                       ;FEMININO;ENSINO MÉDIO COMPLETO;Cisgênero;NÃO;ITAJAÍ;Não;Brasil;NÃO;SUL;1;SC;0;0;0;1;0;5;0;4;0;0;0;0;0;0;5;4;1;2025-04-29 16:22:43
2024;Branca;CASADO;20 anos                       ;FEMININO;ENSINO MÉDIO INCOMPLETO;Cisgênero;NÃO;ITAJAÍ;Não;Brasil;NÃO;SUL;1;SC;0;0;0;1;0;4;0;3;0;0;0;0;0;0;4;3;1;2025-04-29 16:22:43
2024;Branca;CASADO;20 anos                       ;FEMININO;SUPERIOR INCOMPLETO;Cisgênero;NÃO;ITAJAÍ;Não;Brasil;NÃO;SUL;1;SC;0;0;0;0;0;2;0;2;0;0;0;0;0;0;2;2;0;2025-04-29 16:22:43
2024;Branca;CASADO;20 anos                       ;MASCULINO;ENSINO FUNDAMENTAL INCOMPLETO;Cisgênero;NÃO;ITAJAÍ;Não;Brasil;NÃO;SUL;1;SC;0;0;0;1;0;1;0;0;0;0;0;0;0;0;1;0;1;2025-04-29 16:22:43
2024;Branca;CASADO;20 anos                       ;MASCULINO;ENSINO MÉDIO COMPLETO;Cisgênero;NÃO;ITAJAÍ;Não;Brasil;NÃO;SUL;1;SC;0;0;0;2;0;2;0;0;0;0;0;0;0;0;2;0;2;2025-04-29 16:22:43
2024;Branca;CASADO;20 anos                       ;MASCULINO;ENSINO MÉDIO INCOMPLETO;Cisgênero;NÃO;ITAJAÍ;Não;Brasil;NÃO;SUL;1;SC;0;0;0;0;0;1;0;1;0;0;0;0;0;0;1;1;0;2025-04-29 16:22:43
2024;Branca;CASADO;20 anos                       ;MASCULINO;SUPERIOR INCOMPLETO;Cisgênero;NÃO;ITAJAÍ;Não;Brasil;NÃO;SUL;1;SC;0;0;0;0;0;1;0;1;0;0;0;0;0;0;1;1;0;2025-04-29 16:22:43
2024;Branca;CASADO;21 a 24 anos                  ;FEMININO;ENSINO FUNDAMENTAL COMPLETO;Cisgênero;NÃO;ITAJAÍ;Não;Brasil;NÃO;SUL;1;SC;0;0;0;1;0;1;0;0;0;0;0;0;0;0;1;0;1;2025-04-29 16:22:43
2024;Branca;CASADO;21 a 24 anos                  ;FEMININO;ENSINO FUNDAMENTAL COMPLETO;Prefere não informar;NÃO;ITAJAÍ;Não;Brasil;NÃO;SUL;1;SC;0;0;0;0;0;1;0;1;0;0;0;0;0;0;1;1;0;2025-04-29 16:22:43
2024;Branca;CASADO;21 a 24 anos                  ;FEMININO;ENSINO FUNDAMENTAL INCOMPLETO;Cisgênero;NÃO;ITAJAÍ;Não;Brasil;NÃO;SUL;1;SC;0;0;0;3;0;5;0;2;0;0;0;0;0;0;5;2;3;2025-04-29 16:22:43
2024;Branca;CASADO;21 a 24 anos                  ;FEMININO;ENSINO MÉDIO COMPLETO;Cisgênero;NÃO;ITAJAÍ;Não;Brasil;NÃO;SUL;1;SC;0;0;0;10;0;35;0;25;0;0;0;0;0;0;35;25;10;2025-04-29 16:22:43
2024;Branca;CASADO;21 a 24 anos                  ;FEMININO;ENSINO MÉDIO COMPLETO;Prefere não informar;NÃO;ITAJAÍ;Não;Brasil;NÃO;SUL;1;SC;0;0;0;0;0;1;0;1;0;0;0;0;0;0;1;1;0;2025-04-29 16:22:43
2024;Branca;CASADO;21 a 24 anos                  ;FEMININO;ENSINO MÉDIO INCOMPLETO;Cisgênero;NÃO;ITAJAÍ;Não;Brasil;NÃO;SUL;1;SC;0;0;0;5;0;10;0;5;0;0;0;0;0;0;10;5;5;2025-04-29 16:22:43
2024;Branca;CASADO;21 a 24 anos                  ;FEMININO;ENSINO MÉDIO INCOMPLETO;Prefere não informar;NÃO;ITAJAÍ;Não;Brasil;NÃO;SUL;1;SC;0;0;0;0;0;2;0;2;0;0;0;0;0;0;2;2;0;2025-04-29 16:22:43
2024;Branca;CASADO;21 a 24 anos                  ;FEMININO;SUPERIOR COMPLETO;Cisgênero;NÃO;ITAJAÍ;Não;Brasil;NÃO;SUL;1;SC;0;0;0;0;0;9;0;9;0;0;0;0;0;0;9;9;0;2025-04-29 16:22:43
2024;Branca;CASADO;21 a 24 anos                  ;FEMININO;SUPERIOR COMPLETO;Prefere não informar;NÃO;ITAJAÍ;Não;Brasil;NÃO;SUL;1;SC;0;0;0;0;0;4;0;4;0;0;0;0;0;0;4;4;0;2025-04-29 16:22:43
2024;Branca;CASADO;21 a 24 anos                  ;FEMININO;SUPERIOR INCOMPLETO;Cisgênero;NÃO;ITAJAÍ;Não;Brasil;NÃO;SUL;1;SC;0;0;0;2;0;19;0;17;0;1;1;0;0;0;19;17;2;2025-04-29 16:22:43
2024;Branca;CASADO;21 a 24 anos                  ;FEMININO;SUPERIOR INCOMPLETO;Prefere não informar;NÃO;ITAJAÍ;Não;Brasil;NÃO;SUL;1;SC;0;0;0;1;0;1;0;0;0;0;0;0;0;0;1;0;1;2025-04-29 16:22:43
2024;Branca;CASADO;21 a 24 anos                  ;MASCULINO;ENSINO FUNDAMENTAL COMPLETO;Cisgênero;NÃO;ITAJAÍ;Não;Brasil;NÃO;SUL;1;SC;0;1;0;2;0;5;0;3;0;0;0;0;0;0;5;3;2;2025-04-29 16:22:43
2024;Branca;CASADO;21 a 24 anos                  ;MASCULINO;ENSINO FUNDAMENTAL INCOMPLETO;Cisgênero;NÃO;ITAJAÍ;Não;Brasil;NÃO;SUL;1;SC;0;1;0;1;0;2;0;1;0;0;0;0;0;0;2;1;1;2025-04-29 16:22:43
2024;Branca;CASADO;21 a 24 anos                  ;MASCULINO;ENSINO MÉDIO COMPLETO;Cisgênero;NÃO;ITAJAÍ;Não;Brasil;NÃO;SUL;1;SC;0;0;0;3;0;14;0;11;0;1;1;0;0;0;14;11;3;2025-04-29 16:22:43
2024;Branca;CASADO;21 a 24 anos                  ;MASCULINO;ENSINO MÉDIO INCOMPLETO;Cisgênero;NÃO;ITAJAÍ;Não;Brasil;NÃO;SUL;1;SC;0;0;0;2;0;5;0;3;0;0;0;0;0;0;5;3;2;2025-04-29 16:22:43
2024;Branca;CASADO;21 a 24 anos                  ;MASCULINO;SUPERIOR COMPLETO;Cisgênero;NÃO;ITAJAÍ;Não;Brasil;NÃO;SUL;1;SC;0;0;0;0;0;1;0;1;0;0;0;0;0;0;1;1;0;2025-04-29 16:22:43
2024;Branca;CASADO;21 a 24 anos                  ;MASCULINO;SUPERIOR INCOMPLETO;Cisgênero;NÃO;ITAJAÍ;Não;Brasil;NÃO;SUL;1;SC;0;0;0;1;0;5;0;4;0;0;0;0;0;0;5;4;1;2025-04-29 16:22:43
2024;Branca;CASADO;25 a 29 anos                  ;FEMININO;ENSINO FUNDAMENTAL COMPLETO;Cisgênero;NÃO;ITAJAÍ;Não;Brasil;NÃO;SUL;1;SC;0;0;0;1;0;5;0;4;0;0;0;0;0;0;5;4;1;2025-04-29 16:22:43
2024;Branca;CASADO;25 a 29 anos                  ;FEMININO;ENSINO FUNDAMENTAL COMPLETO;Prefere não informar;NÃO;ITAJAÍ;Não;Brasil;NÃO;SUL;1;SC;0;0;0;0;0;1;0;1;0;0;0;0;0;0;1;1;0;2025-04-29 16:22:43
2024;Branca;CASADO;25 a 29 anos                  ;FEMININO;ENSINO FUNDAMENTAL INCOMPLETO;Cisgênero;NÃO;ITAJAÍ;Não;Brasil;NÃO;SUL;1;SC;0;0;0;3;0;7;0;4;0;0;0;0;0;0;7;4;3;2025-04-29 16:22:43
2024;Branca;CASADO;25 a 29 anos                  ;FEMININO;ENSINO MÉDIO COMPLETO;Cisgênero;NÃO;ITAJAÍ;Não;Brasil;NÃO;SUL;1;SC;0;0;0;15;0;73;0;58;0;0;0;0;0;0;73;58;15;2025-04-29 16:22:43
2024;Branca;CASADO;25 a 29 anos                  ;FEMININO;ENSINO MÉDIO COMPLETO;Cisgênero;SIM;ITAJAÍ;Não;Brasil;NÃO;SUL;1;SC;0;0;0;0;0;1;0;1;0;0;0;0;0;0;1;1;0;2025-04-29 16:22:43
2024;Branca;CASADO;25 a 29 anos                  ;FEMININO;ENSINO MÉDIO COMPLETO;Prefere não informar;NÃO;ITAJAÍ;Não;Brasil;NÃO;SUL;1;SC;0;0;0;1;0;2;0;1;0;0;0;0;0;0;2;1;1;2025-04-29 16:22:43
2024;Branca;CASADO;25 a 29 anos                  ;FEMININO;ENSINO MÉDIO INCOMPLETO;Cisgênero;NÃO;ITAJAÍ;Não;Brasil;NÃO;SUL;1;SC;0;0;0;4;0;21;0;17;0;0;0;0;0;0;21;17;4;2025-04-29 16:22:43
2024;Branca;CASADO;25 a 29 anos                  ;FEMININO;ENSINO MÉDIO INCOMPLETO;Prefere não informar;NÃO;ITAJAÍ;Não;Brasil;NÃO;SUL;1;SC;0;0;0;1;0;1;0;0;0;0;0;0;0;0;1;0;1;2025-04-29 16:22:43
2024;Branca;CASADO;25 a 29 anos                  ;FEMININO;SUPERIOR COMPLETO;Cisgênero;NÃO;ITAJAÍ;Não;Brasil;NÃO;SUL;1;SC;0;0;0;14;0;85;0;71;0;0;0;0;0;0;85;71;14;2025-04-29 16:22:43
2024;Branca;CASADO;25 a 29 anos                  ;FEMININO;SUPERIOR COMPLETO;Prefere não informar;NÃO;ITAJAÍ;Não;Brasil;NÃO;SUL;1;SC;0;0;0;2;0;7;0;5;0;0;0;0;0;0;7;5;2;2025-04-29 16:22:43
2024;Branca;CASADO;25 a 29 anos                  ;FEMININO;SUPERIOR COMPLETO;Prefere não informar;SIM;ITAJAÍ;Não;Brasil;NÃO;SUL;1;SC;0;0;0;0;0;1;0;1;0;0;0;0;0;0;1;1;0;2025-04-29 16:22:43
2024;Branca;CASADO;25 a 29 anos                  ;FEMININO;SUPERIOR INCOMPLETO;Cisgênero;NÃO;ITAJAÍ;Não;Brasil;NÃO;SUL;1;SC;0;0;0;7;0;41;0;34;0;0;0;0;0;0;41;34;7;2025-04-29 16:22:43
2024;Branca;CASADO;25 a 29 anos                  ;FEMININO;SUPERIOR INCOMPLETO;Cisgênero;SIM;ITAJAÍ;Não;Brasil;NÃO;SUL;1;SC;0;0;0;0;0;1;0;1;0;1;1;0;0;0;1;1;0;2025-04-29 16:22:43
2024;Branca;CASADO;25 a 29 anos                  ;FEMININO;SUPERIOR INCOMPLETO;Prefere não informar;NÃO;ITAJAÍ;Não;Brasil;NÃO;SUL;1;SC;0;0;0;1;0;4;0;3;0;0;0;0;0;0;4;3;1;2025-04-29 16:22:43
2024;Branca;CASADO;25 a 29 anos                  ;MASCULINO;ENSINO FUNDAMENTAL COMPLETO;Cisgênero;NÃO;ITAJAÍ;Não;Brasil;NÃO;SUL;1;SC;0;0;0;0;0;2;0;2;0;0;0;0;0;0;2;2;0;2025-04-29 16:22:43
2024;Branca;CASADO;25 a 29 anos                  ;MASCULINO;ENSINO FUNDAMENTAL INCOMPLETO;Cisgênero;NÃO;ITAJAÍ;Não;Brasil;NÃO;SUL;1;SC;0;0;0;2;0;7;0;5;0;0;0;0;0;0;7;5;2;2025-04-29 16:22:43
2024;Branca;CASADO;25 a 29 anos                  ;MASCULINO;ENSINO MÉDIO COMPLETO;Cisgênero;NÃO;ITAJAÍ;Não;Brasil;NÃO;SUL;1;SC;0;0;0;7;0;32;0;25;0;0;0;0;0;0;32;25;7;2025-04-29 16:22:43
2024;Branca;CASADO;25 a 29 anos                  ;MASCULINO;ENSINO MÉDIO COMPLETO;Prefere não informar;NÃO;ITAJAÍ;Não;Brasil;NÃO;SUL;1;SC;0;0;0;1;0;2;0;1;0;0;0;0;0;0;2;1;1;2025-04-29 16:22:43
2024;Branca;CASADO;25 a 29 anos                  ;MASCULINO;ENSINO MÉDIO INCOMPLETO;Cisgênero;NÃO;ITAJAÍ;Não;Brasil;NÃO;SUL;1;SC;0;0;0;3;0;13;0;10;0;0;0;0;0;0;13;10;3;2025-04-29 16:22:43
2024;Branca;CASADO;25 a 29 anos                  ;MASCULINO;SUPERIOR COMPLETO;Cisgênero;NÃO;ITAJAÍ;Não;Brasil;NÃO;SUL;1;SC;0;0;0;2;0;22;0;20;0;0;0;0;0;0;22;20;2;2025-04-29 16:22:43
2024;Branca;CASADO;25 a 29 anos                  ;MASCULINO;SUPERIOR INCOMPLETO;Cisgênero;NÃO;ITAJAÍ;Não;Brasil;NÃO;SUL;1;SC;0;0;0;3;0;9;0;6;0;0;0;0;0;0;9;6;3;2025-04-29 16:22:43
2024;Branca;CASADO;30 a 34 anos                  ;FEMININO;ENSINO FUNDAMENTAL COMPLETO;Cisgênero;NÃO;ITAJAÍ;Não;Brasil;NÃO;SUL;1;SC;0;0;0;0;0;11;0;11;0;1;1;0;0;0;11;11;0;2025-04-29 16:22:43
2024;Branca;CASADO;30 a 34 anos                  ;FEMININO;ENSINO FUNDAMENTAL INCOMPLETO;Cisgênero;NÃO;ITAJAÍ;Não;Brasil;NÃO;SUL;1;SC;0;0;0;3;0;10;0;7;0;0;0;0;0;0;10;7;3;2025-04-29 16:22:43
2024;Branca;CASADO;30 a 34 anos                  ;FEMININO;ENSINO MÉDIO COMPLETO;Cisgênero;NÃO;ITAJAÍ;Não;Brasil;NÃO;SUL;1;SC;0;0;0;15;0;92;0;77;0;0;0;0;0;0;92;77;15;2025-04-29 16:22:43
2024;Branca;CASADO;30 a 34 anos                  ;FEMININO;ENSINO MÉDIO COMPLETO;Cisgênero;SIM;ITAJAÍ;Não;Brasil;NÃO;SUL;1;SC;0;0;0;1;0;1;0;0;0;0;0;0;0;0;1;0;1;2025-04-29 16:22:43
2024;Branca;CASADO;30 a 34 anos                  ;FEMININO;ENSINO MÉDIO COMPLETO;Prefere não informar;NÃO;ITAJAÍ;Não;Brasil;NÃO;SUL;1;SC;0;0;0;2;0;7;0;5;0;0;0;0;0;0;7;5;2;2025-04-29 16:22:43
2024;Branca;CASADO;30 a 34 anos                  ;FEMININO;ENSINO MÉDIO COMPLETO;Prefere não informar;SIM;ITAJAÍ;Não;Brasil;NÃO;SUL;1;SC;0;0;0;0;0;1;0;1;0;0;0;0;0;0;1;1;0;2025-04-29 16:22:43
2024;Branca;CASADO;30 a 34 anos                  ;FEMININO;ENSINO MÉDIO INCOMPLETO;Cisgênero;NÃO;ITAJAÍ;Não;Brasil;NÃO;SUL;1;SC;0;0;0;2;0;16;0;14;0;0;0;0;0;0;16;14;2;2025-04-29 16:22:43
2024;Branca;CASADO;30 a 34 anos                  ;FEMININO;ENSINO MÉDIO INCOMPLETO;Prefere não informar;NÃO;ITAJAÍ;Não;Brasil;NÃO;SUL;1;SC;0;0;0;1;0;2;0;1;0;0;0;0;0;0;2;1;1;2025-04-29 16:22:43
2024;Branca;CASADO;30 a 34 anos                  ;FEMININO;SUPERIOR COMPLETO;Cisgênero;NÃO;ITAJAÍ;Não;Brasil;NÃO;SUL;1;SC;0;1;0;15;0;113;0;98;0;1;1;0;0;0;113;98;15;2025-04-29 16:22:43
2024;Branca;CASADO;30 a 34 anos                  ;FEMININO;SUPERIOR COMPLETO;Cisgênero;SIM;ITAJAÍ;Não;Brasil;NÃO;SUL;1;SC;0;0;0;0;0;1;0;1;0;0;0;0;0;0;1;1;0;2025-04-29 16:22:43
2024;Branca;CASADO;30 a 34 anos                  ;FEMININO;SUPERIOR COMPLETO;Prefere não informar;NÃO;ITAJAÍ;Não;Brasil;NÃO;SUL;1;SC;0;0;0;0;0;7;0;7;0;0;0;0;0;0;7;7;0;2025-04-29 16:22:43
2024;Branca;CASADO;30 a 34 anos                  ;FEMININO;SUPERIOR INCOMPLETO;Cisgênero;NÃO;ITAJAÍ;Não;Brasil;NÃO;SUL;1;SC;1;0;0;10;0;29;0;19;0;1;0;0;1;0;29;19;10;2025-04-29 16:22:43
2024;Branca;CASADO;30 a 34 anos                  ;FEMININO;SUPERIOR INCOMPLETO;Cisgênero;SIM;ITAJAÍ;Não;Brasil;NÃO;SUL;1;SC;0;0;0;0;0;1;0;1;0;0;0;0;0;0;1;1;0;2025-04-29 16:22:43
2024;Branca;CASADO;30 a 34 anos                  ;FEMININO;SUPERIOR INCOMPLETO;Prefere não informar;NÃO;ITAJAÍ;Não;Brasil;NÃO;SUL;1;SC;0;0;0;0;0;3;0;3;0;0;0;0;0;0;3;3;0;2025-04-29 16:22:43
2024;Branca;CASADO;30 a 34 anos                  ;FEMININO;SUPERIOR INCOMPLETO;Transgênero;NÃO;ITAJAÍ;Não;Brasil;NÃO;SUL;1;SC;0;0;0;1;0;1;0;0;0;0;0;0;0;0;1;0;1;2025-04-29 16:22:43
2024;Branca;CASADO;30 a 34 anos                  ;MASCULINO;ENSINO FUNDAMENTAL COMPLETO;Cisgênero;NÃO;ITAJAÍ;Não;Brasil;NÃO;SUL;1;SC;0;0;0;2;0;11;0;9;0;0;0;0;0;0;11;9;2;2025-04-29 16:22:43
2024;Branca;CASADO;30 a 34 anos                  ;MASCULINO;ENSINO FUNDAMENTAL INCOMPLETO;Cisgênero;NÃO;ITAJAÍ;Não;Brasil;NÃO;SUL;1;SC;0;0;0;2;0;7;0;5;0;0;0;0;0;0;7;5;2;2025-04-29 16:22:43
2024;Branca;CASADO;30 a 34 anos                  ;MASCULINO;ENSINO MÉDIO COMPLETO;Cisgênero;NÃO;ITAJAÍ;Não;Brasil;NÃO;SUL;1;SC;0;0;0;7;0;50;0;43;0;1;1;0;0;0;50;43;7;2025-04-29 16:22:43
2024;Branca;CASADO;30 a 34 anos                  ;MASCULINO;ENSINO MÉDIO COMPLETO;Cisgênero;SIM;ITAJAÍ;Não;Brasil;NÃO;SUL;1;SC;0;0;0;0;0;1;0;1;0;0;0;0;0;0;1;1;0;2025-04-29 16:22:43
2024;Branca;CASADO;30 a 34 anos                  ;MASCULINO;ENSINO MÉDIO COMPLETO;Prefere não informar;NÃO;ITAJAÍ;Não;Brasil;NÃO;SUL;1;SC;0;0;0;0;0;1;0;1;0;0;0;0;0;0;1;1;0;2025-04-29 16:22:43
2024;Branca;CASADO;30 a 34 anos                  ;MASCULINO;ENSINO MÉDIO INCOMPLETO;Cisgênero;NÃO;ITAJAÍ;Não;Brasil;NÃO;SUL;1;SC;0;0;0;6;0;22;0;16;0;0;0;0;0;0;22;16;6;2025-04-29 16:22:43
2024;Branca;CASADO;30 a 34 anos                  ;MASCULINO;ENSINO MÉDIO INCOMPLETO;Prefere não informar;NÃO;ITAJAÍ;Não;Brasil;NÃO;SUL;1;SC;0;0;0;1;0;1;0;0;0;0;0;0;0;0;1;0;1;2025-04-29 16:22:43
2024;Branca;CASADO;30 a 34 anos                  ;MASCULINO;SUPERIOR COMPLETO;Cisgênero;NÃO;ITAJAÍ;Não;Brasil;NÃO;SUL;1;SC;0;0;0;8;0;45;0;37;0;0;0;0;0;0;45;37;8;2025-04-29 16:22:43
2024;Branca;CASADO;30 a 34 anos                  ;MASCULINO;SUPERIOR COMPLETO;Cisgênero;SIM;ITAJAÍ;Não;Brasil;NÃO;SUL;1;SC;0;0;0;0;0;1;0;1;0;0;0;0;0;0;1;1;0;2025-04-29 16:22:43
2024;Branca;CASADO;30 a 34 anos                  ;MASCULINO;SUPERIOR COMPLETO;Prefere não informar;NÃO;ITAJAÍ;Não;Brasil;NÃO;SUL;1;SC;0;0;0;0;0;4;0;4;0;0;0;0;0;0;4;4;0;2025-04-29 16:22:43
2024;Branca;CASADO;30 a 34 anos                  ;MASCULINO;SUPERIOR INCOMPLETO;Cisgênero;NÃO;ITAJAÍ;Não;Brasil;NÃO;SUL;1;SC;0;0;0;3;0;21;0;18;0;0;0;0;0;0;21;18;3;2025-04-29 16:22:43
2024;Branca;CASADO;30 a 34 anos                  ;MASCULINO;SUPERIOR INCOMPLETO;Prefere não informar;SIM;ITAJAÍ;Não;Brasil;NÃO;SUL;1;SC;0;0;0;0;0;1;0;1;0;0;0;0;0;0;1;1;0;2025-04-29 16:22:43
2024;Branca;CASADO;35 a 39 anos                  ;FEMININO;ENSINO FUNDAMENTAL COMPLETO;Cisgênero;NÃO;ITAJAÍ;Não;Brasil;NÃO;SUL;1;SC;0;0;0;5;0;11;0;6;0;0;0;0;0;0;11;6;5;2025-04-29 16:22:43
2024;Branca;CASADO;35 a 39 anos                  ;FEMININO;ENSINO FUNDAMENTAL COMPLETO;Prefere não informar;NÃO;ITAJAÍ;Não;Brasil;NÃO;SUL;1;SC;0;0;0;2;0;2;0;0;0;0;0;0;0;0;2;0;2;2025-04-29 16:22:43
2024;Branca;CASADO;35 a 39 anos                  ;FEMININO;ENSINO FUNDAMENTAL COMPLETO;Prefere não informar;SIM;ITAJAÍ;Não;Brasil;NÃO;SUL;1;SC;0;0;0;0;0;1;0;1;0;0;0;0;0;0;1;1;0;2025-04-29 16:22:43
2024;Branca;CASADO;35 a 39 anos                  ;FEMININO;ENSINO FUNDAMENTAL INCOMPLETO;Cisgênero;NÃO;ITAJAÍ;Não;Brasil;NÃO;SUL;1;SC;0;0;0;1;0;14;0;13;0;0;0;0;0;0;14;13;1;2025-04-29 16:22:43
2024;Branca;CASADO;35 a 39 anos                  ;FEMININO;ENSINO MÉDIO COMPLETO;Cisgênero;NÃO;ITAJAÍ;Não;Brasil;NÃO;SUL;1;SC;0;0;0;11;0;96;0;85;0;1;1;0;0;0;96;85;11;2025-04-29 16:22:43
2024;Branca;CASADO;35 a 39 anos                  ;FEMININO;ENSINO MÉDIO COMPLETO;Cisgênero;SIM;ITAJAÍ;Não;Brasil;NÃO;SUL;1;SC;0;0;0;0;0;1;0;1;0;0;0;0;0;0;1;1;0;2025-04-29 16:22:43
2024;Branca;CASADO;35 a 39 anos                  ;FEMININO;ENSINO MÉDIO COMPLETO;Prefere não informar;NÃO;ITAJAÍ;Não;Brasil;NÃO;SUL;1;SC;0;0;0;0;0;6;0;6;0;0;0;0;0;0;6;6;0;2025-04-29 16:22:43
2024;Branca;CASADO;35 a 39 anos                  ;FEMININO;ENSINO MÉDIO INCOMPLETO;Cisgênero;NÃO;ITAJAÍ;Não;Brasil;NÃO;SUL;1;SC;0;0;0;2;0;19;0;17;0;0;0;0;0;0;19;17;2;2025-04-29 16:22:43
2024;Branca;CASADO;35 a 39 anos                  ;FEMININO;SUPERIOR COMPLETO;Cisgênero;NÃO;ITAJAÍ;Não;Brasil;NÃO;SUL;1;SC;0;0;0;19;0;142;0;123;0;2;2;0;0;0;142;123;19;2025-04-29 16:22:43
2024;Branca;CASADO;35 a 39 anos                  ;FEMININO;SUPERIOR COMPLETO;Cisgênero;SIM;ITAJAÍ;Não;Brasil;NÃO;SUL;1;SC;0;0;0;0;0;2;0;2;0;0;0;0;0;0;2;2;0;2025-04-29 16:22:43
2024;Branca;CASADO;35 a 39 anos                  ;FEMININO;SUPERIOR COMPLETO;Prefere não informar;NÃO;ITAJAÍ;Não;Brasil;NÃO;SUL;1;SC;0;0;0;2;0;8;0;6;0;0;0;0;0;0;8;6;2;2025-04-29 16:22:43
2024;Branca;CASADO;35 a 39 anos                  ;FEMININO;SUPERIOR COMPLETO;Prefere não informar;SIM;ITAJAÍ;Não;Brasil;NÃO;SUL;1;SC;0;0;0;0;0;1;0;1;0;0;0;0;0;0;1;1;0;2025-04-29 16:22:43
2024;Branca;CASADO;35 a 39 anos                  ;FEMININO;SUPERIOR INCOMPLETO;Cisgênero;NÃO;ITAJAÍ;Não;Brasil;NÃO;SUL;1;SC;0;0;0;9;0;42;0;33;0;0;0;0;0;0;42;33;9;2025-04-29 16:22:43
2024;Branca;CASADO;35 a 39 anos                  ;FEMININO;SUPERIOR INCOMPLETO;Prefere não informar;NÃO;ITAJAÍ;Não;Brasil;NÃO;SUL;1;SC;0;0;0;1;0;7;0;6;0;0;0;0;0;0;7;6;1;2025-04-29 16:22:43
2024;Branca;CASADO;35 a 39 anos                  ;MASCULINO;ENSINO FUNDAMENTAL COMPLETO;Cisgênero;NÃO;ITAJAÍ;Não;Brasil;NÃO;SUL;1;SC;0;0;0;1;0;11;0;10;0;0;0;0;0;0;11;10;1;2025-04-29 16:22:43
2024;Branca;CASADO;35 a 39 anos                  ;MASCULINO;ENSINO FUNDAMENTAL INCOMPLETO;Cisgênero;NÃO;ITAJAÍ;Não;Brasil;NÃO;SUL;1;SC;0;0;0;3;0;10;0;7;0;2;2;0;0;0;10;7;3;2025-04-29 16:22:43
2024;Branca;CASADO;35 a 39 anos                  ;MASCULINO;ENSINO MÉDIO COMPLETO;Cisgênero;NÃO;ITAJAÍ;Não;Brasil;NÃO;SUL;1;SC;0;0;0;16;0;78;0;62;0;1;1;0;0;0;78;62;16;2025-04-29 16:22:43
2024;Branca;CASADO;35 a 39 anos                  ;MASCULINO;ENSINO MÉDIO COMPLETO;Cisgênero;SIM;ITAJAÍ;Não;Brasil;NÃO;SUL;1;SC;0;0;0;0;0;2;0;2;0;0;0;0;0;0;2;2;0;2025-04-29 16:22:43
2024;Branca;CASADO;35 a 39 anos                  ;MASCULINO;ENSINO MÉDIO COMPLETO;Prefere não informar;NÃO;ITAJAÍ;Não;Brasil;NÃO;SUL;1;SC;0;0;0;0;0;4;0;4;0;0;0;0;0;0;4;4;0;2025-04-29 16:22:43
2024;Branca;CASADO;35 a 39 anos                  ;MASCULINO;ENSINO MÉDIO INCOMPLETO;Cisgênero;NÃO;ITAJAÍ;Não;Brasil;NÃO;SUL;1;SC;0;0;0;5;0;18;0;13;0;0;0;0;0;0;18;13;5;2025-04-29 16:22:43
2024;Branca;CASADO;35 a 39 anos                  ;MASCULINO;ENSINO MÉDIO INCOMPLETO;Prefere não informar;NÃO;ITAJAÍ;Não;Brasil;NÃO;SUL;1;SC;0;0;0;0;0;1;0;1;0;0;0;0;0;0;1;1;0;2025-04-29 16:22:43
2024;Branca;CASADO;35 a 39 anos                  ;MASCULINO;LÊ E ESCREVE;Cisgênero;NÃO;ITAJAÍ;Não;Brasil;NÃO;SUL;1;SC;0;0;0;0;0;1;0;1;0;0;0;0;0;0;1;1;0;2025-04-29 16:22:43
2024;Branca;CASADO;35 a 39 anos                  ;MASCULINO;SUPERIOR COMPLETO;Cisgênero;NÃO;ITAJAÍ;Não;Brasil;NÃO;SUL;1;SC;0;0;0;12;0;77;0;65;0;3;3;0;0;0;77;65;12;2025-04-29 16:22:43
2024;Branca;CASADO;35 a 39 anos                  ;MASCULINO;SUPERIOR COMPLETO;Cisgênero;SIM;ITAJAÍ;Não;Brasil;NÃO;SUL;1;SC;0;0;0;0;0;1;0;1;0;0;0;0;0;0;1;1;0;2025-04-29 16:22:43
2024;Branca;CASADO;35 a 39 anos                  ;MASCULINO;SUPERIOR COMPLETO;Prefere não informar;NÃO;ITAJAÍ;Não;Brasil;NÃO;SUL;1;SC;0;0;0;3;0;7;0;4;0;0;0;0;0;0;7;4;3;2025-04-29 16:22:43
2024;Branca;CASADO;35 a 39 anos                  ;MASCULINO;SUPERIOR COMPLETO;Transgênero;NÃO;ITAJAÍ;Não;Brasil;NÃO;SUL;1;SC;0;0;0;0;0;1;0;1;0;0;0;0;0;0;1;1;0;2025-04-29 16:22:43
2024;Branca;CASADO;35 a 39 anos                  ;MASCULINO;SUPERIOR INCOMPLETO;Cisgênero;NÃO;ITAJAÍ;Não;Brasil;NÃO;SUL;1;SC;0;0;0;3;0;29;0;26;0;0;0;0;0;0;29;26;3;2025-04-29 16:22:43
2024;Branca;CASADO;35 a 39 anos                  ;MASCULINO;SUPERIOR INCOMPLETO;Prefere não informar;NÃO;ITAJAÍ;Não;Brasil;NÃO;SUL;1;SC;0;0;0;0;0;2;0;2;0;0;0;0;0;0;2;2;0;2025-04-29 16:22:43
2024;Branca;CASADO;35 a 39 anos                  ;MASCULINO;SUPERIOR INCOMPLETO;Prefere não informar;SIM;ITAJAÍ;Não;Brasil;NÃO;SUL;1;SC;0;0;0;1;0;1;0;0;0;0;0;0;0;0;1;0;1;2025-04-29 16:22:43
2024;Branca;CASADO;40 a 44 anos                  ;FEMININO;ENSINO FUNDAMENTAL COMPLETO;Cisgênero;NÃO;ITAJAÍ;Não;Brasil;NÃO;SUL;1;SC;1;0;0;7;0;16;0;9;0;2;1;0;1;0;16;9;7;2025-04-29 16:22:43
2024;Branca;CASADO;40 a 44 anos                  ;FEMININO;ENSINO FUNDAMENTAL INCOMPLETO;Cisgênero;NÃO;ITAJAÍ;Não;Brasil;NÃO;SUL;1;SC;0;0;0;5;0;25;0;20;0;0;0;0;0;0;25;20;5;2025-04-29 16:22:43
2024;Branca;CASADO;40 a 44 anos                  ;FEMININO;ENSINO FUNDAMENTAL INCOMPLETO;Prefere não informar;NÃO;ITAJAÍ;Não;Brasil;NÃO;SUL;1;SC;0;0;0;0;0;1;0;1;0;0;0;0;0;0;1;1;0;2025-04-29 16:22:43
2024;Branca;CASADO;40 a 44 anos                  ;FEMININO;ENSINO MÉDIO COMPLETO;Cisgênero;NÃO;ITAJAÍ;Não;Brasil;NÃO;SUL;1;SC;0;0;0;8;0;98;0;90;0;1;1;0;0;0;98;90;8;2025-04-29 16:22:43
2024;Branca;CASADO;40 a 44 anos                  ;FEMININO;ENSINO MÉDIO COMPLETO;Cisgênero;SIM;ITAJAÍ;Não;Brasil;NÃO;SUL;1;SC;0;0;0;0;0;1;0;1;0;0;0;0;0;0;1;1;0;2025-04-29 16:22:43
2024;Branca;CASADO;40 a 44 anos                  ;FEMININO;ENSINO MÉDIO COMPLETO;Prefere não informar;NÃO;ITAJAÍ;Não;Brasil;NÃO;SUL;1;SC;0;0;0;1;0;4;0;3;0;0;0;0;0;0;4;3;1;2025-04-29 16:22:43
2024;Branca;CASADO;40 a 44 anos                  ;FEMININO;ENSINO MÉDIO INCOMPLETO;Cisgênero;NÃO;ITAJAÍ;Não;Brasil;NÃO;SUL;1;SC;0;0;0;4;0;20;0;16;0;2;2;0;0;0;20;16;4;2025-04-29 16:22:43
2024;Branca;CASADO;40 a 44 anos                  ;FEMININO;LÊ E ESCREVE;Cisgênero;NÃO;ITAJAÍ;Não;Brasil;NÃO;SUL;1;SC;0;0;0;0;0;1;0;1;0;0;0;0;0;0;1;1;0;2025-04-29 16:22:43
2024;Branca;CASADO;40 a 44 anos                  ;FEMININO;SUPERIOR COMPLETO;Cisgênero;NÃO;ITAJAÍ;Não;Brasil;NÃO;SUL;1;SC;0;0;0;19;0;132;0;113;0;1;1;0;0;0;132;113;19;2025-04-29 16:22:43
2024;Branca;CASADO;40 a 44 anos                  ;FEMININO;SUPERIOR COMPLETO;Cisgênero;SIM;ITAJAÍ;Não;Brasil;NÃO;SUL;1;SC;0;0;0;0;0;3;0;3;0;0;0;0;0;0;3;3;0;2025-04-29 16:22:43
2024;Branca;CASADO;40 a 44 anos                  ;FEMININO;SUPERIOR COMPLETO;Prefere não informar;NÃO;ITAJAÍ;Não;Brasil;NÃO;SUL;1;SC;0;0;0;0;0;7;0;7;0;0;0;0;0;0;7;7;0;2025-04-29 16:22:43
2024;Branca;CASADO;40 a 44 anos                  ;FEMININO;SUPERIOR INCOMPLETO;Cisgênero;NÃO;ITAJAÍ;Não;Brasil;NÃO;SUL;1;SC;0;0;0;7;0;24;0;17;0;1;1;0;0;0;24;17;7;2025-04-29 16:22:43
2024;Branca;CASADO;40 a 44 anos                  ;FEMININO;SUPERIOR INCOMPLETO;Prefere não informar;NÃO;ITAJAÍ;Não;Brasil;NÃO;SUL;1;SC;0;0;0;0;0;3;0;3;0;0;0;0;0;0;3;3;0;2025-04-29 16:22:43
2024;Branca;CASADO;40 a 44 anos                  ;MASCULINO;ENSINO FUNDAMENTAL COMPLETO;Cisgênero;NÃO;ITAJAÍ;Não;Brasil;NÃO;SUL;1;SC;0;0;0;3;0;20;0;17;0;0;0;0;0;0;20;17;3;2025-04-29 16:22:43
2024;Branca;CASADO;40 a 44 anos                  ;MASCULINO;ENSINO FUNDAMENTAL INCOMPLETO;Cisgênero;NÃO;ITAJAÍ;Não;Brasil;NÃO;SUL;1;SC;1;0;0;5;0;23;0;18;0;1;0;0;1;0;23;18;5;2025-04-29 16:22:43
2024;Branca;CASADO;40 a 44 anos                  ;MASCULINO;ENSINO MÉDIO COMPLETO;Cisgênero;NÃO;ITAJAÍ;Não;Brasil;NÃO;SUL;1;SC;0;0;0;15;0;97;0;82;0;1;1;0;0;0;97;82;15;2025-04-29 16:22:43
2024;Branca;CASADO;40 a 44 anos                  ;MASCULINO;ENSINO MÉDIO COMPLETO;Cisgênero;SIM;ITAJAÍ;Não;Brasil;NÃO;SUL;1;SC;0;0;0;0;0;1;0;1;0;0;0;0;0;0;1;1;0;2025-04-29 16:22:43
2024;Branca;CASADO;40 a 44 anos                  ;MASCULINO;ENSINO MÉDIO COMPLETO;Prefere não informar;NÃO;ITAJAÍ;Não;Brasil;NÃO;SUL;1;SC;0;0;0;0;0;2;0;2;0;0;0;0;0;0;2;2;0;2025-04-29 16:22:43
2024;Branca;CASADO;40 a 44 anos                  ;MASCULINO;ENSINO MÉDIO INCOMPLETO;Cisgênero;NÃO;ITAJAÍ;Não;Brasil;NÃO;SUL;1;SC;0;0;0;2;0;20;0;18;0;0;0;0;0;0;20;18;2;2025-04-29 16:22:43
2024;Branca;CASADO;40 a 44 anos                  ;MASCULINO;SUPERIOR COMPLETO;Cisgênero;NÃO;ITAJAÍ;Não;Brasil;NÃO;SUL;1;SC;0;0;0;9;0;97;0;88;0;1;1;0;0;0;97;88;9;2025-04-29 16:22:43
2024;Branca;CASADO;40 a 44 anos                  ;MASCULINO;SUPERIOR COMPLETO;Cisgênero;SIM;ITAJAÍ;Não;Brasil;NÃO;SUL;1;SC;0;0;0;0;0;2;0;2;0;0;0;0;0;0;2;2;0;2025-04-29 16:22:43
2024;Branca;CASADO;40 a 44 anos                  ;MASCULINO;SUPERIOR COMPLETO;Prefere não informar;NÃO;ITAJAÍ;Não;Brasil;NÃO;SUL;1;SC;0;0;0;0;0;3;0;3;0;0;0;0;0;0;3;3;0;2025-04-29 16:22:43
2024;Branca;CASADO;40 a 44 anos                  ;MASCULINO;SUPERIOR INCOMPLETO;Cisgênero;NÃO;ITAJAÍ;Não;Brasil;NÃO;SUL;1;SC;0;0;0;0;0;15;0;15;0;1;1;0;0;0;15;15;0;2025-04-29 16:22:43
2024;Branca;CASADO;40 a 44 anos                  ;MASCULINO;SUPERIOR INCOMPLETO;Prefere não informar;NÃO;ITAJAÍ;Não;Brasil;NÃO;SUL;1;SC;0;0;0;0;0;2;0;2;0;0;0;0;0;0;2;2;0;2025-04-29 16:22:43
2024;Branca;CASADO;45 a 49 anos                  ;FEMININO;ANALFABETO;Cisgênero;NÃO;ITAJAÍ;Não;Brasil;NÃO;SUL;1;SC;0;0;0;0;1;0;1;0;0;0;0;0;0;0;1;1;0;2025-04-29 16:22:43
2024;Branca;CASADO;45 a 49 anos                  ;FEMININO;ENSINO FUNDAMENTAL COMPLETO;Cisgênero;NÃO;ITAJAÍ;Não;Brasil;NÃO;SUL;1;SC;0;0;0;3;0;18;0;15;0;0;0;0;0;0;18;15;3;2025-04-29 16:22:43
2024;Branca;CASADO;45 a 49 anos                  ;FEMININO;ENSINO FUNDAMENTAL INCOMPLETO;Cisgênero;NÃO;ITAJAÍ;Não;Brasil;NÃO;SUL;1;SC;0;0;0;3;0;25;0;22;0;2;2;0;0;0;25;22;3;2025-04-29 16:22:43
2024;Branca;CASADO;45 a 49 anos                  ;FEMININO;ENSINO FUNDAMENTAL INCOMPLETO;Prefere não informar;NÃO;ITAJAÍ;Não;Brasil;NÃO;SUL;1;SC;0;0;0;0;0;3;0;3;0;0;0;0;0;0;3;3;0;2025-04-29 16:22:43
2024;Branca;CASADO;45 a 49 anos                  ;FEMININO;ENSINO MÉDIO COMPLETO;Cisgênero;NÃO;ITAJAÍ;Não;Brasil;NÃO;SUL;1;SC;0;0;0;9;0;76;0;67;0;0;0;0;0;0;76;67;9;2025-04-29 16:22:43
2024;Branca;CASADO;45 a 49 anos                  ;FEMININO;ENSINO MÉDIO COMPLETO;Cisgênero;SIM;ITAJAÍ;Não;Brasil;NÃO;SUL;1;SC;0;0;0;0;0;1;0;1;0;0;0;0;0;0;1;1;0;2025-04-29 16:22:43
2024;Branca;CASADO;45 a 49 anos                  ;FEMININO;ENSINO MÉDIO COMPLETO;Prefere não informar;NÃO;ITAJAÍ;Não;Brasil;NÃO;SUL;1;SC;0;0;0;0;0;6;0;6;0;0;0;0;0;0;6;6;0;2025-04-29 16:22:43
2024;Branca;CASADO;45 a 49 anos                  ;FEMININO;ENSINO MÉDIO INCOMPLETO;Cisgênero;NÃO;ITAJAÍ;Não;Brasil;NÃO;SUL;1;SC;0;0;0;4;0;15;0;11;0;0;0;0;0;0;15;11;4;2025-04-29 16:22:43
2024;Branca;CASADO;45 a 49 anos                  ;FEMININO;ENSINO MÉDIO INCOMPLETO;Prefere não informar;NÃO;ITAJAÍ;Não;Brasil;NÃO;SUL;1;SC;0;0;0;0;0;1;0;1;0;0;0;0;0;0;1;1;0;2025-04-29 16:22:43
2024;Branca;CASADO;45 a 49 anos                  ;FEMININO;LÊ E ESCREVE;Cisgênero;NÃO;ITAJAÍ;Não;Brasil;NÃO;SUL;1;SC;0;0;0;0;0;1;0;1;0;0;0;0;0;0;1;1;0;2025-04-29 16:22:43
2024;Branca;CASADO;45 a 49 anos                  ;FEMININO;SUPERIOR COMPLETO;Cisgênero;NÃO;ITAJAÍ;Não;Brasil;NÃO;SUL;1;SC;1;0;0;9;0;92;0;83;0;2;1;0;1;0;92;83;9;2025-04-29 16:22:43
2024;Branca;CASADO;45 a 49 anos                  ;FEMININO;SUPERIOR COMPLETO;Cisgênero;SIM;ITAJAÍ;Não;Brasil;NÃO;SUL;1;SC;0;0;0;1;0;2;0;1;0;0;0;0;0;0;2;1;1;2025-04-29 16:22:43
2024;Branca;CASADO;45 a 49 anos                  ;FEMININO;SUPERIOR COMPLETO;Prefere não informar;NÃO;ITAJAÍ;Não;Brasil;NÃO;SUL;1;SC;0;0;0;0;0;5;0;5;0;0;0;0;0;0;5;5;0;2025-04-29 16:22:43
2024;Branca;CASADO;45 a 49 anos                  ;FEMININO;SUPERIOR INCOMPLETO;Cisgênero;NÃO;ITAJAÍ;Não;Brasil;NÃO;SUL;1;SC;0;0;0;0;0;21;0;21;0;0;0;0;0;0;21;21;0;2025-04-29 16:22:43
2024;Branca;CASADO;45 a 49 anos                  ;FEMININO;SUPERIOR INCOMPLETO;Prefere não informar;NÃO;ITAJAÍ;Não;Brasil;NÃO;SUL;1;SC;0;0;0;1;0;1;0;0;0;0;0;0;0;0;1;0;1;2025-04-29 16:22:43
2024;Branca;CASADO;45 a 49 anos                  ;MASCULINO;ANALFABETO;Cisgênero;NÃO;ITAJAÍ;Não;Brasil;NÃO;SUL;1;SC;0;0;0;0;3;0;2;0;0;0;0;0;0;0;3;2;1;2025-04-29 16:22:43
2024;Branca;CASADO;45 a 49 anos                  ;MASCULINO;ENSINO FUNDAMENTAL COMPLETO;Cisgênero;NÃO;ITAJAÍ;Não;Brasil;NÃO;SUL;1;SC;0;1;0;3;0;19;0;16;0;0;0;0;0;0;19;16;3;2025-04-29 16:22:43
2024;Branca;CASADO;45 a 49 anos                  ;MASCULINO;ENSINO FUNDAMENTAL COMPLETO;Prefere não informar;NÃO;ITAJAÍ;Não;Brasil;NÃO;SUL;1;SC;0;0;0;0;0;1;0;1;0;0;0;0;0;0;1;1;0;2025-04-29 16:22:43
2024;Branca;CASADO;45 a 49 anos                  ;MASCULINO;ENSINO FUNDAMENTAL INCOMPLETO;Cisgênero;NÃO;ITAJAÍ;Não;Brasil;NÃO;SUL;1;SC;0;0;0;10;0;33;0;23;0;1;1;0;0;0;33;23;10;2025-04-29 16:22:43
2024;Branca;CASADO;45 a 49 anos                  ;MASCULINO;ENSINO FUNDAMENTAL INCOMPLETO;Prefere não informar;NÃO;ITAJAÍ;Não;Brasil;NÃO;SUL;1;SC;0;0;0;1;0;1;0;0;0;0;0;0;0;0;1;0;1;2025-04-29 16:22:43
2024;Branca;CASADO;45 a 49 anos                  ;MASCULINO;ENSINO MÉDIO COMPLETO;Cisgênero;NÃO;ITAJAÍ;Não;Brasil;NÃO;SUL;1;SC;0;0;1;16;0;69;0;53;0;1;1;0;0;0;69;53;16;2025-04-29 16:22:43
2024;Branca;CASADO;45 a 49 anos                  ;MASCULINO;ENSINO MÉDIO COMPLETO;Prefere não informar;NÃO;ITAJAÍ;Não;Brasil;NÃO;SUL;1;SC;0;0;0;0;0;1;0;1;0;0;0;0;0;0;1;1;0;2025-04-29 16:22:43
2024;Branca;CASADO;45 a 49 anos                  ;MASCULINO;ENSINO MÉDIO INCOMPLETO;Cisgênero;NÃO;ITAJAÍ;Não;Brasil;NÃO;SUL;1;SC;0;0;0;1;0;16;0;15;0;0;0;0;0;0;16;15;1;2025-04-29 16:22:43
2024;Branca;CASADO;45 a 49 anos                  ;MASCULINO;SUPERIOR COMPLETO;Cisgênero;NÃO;ITAJAÍ;Não;Brasil;NÃO;SUL;1;SC;0;0;0;10;0;65;0;55;0;1;1;0;0;0;65;55;10;2025-04-29 16:22:43
2024;Branca;CASADO;45 a 49 anos                  ;MASCULINO;SUPERIOR COMPLETO;Cisgênero;SIM;ITAJAÍ;Não;Brasil;NÃO;SUL;1;SC;0;0;0;0;0;2;0;2;0;0;0;0;0;0;2;2;0;2025-04-29 16:22:43
2024;Branca;CASADO;45 a 49 anos                  ;MASCULINO;SUPERIOR COMPLETO;Prefere não informar;NÃO;ITAJAÍ;Não;Brasil;NÃO;SUL;1;SC;0;0;0;0;0;4;0;4;0;0;0;0;0;0;4;4;0;2025-04-29 16:22:43
2024;Branca;CASADO;45 a 49 anos                  ;MASCULINO;SUPERIOR INCOMPLETO;Cisgênero;NÃO;ITAJAÍ;Não;Brasil;NÃO;SUL;1;SC;0;0;0;2;0;17;0;15;0;0;0;0;0;0;17;15;2;2025-04-29 16:22:43
2024;Branca;CASADO;45 a 49 anos                  ;MASCULINO;SUPERIOR INCOMPLETO;Prefere não informar;NÃO;ITAJAÍ;Não;Brasil;NÃO;SUL;1;SC;0;0;0;0;0;1;0;1;0;0;0;0;0;0;1;1;0;2025-04-29 16:22:43
2024;Branca;CASADO;50 a 54 anos                  ;FEMININO;ANALFABETO;Cisgênero;NÃO;ITAJAÍ;Não;Brasil;NÃO;SUL;1;SC;0;0;0;0;1;0;1;0;0;0;0;0;0;0;1;1;0;2025-04-29 16:22:43
2024;Branca;CASADO;50 a 54 anos                  ;FEMININO;ENSINO FUNDAMENTAL COMPLETO;Cisgênero;NÃO;ITAJAÍ;Não;Brasil;NÃO;SUL;1;SC;0;0;0;2;0;14;0;12;0;0;0;0;0;0;14;12;2;2025-04-29 16:22:43
2024;Branca;CASADO;50 a 54 anos                  ;FEMININO;ENSINO FUNDAMENTAL COMPLETO;Prefere não informar;NÃO;ITAJAÍ;Não;Brasil;NÃO;SUL;1;SC;0;0;0;1;0;1;0;0;0;0;0;0;0;0;1;0;1;2025-04-29 16:22:43
2024;Branca;CASADO;50 a 54 anos                  ;FEMININO;ENSINO FUNDAMENTAL COMPLETO;Transgênero;NÃO;ITAJAÍ;Não;Brasil;NÃO;SUL;1;SC;0;0;0;0;0;1;0;1;0;0;0;0;0;0;1;1;0;2025-04-29 16:22:43
2024;Branca;CASADO;50 a 54 anos                  ;FEMININO;ENSINO FUNDAMENTAL INCOMPLETO;Cisgênero;NÃO;ITAJAÍ;Não;Brasil;NÃO;SUL;1;SC;0;0;0;3;0;25;0;22;0;1;1;0;0;0;25;22;3;2025-04-29 16:22:43
2024;Branca;CASADO;50 a 54 anos                  ;FEMININO;ENSINO FUNDAMENTAL INCOMPLETO;Prefere não informar;NÃO;ITAJAÍ;Não;Brasil;NÃO;SUL;1;SC;0;0;0;0;0;1;0;1;0;0;0;0;0;0;1;1;0;2025-04-29 16:22:43
2024;Branca;CASADO;50 a 54 anos                  ;FEMININO;ENSINO MÉDIO COMPLETO;Cisgênero;NÃO;ITAJAÍ;Não;Brasil;NÃO;SUL;1;SC;0;0;0;8;0;52;0;44;0;0;0;0;0;0;52;44;8;2025-04-29 16:22:43
2024;Branca;CASADO;50 a 54 anos                  ;FEMININO;ENSINO MÉDIO INCOMPLETO;Cisgênero;NÃO;ITAJAÍ;Não;Brasil;NÃO;SUL;1;SC;0;0;0;2;0;14;0;12;0;0;0;0;0;0;14;12;2;2025-04-29 16:22:43
2024;Branca;CASADO;50 a 54 anos                  ;FEMININO;LÊ E ESCREVE;Cisgênero;NÃO;ITAJAÍ;Não;Brasil;NÃO;SUL;1;SC;0;0;0;0;0;1;0;1;0;0;0;0;0;0;1;1;0;2025-04-29 16:22:43
2024;Branca;CASADO;50 a 54 anos                  ;FEMININO;SUPERIOR COMPLETO;Cisgênero;NÃO;ITAJAÍ;Não;Brasil;NÃO;SUL;1;SC;0;0;0;6;0;56;0;50;0;2;2;0;0;0;56;50;6;2025-04-29 16:22:43
2024;Branca;CASADO;50 a 54 anos                  ;FEMININO;SUPERIOR COMPLETO;Cisgênero;SIM;ITAJAÍ;Não;Brasil;NÃO;SUL;1;SC;0;0;0;0;0;1;0;1;0;0;0;0;0;0;1;1;0;2025-04-29 16:22:43
2024;Branca;CASADO;50 a 54 anos                  ;FEMININO;SUPERIOR INCOMPLETO;Cisgênero;NÃO;ITAJAÍ;Não;Brasil;NÃO;SUL;1;SC;0;0;0;1;0;8;0;7;0;0;0;0;0;0;8;7;1;2025-04-29 16:22:43
2024;Branca;CASADO;50 a 54 anos                  ;MASCULINO;ENSINO FUNDAMENTAL COMPLETO;Cisgênero;NÃO;ITAJAÍ;Não;Brasil;NÃO;SUL;1;SC;0;0;0;2;0;21;0;19;0;2;2;0;0;0;21;19;2;2025-04-29 16:22:43
2024;Branca;CASADO;50 a 54 anos                  ;MASCULINO;ENSINO FUNDAMENTAL INCOMPLETO;Cisgênero;NÃO;ITAJAÍ;Não;Brasil;NÃO;SUL;1;SC;0;0;0;6;0;27;0;21;0;2;2;0;0;0;27;21;6;2025-04-29 16:22:43
2024;Branca;CASADO;50 a 54 anos                  ;MASCULINO;ENSINO FUNDAMENTAL INCOMPLETO;Prefere não informar;NÃO;ITAJAÍ;Não;Brasil;NÃO;SUL;1;SC;0;0;0;0;0;1;0;1;0;0;0;0;0;0;1;1;0;2025-04-29 16:22:43
2024;Branca;CASADO;50 a 54 anos                  ;MASCULINO;ENSINO MÉDIO COMPLETO;Cisgênero;NÃO;ITAJAÍ;Não;Brasil;NÃO;SUL;1;SC;0;0;0;4;0;49;0;45;0;0;0;0;0;0;49;45;4;2025-04-29 16:22:43
2024;Branca;CASADO;50 a 54 anos                  ;MASCULINO;ENSINO MÉDIO COMPLETO;Prefere não informar;NÃO;ITAJAÍ;Não;Brasil;NÃO;SUL;1;SC;0;0;0;2;0;4;0;2;0;0;0;0;0;0;4;2;2;2025-04-29 16:22:43
2024;Branca;CASADO;50 a 54 anos                  ;MASCULINO;ENSINO MÉDIO INCOMPLETO;Cisgênero;NÃO;ITAJAÍ;Não;Brasil;NÃO;SUL;1;SC;0;0;0;1;0;13;0;12;0;1;1;0;0;0;13;12;1;2025-04-29 16:22:43
2024;Branca;CASADO;50 a 54 anos                  ;MASCULINO;SUPERIOR COMPLETO;Cisgênero;NÃO;ITAJAÍ;Não;Brasil;NÃO;SUL;1;SC;0;0;0;6;0;47;0;41;0;1;1;0;0;0;47;41;6;2025-04-29 16:22:43
2024;Branca;CASADO;50 a 54 anos                  ;MASCULINO;SUPERIOR COMPLETO;Cisgênero;SIM;ITAJAÍ;Não;Brasil;NÃO;SUL;1;SC;0;0;0;0;0;1;0;1;0;0;0;0;0;0;1;1;0;2025-04-29 16:22:43
2024;Branca;CASADO;50 a 54 anos                  ;MASCULINO;SUPERIOR COMPLETO;Prefere não informar;NÃO;ITAJAÍ;Não;Brasil;NÃO;SUL;1;SC;0;0;0;0;0;6;0;6;0;0;0;0;0;0;6;6;0;2025-04-29 16:22:43
2024;Branca;CASADO;50 a 54 anos                  ;MASCULINO;SUPERIOR INCOMPLETO;Cisgênero;NÃO;ITAJAÍ;Não;Brasil;NÃO;SUL;1;SC;0;0;0;2;0;9;0;7;0;1;1;0;0;0;9;7;2;2025-04-29 16:22:43
2024;Branca;CASADO;50 a 54 anos                  ;MASCULINO;SUPERIOR INCOMPLETO;Prefere não informar;NÃO;ITAJAÍ;Não;Brasil;NÃO;SUL;1;SC;0;0;0;0;0;1;0;1;0;0;0;0;0;0;1;1;0;2025-04-29 16:22:43
2024;Branca;CASADO;55 a 59 anos                  ;FEMININO;ENSINO FUNDAMENTAL COMPLETO;Cisgênero;NÃO;ITAJAÍ;Não;Brasil;NÃO;SUL;1;SC;0;0;0;1;0;10;0;9;0;0;0;0;0;0;10;9;1;2025-04-29 16:22:43
2024;Branca;CASADO;55 a 59 anos                  ;FEMININO;ENSINO FUNDAMENTAL INCOMPLETO;Cisgênero;NÃO;ITAJAÍ;Não;Brasil;NÃO;SUL;1;SC;0;0;0;4;0;25;0;21;0;0;0;0;0;0;25;21;4;2025-04-29 16:22:43
2024;Branca;CASADO;55 a 59 anos                  ;FEMININO;ENSINO FUNDAMENTAL INCOMPLETO;Prefere não informar;NÃO;ITAJAÍ;Não;Brasil;NÃO;SUL;1;SC;0;0;0;0;0;2;0;2;0;0;0;0;0;0;2;2;0;2025-04-29 16:22:43
2024;Branca;CASADO;55 a 59 anos                  ;FEMININO;ENSINO MÉDIO COMPLETO;Cisgênero;NÃO;ITAJAÍ;Não;Brasil;NÃO;SUL;1;SC;0;0;0;9;0;34;0;25;0;1;1;0;0;0;34;25;9;2025-04-29 16:22:43
2024;Branca;CASADO;55 a 59 anos                  ;FEMININO;ENSINO MÉDIO INCOMPLETO;Cisgênero;NÃO;ITAJAÍ;Não;Brasil;NÃO;SUL;1;SC;0;0;0;3;0;8;0;5;0;0;0;0;0;0;8;5;3;2025-04-29 16:22:43
2024;Branca;CASADO;55 a 59 anos                  ;FEMININO;ENSINO MÉDIO INCOMPLETO;Prefere não informar;NÃO;ITAJAÍ;Não;Brasil;NÃO;SUL;1;SC;0;0;0;1;0;1;0;0;0;0;0;0;0;0;1;0;1;2025-04-29 16:22:43
2024;Branca;CASADO;55 a 59 anos                  ;FEMININO;LÊ E ESCREVE;Cisgênero;NÃO;ITAJAÍ;Não;Brasil;NÃO;SUL;1;SC;0;0;0;0;0;2;0;2;0;0;0;0;0;0;2;2;0;2025-04-29 16:22:43
2024;Branca;CASADO;55 a 59 anos                  ;FEMININO;SUPERIOR COMPLETO;Cisgênero;NÃO;ITAJAÍ;Não;Brasil;NÃO;SUL;1;SC;0;1;0;0;0;21;0;21;0;1;1;0;0;0;21;21;0;2025-04-29 16:22:43
2024;Branca;CASADO;55 a 59 anos                  ;FEMININO;SUPERIOR COMPLETO;Prefere não informar;NÃO;ITAJAÍ;Não;Brasil;NÃO;SUL;1;SC;0;0;0;1;0;2;0;1;0;0;0;0;0;0;2;1;1;2025-04-29 16:22:43
2024;Branca;CASADO;55 a 59 anos                  ;FEMININO;SUPERIOR INCOMPLETO;Cisgênero;NÃO;ITAJAÍ;Não;Brasil;NÃO;SUL;1;SC;0;0;0;1;0;8;0;7;0;0;0;0;0;0;8;7;1;2025-04-29 16:22:43
2024;Branca;CASADO;55 a 59 anos                  ;MASCULINO;ANALFABETO;Cisgênero;NÃO;ITAJAÍ;Não;Brasil;NÃO;SUL;1;SC;0;0;0;0;2;0;2;0;0;0;0;0;0;0;2;2;0;2025-04-29 16:22:43
2024;Branca;CASADO;55 a 59 anos                  ;MASCULINO;ENSINO FUNDAMENTAL COMPLETO;Cisgênero;NÃO;ITAJAÍ;Não;Brasil;NÃO;SUL;1;SC;1;0;0;3;0;14;0;11;0;3;2;0;1;0;14;11;3;2025-04-29 16:22:43
2024;Branca;CASADO;55 a 59 anos                  ;MASCULINO;ENSINO FUNDAMENTAL COMPLETO;Prefere não informar;NÃO;ITAJAÍ;Não;Brasil;NÃO;SUL;1;SC;0;0;0;1;0;2;0;1;0;0;0;0;0;0;2;1;1;2025-04-29 16:22:43
2024;Branca;CASADO;55 a 59 anos                  ;MASCULINO;ENSINO FUNDAMENTAL INCOMPLETO;Cisgênero;NÃO;ITAJAÍ;Não;Brasil;NÃO;SUL;1;SC;0;0;0;5;0;25;0;20;0;0;0;0;0;0;25;20;5;2025-04-29 16:22:43
2024;Branca;CASADO;55 a 59 anos                  ;MASCULINO;ENSINO MÉDIO COMPLETO;Cisgênero;NÃO;ITAJAÍ;Não;Brasil;NÃO;SUL;1;SC;0;0;0;7;0;47;0;40;0;2;2;0;0;0;47;40;7;2025-04-29 16:22:43
2024;Branca;CASADO;55 a 59 anos                  ;MASCULINO;ENSINO MÉDIO INCOMPLETO;Cisgênero;NÃO;ITAJAÍ;Não;Brasil;NÃO;SUL;1;SC;0;0;0;0;0;6;0;6;0;0;0;0;0;0;6;6;0;2025-04-29 16:22:43
2024;Branca;CASADO;55 a 59 anos                  ;MASCULINO;ENSINO MÉDIO INCOMPLETO;Prefere não informar;NÃO;ITAJAÍ;Não;Brasil;NÃO;SUL;1;SC;0;0;0;0;0;1;0;1;0;0;0;0;0;0;1;1;0;2025-04-29 16:22:43
2024;Branca;CASADO;55 a 59 anos                  ;MASCULINO;SUPERIOR COMPLETO;Cisgênero;NÃO;ITAJAÍ;Não;Brasil;NÃO;SUL;1;SC;0;1;0;5;0;25;0;20;0;1;1;0;0;0;25;20;5;2025-04-29 16:22:43
2024;Branca;CASADO;55 a 59 anos                  ;MASCULINO;SUPERIOR COMPLETO;Prefere não informar;NÃO;ITAJAÍ;Não;Brasil;NÃO;SUL;1;SC;0;0;0;0;0;1;0;1;0;0;0;0;0;0;1;1;0;2025-04-29 16:22:43
2024;Branca;CASADO;55 a 59 anos                  ;MASCULINO;SUPERIOR COMPLETO;Transgênero;NÃO;ITAJAÍ;Não;Brasil;NÃO;SUL;1;SC;0;0;0;0;0;1;0;1;0;0;0;0;0;0;1;1;0;2025-04-29 16:22:43
2024;Branca;CASADO;55 a 59 anos                  ;MASCULINO;SUPERIOR INCOMPLETO;Cisgênero;NÃO;ITAJAÍ;Não;Brasil;NÃO;SUL;1;SC;0;0;0;2;0;5;0;3;0;1;1;0;0;0;5;3;2;2025-04-29 16:22:43
2024;Branca;CASADO;60 a 64 anos                  ;FEMININO;ENSINO FUNDAMENTAL COMPLETO;Cisgênero;NÃO;ITAJAÍ;Não;Brasil;NÃO;SUL;1;SC;0;0;0;1;0;16;0;15;0;1;1;0;0;0;16;15;1;2025-04-29 16:22:43
2024;Branca;CASADO;60 a 64 anos                  ;FEMININO;ENSINO FUNDAMENTAL INCOMPLETO;Cisgênero;NÃO;ITAJAÍ;Não;Brasil;NÃO;SUL;1;SC;0;0;0;2;0;15;0;13;0;1;1;0;0;0;15;13;2;2025-04-29 16:22:43
2024;Branca;CASADO;60 a 64 anos                  ;FEMININO;ENSINO FUNDAMENTAL INCOMPLETO;Prefere não informar;NÃO;ITAJAÍ;Não;Brasil;NÃO;SUL;1;SC;0;0;0;0;0;2;0;2;0;0;0;0;0;0;2;2;0;2025-04-29 16:22:43
2024;Branca;CASADO;60 a 64 anos                  ;FEMININO;ENSINO MÉDIO COMPLETO;Cisgênero;NÃO;ITAJAÍ;Não;Brasil;NÃO;SUL;1;SC;0;0;0;7;0;29;0;22;0;1;1;0;0;0;29;22;7;2025-04-29 16:22:43
2024;Branca;CASADO;60 a 64 anos                  ;FEMININO;ENSINO MÉDIO INCOMPLETO;Cisgênero;NÃO;ITAJAÍ;Não;Brasil;NÃO;SUL;1;SC;0;0;0;1;0;6;0;5;0;0;0;0;0;0;6;5;1;2025-04-29 16:22:43
2024;Branca;CASADO;60 a 64 anos                  ;FEMININO;LÊ E ESCREVE;Cisgênero;NÃO;ITAJAÍ;Não;Brasil;NÃO;SUL;1;SC;0;0;0;0;0;2;0;2;0;0;0;0;0;0;2;2;0;2025-04-29 16:22:43
2024;Branca;CASADO;60 a 64 anos                  ;FEMININO;SUPERIOR COMPLETO;Cisgênero;NÃO;ITAJAÍ;Não;Brasil;NÃO;SUL;1;SC;0;0;0;2;0;21;0;19;0;0;0;0;0;0;21;19;2;2025-04-29 16:22:43
2024;Branca;CASADO;60 a 64 anos                  ;FEMININO;SUPERIOR COMPLETO;Prefere não informar;NÃO;ITAJAÍ;Não;Brasil;NÃO;SUL;1;SC;0;0;0;1;0;1;0;0;0;0;0;0;0;0;1;0;1;2025-04-29 16:22:43
2024;Branca;CASADO;60 a 64 anos                  ;FEMININO;SUPERIOR INCOMPLETO;Cisgênero;NÃO;ITAJAÍ;Não;Brasil;NÃO;SUL;1;SC;0;0;0;1;0;7;0;6;0;0;0;0;0;0;7;6;1;2025-04-29 16:22:43
2024;Branca;CASADO;60 a 64 anos                  ;MASCULINO;ENSINO FUNDAMENTAL COMPLETO;Cisgênero;NÃO;ITAJAÍ;Não;Brasil;NÃO;SUL;1;SC;0;0;0;3;0;16;0;13;0;0;0;0;0;0;16;13;3;2025-04-29 16:22:43
2024;Branca;CASADO;60 a 64 anos                  ;MASCULINO;ENSINO FUNDAMENTAL INCOMPLETO;Cisgênero;NÃO;ITAJAÍ;Não;Brasil;NÃO;SUL;1;SC;0;0;0;1;0;19;0;18;0;3;3;0;0;0;19;18;1;2025-04-29 16:22:43
2024;Branca;CASADO;60 a 64 anos                  ;MASCULINO;ENSINO MÉDIO COMPLETO;Cisgênero;NÃO;ITAJAÍ;Não;Brasil;NÃO;SUL;1;SC;0;0;0;0;0;30;0;30;0;1;1;0;0;0;30;30;0;2025-04-29 16:22:43
2024;Branca;CASADO;60 a 64 anos                  ;MASCULINO;SUPERIOR COMPLETO;Cisgênero;NÃO;ITAJAÍ;Não;Brasil;NÃO;SUL;1;SC;0;0;0;2;0;22;0;20;0;0;0;0;0;0;22;20;2;2025-04-29 16:22:43
2024;Branca;CASADO;60 a 64 anos                  ;MASCULINO;SUPERIOR COMPLETO;Prefere não informar;NÃO;ITAJAÍ;Não;Brasil;NÃO;SUL;1;SC;0;0;0;1;0;1;0;0;0;0;0;0;0;0;1;0;1;2025-04-29 16:22:43
2024;Branca;CASADO;60 a 64 anos                  ;MASCULINO;SUPERIOR INCOMPLETO;Cisgênero;NÃO;ITAJAÍ;Não;Brasil;NÃO;SUL;1;SC;0;0;0;0;0;6;0;6;0;1;1;0;0;0;6;6;0;2025-04-29 16:22:43
2024;Branca;CASADO;65 a 69 anos                  ;FEMININO;ENSINO FUNDAMENTAL COMPLETO;Cisgênero;NÃO;ITAJAÍ;Não;Brasil;NÃO;SUL;1;SC;0;0;0;1;0;11;0;10;0;0;0;0;0;0;11;10;1;2025-04-29 16:22:43
2024;Branca;CASADO;65 a 69 anos                  ;FEMININO;ENSINO FUNDAMENTAL COMPLETO;Prefere não informar;NÃO;ITAJAÍ;Não;Brasil;NÃO;SUL;1;SC;0;0;0;1;0;1;0;0;0;0;0;0;0;0;1;0;1;2025-04-29 16:22:43
2024;Branca;CASADO;65 a 69 anos                  ;FEMININO;ENSINO FUNDAMENTAL INCOMPLETO;Cisgênero;NÃO;ITAJAÍ;Não;Brasil;NÃO;SUL;1;SC;0;0;0;0;0;16;0;16;0;0;0;0;0;0;16;16;0;2025-04-29 16:22:43
2024;Branca;CASADO;65 a 69 anos                  ;FEMININO;ENSINO FUNDAMENTAL INCOMPLETO;Prefere não informar;NÃO;ITAJAÍ;Não;Brasil;NÃO;SUL;1;SC;0;0;0;0;0;2;0;2;0;0;0;0;0;0;2;2;0;2025-04-29 16:22:43
2024;Branca;CASADO;65 a 69 anos                  ;FEMININO;ENSINO MÉDIO COMPLETO;Cisgênero;NÃO;ITAJAÍ;Não;Brasil;NÃO;SUL;1;SC;0;0;0;2;0;17;0;15;0;0;0;0;0;0;17;15;2;2025-04-29 16:22:43
2024;Branca;CASADO;65 a 69 anos                  ;FEMININO;ENSINO MÉDIO INCOMPLETO;Cisgênero;NÃO;ITAJAÍ;Não;Brasil;NÃO;SUL;1;SC;0;0;0;2;0;4;0;2;0;0;0;0;0;0;4;2;2;2025-04-29 16:22:43
2024;Branca;CASADO;65 a 69 anos                  ;FEMININO;LÊ E ESCREVE;Cisgênero;NÃO;ITAJAÍ;Não;Brasil;NÃO;SUL;1;SC;0;0;0;0;0;3;0;3;0;0;0;0;0;0;3;3;0;2025-04-29 16:22:43
2024;Branca;CASADO;65 a 69 anos                  ;FEMININO;SUPERIOR COMPLETO;Cisgênero;NÃO;ITAJAÍ;Não;Brasil;NÃO;SUL;1;SC;0;0;0;2;0;15;0;13;0;0;0;0;0;0;15;13;2;2025-04-29 16:22:43
2024;Branca;CASADO;65 a 69 anos                  ;FEMININO;SUPERIOR COMPLETO;Prefere não informar;NÃO;ITAJAÍ;Não;Brasil;NÃO;SUL;1;SC;0;0;0;0;0;2;0;2;0;0;0;0;0;0;2;2;0;2025-04-29 16:22:43
2024;Branca;CASADO;65 a 69 anos                  ;FEMININO;SUPERIOR INCOMPLETO;Cisgênero;NÃO;ITAJAÍ;Não;Brasil;NÃO;SUL;1;SC;0;0;0;0;0;2;0;2;0;0;0;0;0;0;2;2;0;2025-04-29 16:22:43
2024;Branca;CASADO;65 a 69 anos                  ;FEMININO;SUPERIOR INCOMPLETO;Prefere não informar;NÃO;ITAJAÍ;Não;Brasil;NÃO;SUL;1;SC;0;0;0;0;0;1;0;1;0;0;0;0;0;0;1;1;0;2025-04-29 16:22:43
2024;Branca;CASADO;65 a 69 anos                  ;MASCULINO;ANALFABETO;Cisgênero;NÃO;ITAJAÍ;Não;Brasil;NÃO;SUL;1;SC;0;0;0;0;1;0;0;0;0;0;0;0;0;0;1;0;1;2025-04-29 16:22:43
2024;Branca;CASADO;65 a 69 anos                  ;MASCULINO;ENSINO FUNDAMENTAL COMPLETO;Cisgênero;NÃO;ITAJAÍ;Não;Brasil;NÃO;SUL;1;SC;0;0;0;0;0;4;0;4;0;2;2;0;0;0;4;4;0;2025-04-29 16:22:43
2024;Branca;CASADO;65 a 69 anos                  ;MASCULINO;ENSINO FUNDAMENTAL COMPLETO;Prefere não informar;NÃO;ITAJAÍ;Não;Brasil;NÃO;SUL;1;SC;0;0;0;0;0;1;0;1;0;0;0;0;0;0;1;1;0;2025-04-29 16:22:43
2024;Branca;CASADO;65 a 69 anos                  ;MASCULINO;ENSINO FUNDAMENTAL INCOMPLETO;Cisgênero;NÃO;ITAJAÍ;Não;Brasil;NÃO;SUL;1;SC;0;0;0;4;0;18;0;14;0;0;0;0;0;0;18;14;4;2025-04-29 16:22:43
2024;Branca;CASADO;65 a 69 anos                  ;MASCULINO;ENSINO FUNDAMENTAL INCOMPLETO;Prefere não informar;NÃO;ITAJAÍ;Não;Brasil;NÃO;SUL;1;SC;0;0;0;0;0;3;0;3;0;0;0;0;0;0;3;3;0;2025-04-29 16:22:43
2024;Branca;CASADO;65 a 69 anos                  ;MASCULINO;ENSINO MÉDIO COMPLETO;Cisgênero;NÃO;ITAJAÍ;Não;Brasil;NÃO;SUL;1;SC;1;0;0;3;0;24;0;21;0;4;3;0;1;0;24;21;3;2025-04-29 16:22:43
2024;Branca;CASADO;65 a 69 anos                  ;MASCULINO;ENSINO MÉDIO INCOMPLETO;Cisgênero;NÃO;ITAJAÍ;Não;Brasil;NÃO;SUL;1;SC;0;0;0;0;0;4;0;4;0;0;0;0;0;0;4;4;0;2025-04-29 16:22:43
2024;Branca;CASADO;65 a 69 anos                  ;MASCULINO;LÊ E ESCREVE;Cisgênero;NÃO;ITAJAÍ;Não;Brasil;NÃO;SUL;1;SC;0;0;0;0;0;2;0;2;0;1;1;0;0;0;2;2;0;2025-04-29 16:22:43
2024;Branca;CASADO;65 a 69 anos                  ;MASCULINO;SUPERIOR COMPLETO;Cisgênero;NÃO;ITAJAÍ;Não;Brasil;NÃO;SUL;1;SC;0;0;0;3;0;17;0;14;0;1;1;0;0;0;17;14;3;2025-04-29 16:22:43
2024;Branca;CASADO;65 a 69 anos                  ;MASCULINO;SUPERIOR COMPLETO;Prefere não informar;NÃO;ITAJAÍ;Não;Brasil;NÃO;SUL;1;SC;0;0;0;0;0;1;0;1;0;0;0;0;0;0;1;1;0;2025-04-29 16:22:43
2024;Branca;CASADO;65 a 69 anos                  ;MASCULINO;SUPERIOR INCOMPLETO;Cisgênero;NÃO;ITAJAÍ;Não;Brasil;NÃO;SUL;1;SC;0;0;0;0;0;4;0;4;0;1;1;0;0;0;4;4;0;2025-04-29 16:22:43
2024;Branca;CASADO;70 a 74 anos                  ;FEMININO;ANALFABETO;Cisgênero;NÃO;ITAJAÍ;Não;Brasil;NÃO;SUL;1;SC;0;0;0;0;1;0;1;0;0;0;0;0;0;0;1;1;0;2025-04-29 16:22:43
2024;Branca;CASADO;70 a 74 anos                  ;FEMININO;ENSINO FUNDAMENTAL COMPLETO;Cisgênero;NÃO;ITAJAÍ;Não;Brasil;NÃO;SUL;1;SC;0;0;0;0;4;0;3;0;0;0;0;0;0;0;4;3;1;2025-04-29 16:22:43
2024;Branca;CASADO;70 a 74 anos                  ;FEMININO;ENSINO FUNDAMENTAL INCOMPLETO;Cisgênero;NÃO;ITAJAÍ;Não;Brasil;NÃO;SUL;1;SC;0;0;0;0;5;0;3;0;0;0;0;0;0;0;5;3;2;2025-04-29 16:22:43
2024;Branca;CASADO;70 a 74 anos                  ;FEMININO;ENSINO MÉDIO COMPLETO;Cisgênero;NÃO;ITAJAÍ;Não;Brasil;NÃO;SUL;1;SC;0;0;0;0;3;0;3;0;0;0;0;0;0;0;3;3;0;2025-04-29 16:22:43
2024;Branca;CASADO;70 a 74 anos                  ;FEMININO;ENSINO MÉDIO INCOMPLETO;Prefere não informar;NÃO;ITAJAÍ;Não;Brasil;NÃO;SUL;1;SC;0;0;0;0;1;0;1;0;0;0;0;0;0;0;1;1;0;2025-04-29 16:22:43
2024;Branca;CASADO;70 a 74 anos                  ;FEMININO;LÊ E ESCREVE;Prefere não informar;NÃO;ITAJAÍ;Não;Brasil;NÃO;SUL;1;SC;0;0;0;0;1;0;1;0;0;0;0;0;0;0;1;1;0;2025-04-29 16:22:43
2024;Branca;CASADO;70 a 74 anos                  ;FEMININO;SUPERIOR COMPLETO;Cisgênero;NÃO;ITAJAÍ;Não;Brasil;NÃO;SUL;1;SC;0;0;0;0;5;0;4;0;0;0;0;0;0;0;5;4;1;2025-04-29 16:22:43
2024;Branca;CASADO;70 a 74 anos                  ;MASCULINO;ENSINO FUNDAMENTAL COMPLETO;Cisgênero;NÃO;ITAJAÍ;Não;Brasil;NÃO;SUL;1;SC;0;0;0;0;2;0;2;0;0;0;0;0;0;0;2;2;0;2025-04-29 16:22:43
2024;Branca;CASADO;70 a 74 anos                  ;MASCULINO;ENSINO FUNDAMENTAL COMPLETO;Prefere não informar;NÃO;ITAJAÍ;Não;Brasil;NÃO;SUL;1;SC;0;0;0;0;1;0;1;0;0;0;0;0;0;0;1;1;0;2025-04-29 16:22:43
2024;Branca;CASADO;70 a 74 anos                  ;MASCULINO;ENSINO FUNDAMENTAL INCOMPLETO;Cisgênero;NÃO;ITAJAÍ;Não;Brasil;NÃO;SUL;1;SC;0;0;0;0;5;0;4;0;0;0;0;0;0;0;5;4;1;2025-04-29 16:22:43
2024;Branca;CASADO;70 a 74 anos                  ;MASCULINO;ENSINO MÉDIO COMPLETO;Cisgênero;NÃO;ITAJAÍ;Não;Brasil;NÃO;SUL;1;SC;0;0;0;0;10;0;9;0;0;0;0;0;0;0;10;9;1;2025-04-29 16:22:43
2024;Branca;CASADO;70 a 74 anos                  ;MASCULINO;ENSINO MÉDIO INCOMPLETO;Cisgênero;NÃO;ITAJAÍ;Não;Brasil;NÃO;SUL;1;SC;0;0;0;0;3;0;3;0;0;0;0;0;0;0;3;3;0;2025-04-29 16:22:43
2024;Branca;CASADO;70 a 74 anos                  ;MASCULINO;SUPERIOR COMPLETO;Cisgênero;NÃO;ITAJAÍ;Não;Brasil;NÃO;SUL;1;SC;0;0;0;0;4;0;3;0;1;0;1;0;0;0;4;3;1;2025-04-29 16:22:43
2024;Branca;CASADO;70 a 74 anos                  ;MASCULINO;SUPERIOR INCOMPLETO;Cisgênero;NÃO;ITAJAÍ;Não;Brasil;NÃO;SUL;1;SC;0;0;0;0;2;0;1;0;1;0;1;0;0;0;2;1;1;2025-04-29 16:22:43
2024;Branca;CASADO;75 a 79 anos                  ;FEMININO;ANALFABETO;Cisgênero;NÃO;ITAJAÍ;Não;Brasil;NÃO;SUL;1;SC;0;0;0;0;1;0;1;0;0;0;0;0;0;0;1;1;0;2025-04-29 16:22:43
2024;Branca;CASADO;75 a 79 anos                  ;FEMININO;ENSINO FUNDAMENTAL COMPLETO;Cisgênero;NÃO;ITAJAÍ;Não;Brasil;NÃO;SUL;1;SC;0;0;0;0;2;0;2;0;0;0;0;0;0;0;2;2;0;2025-04-29 16:22:43
2024;Branca;CASADO;75 a 79 anos                  ;FEMININO;ENSINO FUNDAMENTAL COMPLETO;Prefere não informar;NÃO;ITAJAÍ;Não;Brasil;NÃO;SUL;1;SC;0;0;0;0;1;0;1;0;0;0;0;0;0;0;1;1;0;2025-04-29 16:22:43
2024;Branca;CASADO;75 a 79 anos                  ;FEMININO;ENSINO FUNDAMENTAL INCOMPLETO;Cisgênero;NÃO;ITAJAÍ;Não;Brasil;NÃO;SUL;1;SC;0;0;0;0;5;0;5;0;0;0;0;0;0;0;5;5;0;2025-04-29 16:22:43
2024;Branca;CASADO;75 a 79 anos                  ;FEMININO;ENSINO FUNDAMENTAL INCOMPLETO;Prefere não informar;NÃO;ITAJAÍ;Não;Brasil;NÃO;SUL;1;SC;0;0;0;0;1;0;1;0;0;0;0;0;0;0;1;1;0;2025-04-29 16:22:43
2024;Branca;CASADO;75 a 79 anos                  ;FEMININO;ENSINO MÉDIO COMPLETO;Cisgênero;NÃO;ITAJAÍ;Não;Brasil;NÃO;SUL;1;SC;0;0;0;0;1;0;1;0;0;0;0;0;0;0;1;1;0;2025-04-29 16:22:43
2024;Branca;CASADO;75 a 79 anos                  ;FEMININO;SUPERIOR COMPLETO;Cisgênero;NÃO;ITAJAÍ;Não;Brasil;NÃO;SUL;1;SC;0;0;0;0;1;0;1;0;0;0;0;0;0;0;1;1;0;2025-04-29 16:22:43
2024;Branca;CASADO;75 a 79 anos                  ;MASCULINO;ANALFABETO;Cisgênero;NÃO;ITAJAÍ;Não;Brasil;NÃO;SUL;1;SC;0;0;0;0;1;0;0;0;0;0;0;0;0;0;1;0;1;2025-04-29 16:22:43
2024;Branca;CASADO;75 a 79 anos                  ;MASCULINO;ENSINO FUNDAMENTAL COMPLETO;Cisgênero;NÃO;ITAJAÍ;Não;Brasil;NÃO;SUL;1;SC;0;0;0;0;4;0;2;0;0;0;0;0;0;0;4;2;2;2025-04-29 16:22:43
2024;Branca;CASADO;75 a 79 anos                  ;MASCULINO;ENSINO FUNDAMENTAL COMPLETO;Prefere não informar;SIM;ITAJAÍ;Não;Brasil;NÃO;SUL;1;SC;0;0;0;0;1;0;0;0;0;0;0;0;0;0;1;0;1;2025-04-29 16:22:43
2024;Branca;CASADO;75 a 79 anos                  ;MASCULINO;ENSINO FUNDAMENTAL INCOMPLETO;Cisgênero;NÃO;ITAJAÍ;Não;Brasil;NÃO;SUL;1;SC;0;0;0;0;3;0;2;0;0;0;0;0;0;0;3;2;1;2025-04-29 16:22:43
2024;Branca;CASADO;75 a 79 anos                  ;MASCULINO;ENSINO MÉDIO COMPLETO;Cisgênero;NÃO;ITAJAÍ;Não;Brasil;NÃO;SUL;1;SC;0;0;0;0;7;0;3;0;0;0;0;0;0;0;7;3;4;2025-04-29 16:22:43
2024;Branca;CASADO;75 a 79 anos                  ;MASCULINO;SUPERIOR COMPLETO;Cisgênero;NÃO;ITAJAÍ;Não;Brasil;NÃO;SUL;1;SC;0;0;0;0;1;0;1;0;0;0;0;0;0;0;1;1;0;2025-04-29 16:22:43
2024;Branca;CASADO;75 a 79 anos                  ;MASCULINO;SUPERIOR COMPLETO;Prefere não informar;NÃO;ITAJAÍ;Não;Brasil;NÃO;SUL;1;SC;0;0;0;0;1;0;1;0;0;0;0;0;0;0;1;1;0;2025-04-29 16:22:43
2024;Branca;CASADO;80 a 84 anos                  ;FEMININO;ENSINO FUNDAMENTAL INCOMPLETO;Cisgênero;NÃO;ITAJAÍ;Não;Brasil;NÃO;SUL;1;SC;0;0;0;0;4;0;3;0;0;0;0;0;0;0;4;3;1;2025-04-29 16:22:43
2024;Branca;CASADO;80 a 84 anos                  ;FEMININO;ENSINO MÉDIO INCOMPLETO;Cisgênero;NÃO;ITAJAÍ;Não;Brasil;NÃO;SUL;1;SC;0;0;0;0;1;0;1;0;1;0;1;0;0;0;1;1;0;2025-04-29 16:22:43
2024;Branca;CASADO;80 a 84 anos                  ;FEMININO;SUPERIOR COMPLETO;Cisgênero;NÃO;ITAJAÍ;Não;Brasil;NÃO;SUL;1;SC;0;0;0;0;1;0;1;0;0;0;0;0;0;0;1;1;0;2025-04-29 16:22:43
2024;Branca;CASADO;80 a 84 anos                  ;MASCULINO;ENSINO FUNDAMENTAL COMPLETO;Cisgênero;NÃO;ITAJAÍ;Não;Brasil;NÃO;SUL;1;SC;0;0;0;0;1;0;1;0;0;0;0;0;0;0;1;1;0;2025-04-29 16:22:43
2024;Branca;CASADO;80 a 84 anos                  ;MASCULINO;ENSINO FUNDAMENTAL INCOMPLETO;Cisgênero;NÃO;ITAJAÍ;Não;Brasil;NÃO;SUL;1;SC;0;0;0;0;4;0;4;0;1;0;1;0;0;0;4;4;0;2025-04-29 16:22:43
2024;Branca;CASADO;80 a 84 anos                  ;MASCULINO;ENSINO MÉDIO COMPLETO;Cisgênero;NÃO;ITAJAÍ;Não;Brasil;NÃO;SUL;1;SC;0;0;0;0;1;0;1;0;1;0;1;0;0;0;1;1;0;2025-04-29 16:22:43
2024;Branca;CASADO;80 a 84 anos                  ;MASCULINO;LÊ E ESCREVE;Cisgênero;NÃO;ITAJAÍ;Não;Brasil;NÃO;SUL;1;SC;0;0;0;0;1;0;1;0;0;0;0;0;0;0;1;1;0;2025-04-29 16:22:43
2024;Branca;CASADO;80 a 84 anos                  ;MASCULINO;SUPERIOR COMPLETO;Cisgênero;NÃO;ITAJAÍ;Não;Brasil;NÃO;SUL;1;SC;0;0;0;0;1;0;0;0;0;0;0;0;0;0;1;0;1;2025-04-29 16:22:43
2024;Branca;CASADO;80 a 84 anos                  ;MASCULINO;SUPERIOR INCOMPLETO;Cisgênero;NÃO;ITAJAÍ;Não;Brasil;NÃO;SUL;1;SC;0;0;0;0;1;0;1;0;0;0;0;0;0;0;1;1;0;2025-04-29 16:22:43
2024;Branca;CASADO;85 a 89 anos                  ;MASCULINO;ENSINO FUNDAMENTAL COMPLETO;Cisgênero;NÃO;ITAJAÍ;Não;Brasil;NÃO;SUL;1;SC;0;0;0;0;1;0;1;0;0;0;0;0;0;0;1;1;0;2025-04-29 16:22:43
2024;Branca;CASADO;85 a 89 anos                  ;MASCULINO;ENSINO FUNDAMENTAL INCOMPLETO;Cisgênero;NÃO;ITAJAÍ;Não;Brasil;NÃO;SUL;1;SC;1;0;0;0;2;0;1;0;1;0;0;1;0;0;2;1;1;2025-04-29 16:22:43
2024;Branca;CASADO;85 a 89 anos                  ;MASCULINO;LÊ E ESCREVE;Cisgênero;NÃO;ITAJAÍ;Não;Brasil;NÃO;SUL;1;SC;0;0;0;0;1;0;0;0;0;0;0;0;0;0;1;0;1;2025-04-29 16:22:43
2024;Branca;CASADO;90 a 94 anos                  ;FEMININO;ENSINO FUNDAMENTAL INCOMPLETO;Cisgênero;NÃO;ITAJAÍ;Não;Brasil;NÃO;SUL;1;SC;0;0;0;0;1;0;0;0;0;0;0;0;0;0;1;0;1;2025-04-29 16:22:43
2024;Branca;CASADO;90 a 94 anos                  ;MASCULINO;ENSINO FUNDAMENTAL INCOMPLETO;Cisgênero;NÃO;ITAJAÍ;Não;Brasil;NÃO;SUL;1;SC;0;0;0;0;1;0;1;0;0;0;0;0;0;0;1;1;0;2025-04-29 16:22:43
2024;Branca;DIVORCIADO;21 a 24 anos                  ;FEMININO;ENSINO MÉDIO COMPLETO;Cisgênero;NÃO;ITAJAÍ;Não;Brasil;NÃO;SUL;1;SC;0;0;0;1;0;1;0;0;0;0;0;0;0;0;1;0;1;2025-04-29 16:22:43
2024;Branca;DIVORCIADO;21 a 24 anos                  ;FEMININO;ENSINO MÉDIO INCOMPLETO;Cisgênero;NÃO;ITAJAÍ;Não;Brasil;NÃO;SUL;1;SC;0;0;0;0;0;1;0;1;0;0;0;0;0;0;1;1;0;2025-04-29 16:22:43
2024;Branca;DIVORCIADO;21 a 24 anos                  ;FEMININO;SUPERIOR INCOMPLETO;Cisgênero;NÃO;ITAJAÍ;Não;Brasil;NÃO;SUL;1;SC;0;0;0;0;0;2;0;2;0;0;0;0;0;0;2;2;0;2025-04-29 16:22:43
2024;Branca;DIVORCIADO;21 a 24 anos                  ;MASCULINO;ENSINO FUNDAMENTAL COMPLETO;Cisgênero;NÃO;ITAJAÍ;Não;Brasil;NÃO;SUL;1;SC;0;0;0;1;0;1;0;0;0;0;0;0;0;0;1;0;1;2025-04-29 16:22:43
2024;Branca;DIVORCIADO;25 a 29 anos                  ;FEMININO;ENSINO FUNDAMENTAL INCOMPLETO;Cisgênero;NÃO;ITAJAÍ;Não;Brasil;NÃO;SUL;1;SC;0;0;0;1;0;1;0;0;0;0;0;0;0;0;1;0;1;2025-04-29 16:22:43
2024;Branca;DIVORCIADO;25 a 29 anos                  ;FEMININO;ENSINO MÉDIO COMPLETO;Cisgênero;NÃO;ITAJAÍ;Não;Brasil;NÃO;SUL;1;SC;0;0;0;1;0;8;0;7;0;0;0;0;0;0;8;7;1;2025-04-29 16:22:43
2024;Branca;DIVORCIADO;25 a 29 anos                  ;FEMININO;ENSINO MÉDIO INCOMPLETO;Cisgênero;NÃO;ITAJAÍ;Não;Brasil;NÃO;SUL;1;SC;0;0;0;1;0;4;0;3;0;0;0;0;0;0;4;3;1;2025-04-29 16:22:43
2024;Branca;DIVORCIADO;25 a 29 anos                  ;FEMININO;SUPERIOR COMPLETO;Cisgênero;NÃO;ITAJAÍ;Não;Brasil;NÃO;SUL;1;SC;0;0;0;2;0;6;0;4;0;0;0;0;0;0;6;4;2;2025-04-29 16:22:43
2024;Branca;DIVORCIADO;25 a 29 anos                  ;FEMININO;SUPERIOR COMPLETO;Prefere não informar;NÃO;ITAJAÍ;Não;Brasil;NÃO;SUL;1;SC;0;0;0;0;0;1;0;1;0;0;0;0;0;0;1;1;0;2025-04-29 16:22:43
2024;Branca;DIVORCIADO;25 a 29 anos                  ;FEMININO;SUPERIOR INCOMPLETO;Cisgênero;NÃO;ITAJAÍ;Não;Brasil;NÃO;SUL;1;SC;0;0;0;1;0;3;0;2;0;0;0;0;0;0;3;2;1;2025-04-29 16:22:43
2024;Branca;DIVORCIADO;25 a 29 anos                  ;MASCULINO;ENSINO FUNDAMENTAL COMPLETO;Cisgênero;NÃO;ITAJAÍ;Não;Brasil;NÃO;SUL;1;SC;0;0;0;1;0;1;0;0;0;0;0;0;0;0;1;0;1;2025-04-29 16:22:43
2024;Branca;DIVORCIADO;25 a 29 anos                  ;MASCULINO;ENSINO MÉDIO COMPLETO;Cisgênero;NÃO;ITAJAÍ;Não;Brasil;NÃO;SUL;1;SC;0;0;0;1;0;2;0;1;0;0;0;0;0;0;2;1;1;2025-04-29 16:22:43
2024;Branca;DIVORCIADO;25 a 29 anos                  ;MASCULINO;ENSINO MÉDIO INCOMPLETO;Cisgênero;NÃO;ITAJAÍ;Não;Brasil;NÃO;SUL;1;SC;0;0;0;0;0;1;0;1;0;0;0;0;0;0;1;1;0;2025-04-29 16:22:43
2024;Branca;DIVORCIADO;25 a 29 anos                  ;MASCULINO;SUPERIOR COMPLETO;Cisgênero;NÃO;ITAJAÍ;Não;Brasil;NÃO;SUL;1;SC;0;0;0;0;0;1;0;1;0;0;0;0;0;0;1;1;0;2025-04-29 16:22:43
2024;Branca;DIVORCIADO;25 a 29 anos                  ;MASCULINO;SUPERIOR INCOMPLETO;Cisgênero;NÃO;ITAJAÍ;Não;Brasil;NÃO;SUL;1;SC;0;0;0;2;0;2;0;0;0;0;0;0;0;0;2;0;2;2025-04-29 16:22:43
2024;Branca;DIVORCIADO;30 a 34 anos                  ;FEMININO;ENSINO FUNDAMENTAL COMPLETO;Cisgênero;NÃO;ITAJAÍ;Não;Brasil;NÃO;SUL;1;SC;0;0;0;0;0;2;0;2;0;0;0;0;0;0;2;2;0;2025-04-29 16:22:43
2024;Branca;DIVORCIADO;30 a 34 anos                  ;FEMININO;ENSINO FUNDAMENTAL COMPLETO;Prefere não informar;NÃO;ITAJAÍ;Não;Brasil;NÃO;SUL;1;SC;0;0;0;1;0;1;0;0;0;0;0;0;0;0;1;0;1;2025-04-29 16:22:43
2024;Branca;DIVORCIADO;30 a 34 anos                  ;FEMININO;ENSINO FUNDAMENTAL INCOMPLETO;Cisgênero;NÃO;ITAJAÍ;Não;Brasil;NÃO;SUL;1;SC;0;0;0;1;0;1;0;0;0;0;0;0;0;0;1;0;1;2025-04-29 16:22:43
2024;Branca;DIVORCIADO;30 a 34 anos                  ;FEMININO;ENSINO MÉDIO COMPLETO;Cisgênero;NÃO;ITAJAÍ;Não;Brasil;NÃO;SUL;1;SC;0;0;0;6;0;18;0;12;0;0;0;0;0;0;18;12;6;2025-04-29 16:22:43
2024;Branca;DIVORCIADO;30 a 34 anos                  ;FEMININO;ENSINO MÉDIO COMPLETO;Prefere não informar;NÃO;ITAJAÍ;Não;Brasil;NÃO;SUL;1;SC;0;0;0;0;0;1;0;1;0;0;0;0;0;0;1;1;0;2025-04-29 16:22:43
2024;Branca;DIVORCIADO;30 a 34 anos                  ;FEMININO;ENSINO MÉDIO INCOMPLETO;Cisgênero;NÃO;ITAJAÍ;Não;Brasil;NÃO;SUL;1;SC;0;0;0;1;0;1;0;0;0;0;0;0;0;0;1;0;1;2025-04-29 16:22:43
2024;Branca;DIVORCIADO;30 a 34 anos                  ;FEMININO;ENSINO MÉDIO INCOMPLETO;Prefere não informar;NÃO;ITAJAÍ;Não;Brasil;NÃO;SUL;1;SC;0;0;0;1;0;1;0;0;0;0;0;0;0;0;1;0;1;2025-04-29 16:22:43
2024;Branca;DIVORCIADO;30 a 34 anos                  ;FEMININO;SUPERIOR COMPLETO;Cisgênero;NÃO;ITAJAÍ;Não;Brasil;NÃO;SUL;1;SC;2;0;0;6;0;21;0;15;0;2;0;0;2;0;21;15;6;2025-04-29 16:22:43
2024;Branca;DIVORCIADO;30 a 34 anos                  ;FEMININO;SUPERIOR COMPLETO;Cisgênero;SIM;ITAJAÍ;Não;Brasil;NÃO;SUL;1;SC;0;0;0;1;0;1;0;0;0;0;0;0;0;0;1;0;1;2025-04-29 16:22:43
2024;Branca;DIVORCIADO;30 a 34 anos                  ;FEMININO;SUPERIOR COMPLETO;Prefere não informar;NÃO;ITAJAÍ;Não;Brasil;NÃO;SUL;1;SC;0;0;0;0;0;1;0;1;0;0;0;0;0;0;1;1;0;2025-04-29 16:22:43
2024;Branca;DIVORCIADO;30 a 34 anos                  ;FEMININO;SUPERIOR INCOMPLETO;Cisgênero;NÃO;ITAJAÍ;Não;Brasil;NÃO;SUL;1;SC;0;0;0;4;0;15;0;11;0;0;0;0;0;0;15;11;4;2025-04-29 16:22:43
2024;Branca;DIVORCIADO;30 a 34 anos                  ;FEMININO;SUPERIOR INCOMPLETO;Prefere não informar;NÃO;ITAJAÍ;Não;Brasil;NÃO;SUL;1;SC;0;0;0;2;0;2;0;0;0;0;0;0;0;0;2;0;2;2025-04-29 16:22:43
2024;Branca;DIVORCIADO;30 a 34 anos                  ;MASCULINO;ENSINO FUNDAMENTAL INCOMPLETO;Cisgênero;SIM;ITAJAÍ;Não;Brasil;NÃO;SUL;1;SC;0;0;0;0;0;1;0;1;0;0;0;0;0;0;1;1;0;2025-04-29 16:22:43
2024;Branca;DIVORCIADO;30 a 34 anos                  ;MASCULINO;ENSINO MÉDIO COMPLETO;Cisgênero;NÃO;ITAJAÍ;Não;Brasil;NÃO;SUL;1;SC;0;0;0;3;0;4;0;1;0;0;0;0;0;0;4;1;3;2025-04-29 16:22:43
2024;Branca;DIVORCIADO;30 a 34 anos                  ;MASCULINO;ENSINO MÉDIO INCOMPLETO;Cisgênero;NÃO;ITAJAÍ;Não;Brasil;NÃO;SUL;1;SC;0;0;0;0;0;1;0;1;0;0;0;0;0;0;1;1;0;2025-04-29 16:22:43
2024;Branca;DIVORCIADO;30 a 34 anos                  ;MASCULINO;SUPERIOR COMPLETO;Cisgênero;NÃO;ITAJAÍ;Não;Brasil;NÃO;SUL;1;SC;0;0;0;1;0;1;0;0;0;0;0;0;0;0;1;0;1;2025-04-29 16:22:43
2024;Branca;DIVORCIADO;30 a 34 anos                  ;MASCULINO;SUPERIOR INCOMPLETO;Cisgênero;NÃO;ITAJAÍ;Não;Brasil;NÃO;SUL;1;SC;0;0;0;0;0;3;0;3;0;1;1;0;0;0;3;3;0;2025-04-29 16:22:43
2024;Branca;DIVORCIADO;35 a 39 anos                  ;FEMININO;ENSINO FUNDAMENTAL COMPLETO;Cisgênero;NÃO;ITAJAÍ;Não;Brasil;NÃO;SUL;1;SC;0;0;0;1;0;4;0;3;0;0;0;0;0;0;4;3;1;2025-04-29 16:22:43
2024;Branca;DIVORCIADO;35 a 39 anos                  ;FEMININO;ENSINO MÉDIO COMPLETO;Cisgênero;NÃO;ITAJAÍ;Não;Brasil;NÃO;SUL;1;SC;0;0;0;6;0;25;0;19;0;0;0;0;0;0;25;19;6;2025-04-29 16:22:43
2024;Branca;DIVORCIADO;35 a 39 anos                  ;FEMININO;ENSINO MÉDIO INCOMPLETO;Cisgênero;NÃO;ITAJAÍ;Não;Brasil;NÃO;SUL;1;SC;0;0;0;1;0;4;0;3;0;1;1;0;0;0;4;3;1;2025-04-29 16:22:43
2024;Branca;DIVORCIADO;35 a 39 anos                  ;FEMININO;SUPERIOR COMPLETO;Cisgênero;NÃO;ITAJAÍ;Não;Brasil;NÃO;SUL;1;SC;0;0;0;5;0;44;0;39;0;0;0;0;0;0;44;39;5;2025-04-29 16:22:43
2024;Branca;DIVORCIADO;35 a 39 anos                  ;FEMININO;SUPERIOR COMPLETO;Prefere não informar;NÃO;ITAJAÍ;Não;Brasil;NÃO;SUL;1;SC;0;0;0;1;0;2;0;1;0;0;0;0;0;0;2;1;1;2025-04-29 16:22:43
2024;Branca;DIVORCIADO;35 a 39 anos                  ;FEMININO;SUPERIOR INCOMPLETO;Cisgênero;NÃO;ITAJAÍ;Não;Brasil;NÃO;SUL;1;SC;0;0;0;4;0;13;0;9;0;1;1;0;0;0;13;9;4;2025-04-29 16:22:43
2024;Branca;DIVORCIADO;35 a 39 anos                  ;MASCULINO;ANALFABETO;Cisgênero;NÃO;ITAJAÍ;Não;Brasil;NÃO;SUL;1;SC;0;0;0;0;1;0;1;0;0;0;0;0;0;0;1;1;0;2025-04-29 16:22:43
2024;Branca;DIVORCIADO;35 a 39 anos                  ;MASCULINO;ENSINO FUNDAMENTAL COMPLETO;Cisgênero;NÃO;ITAJAÍ;Não;Brasil;NÃO;SUL;1;SC;0;0;0;0;0;1;0;1;0;0;0;0;0;0;1;1;0;2025-04-29 16:22:43
2024;Branca;DIVORCIADO;35 a 39 anos                  ;MASCULINO;ENSINO MÉDIO COMPLETO;Cisgênero;NÃO;ITAJAÍ;Não;Brasil;NÃO;SUL;1;SC;0;0;0;1;0;9;0;8;0;0;0;0;0;0;9;8;1;2025-04-29 16:22:43
2024;Branca;DIVORCIADO;35 a 39 anos                  ;MASCULINO;ENSINO MÉDIO INCOMPLETO;Cisgênero;NÃO;ITAJAÍ;Não;Brasil;NÃO;SUL;1;SC;0;0;0;1;0;3;0;2;0;0;0;0;0;0;3;2;1;2025-04-29 16:22:43
2024;Branca;DIVORCIADO;35 a 39 anos                  ;MASCULINO;SUPERIOR COMPLETO;Cisgênero;NÃO;ITAJAÍ;Não;Brasil;NÃO;SUL;1;SC;0;0;0;3;0;11;0;8;0;1;1;0;0;0;11;8;3;2025-04-29 16:22:43
2024;Branca;DIVORCIADO;35 a 39 anos                  ;MASCULINO;SUPERIOR INCOMPLETO;Cisgênero;NÃO;ITAJAÍ;Não;Brasil;NÃO;SUL;1;SC;0;0;0;2;0;8;0;6;0;0;0;0;0;0;8;6;2;2025-04-29 16:22:43
2024;Branca;DIVORCIADO;40 a 44 anos                  ;FEMININO;ENSINO FUNDAMENTAL COMPLETO;Cisgênero;NÃO;ITAJAÍ;Não;Brasil;NÃO;SUL;1;SC;0;0;0;0;0;1;0;1;0;0;0;0;0;0;1;1;0;2025-04-29 16:22:43
2024;Branca;DIVORCIADO;40 a 44 anos                  ;FEMININO;ENSINO FUNDAMENTAL INCOMPLETO;Cisgênero;NÃO;ITAJAÍ;Não;Brasil;NÃO;SUL;1;SC;0;0;0;1;0;9;0;8;0;0;0;0;0;0;9;8;1;2025-04-29 16:22:43
2024;Branca;DIVORCIADO;40 a 44 anos                  ;FEMININO;ENSINO MÉDIO COMPLETO;Cisgênero;NÃO;ITAJAÍ;Não;Brasil;NÃO;SUL;1;SC;1;0;0;14;0;45;0;31;0;1;0;0;1;0;45;31;14;2025-04-29 16:22:43
2024;Branca;DIVORCIADO;40 a 44 anos                  ;FEMININO;ENSINO MÉDIO COMPLETO;Cisgênero;SIM;ITAJAÍ;Não;Brasil;NÃO;SUL;1;SC;0;0;0;0;0;1;0;1;0;1;1;0;0;0;1;1;0;2025-04-29 16:22:43
2024;Branca;DIVORCIADO;40 a 44 anos                  ;FEMININO;ENSINO MÉDIO COMPLETO;Prefere não informar;NÃO;ITAJAÍ;Não;Brasil;NÃO;SUL;1;SC;0;0;0;1;0;3;0;2;0;0;0;0;0;0;3;2;1;2025-04-29 16:22:43
2024;Branca;DIVORCIADO;40 a 44 anos                  ;FEMININO;ENSINO MÉDIO INCOMPLETO;Cisgênero;NÃO;ITAJAÍ;Não;Brasil;NÃO;SUL;1;SC;0;0;0;4;0;9;0;5;0;0;0;0;0;0;9;5;4;2025-04-29 16:22:43
2024;Branca;DIVORCIADO;40 a 44 anos                  ;FEMININO;SUPERIOR COMPLETO;Cisgênero;NÃO;ITAJAÍ;Não;Brasil;NÃO;SUL;1;SC;1;0;0;10;0;48;0;38;0;1;0;0;1;0;48;38;10;2025-04-29 16:22:43
2024;Branca;DIVORCIADO;40 a 44 anos                  ;FEMININO;SUPERIOR COMPLETO;Prefere não informar;NÃO;ITAJAÍ;Não;Brasil;NÃO;SUL;1;SC;0;0;0;1;0;5;0;4;0;0;0;0;0;0;5;4;1;2025-04-29 16:22:43
2024;Branca;DIVORCIADO;40 a 44 anos                  ;FEMININO;SUPERIOR INCOMPLETO;Cisgênero;NÃO;ITAJAÍ;Não;Brasil;NÃO;SUL;1;SC;0;0;0;2;0;16;0;14;0;1;1;0;0;0;16;14;2;2025-04-29 16:22:43
2024;Branca;DIVORCIADO;40 a 44 anos                  ;FEMININO;SUPERIOR INCOMPLETO;Prefere não informar;NÃO;ITAJAÍ;Não;Brasil;NÃO;SUL;1;SC;0;0;0;1;0;2;0;1;0;0;0;0;0;0;2;1;1;2025-04-29 16:22:43
2024;Branca;DIVORCIADO;40 a 44 anos                  ;MASCULINO;ENSINO FUNDAMENTAL COMPLETO;Cisgênero;NÃO;ITAJAÍ;Não;Brasil;NÃO;SUL;1;SC;0;0;0;2;0;5;0;3;0;0;0;0;0;0;5;3;2;2025-04-29 16:22:43
2024;Branca;DIVORCIADO;40 a 44 anos                  ;MASCULINO;ENSINO FUNDAMENTAL INCOMPLETO;Cisgênero;NÃO;ITAJAÍ;Não;Brasil;NÃO;SUL;1;SC;0;0;0;4;0;7;0;3;0;0;0;0;0;0;7;3;4;2025-04-29 16:22:43
2024;Branca;DIVORCIADO;40 a 44 anos                  ;MASCULINO;ENSINO MÉDIO COMPLETO;Cisgênero;NÃO;ITAJAÍ;Não;Brasil;NÃO;SUL;1;SC;0;0;0;4;0;21;0;17;0;1;1;0;0;0;21;17;4;2025-04-29 16:22:43
2024;Branca;DIVORCIADO;40 a 44 anos                  ;MASCULINO;ENSINO MÉDIO INCOMPLETO;Cisgênero;NÃO;ITAJAÍ;Não;Brasil;NÃO;SUL;1;SC;0;0;0;3;0;5;0;2;0;0;0;0;0;0;5;2;3;2025-04-29 16:22:43
2024;Branca;DIVORCIADO;40 a 44 anos                  ;MASCULINO;SUPERIOR COMPLETO;Cisgênero;NÃO;ITAJAÍ;Não;Brasil;NÃO;SUL;1;SC;0;0;0;2;0;16;0;14;0;1;1;0;0;0;16;14;2;2025-04-29 16:22:43
2024;Branca;DIVORCIADO;40 a 44 anos                  ;MASCULINO;SUPERIOR INCOMPLETO;Cisgênero;NÃO;ITAJAÍ;Não;Brasil;NÃO;SUL;1;SC;0;0;0;1;0;13;0;12;0;1;1;0;0;0;13;12;1;2025-04-29 16:22:43
2024;Branca;DIVORCIADO;45 a 49 anos                  ;FEMININO;ENSINO FUNDAMENTAL COMPLETO;Cisgênero;NÃO;ITAJAÍ;Não;Brasil;NÃO;SUL;1;SC;0;0;0;3;0;5;0;2;0;0;0;0;0;0;5;2;3;2025-04-29 16:22:43
2024;Branca;DIVORCIADO;45 a 49 anos                  ;FEMININO;ENSINO FUNDAMENTAL INCOMPLETO;Cisgênero;NÃO;ITAJAÍ;Não;Brasil;NÃO;SUL;1;SC;0;0;0;3;0;13;0;10;0;0;0;0;0;0;13;10;3;2025-04-29 16:22:43
2024;Branca;DIVORCIADO;45 a 49 anos                  ;FEMININO;ENSINO MÉDIO COMPLETO;Cisgênero;NÃO;ITAJAÍ;Não;Brasil;NÃO;SUL;1;SC;0;0;0;6;0;33;0;27;0;1;1;0;0;0;33;27;6;2025-04-29 16:22:43
2024;Branca;DIVORCIADO;45 a 49 anos                  ;FEMININO;ENSINO MÉDIO COMPLETO;Prefere não informar;NÃO;ITAJAÍ;Não;Brasil;NÃO;SUL;1;SC;0;0;0;1;0;1;0;0;0;0;0;0;0;0;1;0;1;2025-04-29 16:22:43
2024;Branca;DIVORCIADO;45 a 49 anos                  ;FEMININO;ENSINO MÉDIO INCOMPLETO;Cisgênero;NÃO;ITAJAÍ;Não;Brasil;NÃO;SUL;1;SC;0;0;0;1;0;3;0;2;0;1;1;0;0;0;3;2;1;2025-04-29 16:22:43
2024;Branca;DIVORCIADO;45 a 49 anos                  ;FEMININO;ENSINO MÉDIO INCOMPLETO;Prefere não informar;NÃO;ITAJAÍ;Não;Brasil;NÃO;SUL;1;SC;0;0;0;0;0;1;0;1;0;0;0;0;0;0;1;1;0;2025-04-29 16:22:43
2024;Branca;DIVORCIADO;45 a 49 anos                  ;FEMININO;LÊ E ESCREVE;Cisgênero;NÃO;ITAJAÍ;Não;Brasil;NÃO;SUL;1;SC;1;0;0;1;0;1;0;0;0;1;0;0;1;0;1;0;1;2025-04-29 16:22:43
2024;Branca;DIVORCIADO;45 a 49 anos                  ;FEMININO;SUPERIOR COMPLETO;Cisgênero;NÃO;ITAJAÍ;Não;Brasil;NÃO;SUL;1;SC;0;0;0;6;0;42;0;36;0;0;0;0;0;0;42;36;6;2025-04-29 16:22:43
2024;Branca;DIVORCIADO;45 a 49 anos                  ;FEMININO;SUPERIOR COMPLETO;Prefere não informar;NÃO;ITAJAÍ;Não;Brasil;NÃO;SUL;1;SC;0;0;0;1;0;3;0;2;0;0;0;0;0;0;3;2;1;2025-04-29 16:22:43
2024;Branca;DIVORCIADO;45 a 49 anos                  ;FEMININO;SUPERIOR COMPLETO;Prefere não informar;SIM;ITAJAÍ;Não;Brasil;NÃO;SUL;1;SC;0;0;0;0;0;1;0;1;0;0;0;0;0;0;1;1;0;2025-04-29 16:22:43
2024;Branca;DIVORCIADO;45 a 49 anos                  ;FEMININO;SUPERIOR INCOMPLETO;Cisgênero;NÃO;ITAJAÍ;Não;Brasil;NÃO;SUL;1;SC;0;0;0;2;0;15;0;13;0;0;0;0;0;0;15;13;2;2025-04-29 16:22:43
2024;Branca;DIVORCIADO;45 a 49 anos                  ;MASCULINO;ENSINO FUNDAMENTAL COMPLETO;Cisgênero;NÃO;ITAJAÍ;Não;Brasil;NÃO;SUL;1;SC;0;0;0;1;0;4;0;3;0;0;0;0;0;0;4;3;1;2025-04-29 16:22:43
2024;Branca;DIVORCIADO;45 a 49 anos                  ;MASCULINO;ENSINO FUNDAMENTAL INCOMPLETO;Cisgênero;NÃO;ITAJAÍ;Não;Brasil;NÃO;SUL;1;SC;0;0;0;2;0;3;0;1;0;0;0;0;0;0;3;1;2;2025-04-29 16:22:43
2024;Branca;DIVORCIADO;45 a 49 anos                  ;MASCULINO;ENSINO MÉDIO COMPLETO;Cisgênero;NÃO;ITAJAÍ;Não;Brasil;NÃO;SUL;1;SC;0;0;0;1;0;14;0;13;0;0;0;0;0;0;14;13;1;2025-04-29 16:22:43
2024;Branca;DIVORCIADO;45 a 49 anos                  ;MASCULINO;ENSINO MÉDIO COMPLETO;Prefere não informar;NÃO;ITAJAÍ;Não;Brasil;NÃO;SUL;1;SC;0;0;0;1;0;1;0;0;0;0;0;0;0;0;1;0;1;2025-04-29 16:22:43
2024;Branca;DIVORCIADO;45 a 49 anos                  ;MASCULINO;ENSINO MÉDIO INCOMPLETO;Cisgênero;NÃO;ITAJAÍ;Não;Brasil;NÃO;SUL;1;SC;0;0;0;1;0;6;0;5;0;0;0;0;0;0;6;5;1;2025-04-29 16:22:43
2024;Branca;DIVORCIADO;45 a 49 anos                  ;MASCULINO;SUPERIOR COMPLETO;Cisgênero;NÃO;ITAJAÍ;Não;Brasil;NÃO;SUL;1;SC;0;0;0;5;0;11;0;6;0;0;0;0;0;0;11;6;5;2025-04-29 16:22:43
2024;Branca;DIVORCIADO;45 a 49 anos                  ;MASCULINO;SUPERIOR COMPLETO;Cisgênero;SIM;ITAJAÍ;Não;Brasil;NÃO;SUL;1;SC;0;0;0;0;0;1;0;1;0;0;0;0;0;0;1;1;0;2025-04-29 16:22:43
2024;Branca;DIVORCIADO;45 a 49 anos                  ;MASCULINO;SUPERIOR COMPLETO;Prefere não informar;NÃO;ITAJAÍ;Não;Brasil;NÃO;SUL;1;SC;0;0;0;0;0;1;0;1;0;0;0;0;0;0;1;1;0;2025-04-29 16:22:43
2024;Branca;DIVORCIADO;45 a 49 anos                  ;MASCULINO;SUPERIOR INCOMPLETO;Cisgênero;NÃO;ITAJAÍ;Não;Brasil;NÃO;SUL;1;SC;0;0;0;1;0;4;0;3;0;0;0;0;0;0;4;3;1;2025-04-29 16:22:43
2024;Branca;DIVORCIADO;50 a 54 anos                  ;FEMININO;ENSINO FUNDAMENTAL COMPLETO;Cisgênero;NÃO;ITAJAÍ;Não;Brasil;NÃO;SUL;1;SC;0;0;0;2;0;10;0;8;0;0;0;0;0;0;10;8;2;2025-04-29 16:22:43
2024;Branca;DIVORCIADO;50 a 54 anos                  ;FEMININO;ENSINO FUNDAMENTAL INCOMPLETO;Cisgênero;NÃO;ITAJAÍ;Não;Brasil;NÃO;SUL;1;SC;0;0;0;0;0;8;0;8;0;0;0;0;0;0;8;8;0;2025-04-29 16:22:43
2024;Branca;DIVORCIADO;50 a 54 anos                  ;FEMININO;ENSINO FUNDAMENTAL INCOMPLETO;Prefere não informar;NÃO;ITAJAÍ;Não;Brasil;NÃO;SUL;1;SC;0;0;0;0;0;2;0;2;0;0;0;0;0;0;2;2;0;2025-04-29 16:22:43
2024;Branca;DIVORCIADO;50 a 54 anos                  ;FEMININO;ENSINO MÉDIO COMPLETO;Cisgênero;NÃO;ITAJAÍ;Não;Brasil;NÃO;SUL;1;SC;0;0;0;5;0;21;0;16;0;0;0;0;0;0;21;16;5;2025-04-29 16:22:43
2024;Branca;DIVORCIADO;50 a 54 anos                  ;FEMININO;ENSINO MÉDIO COMPLETO;Cisgênero;SIM;ITAJAÍ;Não;Brasil;NÃO;SUL;1;SC;0;0;0;1;0;1;0;0;0;0;0;0;0;0;1;0;1;2025-04-29 16:22:43
2024;Branca;DIVORCIADO;50 a 54 anos                  ;FEMININO;ENSINO MÉDIO COMPLETO;Prefere não informar;NÃO;ITAJAÍ;Não;Brasil;NÃO;SUL;1;SC;0;0;0;1;0;1;0;0;0;0;0;0;0;0;1;0;1;2025-04-29 16:22:43
2024;Branca;DIVORCIADO;50 a 54 anos                  ;FEMININO;ENSINO MÉDIO INCOMPLETO;Cisgênero;NÃO;ITAJAÍ;Não;Brasil;NÃO;SUL;1;SC;0;0;0;0;0;6;0;6;0;0;0;0;0;0;6;6;0;2025-04-29 16:22:43
2024;Branca;DIVORCIADO;50 a 54 anos                  ;FEMININO;LÊ E ESCREVE;Cisgênero;NÃO;ITAJAÍ;Não;Brasil;NÃO;SUL;1;SC;0;0;0;0;0;1;0;1;0;0;0;0;0;0;1;1;0;2025-04-29 16:22:43
2024;Branca;DIVORCIADO;50 a 54 anos                  ;FEMININO;SUPERIOR COMPLETO;Cisgênero;NÃO;ITAJAÍ;Não;Brasil;NÃO;SUL;1;SC;0;0;0;4;0;32;0;28;0;1;1;0;0;0;32;28;4;2025-04-29 16:22:43
2024;Branca;DIVORCIADO;50 a 54 anos                  ;FEMININO;SUPERIOR COMPLETO;Prefere não informar;NÃO;ITAJAÍ;Não;Brasil;NÃO;SUL;1;SC;0;0;0;0;0;3;0;3;0;0;0;0;0;0;3;3;0;2025-04-29 16:22:43
2024;Branca;DIVORCIADO;50 a 54 anos                  ;FEMININO;SUPERIOR INCOMPLETO;Prefere não informar;NÃO;ITAJAÍ;Não;Brasil;NÃO;SUL;1;SC;0;0;0;0;0;1;0;1;0;0;0;0;0;0;1;1;0;2025-04-29 16:22:43
2024;Branca;DIVORCIADO;50 a 54 anos                  ;MASCULINO;ENSINO FUNDAMENTAL COMPLETO;Cisgênero;NÃO;ITAJAÍ;Não;Brasil;NÃO;SUL;1;SC;0;0;0;1;0;3;0;2;0;0;0;0;0;0;3;2;1;2025-04-29 16:22:43
2024;Branca;DIVORCIADO;50 a 54 anos                  ;MASCULINO;ENSINO FUNDAMENTAL INCOMPLETO;Cisgênero;NÃO;ITAJAÍ;Não;Brasil;NÃO;SUL;1;SC;1;0;0;5;0;9;0;4;0;1;0;0;1;0;9;4;5;2025-04-29 16:22:43
2024;Branca;DIVORCIADO;50 a 54 anos                  ;MASCULINO;ENSINO MÉDIO COMPLETO;Cisgênero;NÃO;ITAJAÍ;Não;Brasil;NÃO;SUL;1;SC;0;0;0;5;0;19;0;14;0;2;2;0;0;0;19;14;5;2025-04-29 16:22:43
2024;Branca;DIVORCIADO;50 a 54 anos                  ;MASCULINO;ENSINO MÉDIO INCOMPLETO;Cisgênero;NÃO;ITAJAÍ;Não;Brasil;NÃO;SUL;1;SC;0;0;0;4;0;5;0;1;0;0;0;0;0;0;5;1;4;2025-04-29 16:22:43
2024;Branca;DIVORCIADO;50 a 54 anos                  ;MASCULINO;SUPERIOR COMPLETO;Cisgênero;NÃO;ITAJAÍ;Não;Brasil;NÃO;SUL;1;SC;0;0;0;4;0;11;0;7;0;1;1;0;0;0;11;7;4;2025-04-29 16:22:43
2024;Branca;DIVORCIADO;50 a 54 anos                  ;MASCULINO;SUPERIOR COMPLETO;Prefere não informar;NÃO;ITAJAÍ;Não;Brasil;NÃO;SUL;1;SC;0;0;0;0;0;2;0;2;0;0;0;0;0;0;2;2;0;2025-04-29 16:22:43
2024;Branca;DIVORCIADO;50 a 54 anos                  ;MASCULINO;SUPERIOR INCOMPLETO;Cisgênero;NÃO;ITAJAÍ;Não;Brasil;NÃO;SUL;1;SC;0;0;0;0;0;5;0;5;0;0;0;0;0;0;5;5;0;2025-04-29 16:22:43
2024;Branca;DIVORCIADO;55 a 59 anos                  ;FEMININO;ENSINO FUNDAMENTAL COMPLETO;Cisgênero;NÃO;ITAJAÍ;Não;Brasil;NÃO;SUL;1;SC;0;0;0;0;0;5;0;5;0;0;0;0;0;0;5;5;0;2025-04-29 16:22:43
2024;Branca;DIVORCIADO;55 a 59 anos                  ;FEMININO;ENSINO FUNDAMENTAL COMPLETO;Prefere não informar;NÃO;ITAJAÍ;Não;Brasil;NÃO;SUL;1;SC;0;0;0;0;0;2;0;2;0;0;0;0;0;0;2;2;0;2025-04-29 16:22:43
2024;Branca;DIVORCIADO;55 a 59 anos                  ;FEMININO;ENSINO FUNDAMENTAL INCOMPLETO;Cisgênero;NÃO;ITAJAÍ;Não;Brasil;NÃO;SUL;1;SC;0;0;0;1;0;10;0;9;0;0;0;0;0;0;10;9;1;2025-04-29 16:22:43
2024;Branca;DIVORCIADO;55 a 59 anos                  ;FEMININO;ENSINO FUNDAMENTAL INCOMPLETO;Prefere não informar;NÃO;ITAJAÍ;Não;Brasil;NÃO;SUL;1;SC;0;0;0;0;0;2;0;2;0;0;0;0;0;0;2;2;0;2025-04-29 16:22:43
2024;Branca;DIVORCIADO;55 a 59 anos                  ;FEMININO;ENSINO MÉDIO COMPLETO;Cisgênero;NÃO;ITAJAÍ;Não;Brasil;NÃO;SUL;1;SC;0;0;0;5;0;19;0;14;0;1;1;0;0;0;19;14;5;2025-04-29 16:22:43
2024;Branca;DIVORCIADO;55 a 59 anos                  ;FEMININO;ENSINO MÉDIO INCOMPLETO;Cisgênero;NÃO;ITAJAÍ;Não;Brasil;NÃO;SUL;1;SC;0;0;0;0;0;2;0;2;0;0;0;0;0;0;2;2;0;2025-04-29 16:22:43
2024;Branca;DIVORCIADO;55 a 59 anos                  ;FEMININO;ENSINO MÉDIO INCOMPLETO;Prefere não informar;NÃO;ITAJAÍ;Não;Brasil;NÃO;SUL;1;SC;0;0;0;0;0;1;0;1;0;0;0;0;0;0;1;1;0;2025-04-29 16:22:43
2024;Branca;DIVORCIADO;55 a 59 anos                  ;FEMININO;SUPERIOR COMPLETO;Cisgênero;NÃO;ITAJAÍ;Não;Brasil;NÃO;SUL;1;SC;1;0;0;4;0;28;0;24;0;2;1;0;1;0;28;24;4;2025-04-29 16:22:43
2024;Branca;DIVORCIADO;55 a 59 anos                  ;FEMININO;SUPERIOR COMPLETO;Prefere não informar;NÃO;ITAJAÍ;Não;Brasil;NÃO;SUL;1;SC;0;0;0;0;0;1;0;1;0;0;0;0;0;0;1;1;0;2025-04-29 16:22:43
2024;Branca;DIVORCIADO;55 a 59 anos                  ;FEMININO;SUPERIOR INCOMPLETO;Cisgênero;NÃO;ITAJAÍ;Não;Brasil;NÃO;SUL;1;SC;0;0;0;2;0;2;0;0;0;0;0;0;0;0;2;0;2;2025-04-29 16:22:43
2024;Branca;DIVORCIADO;55 a 59 anos                  ;MASCULINO;ENSINO FUNDAMENTAL COMPLETO;Cisgênero;NÃO;ITAJAÍ;Não;Brasil;NÃO;SUL;1;SC;0;0;0;0;0;3;0;3;0;0;0;0;0;0;3;3;0;2025-04-29 16:22:43
2024;Branca;DIVORCIADO;55 a 59 anos                  ;MASCULINO;ENSINO FUNDAMENTAL COMPLETO;Cisgênero;SIM;ITAJAÍ;Não;Brasil;NÃO;SUL;1;SC;0;0;0;0;0;1;0;1;0;0;0;0;0;0;1;1;0;2025-04-29 16:22:43
2024;Branca;DIVORCIADO;55 a 59 anos                  ;MASCULINO;ENSINO FUNDAMENTAL INCOMPLETO;Cisgênero;NÃO;ITAJAÍ;Não;Brasil;NÃO;SUL;1;SC;0;0;0;1;0;14;0;13;0;0;0;0;0;0;14;13;1;2025-04-29 16:22:43
2024;Branca;DIVORCIADO;55 a 59 anos                  ;MASCULINO;ENSINO MÉDIO COMPLETO;Cisgênero;NÃO;ITAJAÍ;Não;Brasil;NÃO;SUL;1;SC;0;0;0;3;0;17;0;14;0;1;1;0;0;0;17;14;3;2025-04-29 16:22:43
2024;Branca;DIVORCIADO;55 a 59 anos                  ;MASCULINO;ENSINO MÉDIO INCOMPLETO;Cisgênero;NÃO;ITAJAÍ;Não;Brasil;NÃO;SUL;1;SC;0;0;0;1;0;5;0;4;0;0;0;0;0;0;5;4;1;2025-04-29 16:22:43
2024;Branca;DIVORCIADO;55 a 59 anos                  ;MASCULINO;SUPERIOR COMPLETO;Cisgênero;NÃO;ITAJAÍ;Não;Brasil;NÃO;SUL;1;SC;0;1;0;2;0;8;0;6;0;1;1;0;0;0;8;6;2;2025-04-29 16:22:43
2024;Branca;DIVORCIADO;55 a 59 anos                  ;MASCULINO;SUPERIOR INCOMPLETO;Cisgênero;NÃO;ITAJAÍ;Não;Brasil;NÃO;SUL;1;SC;0;0;0;1;0;5;0;4;0;0;0;0;0;0;5;4;1;2025-04-29 16:22:43
2024;Branca;DIVORCIADO;60 a 64 anos                  ;FEMININO;ANALFABETO;Cisgênero;NÃO;ITAJAÍ;Não;Brasil;NÃO;SUL;1;SC;0;0;0;0;2;0;2;0;1;0;1;0;0;0;2;2;0;2025-04-29 16:22:43
2024;Branca;DIVORCIADO;60 a 64 anos                  ;FEMININO;ENSINO FUNDAMENTAL COMPLETO;Cisgênero;NÃO;ITAJAÍ;Não;Brasil;NÃO;SUL;1;SC;0;0;0;1;0;9;0;8;0;0;0;0;0;0;9;8;1;2025-04-29 16:22:43
2024;Branca;DIVORCIADO;60 a 64 anos                  ;FEMININO;ENSINO FUNDAMENTAL INCOMPLETO;Cisgênero;NÃO;ITAJAÍ;Não;Brasil;NÃO;SUL;1;SC;0;0;0;1;0;13;0;12;0;1;1;0;0;0;13;12;1;2025-04-29 16:22:43
2024;Branca;DIVORCIADO;60 a 64 anos                  ;FEMININO;ENSINO MÉDIO COMPLETO;Cisgênero;NÃO;ITAJAÍ;Não;Brasil;NÃO;SUL;1;SC;0;0;0;2;0;16;0;14;0;1;1;0;0;0;16;14;2;2025-04-29 16:22:43
2024;Branca;DIVORCIADO;60 a 64 anos                  ;FEMININO;ENSINO MÉDIO INCOMPLETO;Cisgênero;NÃO;ITAJAÍ;Não;Brasil;NÃO;SUL;1;SC;0;0;0;0;0;7;0;7;0;0;0;0;0;0;7;7;0;2025-04-29 16:22:43
2024;Branca;DIVORCIADO;60 a 64 anos                  ;FEMININO;LÊ E ESCREVE;Cisgênero;NÃO;ITAJAÍ;Não;Brasil;NÃO;SUL;1;SC;0;0;0;0;0;1;0;1;0;0;0;0;0;0;1;1;0;2025-04-29 16:22:43
2024;Branca;DIVORCIADO;60 a 64 anos                  ;FEMININO;SUPERIOR COMPLETO;Cisgênero;NÃO;ITAJAÍ;Não;Brasil;NÃO;SUL;1;SC;0;0;0;3;0;18;0;15;0;1;1;0;0;0;18;15;3;2025-04-29 16:22:43
2024;Branca;DIVORCIADO;60 a 64 anos                  ;FEMININO;SUPERIOR INCOMPLETO;Cisgênero;NÃO;ITAJAÍ;Não;Brasil;NÃO;SUL;1;SC;0;0;0;0;0;1;0;1;0;0;0;0;0;0;1;1;0;2025-04-29 16:22:43
2024;Branca;DIVORCIADO;60 a 64 anos                  ;MASCULINO;ENSINO FUNDAMENTAL COMPLETO;Cisgênero;NÃO;ITAJAÍ;Não;Brasil;NÃO;SUL;1;SC;0;0;0;1;0;6;0;5;0;0;0;0;0;0;6;5;1;2025-04-29 16:22:43
2024;Branca;DIVORCIADO;60 a 64 anos                  ;MASCULINO;ENSINO FUNDAMENTAL INCOMPLETO;Cisgênero;NÃO;ITAJAÍ;Não;Brasil;NÃO;SUL;1;SC;0;0;0;0;0;8;0;8;0;0;0;0;0;0;8;8;0;2025-04-29 16:22:43
2024;Branca;DIVORCIADO;60 a 64 anos                  ;MASCULINO;ENSINO MÉDIO COMPLETO;Cisgênero;NÃO;ITAJAÍ;Não;Brasil;NÃO;SUL;1;SC;0;1;0;4;0;19;0;15;0;0;0;0;0;0;19;15;4;2025-04-29 16:22:43
2024;Branca;DIVORCIADO;60 a 64 anos                  ;MASCULINO;LÊ E ESCREVE;Cisgênero;NÃO;ITAJAÍ;Não;Brasil;NÃO;SUL;1;SC;0;0;0;1;0;2;0;1;0;1;1;0;0;0;2;1;1;2025-04-29 16:22:43
2024;Branca;DIVORCIADO;60 a 64 anos                  ;MASCULINO;SUPERIOR COMPLETO;Cisgênero;NÃO;ITAJAÍ;Não;Brasil;NÃO;SUL;1;SC;0;0;0;1;0;7;0;6;0;0;0;0;0;0;7;6;1;2025-04-29 16:22:43
2024;Branca;DIVORCIADO;60 a 64 anos                  ;MASCULINO;SUPERIOR INCOMPLETO;Cisgênero;NÃO;ITAJAÍ;Não;Brasil;NÃO;SUL;1;SC;0;0;0;0;0;4;0;4;0;0;0;0;0;0;4;4;0;2025-04-29 16:22:43
2024;Branca;DIVORCIADO;65 a 69 anos                  ;FEMININO;ANALFABETO;Cisgênero;NÃO;ITAJAÍ;Não;Brasil;NÃO;SUL;1;SC;1;0;0;0;1;0;0;0;1;0;0;1;0;0;1;0;1;2025-04-29 16:22:43
2024;Branca;DIVORCIADO;65 a 69 anos                  ;FEMININO;ENSINO FUNDAMENTAL COMPLETO;Cisgênero;NÃO;ITAJAÍ;Não;Brasil;NÃO;SUL;1;SC;0;0;0;0;0;1;0;1;0;0;0;0;0;0;1;1;0;2025-04-29 16:22:43
2024;Branca;DIVORCIADO;65 a 69 anos                  ;FEMININO;ENSINO FUNDAMENTAL INCOMPLETO;Cisgênero;NÃO;ITAJAÍ;Não;Brasil;NÃO;SUL;1;SC;0;0;0;3;0;9;0;6;0;0;0;0;0;0;9;6;3;2025-04-29 16:22:43
2024;Branca;DIVORCIADO;65 a 69 anos                  ;FEMININO;ENSINO MÉDIO COMPLETO;Cisgênero;NÃO;ITAJAÍ;Não;Brasil;NÃO;SUL;1;SC;0;0;0;2;0;4;0;2;0;0;0;0;0;0;4;2;2;2025-04-29 16:22:43
2024;Branca;DIVORCIADO;65 a 69 anos                  ;FEMININO;ENSINO MÉDIO INCOMPLETO;Cisgênero;NÃO;ITAJAÍ;Não;Brasil;NÃO;SUL;1;SC;0;0;0;0;0;4;0;4;0;0;0;0;0;0;4;4;0;2025-04-29 16:22:43
2024;Branca;DIVORCIADO;65 a 69 anos                  ;FEMININO;SUPERIOR COMPLETO;Cisgênero;NÃO;ITAJAÍ;Não;Brasil;NÃO;SUL;1;SC;0;0;0;2;0;12;0;10;0;0;0;0;0;0;12;10;2;2025-04-29 16:22:43
2024;Branca;DIVORCIADO;65 a 69 anos                  ;FEMININO;SUPERIOR INCOMPLETO;Cisgênero;NÃO;ITAJAÍ;Não;Brasil;NÃO;SUL;1;SC;0;0;0;0;0;1;0;1;0;0;0;0;0;0;1;1;0;2025-04-29 16:22:43
2024;Branca;DIVORCIADO;65 a 69 anos                  ;MASCULINO;ANALFABETO;Cisgênero;NÃO;ITAJAÍ;Não;Brasil;NÃO;SUL;1;SC;0;0;0;0;1;0;0;0;0;0;0;0;0;0;1;0;1;2025-04-29 16:22:43
2024;Branca;DIVORCIADO;65 a 69 anos                  ;MASCULINO;ENSINO FUNDAMENTAL COMPLETO;Cisgênero;NÃO;ITAJAÍ;Não;Brasil;NÃO;SUL;1;SC;0;0;0;2;0;2;0;0;0;0;0;0;0;0;2;0;2;2025-04-29 16:22:43
2024;Branca;DIVORCIADO;65 a 69 anos                  ;MASCULINO;ENSINO FUNDAMENTAL COMPLETO;Prefere não informar;NÃO;ITAJAÍ;Não;Brasil;NÃO;SUL;1;SC;0;0;0;0;0;1;0;1;0;0;0;0;0;0;1;1;0;2025-04-29 16:22:43
2024;Branca;DIVORCIADO;65 a 69 anos                  ;MASCULINO;ENSINO FUNDAMENTAL INCOMPLETO;Cisgênero;NÃO;ITAJAÍ;Não;Brasil;NÃO;SUL;1;SC;0;0;0;2;0;6;0;4;0;0;0;0;0;0;6;4;2;2025-04-29 16:22:43
2024;Branca;DIVORCIADO;65 a 69 anos                  ;MASCULINO;ENSINO MÉDIO COMPLETO;Cisgênero;NÃO;ITAJAÍ;Não;Brasil;NÃO;SUL;1;SC;0;0;0;2;0;8;0;6;0;0;0;0;0;0;8;6;2;2025-04-29 16:22:43
2024;Branca;DIVORCIADO;65 a 69 anos                  ;MASCULINO;ENSINO MÉDIO INCOMPLETO;Cisgênero;NÃO;ITAJAÍ;Não;Brasil;NÃO;SUL;1;SC;0;0;0;1;0;3;0;2;0;0;0;0;0;0;3;2;1;2025-04-29 16:22:43
2024;Branca;DIVORCIADO;65 a 69 anos                  ;MASCULINO;LÊ E ESCREVE;Cisgênero;NÃO;ITAJAÍ;Não;Brasil;NÃO;SUL;1;SC;0;0;0;0;0;1;0;1;0;0;0;0;0;0;1;1;0;2025-04-29 16:22:43
2024;Branca;DIVORCIADO;65 a 69 anos                  ;MASCULINO;SUPERIOR COMPLETO;Cisgênero;NÃO;ITAJAÍ;Não;Brasil;NÃO;SUL;1;SC;0;0;0;2;0;4;0;2;0;0;0;0;0;0;4;2;2;2025-04-29 16:22:43
2024;Branca;DIVORCIADO;65 a 69 anos                  ;MASCULINO;SUPERIOR INCOMPLETO;Cisgênero;NÃO;ITAJAÍ;Não;Brasil;NÃO;SUL;1;SC;0;0;0;1;0;3;0;2;0;0;0;0;0;0;3;2;1;2025-04-29 16:22:43
2024;Branca;DIVORCIADO;70 a 74 anos                  ;FEMININO;ENSINO FUNDAMENTAL COMPLETO;Cisgênero;NÃO;ITAJAÍ;Não;Brasil;NÃO;SUL;1;SC;0;0;0;0;2;0;2;0;0;0;0;0;0;0;2;2;0;2025-04-29 16:22:43
2024;Branca;DIVORCIADO;70 a 74 anos                  ;FEMININO;ENSINO FUNDAMENTAL INCOMPLETO;Cisgênero;NÃO;ITAJAÍ;Não;Brasil;NÃO;SUL;1;SC;0;0;0;0;3;0;3;0;0;0;0;0;0;0;3;3;0;2025-04-29 16:22:43
2024;Branca;DIVORCIADO;70 a 74 anos                  ;FEMININO;ENSINO MÉDIO COMPLETO;Cisgênero;NÃO;ITAJAÍ;Não;Brasil;NÃO;SUL;1;SC;0;0;0;0;5;0;4;0;1;0;1;0;0;0;5;4;1;2025-04-29 16:22:43
2024;Branca;DIVORCIADO;70 a 74 anos                  ;FEMININO;ENSINO MÉDIO INCOMPLETO;Cisgênero;NÃO;ITAJAÍ;Não;Brasil;NÃO;SUL;1;SC;0;0;0;0;3;0;2;0;0;0;0;0;0;0;3;2;1;2025-04-29 16:22:43
2024;Branca;DIVORCIADO;70 a 74 anos                  ;FEMININO;LÊ E ESCREVE;Cisgênero;NÃO;ITAJAÍ;Não;Brasil;NÃO;SUL;1;SC;0;0;0;0;3;0;3;0;0;0;0;0;0;0;3;3;0;2025-04-29 16:22:43
2024;Branca;DIVORCIADO;70 a 74 anos                  ;FEMININO;SUPERIOR COMPLETO;Cisgênero;NÃO;ITAJAÍ;Não;Brasil;NÃO;SUL;1;SC;0;0;0;0;6;0;4;0;1;0;1;0;0;0;6;4;2;2025-04-29 16:22:43
2024;Branca;DIVORCIADO;70 a 74 anos                  ;MASCULINO;ENSINO FUNDAMENTAL INCOMPLETO;Cisgênero;NÃO;ITAJAÍ;Não;Brasil;NÃO;SUL;1;SC;0;0;0;0;1;0;0;0;0;0;0;0;0;0;1;0;1;2025-04-29 16:22:43
2024;Branca;DIVORCIADO;70 a 74 anos                  ;MASCULINO;ENSINO FUNDAMENTAL INCOMPLETO;Prefere não informar;NÃO;ITAJAÍ;Não;Brasil;NÃO;SUL;1;SC;0;0;0;0;1;0;1;0;0;0;0;0;0;0;1;1;0;2025-04-29 16:22:43
2024;Branca;DIVORCIADO;70 a 74 anos                  ;MASCULINO;ENSINO MÉDIO COMPLETO;Cisgênero;NÃO;ITAJAÍ;Não;Brasil;NÃO;SUL;1;SC;0;0;0;0;1;0;1;0;0;0;0;0;0;0;1;1;0;2025-04-29 16:22:43
2024;Branca;DIVORCIADO;70 a 74 anos                  ;MASCULINO;SUPERIOR COMPLETO;Cisgênero;NÃO;ITAJAÍ;Não;Brasil;NÃO;SUL;1;SC;0;0;0;0;1;0;1;0;0;0;0;0;0;0;1;1;0;2025-04-29 16:22:43
2024;Branca;DIVORCIADO;75 a 79 anos                  ;FEMININO;ENSINO MÉDIO COMPLETO;Cisgênero;NÃO;ITAJAÍ;Não;Brasil;NÃO;SUL;1;SC;0;0;0;0;1;0;1;0;0;0;0;0;0;0;1;1;0;2025-04-29 16:22:43
2024;Branca;DIVORCIADO;75 a 79 anos                  ;FEMININO;ENSINO MÉDIO INCOMPLETO;Cisgênero;NÃO;ITAJAÍ;Não;Brasil;NÃO;SUL;1;SC;0;0;0;0;1;0;1;0;0;0;0;0;0;0;1;1;0;2025-04-29 16:22:43
2024;Branca;DIVORCIADO;75 a 79 anos                  ;FEMININO;SUPERIOR COMPLETO;Cisgênero;NÃO;ITAJAÍ;Não;Brasil;NÃO;SUL;1;SC;0;0;0;0;2;0;1;0;0;0;0;0;0;0;2;1;1;2025-04-29 16:22:43
2024;Branca;DIVORCIADO;75 a 79 anos                  ;MASCULINO;ENSINO FUNDAMENTAL COMPLETO;Cisgênero;NÃO;ITAJAÍ;Não;Brasil;NÃO;SUL;1;SC;0;0;0;0;1;0;1;0;0;0;0;0;0;0;1;1;0;2025-04-29 16:22:43
2024;Branca;DIVORCIADO;75 a 79 anos                  ;MASCULINO;ENSINO FUNDAMENTAL INCOMPLETO;Cisgênero;NÃO;ITAJAÍ;Não;Brasil;NÃO;SUL;1;SC;0;0;0;0;1;0;1;0;0;0;0;0;0;0;1;1;0;2025-04-29 16:22:43
2024;Branca;DIVORCIADO;75 a 79 anos                  ;MASCULINO;SUPERIOR COMPLETO;Cisgênero;NÃO;ITAJAÍ;Não;Brasil;NÃO;SUL;1;SC;0;0;0;0;1;0;1;0;0;0;0;0;0;0;1;1;0;2025-04-29 16:22:43
2024;Branca;DIVORCIADO;80 a 84 anos                  ;MASCULINO;ENSINO FUNDAMENTAL COMPLETO;Cisgênero;NÃO;ITAJAÍ;Não;Brasil;NÃO;SUL;1;SC;0;0;0;0;1;0;1;0;0;0;0;0;0;0;1;1;0;2025-04-29 16:22:43
2024;Branca;DIVORCIADO;90 a 94 anos                  ;FEMININO;ENSINO FUNDAMENTAL INCOMPLETO;Cisgênero;NÃO;ITAJAÍ;Não;Brasil;NÃO;SUL;1;SC;0;0;0;0;1;0;0;0;0;0;0;0;0;0;1;0;1;2025-04-29 16:22:43
2024;Branca;SEPARADO JUDICIALMENTE;25 a 29 anos                  ;FEMININO;ENSINO FUNDAMENTAL COMPLETO;Cisgênero;NÃO;ITAJAÍ;Não;Brasil;NÃO;SUL;1;SC;0;0;0;0;0;1;0;1;0;0;0;0;0;0;1;1;0;2025-04-29 16:22:43
2024;Branca;SEPARADO JUDICIALMENTE;25 a 29 anos                  ;FEMININO;ENSINO FUNDAMENTAL INCOMPLETO;Cisgênero;NÃO;ITAJAÍ;Não;Brasil;NÃO;SUL;1;SC;0;0;0;0;0;1;0;1;0;0;0;0;0;0;1;1;0;2025-04-29 16:22:43
2024;Branca;SEPARADO JUDICIALMENTE;25 a 29 anos                  ;MASCULINO;ENSINO MÉDIO INCOMPLETO;Cisgênero;NÃO;ITAJAÍ;Não;Brasil;NÃO;SUL;1;SC;0;0;0;1;0;1;0;0;0;0;0;0;0;0;1;0;1;2025-04-29 16:22:43
2024;Branca;SEPARADO JUDICIALMENTE;30 a 34 anos                  ;FEMININO;ENSINO MÉDIO COMPLETO;Cisgênero;NÃO;ITAJAÍ;Não;Brasil;NÃO;SUL;1;SC;0;0;0;2;0;2;0;0;0;0;0;0;0;0;2;0;2;2025-04-29 16:22:43
2024;Branca;SEPARADO JUDICIALMENTE;30 a 34 anos                  ;MASCULINO;ENSINO MÉDIO COMPLETO;Cisgênero;NÃO;ITAJAÍ;Não;Brasil;NÃO;SUL;1;SC;0;0;0;1;0;1;0;0;0;0;0;0;0;0;1;0;1;2025-04-29 16:22:43
2024;Branca;SEPARADO JUDICIALMENTE;35 a 39 anos                  ;FEMININO;ENSINO FUNDAMENTAL COMPLETO;Cisgênero;NÃO;ITAJAÍ;Não;Brasil;NÃO;SUL;1;SC;0;0;0;0;0;1;0;1;0;0;0;0;0;0;1;1;0;2025-04-29 16:22:43
2024;Branca;SEPARADO JUDICIALMENTE;35 a 39 anos                  ;FEMININO;ENSINO MÉDIO COMPLETO;Cisgênero;NÃO;ITAJAÍ;Não;Brasil;NÃO;SUL;1;SC;0;0;0;0;0;1;0;1;0;0;0;0;0;0;1;1;0;2025-04-29 16:22:43
2024;Branca;SEPARADO JUDICIALMENTE;35 a 39 anos                  ;FEMININO;SUPERIOR COMPLETO;Cisgênero;NÃO;ITAJAÍ;Não;Brasil;NÃO;SUL;1;SC;0;0;0;0;0;1;0;1;0;0;0;0;0;0;1;1;0;2025-04-29 16:22:43
2024;Branca;SEPARADO JUDICIALMENTE;35 a 39 anos                  ;MASCULINO;ENSINO MÉDIO COMPLETO;Cisgênero;NÃO;ITAJAÍ;Não;Brasil;NÃO;SUL;1;SC;0;0;0;0;0;1;0;1;0;0;0;0;0;0;1;1;0;2025-04-29 16:22:43
2024;Branca;SEPARADO JUDICIALMENTE;35 a 39 anos                  ;MASCULINO;ENSINO MÉDIO COMPLETO;Prefere não informar;NÃO;ITAJAÍ;Não;Brasil;NÃO;SUL;1;SC;0;0;0;0;0;1;0;1;0;0;0;0;0;0;1;1;0;2025-04-29 16:22:43
2024;Branca;SEPARADO JUDICIALMENTE;35 a 39 anos                  ;MASCULINO;ENSINO MÉDIO INCOMPLETO;Cisgênero;NÃO;ITAJAÍ;Não;Brasil;NÃO;SUL;1;SC;0;0;0;1;0;1;0;0;0;0;0;0;0;0;1;0;1;2025-04-29 16:22:43
2024;Branca;SEPARADO JUDICIALMENTE;35 a 39 anos                  ;MASCULINO;SUPERIOR INCOMPLETO;Cisgênero;NÃO;ITAJAÍ;Não;Brasil;NÃO;SUL;1;SC;0;0;0;1;0;1;0;0;0;0;0;0;0;0;1;0;1;2025-04-29 16:22:43
2024;Branca;SEPARADO JUDICIALMENTE;40 a 44 anos                  ;FEMININO;ENSINO FUNDAMENTAL COMPLETO;Cisgênero;NÃO;ITAJAÍ;Não;Brasil;NÃO;SUL;1;SC;0;0;0;0;0;1;0;1;0;0;0;0;0;0;1;1;0;2025-04-29 16:22:43
2024;Branca;SEPARADO JUDICIALMENTE;40 a 44 anos                  ;FEMININO;ENSINO FUNDAMENTAL INCOMPLETO;Cisgênero;NÃO;ITAJAÍ;Não;Brasil;NÃO;SUL;1;SC;0;0;0;1;0;1;0;0;0;0;0;0;0;0;1;0;1;2025-04-29 16:22:43
2024;Branca;SEPARADO JUDICIALMENTE;40 a 44 anos                  ;FEMININO;ENSINO MÉDIO COMPLETO;Cisgênero;NÃO;ITAJAÍ;Não;Brasil;NÃO;SUL;1;SC;0;0;0;1;0;1;0;0;0;0;0;0;0;0;1;0;1;2025-04-29 16:22:43
2024;Branca;SEPARADO JUDICIALMENTE;40 a 44 anos                  ;FEMININO;SUPERIOR COMPLETO;Cisgênero;NÃO;ITAJAÍ;Não;Brasil;NÃO;SUL;1;SC;0;0;0;0;0;1;0;1;0;0;0;0;0;0;1;1;0;2025-04-29 16:22:43
2024;Branca;SEPARADO JUDICIALMENTE;40 a 44 anos                  ;FEMININO;SUPERIOR INCOMPLETO;Cisgênero;NÃO;ITAJAÍ;Não;Brasil;NÃO;SUL;1;SC;0;0;0;1;0;2;0;1;0;0;0;0;0;0;2;1;1;2025-04-29 16:22:43
2024;Branca;SEPARADO JUDICIALMENTE;40 a 44 anos                  ;MASCULINO;ENSINO FUNDAMENTAL COMPLETO;Cisgênero;NÃO;ITAJAÍ;Não;Brasil;NÃO;SUL;1;SC;0;0;0;0;0;1;0;1;0;0;0;0;0;0;1;1;0;2025-04-29 16:22:43
2024;Branca;SEPARADO JUDICIALMENTE;40 a 44 anos                  ;MASCULINO;ENSINO FUNDAMENTAL INCOMPLETO;Cisgênero;NÃO;ITAJAÍ;Não;Brasil;NÃO;SUL;1;SC;0;0;0;1;0;1;0;0;0;0;0;0;0;0;1;0;1;2025-04-29 16:22:43
2024;Branca;SEPARADO JUDICIALMENTE;40 a 44 anos                  ;MASCULINO;ENSINO MÉDIO COMPLETO;Cisgênero;NÃO;ITAJAÍ;Não;Brasil;NÃO;SUL;1;SC;0;0;0;0;0;1;0;1;0;0;0;0;0;0;1;1;0;2025-04-29 16:22:43
2024;Branca;SEPARADO JUDICIALMENTE;40 a 44 anos                  ;MASCULINO;ENSINO MÉDIO INCOMPLETO;Cisgênero;NÃO;ITAJAÍ;Não;Brasil;NÃO;SUL;1;SC;0;0;0;0;0;1;0;1;0;0;0;0;0;0;1;1;0;2025-04-29 16:22:43
2024;Branca;SEPARADO JUDICIALMENTE;40 a 44 anos                  ;MASCULINO;SUPERIOR INCOMPLETO;Cisgênero;NÃO;ITAJAÍ;Não;Brasil;NÃO;SUL;1;SC;0;0;0;0;0;1;0;1;0;0;0;0;0;0;1;1;0;2025-04-29 16:22:43
2024;Branca;SEPARADO JUDICIALMENTE;45 a 49 anos                  ;FEMININO;ENSINO FUNDAMENTAL INCOMPLETO;Cisgênero;NÃO;ITAJAÍ;Não;Brasil;NÃO;SUL;1;SC;0;0;0;0;0;1;0;1;0;0;0;0;0;0;1;1;0;2025-04-29 16:22:43
2024;Branca;SEPARADO JUDICIALMENTE;45 a 49 anos                  ;FEMININO;ENSINO MÉDIO COMPLETO;Cisgênero;NÃO;ITAJAÍ;Não;Brasil;NÃO;SUL;1;SC;0;0;0;0;0;1;0;1;0;0;0;0;0;0;1;1;0;2025-04-29 16:22:43
2024;Branca;SEPARADO JUDICIALMENTE;45 a 49 anos                  ;FEMININO;ENSINO MÉDIO COMPLETO;Prefere não informar;NÃO;ITAJAÍ;Não;Brasil;NÃO;SUL;1;SC;0;0;0;0;0;1;0;1;0;0;0;0;0;0;1;1;0;2025-04-29 16:22:43
2024;Branca;SEPARADO JUDICIALMENTE;45 a 49 anos                  ;FEMININO;SUPERIOR COMPLETO;Cisgênero;NÃO;ITAJAÍ;Não;Brasil;NÃO;SUL;1;SC;0;0;0;0;0;4;0;4;0;0;0;0;0;0;4;4;0;2025-04-29 16:22:43
2024;Branca;SEPARADO JUDICIALMENTE;45 a 49 anos                  ;FEMININO;SUPERIOR INCOMPLETO;Cisgênero;NÃO;ITAJAÍ;Não;Brasil;NÃO;SUL;1;SC;0;0;0;0;0;1;0;1;0;0;0;0;0;0;1;1;0;2025-04-29 16:22:43
2024;Branca;SEPARADO JUDICIALMENTE;50 a 54 anos                  ;FEMININO;ENSINO FUNDAMENTAL COMPLETO;Cisgênero;NÃO;ITAJAÍ;Não;Brasil;NÃO;SUL;1;SC;0;0;0;0;0;2;0;2;0;0;0;0;0;0;2;2;0;2025-04-29 16:22:43
2024;Branca;SEPARADO JUDICIALMENTE;50 a 54 anos                  ;FEMININO;ENSINO FUNDAMENTAL INCOMPLETO;Cisgênero;NÃO;ITAJAÍ;Não;Brasil;NÃO;SUL;1;SC;0;0;0;1;0;1;0;0;0;0;0;0;0;0;1;0;1;2025-04-29 16:22:43
2024;Branca;SEPARADO JUDICIALMENTE;50 a 54 anos                  ;FEMININO;ENSINO MÉDIO COMPLETO;Cisgênero;SIM;ITAJAÍ;Não;Brasil;NÃO;SUL;1;SC;0;0;0;0;0;1;0;1;0;0;0;0;0;0;1;1;0;2025-04-29 16:22:43
2024;Branca;SEPARADO JUDICIALMENTE;50 a 54 anos                  ;FEMININO;SUPERIOR COMPLETO;Cisgênero;NÃO;ITAJAÍ;Não;Brasil;NÃO;SUL;1;SC;0;0;0;0;0;1;0;1;0;0;0;0;0;0;1;1;0;2025-04-29 16:22:43
2024;Branca;SEPARADO JUDICIALMENTE;50 a 54 anos                  ;FEMININO;SUPERIOR INCOMPLETO;Cisgênero;NÃO;ITAJAÍ;Não;Brasil;NÃO;SUL;1;SC;0;0;0;0;0;1;0;1;0;0;0;0;0;0;1;1;0;2025-04-29 16:22:43
2024;Branca;SEPARADO JUDICIALMENTE;50 a 54 anos                  ;MASCULINO;ENSINO FUNDAMENTAL INCOMPLETO;Cisgênero;NÃO;ITAJAÍ;Não;Brasil;NÃO;SUL;1;SC;0;0;0;0;0;1;0;1;0;0;0;0;0;0;1;1;0;2025-04-29 16:22:43
2024;Branca;SEPARADO JUDICIALMENTE;50 a 54 anos                  ;MASCULINO;ENSINO MÉDIO COMPLETO;Cisgênero;NÃO;ITAJAÍ;Não;Brasil;NÃO;SUL;1;SC;0;0;0;0;0;2;0;2;0;0;0;0;0;0;2;2;0;2025-04-29 16:22:43
2024;Branca;SEPARADO JUDICIALMENTE;50 a 54 anos                  ;MASCULINO;ENSINO MÉDIO INCOMPLETO;Cisgênero;NÃO;ITAJAÍ;Não;Brasil;NÃO;SUL;1;SC;0;0;0;0;0;1;0;1;0;0;0;0;0;0;1;1;0;2025-04-29 16:22:43
2024;Branca;SEPARADO JUDICIALMENTE;50 a 54 anos                  ;MASCULINO;SUPERIOR INCOMPLETO;Cisgênero;NÃO;ITAJAÍ;Não;Brasil;NÃO;SUL;1;SC;0;0;0;0;0;2;0;2;0;0;0;0;0;0;2;2;0;2025-04-29 16:22:43
2024;Branca;SEPARADO JUDICIALMENTE;55 a 59 anos                  ;FEMININO;ENSINO FUNDAMENTAL INCOMPLETO;Cisgênero;NÃO;ITAJAÍ;Não;Brasil;NÃO;SUL;1;SC;0;0;0;2;0;7;0;5;0;0;0;0;0;0;7;5;2;2025-04-29 16:22:43
2024;Branca;SEPARADO JUDICIALMENTE;55 a 59 anos                  ;FEMININO;ENSINO MÉDIO COMPLETO;Cisgênero;NÃO;ITAJAÍ;Não;Brasil;NÃO;SUL;1;SC;0;0;0;0;0;2;0;2;0;0;0;0;0;0;2;2;0;2025-04-29 16:22:43
2024;Branca;SEPARADO JUDICIALMENTE;55 a 59 anos                  ;FEMININO;SUPERIOR COMPLETO;Cisgênero;NÃO;ITAJAÍ;Não;Brasil;NÃO;SUL;1;SC;0;0;0;0;0;1;0;1;0;0;0;0;0;0;1;1;0;2025-04-29 16:22:43
2024;Branca;SEPARADO JUDICIALMENTE;55 a 59 anos                  ;FEMININO;SUPERIOR INCOMPLETO;Cisgênero;NÃO;ITAJAÍ;Não;Brasil;NÃO;SUL;1;SC;0;0;0;1;0;2;0;1;0;0;0;0;0;0;2;1;1;2025-04-29 16:22:43
2024;Branca;SEPARADO JUDICIALMENTE;55 a 59 anos                  ;MASCULINO;ENSINO FUNDAMENTAL COMPLETO;Cisgênero;NÃO;ITAJAÍ;Não;Brasil;NÃO;SUL;1;SC;0;0;0;0;0;2;0;2;0;1;1;0;0;0;2;2;0;2025-04-29 16:22:43
2024;Branca;SEPARADO JUDICIALMENTE;55 a 59 anos                  ;MASCULINO;ENSINO FUNDAMENTAL COMPLETO;Prefere não informar;NÃO;ITAJAÍ;Não;Brasil;NÃO;SUL;1;SC;0;0;0;0;0;1;0;1;0;0;0;0;0;0;1;1;0;2025-04-29 16:22:43
2024;Branca;SEPARADO JUDICIALMENTE;55 a 59 anos                  ;MASCULINO;ENSINO FUNDAMENTAL INCOMPLETO;Cisgênero;NÃO;ITAJAÍ;Não;Brasil;NÃO;SUL;1;SC;0;0;0;0;0;1;0;1;0;0;0;0;0;0;1;1;0;2025-04-29 16:22:43
2024;Branca;SEPARADO JUDICIALMENTE;55 a 59 anos                  ;MASCULINO;ENSINO MÉDIO COMPLETO;Cisgênero;NÃO;ITAJAÍ;Não;Brasil;NÃO;SUL;1;SC;0;0;0;0;0;2;0;2;0;0;0;0;0;0;2;2;0;2025-04-29 16:22:43
2024;Branca;SEPARADO JUDICIALMENTE;55 a 59 anos                  ;MASCULINO;SUPERIOR COMPLETO;Cisgênero;NÃO;ITAJAÍ;Não;Brasil;NÃO;SUL;1;SC;0;0;0;0;0;1;0;1;0;0;0;0;0;0;1;1;0;2025-04-29 16:22:43
2024;Branca;SEPARADO JUDICIALMENTE;60 a 64 anos                  ;FEMININO;ENSINO MÉDIO COMPLETO;Cisgênero;NÃO;ITAJAÍ;Não;Brasil;NÃO;SUL;1;SC;0;0;0;1;0;3;0;2;0;0;0;0;0;0;3;2;1;2025-04-29 16:22:43
2024;Branca;SEPARADO JUDICIALMENTE;60 a 64 anos                  ;FEMININO;SUPERIOR COMPLETO;Cisgênero;NÃO;ITAJAÍ;Não;Brasil;NÃO;SUL;1;SC;0;0;0;1;0;2;0;1;0;0;0;0;0;0;2;1;1;2025-04-29 16:22:43
2024;Branca;SEPARADO JUDICIALMENTE;60 a 64 anos                  ;FEMININO;SUPERIOR INCOMPLETO;Cisgênero;NÃO;ITAJAÍ;Não;Brasil;NÃO;SUL;1;SC;0;0;0;0;0;1;0;1;0;0;0;0;0;0;1;1;0;2025-04-29 16:22:43
2024;Branca;SEPARADO JUDICIALMENTE;60 a 64 anos                  ;MASCULINO;ANALFABETO;Cisgênero;NÃO;ITAJAÍ;Não;Brasil;NÃO;SUL;1;SC;1;0;0;0;1;0;0;0;1;0;0;1;0;0;1;0;1;2025-04-29 16:22:43
2024;Branca;SEPARADO JUDICIALMENTE;60 a 64 anos                  ;MASCULINO;ENSINO FUNDAMENTAL COMPLETO;Cisgênero;NÃO;ITAJAÍ;Não;Brasil;NÃO;SUL;1;SC;0;0;0;2;0;3;0;1;0;0;0;0;0;0;3;1;2;2025-04-29 16:22:43
2024;Branca;SEPARADO JUDICIALMENTE;60 a 64 anos                  ;MASCULINO;ENSINO MÉDIO INCOMPLETO;Cisgênero;NÃO;ITAJAÍ;Não;Brasil;NÃO;SUL;1;SC;0;0;0;1;0;2;0;1;0;0;0;0;0;0;2;1;1;2025-04-29 16:22:43
2024;Branca;SEPARADO JUDICIALMENTE;60 a 64 anos                  ;MASCULINO;SUPERIOR INCOMPLETO;Cisgênero;NÃO;ITAJAÍ;Não;Brasil;NÃO;SUL;1;SC;0;0;0;0;0;1;0;1;0;0;0;0;0;0;1;1;0;2025-04-29 16:22:43
2024;Branca;SEPARADO JUDICIALMENTE;65 a 69 anos                  ;FEMININO;ENSINO FUNDAMENTAL INCOMPLETO;Cisgênero;NÃO;ITAJAÍ;Não;Brasil;NÃO;SUL;1;SC;0;0;0;0;0;2;0;2;0;0;0;0;0;0;2;2;0;2025-04-29 16:22:43
2024;Branca;SEPARADO JUDICIALMENTE;65 a 69 anos                  ;FEMININO;ENSINO MÉDIO COMPLETO;Cisgênero;NÃO;ITAJAÍ;Não;Brasil;NÃO;SUL;1;SC;0;0;0;0;0;2;0;2;0;0;0;0;0;0;2;2;0;2025-04-29 16:22:43
2024;Branca;SEPARADO JUDICIALMENTE;65 a 69 anos                  ;FEMININO;LÊ E ESCREVE;Cisgênero;NÃO;ITAJAÍ;Não;Brasil;NÃO;SUL;1;SC;0;0;0;0;0;1;0;1;0;0;0;0;0;0;1;1;0;2025-04-29 16:22:43
2024;Branca;SEPARADO JUDICIALMENTE;65 a 69 anos                  ;MASCULINO;ENSINO FUNDAMENTAL COMPLETO;Cisgênero;NÃO;ITAJAÍ;Não;Brasil;NÃO;SUL;1;SC;0;0;0;1;0;1;0;0;0;0;0;0;0;0;1;0;1;2025-04-29 16:22:43
2024;Branca;SEPARADO JUDICIALMENTE;65 a 69 anos                  ;MASCULINO;ENSINO FUNDAMENTAL INCOMPLETO;Cisgênero;NÃO;ITAJAÍ;Não;Brasil;NÃO;SUL;1;SC;0;0;0;0;0;3;0;3;0;0;0;0;0;0;3;3;0;2025-04-29 16:22:43
2024;Branca;SEPARADO JUDICIALMENTE;65 a 69 anos                  ;MASCULINO;ENSINO MÉDIO COMPLETO;Cisgênero;NÃO;ITAJAÍ;Não;Brasil;NÃO;SUL;1;SC;0;0;0;1;0;2;0;1;0;0;0;0;0;0;2;1;1;2025-04-29 16:22:43
2024;Branca;SEPARADO JUDICIALMENTE;65 a 69 anos                  ;MASCULINO;LÊ E ESCREVE;Cisgênero;NÃO;ITAJAÍ;Não;Brasil;NÃO;SUL;1;SC;0;0;0;0;0;1;0;1;0;0;0;0;0;0;1;1;0;2025-04-29 16:22:43
2024;Branca;SEPARADO JUDICIALMENTE;70 a 74 anos                  ;FEMININO;ENSINO FUNDAMENTAL INCOMPLETO;Cisgênero;NÃO;ITAJAÍ;Não;Brasil;NÃO;SUL;1;SC;0;0;0;0;1;0;1;0;0;0;0;0;0;0;1;1;0;2025-04-29 16:22:43
2024;Branca;SEPARADO JUDICIALMENTE;70 a 74 anos                  ;FEMININO;ENSINO MÉDIO COMPLETO;Cisgênero;NÃO;ITAJAÍ;Não;Brasil;NÃO;SUL;1;SC;0;0;0;0;1;0;1;0;0;0;0;0;0;0;1;1;0;2025-04-29 16:22:43
2024;Branca;SEPARADO JUDICIALMENTE;70 a 74 anos                  ;MASCULINO;ENSINO FUNDAMENTAL COMPLETO;Prefere não informar;NÃO;ITAJAÍ;Não;Brasil;NÃO;SUL;1;SC;0;0;0;0;1;0;1;0;0;0;0;0;0;0;1;1;0;2025-04-29 16:22:43
2024;Branca;SEPARADO JUDICIALMENTE;70 a 74 anos                  ;MASCULINO;ENSINO FUNDAMENTAL INCOMPLETO;Cisgênero;NÃO;ITAJAÍ;Não;Brasil;NÃO;SUL;1;SC;0;0;0;0;1;0;1;0;0;0;0;0;0;0;1;1;0;2025-04-29 16:22:43
2024;Branca;SEPARADO JUDICIALMENTE;75 a 79 anos                  ;FEMININO;ENSINO MÉDIO COMPLETO;Cisgênero;NÃO;ITAJAÍ;Não;Brasil;NÃO;SUL;1;SC;0;0;0;0;1;0;1;0;0;0;0;0;0;0;1;1;0;2025-04-29 16:22:43
2024;Branca;SEPARADO JUDICIALMENTE;80 a 84 anos                  ;MASCULINO;ENSINO FUNDAMENTAL COMPLETO;Cisgênero;NÃO;ITAJAÍ;Não;Brasil;NÃO;SUL;1;SC;0;0;0;0;1;0;1;0;0;0;0;0;0;0;1;1;0;2025-04-29 16:22:43
2024;Branca;SOLTEIRO;16 anos                       ;FEMININO;ENSINO FUNDAMENTAL COMPLETO;Cisgênero;NÃO;ITAJAÍ;Não;Brasil;NÃO;SUL;1;SC;0;0;0;0;1;0;1;0;0;0;0;0;0;0;1;1;0;2025-04-29 16:22:43
2024;Branca;SOLTEIRO;16 anos                       ;FEMININO;ENSINO FUNDAMENTAL INCOMPLETO;Cisgênero;NÃO;ITAJAÍ;Não;Brasil;NÃO;SUL;1;SC;0;0;0;0;2;0;1;0;0;0;0;0;0;0;2;1;1;2025-04-29 16:22:43
2024;Branca;SOLTEIRO;16 anos                       ;FEMININO;ENSINO MÉDIO COMPLETO;Cisgênero;NÃO;ITAJAÍ;Não;Brasil;NÃO;SUL;1;SC;0;0;0;0;4;0;4;0;0;0;0;0;0;0;4;4;0;2025-04-29 16:22:43
2024;Branca;SOLTEIRO;16 anos                       ;FEMININO;ENSINO MÉDIO INCOMPLETO;Cisgênero;NÃO;ITAJAÍ;Não;Brasil;NÃO;SUL;1;SC;0;0;0;0;97;0;86;0;1;0;1;0;0;0;97;86;11;2025-04-29 16:22:43
2024;Branca;SOLTEIRO;16 anos                       ;FEMININO;ENSINO MÉDIO INCOMPLETO;Prefere não informar;NÃO;ITAJAÍ;Não;Brasil;NÃO;SUL;1;SC;0;0;0;0;1;0;1;0;0;0;0;0;0;0;1;1;0;2025-04-29 16:22:43
2024;Branca;SOLTEIRO;16 anos                       ;MASCULINO;ENSINO FUNDAMENTAL COMPLETO;Cisgênero;NÃO;ITAJAÍ;Não;Brasil;NÃO;SUL;1;SC;0;0;0;0;1;0;1;0;0;0;0;0;0;0;1;1;0;2025-04-29 16:22:43
2024;Branca;SOLTEIRO;16 anos                       ;MASCULINO;ENSINO FUNDAMENTAL COMPLETO;Prefere não informar;NÃO;ITAJAÍ;Não;Brasil;NÃO;SUL;1;SC;0;0;0;0;1;0;0;0;0;0;0;0;0;0;1;0;1;2025-04-29 16:22:43
2024;Branca;SOLTEIRO;16 anos                       ;MASCULINO;ENSINO FUNDAMENTAL INCOMPLETO;Cisgênero;NÃO;ITAJAÍ;Não;Brasil;NÃO;SUL;1;SC;0;0;0;0;5;0;4;0;0;0;0;0;0;0;5;4;1;2025-04-29 16:22:43
2024;Branca;SOLTEIRO;16 anos                       ;MASCULINO;ENSINO MÉDIO COMPLETO;Cisgênero;NÃO;ITAJAÍ;Não;Brasil;NÃO;SUL;1;SC;0;0;0;0;3;0;3;0;1;0;1;0;0;0;3;3;0;2025-04-29 16:22:43
2024;Branca;SOLTEIRO;16 anos                       ;MASCULINO;ENSINO MÉDIO INCOMPLETO;Cisgênero;NÃO;ITAJAÍ;Não;Brasil;NÃO;SUL;1;SC;0;0;0;0;112;0;90;0;1;0;1;0;0;0;112;90;22;2025-04-29 16:22:43
2024;Branca;SOLTEIRO;16 anos                       ;MASCULINO;ENSINO MÉDIO INCOMPLETO;Prefere não informar;NÃO;ITAJAÍ;Não;Brasil;NÃO;SUL;1;SC;0;0;0;0;1;0;1;0;0;0;0;0;0;0;1;1;0;2025-04-29 16:22:43
2024;Branca;SOLTEIRO;16 anos                       ;MASCULINO;ENSINO MÉDIO INCOMPLETO;Transgênero;NÃO;ITAJAÍ;Sim;Brasil;NÃO;SUL;1;SC;0;0;0;0;1;0;1;0;0;0;0;0;0;1;1;1;0;2025-04-29 16:22:43
2024;Branca;SOLTEIRO;17 anos                       ;FEMININO;ENSINO FUNDAMENTAL COMPLETO;Cisgênero;NÃO;ITAJAÍ;Não;Brasil;NÃO;SUL;1;SC;0;0;0;0;3;0;1;0;0;0;0;0;0;0;3;1;2;2025-04-29 16:22:43
2024;Branca;SOLTEIRO;17 anos                       ;FEMININO;ENSINO FUNDAMENTAL INCOMPLETO;Cisgênero;NÃO;ITAJAÍ;Não;Brasil;NÃO;SUL;1;SC;0;0;0;0;4;0;3;0;1;0;1;0;0;0;4;3;1;2025-04-29 16:22:43
2024;Branca;SOLTEIRO;17 anos                       ;FEMININO;ENSINO MÉDIO COMPLETO;Cisgênero;NÃO;ITAJAÍ;Não;Brasil;NÃO;SUL;1;SC;0;0;0;0;7;0;5;0;0;0;0;0;0;0;7;5;2;2025-04-29 16:22:43
2024;Branca;SOLTEIRO;17 anos                       ;FEMININO;ENSINO MÉDIO INCOMPLETO;Cisgênero;NÃO;ITAJAÍ;Não;Brasil;NÃO;SUL;1;SC;2;0;0;0;200;0;168;0;3;0;1;2;0;0;200;168;32;2025-04-29 16:22:43
2024;Branca;SOLTEIRO;17 anos                       ;FEMININO;ENSINO MÉDIO INCOMPLETO;Cisgênero;SIM;ITAJAÍ;Não;Brasil;NÃO;SUL;1;SC;0;0;0;0;1;0;1;0;0;0;0;0;0;0;1;1;0;2025-04-29 16:22:43
2024;Branca;SOLTEIRO;17 anos                       ;FEMININO;ENSINO MÉDIO INCOMPLETO;Prefere não informar;NÃO;ITAJAÍ;Não;Brasil;NÃO;SUL;1;SC;0;0;0;0;5;0;4;0;0;0;0;0;0;0;5;4;1;2025-04-29 16:22:43
2024;Branca;SOLTEIRO;17 anos                       ;FEMININO;SUPERIOR INCOMPLETO;Cisgênero;NÃO;ITAJAÍ;Não;Brasil;NÃO;SUL;1;SC;0;0;0;0;2;0;1;0;0;0;0;0;0;0;2;1;1;2025-04-29 16:22:43
2024;Branca;SOLTEIRO;17 anos                       ;MASCULINO;ENSINO FUNDAMENTAL COMPLETO;Cisgênero;NÃO;ITAJAÍ;Não;Brasil;NÃO;SUL;1;SC;0;0;0;0;5;0;5;0;0;0;0;0;0;0;5;5;0;2025-04-29 16:22:43
2024;Branca;SOLTEIRO;17 anos                       ;MASCULINO;ENSINO FUNDAMENTAL INCOMPLETO;Cisgênero;NÃO;ITAJAÍ;Não;Brasil;NÃO;SUL;1;SC;0;0;0;0;6;0;1;0;0;0;0;0;0;0;6;1;5;2025-04-29 16:22:43
2024;Branca;SOLTEIRO;17 anos                       ;MASCULINO;ENSINO MÉDIO COMPLETO;Cisgênero;NÃO;ITAJAÍ;Não;Brasil;NÃO;SUL;1;SC;0;0;0;0;12;0;10;0;1;0;1;0;0;0;12;10;2;2025-04-29 16:22:43
2024;Branca;SOLTEIRO;17 anos                       ;MASCULINO;ENSINO MÉDIO INCOMPLETO;Cisgênero;NÃO;ITAJAÍ;Não;Brasil;NÃO;SUL;1;SC;1;0;0;0;160;0;116;0;3;0;2;1;0;0;160;116;44;2025-04-29 16:22:43
2024;Branca;SOLTEIRO;17 anos                       ;MASCULINO;ENSINO MÉDIO INCOMPLETO;Prefere não informar;NÃO;ITAJAÍ;Não;Brasil;NÃO;SUL;1;SC;0;0;0;0;3;0;2;0;0;0;0;0;0;0;3;2;1;2025-04-29 16:22:43
2024;Branca;SOLTEIRO;18 anos                       ;FEMININO;ENSINO FUNDAMENTAL COMPLETO;Cisgênero;NÃO;ITAJAÍ;Não;Brasil;NÃO;SUL;1;SC;0;0;0;3;0;8;0;5;0;0;0;0;0;0;8;5;3;2025-04-29 16:22:43
2024;Branca;SOLTEIRO;18 anos                       ;FEMININO;ENSINO FUNDAMENTAL COMPLETO;Cisgênero;SIM;ITAJAÍ;Não;Brasil;NÃO;SUL;1;SC;0;0;0;1;0;1;0;0;0;0;0;0;0;0;1;0;1;2025-04-29 16:22:43
2024;Branca;SOLTEIRO;18 anos                       ;FEMININO;ENSINO FUNDAMENTAL INCOMPLETO;Cisgênero;NÃO;ITAJAÍ;Não;Brasil;NÃO;SUL;1;SC;0;0;0;2;0;3;0;1;0;0;0;0;0;0;3;1;2;2025-04-29 16:22:43
2024;Branca;SOLTEIRO;18 anos                       ;FEMININO;ENSINO MÉDIO COMPLETO;Cisgênero;NÃO;ITAJAÍ;Não;Brasil;NÃO;SUL;1;SC;0;0;0;14;0;96;0;82;0;1;1;0;0;0;96;82;14;2025-04-29 16:22:43
2024;Branca;SOLTEIRO;18 anos                       ;FEMININO;ENSINO MÉDIO COMPLETO;Cisgênero;SIM;ITAJAÍ;Não;Brasil;NÃO;SUL;1;SC;0;0;0;0;0;2;0;2;0;0;0;0;0;0;2;2;0;2025-04-29 16:22:43
2024;Branca;SOLTEIRO;18 anos                       ;FEMININO;ENSINO MÉDIO COMPLETO;Prefere não informar;NÃO;ITAJAÍ;Não;Brasil;NÃO;SUL;1;SC;0;0;0;0;0;2;0;2;0;0;0;0;0;0;2;2;0;2025-04-29 16:22:43
2024;Branca;SOLTEIRO;18 anos                       ;FEMININO;ENSINO MÉDIO COMPLETO;Transgênero;NÃO;ITAJAÍ;Sim;Brasil;NÃO;SUL;1;SC;0;0;0;1;0;1;0;0;0;0;0;0;0;1;1;0;1;2025-04-29 16:22:43
2024;Branca;SOLTEIRO;18 anos                       ;FEMININO;ENSINO MÉDIO INCOMPLETO;Cisgênero;NÃO;ITAJAÍ;Não;Brasil;NÃO;SUL;1;SC;0;0;0;28;0;214;0;186;0;2;2;0;0;0;214;186;28;2025-04-29 16:22:43
2024;Branca;SOLTEIRO;18 anos                       ;FEMININO;ENSINO MÉDIO INCOMPLETO;Prefere não informar;NÃO;ITAJAÍ;Não;Brasil;NÃO;SUL;1;SC;0;0;0;0;0;6;0;6;0;0;0;0;0;0;6;6;0;2025-04-29 16:22:43
2024;Branca;SOLTEIRO;18 anos                       ;FEMININO;SUPERIOR INCOMPLETO;Cisgênero;NÃO;ITAJAÍ;Não;Brasil;NÃO;SUL;1;SC;0;1;0;7;0;56;0;49;0;0;0;0;0;0;56;49;7;2025-04-29 16:22:43
2024;Branca;SOLTEIRO;18 anos                       ;FEMININO;SUPERIOR INCOMPLETO;Prefere não informar;NÃO;ITAJAÍ;Não;Brasil;NÃO;SUL;1;SC;0;0;0;0;0;1;0;1;0;0;0;0;0;0;1;1;0;2025-04-29 16:22:43
2024;Branca;SOLTEIRO;18 anos                       ;MASCULINO;ANALFABETO;Cisgênero;NÃO;ITAJAÍ;Não;Brasil;NÃO;SUL;1;SC;1;0;0;0;2;0;1;0;2;0;1;1;0;0;2;1;1;2025-04-29 16:22:43
2024;Branca;SOLTEIRO;18 anos                       ;MASCULINO;ENSINO FUNDAMENTAL COMPLETO;Cisgênero;NÃO;ITAJAÍ;Não;Brasil;NÃO;SUL;1;SC;0;0;0;3;0;9;0;6;0;0;0;0;0;0;9;6;3;2025-04-29 16:22:43
2024;Branca;SOLTEIRO;18 anos                       ;MASCULINO;ENSINO FUNDAMENTAL INCOMPLETO;Cisgênero;NÃO;ITAJAÍ;Não;Brasil;NÃO;SUL;1;SC;0;1;0;9;0;15;0;6;0;0;0;0;0;0;15;6;9;2025-04-29 16:22:43
2024;Branca;SOLTEIRO;18 anos                       ;MASCULINO;ENSINO FUNDAMENTAL INCOMPLETO;Prefere não informar;NÃO;ITAJAÍ;Não;Brasil;NÃO;SUL;1;SC;0;0;0;1;0;1;0;0;0;0;0;0;0;0;1;0;1;2025-04-29 16:22:43
2024;Branca;SOLTEIRO;18 anos                       ;MASCULINO;ENSINO MÉDIO COMPLETO;Cisgênero;NÃO;ITAJAÍ;Não;Brasil;NÃO;SUL;1;SC;0;0;0;17;0;116;0;99;0;3;3;0;0;0;116;99;17;2025-04-29 16:22:43
2024;Branca;SOLTEIRO;18 anos                       ;MASCULINO;ENSINO MÉDIO COMPLETO;Prefere não informar;NÃO;ITAJAÍ;Não;Brasil;NÃO;SUL;1;SC;0;0;0;0;0;2;0;2;0;0;0;0;0;0;2;2;0;2025-04-29 16:22:43
2024;Branca;SOLTEIRO;18 anos                       ;MASCULINO;ENSINO MÉDIO INCOMPLETO;Cisgênero;NÃO;ITAJAÍ;Não;Brasil;NÃO;SUL;1;SC;1;0;0;44;0;275;0;231;0;8;7;0;1;0;275;231;44;2025-04-29 16:22:43
2024;Branca;SOLTEIRO;18 anos                       ;MASCULINO;ENSINO MÉDIO INCOMPLETO;Cisgênero;SIM;ITAJAÍ;Não;Brasil;NÃO;SUL;1;SC;0;0;0;1;0;1;0;0;0;0;0;0;0;0;1;0;1;2025-04-29 16:22:43
2024;Branca;SOLTEIRO;18 anos                       ;MASCULINO;ENSINO MÉDIO INCOMPLETO;Prefere não informar;NÃO;ITAJAÍ;Não;Brasil;NÃO;SUL;1;SC;0;0;0;1;0;4;0;3;0;0;0;0;0;0;4;3;1;2025-04-29 16:22:43
2024;Branca;SOLTEIRO;18 anos                       ;MASCULINO;SUPERIOR COMPLETO;Cisgênero;NÃO;ITAJAÍ;Não;Brasil;NÃO;SUL;1;SC;0;0;0;0;0;2;0;2;0;0;0;0;0;0;2;2;0;2025-04-29 16:22:43
2024;Branca;SOLTEIRO;18 anos                       ;MASCULINO;SUPERIOR INCOMPLETO;Cisgênero;NÃO;ITAJAÍ;Não;Brasil;NÃO;SUL;1;SC;0;0;0;3;0;64;0;61;0;0;0;0;0;0;64;61;3;2025-04-29 16:22:43
2024;Branca;SOLTEIRO;18 anos                       ;MASCULINO;SUPERIOR INCOMPLETO;Prefere não informar;NÃO;ITAJAÍ;Não;Brasil;NÃO;SUL;1;SC;0;0;0;0;0;1;0;1;0;0;0;0;0;0;1;1;0;2025-04-29 16:22:43
2024;Branca;SOLTEIRO;19 anos                       ;FEMININO;ENSINO FUNDAMENTAL COMPLETO;Cisgênero;NÃO;ITAJAÍ;Não;Brasil;NÃO;SUL;1;SC;0;0;0;6;0;11;0;5;0;1;1;0;0;0;11;5;6;2025-04-29 16:22:43
2024;Branca;SOLTEIRO;19 anos                       ;FEMININO;ENSINO FUNDAMENTAL COMPLETO;Prefere não informar;NÃO;ITAJAÍ;Não;Brasil;NÃO;SUL;1;SC;0;0;0;1;0;2;0;1;0;0;0;0;0;0;2;1;1;2025-04-29 16:22:43
2024;Branca;SOLTEIRO;19 anos                       ;FEMININO;ENSINO FUNDAMENTAL INCOMPLETO;Cisgênero;NÃO;ITAJAÍ;Não;Brasil;NÃO;SUL;1;SC;0;0;0;8;0;16;0;8;0;0;0;0;0;0;16;8;8;2025-04-29 16:22:43
2024;Branca;SOLTEIRO;19 anos                       ;FEMININO;ENSINO FUNDAMENTAL INCOMPLETO;Prefere não informar;SIM;ITAJAÍ;Não;Brasil;NÃO;SUL;1;SC;0;0;0;1;0;1;0;0;0;0;0;0;0;0;1;0;1;2025-04-29 16:22:43
2024;Branca;SOLTEIRO;19 anos                       ;FEMININO;ENSINO MÉDIO COMPLETO;Cisgênero;NÃO;ITAJAÍ;Não;Brasil;NÃO;SUL;1;SC;0;0;0;54;0;255;0;201;0;2;2;0;0;0;255;201;54;2025-04-29 16:22:43
2024;Branca;SOLTEIRO;19 anos                       ;FEMININO;ENSINO MÉDIO COMPLETO;Cisgênero;SIM;ITAJAÍ;Não;Brasil;NÃO;SUL;1;SC;0;0;0;0;0;1;0;1;0;0;0;0;0;0;1;1;0;2025-04-29 16:22:43
2024;Branca;SOLTEIRO;19 anos                       ;FEMININO;ENSINO MÉDIO COMPLETO;Prefere não informar;NÃO;ITAJAÍ;Não;Brasil;NÃO;SUL;1;SC;0;0;0;2;0;11;0;9;0;0;0;0;0;0;11;9;2;2025-04-29 16:22:43
2024;Branca;SOLTEIRO;19 anos                       ;FEMININO;ENSINO MÉDIO INCOMPLETO;Cisgênero;NÃO;ITAJAÍ;Não;Brasil;NÃO;SUL;1;SC;0;0;0;41;0;140;0;99;0;3;3;0;0;0;140;99;41;2025-04-29 16:22:43
2024;Branca;SOLTEIRO;19 anos                       ;FEMININO;ENSINO MÉDIO INCOMPLETO;Cisgênero;SIM;ITAJAÍ;Não;Brasil;NÃO;SUL;1;SC;0;0;0;1;0;3;0;2;0;0;0;0;0;0;3;2;1;2025-04-29 16:22:43
2024;Branca;SOLTEIRO;19 anos                       ;FEMININO;ENSINO MÉDIO INCOMPLETO;Prefere não informar;NÃO;ITAJAÍ;Não;Brasil;NÃO;SUL;1;SC;0;0;0;0;0;2;0;2;0;0;0;0;0;0;2;2;0;2025-04-29 16:22:43
2024;Branca;SOLTEIRO;19 anos                       ;FEMININO;LÊ E ESCREVE;Prefere não informar;NÃO;ITAJAÍ;Não;Brasil;NÃO;SUL;1;SC;0;0;0;1;0;1;0;0;0;0;0;0;0;0;1;0;1;2025-04-29 16:22:43
2024;Branca;SOLTEIRO;19 anos                       ;FEMININO;SUPERIOR COMPLETO;Cisgênero;NÃO;ITAJAÍ;Não;Brasil;NÃO;SUL;1;SC;0;0;0;0;0;1;0;1;0;0;0;0;0;0;1;1;0;2025-04-29 16:22:43
2024;Branca;SOLTEIRO;19 anos                       ;FEMININO;SUPERIOR INCOMPLETO;Cisgênero;NÃO;ITAJAÍ;Não;Brasil;NÃO;SUL;1;SC;0;0;0;16;0;118;0;102;0;3;3;0;0;0;118;102;16;2025-04-29 16:22:43
2024;Branca;SOLTEIRO;19 anos                       ;FEMININO;SUPERIOR INCOMPLETO;Cisgênero;SIM;ITAJAÍ;Não;Brasil;NÃO;SUL;1;SC;0;0;0;0;0;1;0;1;0;0;0;0;0;0;1;1;0;2025-04-29 16:22:43
2024;Branca;SOLTEIRO;19 anos                       ;FEMININO;SUPERIOR INCOMPLETO;Prefere não informar;NÃO;ITAJAÍ;Não;Brasil;NÃO;SUL;1;SC;0;0;0;0;0;1;0;1;0;0;0;0;0;0;1;1;0;2025-04-29 16:22:43
2024;Branca;SOLTEIRO;19 anos                       ;MASCULINO;ANALFABETO;Cisgênero;NÃO;ITAJAÍ;Não;Brasil;NÃO;SUL;1;SC;0;0;0;0;4;0;4;0;4;0;4;0;0;0;4;4;0;2025-04-29 16:22:43
2024;Branca;SOLTEIRO;19 anos                       ;MASCULINO;ENSINO FUNDAMENTAL COMPLETO;Cisgênero;NÃO;ITAJAÍ;Não;Brasil;NÃO;SUL;1;SC;0;1;0;16;0;27;0;11;0;0;0;0;0;0;27;11;16;2025-04-29 16:22:43
2024;Branca;SOLTEIRO;19 anos                       ;MASCULINO;ENSINO FUNDAMENTAL INCOMPLETO;Cisgênero;NÃO;ITAJAÍ;Não;Brasil;NÃO;SUL;1;SC;0;0;0;15;0;21;0;6;0;1;1;0;0;0;21;6;15;2025-04-29 16:22:43
2024;Branca;SOLTEIRO;19 anos                       ;MASCULINO;ENSINO FUNDAMENTAL INCOMPLETO;Prefere não informar;NÃO;ITAJAÍ;Não;Brasil;NÃO;SUL;1;SC;0;0;0;1;0;1;0;0;0;0;0;0;0;0;1;0;1;2025-04-29 16:22:43
2024;Branca;SOLTEIRO;19 anos                       ;MASCULINO;ENSINO MÉDIO COMPLETO;Cisgênero;NÃO;ITAJAÍ;Não;Brasil;NÃO;SUL;1;SC;3;0;1;52;0;207;0;155;0;5;2;0;3;0;207;155;52;2025-04-29 16:22:43
2024;Branca;SOLTEIRO;19 anos                       ;MASCULINO;ENSINO MÉDIO COMPLETO;Cisgênero;SIM;ITAJAÍ;Não;Brasil;NÃO;SUL;1;SC;0;0;0;1;0;1;0;0;0;0;0;0;0;0;1;0;1;2025-04-29 16:22:43
2024;Branca;SOLTEIRO;19 anos                       ;MASCULINO;ENSINO MÉDIO COMPLETO;Prefere não informar;NÃO;ITAJAÍ;Não;Brasil;NÃO;SUL;1;SC;0;0;0;3;0;8;0;5;0;0;0;0;0;0;8;5;3;2025-04-29 16:22:43
2024;Branca;SOLTEIRO;19 anos                       ;MASCULINO;ENSINO MÉDIO INCOMPLETO;Cisgênero;NÃO;ITAJAÍ;Não;Brasil;NÃO;SUL;1;SC;0;0;0;66;0;184;0;118;0;4;4;0;0;0;184;118;66;2025-04-29 16:22:43
2024;Branca;SOLTEIRO;19 anos                       ;MASCULINO;ENSINO MÉDIO INCOMPLETO;Cisgênero;SIM;ITAJAÍ;Não;Brasil;NÃO;SUL;1;SC;0;0;0;1;0;1;0;0;0;0;0;0;0;0;1;0;1;2025-04-29 16:22:43
2024;Branca;SOLTEIRO;19 anos                       ;MASCULINO;ENSINO MÉDIO INCOMPLETO;Prefere não informar;NÃO;ITAJAÍ;Não;Brasil;NÃO;SUL;1;SC;0;0;0;1;0;2;0;1;0;0;0;0;0;0;2;1;1;2025-04-29 16:22:43
2024;Branca;SOLTEIRO;19 anos                       ;MASCULINO;ENSINO MÉDIO INCOMPLETO;Transgênero;NÃO;ITAJAÍ;Não;Brasil;NÃO;SUL;1;SC;0;0;0;1;0;2;0;1;0;0;0;0;0;0;2;1;1;2025-04-29 16:22:43
2024;Branca;SOLTEIRO;19 anos                       ;MASCULINO;ENSINO MÉDIO INCOMPLETO;Transgênero;NÃO;ITAJAÍ;Sim;Brasil;NÃO;SUL;1;SC;0;0;0;1;0;1;0;0;0;0;0;0;0;1;1;0;1;2025-04-29 16:22:43
2024;Branca;SOLTEIRO;19 anos                       ;MASCULINO;SUPERIOR INCOMPLETO;Cisgênero;NÃO;ITAJAÍ;Não;Brasil;NÃO;SUL;1;SC;0;0;0;12;0;82;0;70;0;3;3;0;0;0;82;70;12;2025-04-29 16:22:43
2024;Branca;SOLTEIRO;19 anos                       ;MASCULINO;SUPERIOR INCOMPLETO;Cisgênero;SIM;ITAJAÍ;Não;Brasil;NÃO;SUL;1;SC;0;0;0;0;0;1;0;1;0;0;0;0;0;0;1;1;0;2025-04-29 16:22:43
2024;Branca;SOLTEIRO;20 anos                       ;FEMININO;ANALFABETO;Cisgênero;NÃO;ITAJAÍ;Não;Brasil;NÃO;SUL;1;SC;0;0;0;0;1;0;0;0;0;0;0;0;0;0;1;0;1;2025-04-29 16:22:43
2024;Branca;SOLTEIRO;20 anos                       ;FEMININO;ENSINO FUNDAMENTAL COMPLETO;Cisgênero;NÃO;ITAJAÍ;Não;Brasil;NÃO;SUL;1;SC;0;0;0;2;0;7;0;5;0;0;0;0;0;0;7;5;2;2025-04-29 16:22:43
2024;Branca;SOLTEIRO;20 anos                       ;FEMININO;ENSINO FUNDAMENTAL COMPLETO;Cisgênero;SIM;ITAJAÍ;Não;Brasil;NÃO;SUL;1;SC;0;0;0;0;0;1;0;1;0;0;0;0;0;0;1;1;0;2025-04-29 16:22:43
2024;Branca;SOLTEIRO;20 anos                       ;FEMININO;ENSINO FUNDAMENTAL COMPLETO;Prefere não informar;NÃO;ITAJAÍ;Não;Brasil;NÃO;SUL;1;SC;0;0;0;0;0;1;0;1;0;0;0;0;0;0;1;1;0;2025-04-29 16:22:43
2024;Branca;SOLTEIRO;20 anos                       ;FEMININO;ENSINO FUNDAMENTAL INCOMPLETO;Cisgênero;NÃO;ITAJAÍ;Não;Brasil;NÃO;SUL;1;SC;0;0;0;3;0;9;0;6;0;0;0;0;0;0;9;6;3;2025-04-29 16:22:43
2024;Branca;SOLTEIRO;20 anos                       ;FEMININO;ENSINO FUNDAMENTAL INCOMPLETO;Prefere não informar;NÃO;ITAJAÍ;Não;Brasil;NÃO;SUL;1;SC;0;0;0;0;0;1;0;1;0;0;0;0;0;0;1;1;0;2025-04-29 16:22:43
2024;Branca;SOLTEIRO;20 anos                       ;FEMININO;ENSINO MÉDIO COMPLETO;Cisgênero;NÃO;ITAJAÍ;Não;Brasil;NÃO;SUL;1;SC;0;0;0;35;0;119;0;84;0;2;2;0;0;0;119;84;35;2025-04-29 16:22:43
2024;Branca;SOLTEIRO;20 anos                       ;FEMININO;ENSINO MÉDIO COMPLETO;Prefere não informar;NÃO;ITAJAÍ;Não;Brasil;NÃO;SUL;1;SC;0;0;0;3;0;6;0;3;0;0;0;0;0;0;6;3;3;2025-04-29 16:22:43
2024;Branca;SOLTEIRO;20 anos                       ;FEMININO;ENSINO MÉDIO COMPLETO;Prefere não informar;SIM;ITAJAÍ;Não;Brasil;NÃO;SUL;1;SC;0;0;0;0;0;1;0;1;0;0;0;0;0;0;1;1;0;2025-04-29 16:22:43
2024;Branca;SOLTEIRO;20 anos                       ;FEMININO;ENSINO MÉDIO INCOMPLETO;Cisgênero;NÃO;ITAJAÍ;Não;Brasil;NÃO;SUL;1;SC;0;0;0;23;0;48;0;25;0;0;0;0;0;0;48;25;23;2025-04-29 16:22:43
2024;Branca;SOLTEIRO;20 anos                       ;FEMININO;ENSINO MÉDIO INCOMPLETO;Cisgênero;SIM;ITAJAÍ;Não;Brasil;NÃO;SUL;1;SC;0;0;0;0;0;1;0;1;0;0;0;0;0;0;1;1;0;2025-04-29 16:22:43
2024;Branca;SOLTEIRO;20 anos                       ;FEMININO;ENSINO MÉDIO INCOMPLETO;Prefere não informar;NÃO;ITAJAÍ;Não;Brasil;NÃO;SUL;1;SC;0;0;0;3;0;6;0;3;0;1;1;0;0;0;6;3;3;2025-04-29 16:22:43
2024;Branca;SOLTEIRO;20 anos                       ;FEMININO;ENSINO MÉDIO INCOMPLETO;Transgênero;NÃO;ITAJAÍ;Sim;Brasil;NÃO;SUL;1;SC;0;0;0;2;0;2;0;0;0;0;0;0;0;2;2;0;2;2025-04-29 16:22:43
2024;Branca;SOLTEIRO;20 anos                       ;FEMININO;LÊ E ESCREVE;Cisgênero;NÃO;ITAJAÍ;Não;Brasil;NÃO;SUL;1;SC;0;0;0;0;0;1;0;1;0;0;0;0;0;0;1;1;0;2025-04-29 16:22:43
2024;Branca;SOLTEIRO;20 anos                       ;FEMININO;SUPERIOR COMPLETO;Cisgênero;NÃO;ITAJAÍ;Não;Brasil;NÃO;SUL;1;SC;0;0;0;1;0;2;0;1;0;0;0;0;0;0;2;1;1;2025-04-29 16:22:43
2024;Branca;SOLTEIRO;20 anos                       ;FEMININO;SUPERIOR INCOMPLETO;Cisgênero;NÃO;ITAJAÍ;Não;Brasil;NÃO;SUL;1;SC;0;0;0;11;0;50;0;39;0;0;0;0;0;0;50;39;11;2025-04-29 16:22:43
2024;Branca;SOLTEIRO;20 anos                       ;FEMININO;SUPERIOR INCOMPLETO;Cisgênero;SIM;ITAJAÍ;Não;Brasil;NÃO;SUL;1;SC;0;0;0;0;0;1;0;1;0;1;1;0;0;0;1;1;0;2025-04-29 16:22:43
2024;Branca;SOLTEIRO;20 anos                       ;FEMININO;SUPERIOR INCOMPLETO;Prefere não informar;NÃO;ITAJAÍ;Não;Brasil;NÃO;SUL;1;SC;0;0;0;1;0;1;0;0;0;0;0;0;0;0;1;0;1;2025-04-29 16:22:43
2024;Branca;SOLTEIRO;20 anos                       ;MASCULINO;ANALFABETO;Cisgênero;NÃO;ITAJAÍ;Não;Brasil;NÃO;SUL;1;SC;0;0;0;0;1;0;1;0;1;0;1;0;0;0;1;1;0;2025-04-29 16:22:43
2024;Branca;SOLTEIRO;20 anos                       ;MASCULINO;ENSINO FUNDAMENTAL COMPLETO;Cisgênero;NÃO;ITAJAÍ;Não;Brasil;NÃO;SUL;1;SC;0;0;1;16;0;24;0;8;0;0;0;0;0;0;24;8;16;2025-04-29 16:22:43
2024;Branca;SOLTEIRO;20 anos                       ;MASCULINO;ENSINO FUNDAMENTAL INCOMPLETO;Cisgênero;NÃO;ITAJAÍ;Não;Brasil;NÃO;SUL;1;SC;0;1;0;11;0;16;0;5;0;0;0;0;0;0;16;5;11;2025-04-29 16:22:43
2024;Branca;SOLTEIRO;20 anos                       ;MASCULINO;ENSINO FUNDAMENTAL INCOMPLETO;Prefere não informar;NÃO;ITAJAÍ;Não;Brasil;NÃO;SUL;1;SC;0;0;0;1;0;1;0;0;0;0;0;0;0;0;1;0;1;2025-04-29 16:22:43
2024;Branca;SOLTEIRO;20 anos                       ;MASCULINO;ENSINO MÉDIO COMPLETO;Cisgênero;NÃO;ITAJAÍ;Não;Brasil;NÃO;SUL;1;SC;0;1;0;48;0;120;0;72;0;1;1;0;0;0;120;72;48;2025-04-29 16:22:43
2024;Branca;SOLTEIRO;20 anos                       ;MASCULINO;ENSINO MÉDIO COMPLETO;Cisgênero;SIM;ITAJAÍ;Não;Brasil;NÃO;SUL;1;SC;0;0;0;1;0;1;0;0;0;0;0;0;0;0;1;0;1;2025-04-29 16:22:43
2024;Branca;SOLTEIRO;20 anos                       ;MASCULINO;ENSINO MÉDIO COMPLETO;Prefere não informar;NÃO;ITAJAÍ;Não;Brasil;NÃO;SUL;1;SC;0;0;0;4;0;8;0;4;0;0;0;0;0;0;8;4;4;2025-04-29 16:22:43
2024;Branca;SOLTEIRO;20 anos                       ;MASCULINO;ENSINO MÉDIO INCOMPLETO;Cisgênero;NÃO;ITAJAÍ;Não;Brasil;NÃO;SUL;1;SC;0;0;0;49;0;90;0;41;0;1;1;0;0;0;90;41;49;2025-04-29 16:22:43
2024;Branca;SOLTEIRO;20 anos                       ;MASCULINO;ENSINO MÉDIO INCOMPLETO;Prefere não informar;NÃO;ITAJAÍ;Não;Brasil;NÃO;SUL;1;SC;0;0;0;4;0;6;0;2;0;0;0;0;0;0;6;2;4;2025-04-29 16:22:43
2024;Branca;SOLTEIRO;20 anos                       ;MASCULINO;ENSINO MÉDIO INCOMPLETO;Transgênero;NÃO;ITAJAÍ;Não;Brasil;NÃO;SUL;1;SC;0;0;0;1;0;1;0;0;0;0;0;0;0;0;1;0;1;2025-04-29 16:22:43
2024;Branca;SOLTEIRO;20 anos                       ;MASCULINO;SUPERIOR COMPLETO;Cisgênero;NÃO;ITAJAÍ;Não;Brasil;NÃO;SUL;1;SC;0;0;0;1;0;2;0;1;0;0;0;0;0;0;2;1;1;2025-04-29 16:22:43
2024;Branca;SOLTEIRO;20 anos                       ;MASCULINO;SUPERIOR INCOMPLETO;Cisgênero;NÃO;ITAJAÍ;Não;Brasil;NÃO;SUL;1;SC;0;1;0;7;0;43;0;36;0;3;3;0;0;0;43;36;7;2025-04-29 16:22:43
2024;Branca;SOLTEIRO;20 anos                       ;MASCULINO;SUPERIOR INCOMPLETO;Prefere não informar;NÃO;ITAJAÍ;Não;Brasil;NÃO;SUL;1;SC;0;0;0;0;0;2;0;2;0;0;0;0;0;0;2;2;0;2025-04-29 16:22:43
2024;Branca;SOLTEIRO;21 a 24 anos                  ;FEMININO;ANALFABETO;Cisgênero;NÃO;ITAJAÍ;Não;Brasil;NÃO;SUL;1;SC;1;0;0;0;1;0;0;0;1;0;0;1;0;0;1;0;1;2025-04-29 16:22:43
2024;Branca;SOLTEIRO;21 a 24 anos                  ;FEMININO;ENSINO FUNDAMENTAL COMPLETO;Cisgênero;NÃO;ITAJAÍ;Não;Brasil;NÃO;SUL;1;SC;0;0;0;11;0;27;0;16;0;0;0;0;0;0;27;16;11;2025-04-29 16:22:43
2024;Branca;SOLTEIRO;21 a 24 anos                  ;FEMININO;ENSINO FUNDAMENTAL COMPLETO;Cisgênero;SIM;ITAJAÍ;Não;Brasil;NÃO;SUL;1;SC;0;0;0;1;0;1;0;0;0;0;0;0;0;0;1;0;1;2025-04-29 16:22:43
2024;Branca;SOLTEIRO;21 a 24 anos                  ;FEMININO;ENSINO FUNDAMENTAL INCOMPLETO;Cisgênero;NÃO;ITAJAÍ;Não;Brasil;NÃO;SUL;1;SC;0;0;0;16;0;27;0;11;0;0;0;0;0;0;27;11;16;2025-04-29 16:22:43
2024;Branca;SOLTEIRO;21 a 24 anos                  ;FEMININO;ENSINO FUNDAMENTAL INCOMPLETO;Prefere não informar;NÃO;ITAJAÍ;Não;Brasil;NÃO;SUL;1;SC;0;0;0;3;0;5;0;2;0;0;0;0;0;0;5;2;3;2025-04-29 16:22:43
2024;Branca;SOLTEIRO;21 a 24 anos                  ;FEMININO;ENSINO MÉDIO COMPLETO;Cisgênero;NÃO;ITAJAÍ;Não;Brasil;NÃO;SUL;1;SC;0;0;0;96;0;239;0;143;0;3;3;0;0;0;239;143;96;2025-04-29 16:22:43
2024;Branca;SOLTEIRO;21 a 24 anos                  ;FEMININO;ENSINO MÉDIO COMPLETO;Prefere não informar;NÃO;ITAJAÍ;Não;Brasil;NÃO;SUL;1;SC;0;0;0;3;0;9;0;6;0;0;0;0;0;0;9;6;3;2025-04-29 16:22:43
2024;Branca;SOLTEIRO;21 a 24 anos                  ;FEMININO;ENSINO MÉDIO COMPLETO;Transgênero;NÃO;ITAJAÍ;Não;Brasil;NÃO;SUL;1;SC;0;0;0;1;0;1;0;0;0;0;0;0;0;0;1;0;1;2025-04-29 16:22:43
2024;Branca;SOLTEIRO;21 a 24 anos                  ;FEMININO;ENSINO MÉDIO INCOMPLETO;Cisgênero;NÃO;ITAJAÍ;Não;Brasil;NÃO;SUL;1;SC;0;0;0;45;0;90;0;45;0;2;2;0;0;0;90;45;45;2025-04-29 16:22:43
2024;Branca;SOLTEIRO;21 a 24 anos                  ;FEMININO;ENSINO MÉDIO INCOMPLETO;Cisgênero;SIM;ITAJAÍ;Não;Brasil;NÃO;SUL;1;SC;0;0;0;1;0;2;0;1;0;0;0;0;0;0;2;1;1;2025-04-29 16:22:43
2024;Branca;SOLTEIRO;21 a 24 anos                  ;FEMININO;ENSINO MÉDIO INCOMPLETO;Prefere não informar;NÃO;ITAJAÍ;Não;Brasil;NÃO;SUL;1;SC;0;0;0;7;0;11;0;4;0;0;0;0;0;0;11;4;7;2025-04-29 16:22:43
2024;Branca;SOLTEIRO;21 a 24 anos                  ;FEMININO;ENSINO MÉDIO INCOMPLETO;Transgênero;NÃO;ITAJAÍ;Sim;Brasil;NÃO;SUL;1;SC;0;0;0;1;0;1;0;0;0;0;0;0;0;1;1;0;1;2025-04-29 16:22:43
2024;Branca;SOLTEIRO;21 a 24 anos                  ;FEMININO;SUPERIOR COMPLETO;Cisgênero;NÃO;ITAJAÍ;Não;Brasil;NÃO;SUL;1;SC;0;0;0;3;0;18;0;15;0;0;0;0;0;0;18;15;3;2025-04-29 16:22:43
2024;Branca;SOLTEIRO;21 a 24 anos                  ;FEMININO;SUPERIOR COMPLETO;Prefere não informar;NÃO;ITAJAÍ;Não;Brasil;NÃO;SUL;1;SC;0;0;0;1;0;1;0;0;0;0;0;0;0;0;1;0;1;2025-04-29 16:22:43
2024;Branca;SOLTEIRO;21 a 24 anos                  ;FEMININO;SUPERIOR INCOMPLETO;Cisgênero;NÃO;ITAJAÍ;Não;Brasil;NÃO;SUL;1;SC;0;1;0;40;0;132;0;92;0;1;1;0;0;0;132;92;40;2025-04-29 16:22:43
2024;Branca;SOLTEIRO;21 a 24 anos                  ;FEMININO;SUPERIOR INCOMPLETO;Prefere não informar;NÃO;ITAJAÍ;Não;Brasil;NÃO;SUL;1;SC;0;0;0;0;0;4;0;4;0;0;0;0;0;0;4;4;0;2025-04-29 16:22:43
2024;Branca;SOLTEIRO;21 a 24 anos                  ;MASCULINO;ANALFABETO;Cisgênero;NÃO;ITAJAÍ;Não;Brasil;NÃO;SUL;1;SC;1;0;0;0;2;0;0;0;1;0;0;1;0;0;2;0;2;2025-04-29 16:22:43
2024;Branca;SOLTEIRO;21 a 24 anos                  ;MASCULINO;ENSINO FUNDAMENTAL COMPLETO;Cisgênero;NÃO;ITAJAÍ;Não;Brasil;NÃO;SUL;1;SC;0;2;0;17;0;33;0;16;0;1;1;0;0;0;33;16;17;2025-04-29 16:22:43
2024;Branca;SOLTEIRO;21 a 24 anos                  ;MASCULINO;ENSINO FUNDAMENTAL COMPLETO;Cisgênero;SIM;ITAJAÍ;Não;Brasil;NÃO;SUL;1;SC;0;0;0;1;0;1;0;0;0;0;0;0;0;0;1;0;1;2025-04-29 16:22:43
2024;Branca;SOLTEIRO;21 a 24 anos                  ;MASCULINO;ENSINO FUNDAMENTAL COMPLETO;Prefere não informar;NÃO;ITAJAÍ;Não;Brasil;NÃO;SUL;1;SC;0;0;0;2;0;2;0;0;0;0;0;0;0;0;2;0;2;2025-04-29 16:22:43
2024;Branca;SOLTEIRO;21 a 24 anos                  ;MASCULINO;ENSINO FUNDAMENTAL INCOMPLETO;Cisgênero;NÃO;ITAJAÍ;Não;Brasil;NÃO;SUL;1;SC;0;2;0;33;0;45;0;12;0;0;0;0;0;0;45;12;33;2025-04-29 16:22:43
2024;Branca;SOLTEIRO;21 a 24 anos                  ;MASCULINO;ENSINO FUNDAMENTAL INCOMPLETO;Cisgênero;SIM;ITAJAÍ;Não;Brasil;NÃO;SUL;1;SC;0;0;0;1;0;1;0;0;0;0;0;0;0;0;1;0;1;2025-04-29 16:22:43
2024;Branca;SOLTEIRO;21 a 24 anos                  ;MASCULINO;ENSINO FUNDAMENTAL INCOMPLETO;Prefere não informar;NÃO;ITAJAÍ;Não;Brasil;NÃO;SUL;1;SC;0;0;0;2;0;2;0;0;0;0;0;0;0;0;2;0;2;2025-04-29 16:22:43
2024;Branca;SOLTEIRO;21 a 24 anos                  ;MASCULINO;ENSINO MÉDIO COMPLETO;Cisgênero;NÃO;ITAJAÍ;Não;Brasil;NÃO;SUL;1;SC;0;2;1;97;0;223;0;126;0;3;3;0;0;0;223;126;97;2025-04-29 16:22:43
2024;Branca;SOLTEIRO;21 a 24 anos                  ;MASCULINO;ENSINO MÉDIO COMPLETO;Cisgênero;SIM;ITAJAÍ;Não;Brasil;NÃO;SUL;1;SC;0;0;0;1;0;1;0;0;0;0;0;0;0;0;1;0;1;2025-04-29 16:22:43
2024;Branca;SOLTEIRO;21 a 24 anos                  ;MASCULINO;ENSINO MÉDIO COMPLETO;Prefere não informar;NÃO;ITAJAÍ;Não;Brasil;NÃO;SUL;1;SC;0;0;0;4;0;10;0;6;0;0;0;0;0;0;10;6;4;2025-04-29 16:22:43
2024;Branca;SOLTEIRO;21 a 24 anos                  ;MASCULINO;ENSINO MÉDIO COMPLETO;Prefere não informar;SIM;ITAJAÍ;Não;Brasil;NÃO;SUL;1;SC;0;0;0;0;0;1;0;1;0;0;0;0;0;0;1;1;0;2025-04-29 16:22:43
2024;Branca;SOLTEIRO;21 a 24 anos                  ;MASCULINO;ENSINO MÉDIO COMPLETO;Transgênero;NÃO;ITAJAÍ;Não;Brasil;NÃO;SUL;1;SC;0;0;0;1;0;1;0;0;0;0;0;0;0;0;1;0;1;2025-04-29 16:22:43
2024;Branca;SOLTEIRO;21 a 24 anos                  ;MASCULINO;ENSINO MÉDIO INCOMPLETO;Cisgênero;NÃO;ITAJAÍ;Não;Brasil;NÃO;SUL;1;SC;0;1;0;81;0;144;0;63;0;1;1;0;0;0;144;63;81;2025-04-29 16:22:43
2024;Branca;SOLTEIRO;21 a 24 anos                  ;MASCULINO;ENSINO MÉDIO INCOMPLETO;Cisgênero;SIM;ITAJAÍ;Não;Brasil;NÃO;SUL;1;SC;0;0;0;0;0;2;0;2;0;0;0;0;0;0;2;2;0;2025-04-29 16:22:43
2024;Branca;SOLTEIRO;21 a 24 anos                  ;MASCULINO;ENSINO MÉDIO INCOMPLETO;Prefere não informar;NÃO;ITAJAÍ;Não;Brasil;NÃO;SUL;1;SC;0;0;0;2;0;5;0;3;0;0;0;0;0;0;5;3;2;2025-04-29 16:22:43
2024;Branca;SOLTEIRO;21 a 24 anos                  ;MASCULINO;ENSINO MÉDIO INCOMPLETO;Prefere não informar;SIM;ITAJAÍ;Não;Brasil;NÃO;SUL;1;SC;0;0;0;1;0;1;0;0;0;0;0;0;0;0;1;0;1;2025-04-29 16:22:43
2024;Branca;SOLTEIRO;21 a 24 anos                  ;MASCULINO;ENSINO MÉDIO INCOMPLETO;Transgênero;SIM;ITAJAÍ;Não;Brasil;NÃO;SUL;1;SC;0;0;0;0;0;1;0;1;0;0;0;0;0;0;1;1;0;2025-04-29 16:22:43
2024;Branca;SOLTEIRO;21 a 24 anos                  ;MASCULINO;LÊ E ESCREVE;Cisgênero;NÃO;ITAJAÍ;Não;Brasil;NÃO;SUL;1;SC;0;0;0;2;0;2;0;0;0;0;0;0;0;0;2;0;2;2025-04-29 16:22:43
2024;Branca;SOLTEIRO;21 a 24 anos                  ;MASCULINO;SUPERIOR COMPLETO;Cisgênero;NÃO;ITAJAÍ;Não;Brasil;NÃO;SUL;1;SC;0;0;0;3;0;11;0;8;0;0;0;0;0;0;11;8;3;2025-04-29 16:22:43
2024;Branca;SOLTEIRO;21 a 24 anos                  ;MASCULINO;SUPERIOR COMPLETO;Prefere não informar;NÃO;ITAJAÍ;Não;Brasil;NÃO;SUL;1;SC;0;0;0;0;0;1;0;1;0;0;0;0;0;0;1;1;0;2025-04-29 16:22:43
2024;Branca;SOLTEIRO;21 a 24 anos                  ;MASCULINO;SUPERIOR INCOMPLETO;Cisgênero;NÃO;ITAJAÍ;Não;Brasil;NÃO;SUL;1;SC;0;0;0;16;0;78;0;62;0;0;0;0;0;0;78;62;16;2025-04-29 16:22:43
2024;Branca;SOLTEIRO;21 a 24 anos                  ;MASCULINO;SUPERIOR INCOMPLETO;Prefere não informar;NÃO;ITAJAÍ;Não;Brasil;NÃO;SUL;1;SC;0;0;0;1;0;2;0;1;0;0;0;0;0;0;2;1;1;2025-04-29 16:22:43
2024;Branca;SOLTEIRO;21 a 24 anos                  ;MASCULINO;SUPERIOR INCOMPLETO;Transgênero;NÃO;ITAJAÍ;Sim;Brasil;NÃO;SUL;1;SC;0;0;0;0;0;1;0;1;0;0;0;0;0;1;1;1;0;2025-04-29 16:22:43
2024;Branca;SOLTEIRO;25 a 29 anos                  ;FEMININO;ANALFABETO;Cisgênero;NÃO;ITAJAÍ;Não;Brasil;NÃO;SUL;1;SC;0;0;0;0;1;0;0;0;0;0;0;0;0;0;1;0;1;2025-04-29 16:22:43
2024;Branca;SOLTEIRO;25 a 29 anos                  ;FEMININO;ENSINO FUNDAMENTAL COMPLETO;Cisgênero;NÃO;ITAJAÍ;Não;Brasil;NÃO;SUL;1;SC;0;0;0;8;0;22;0;14;0;0;0;0;0;0;22;14;8;2025-04-29 16:22:43
2024;Branca;SOLTEIRO;25 a 29 anos                  ;FEMININO;ENSINO FUNDAMENTAL COMPLETO;Transgênero;NÃO;ITAJAÍ;Não;Brasil;NÃO;SUL;1;SC;0;0;0;0;0;1;0;1;0;0;0;0;0;0;1;1;0;2025-04-29 16:22:43
2024;Branca;SOLTEIRO;25 a 29 anos                  ;FEMININO;ENSINO FUNDAMENTAL INCOMPLETO;Cisgênero;NÃO;ITAJAÍ;Não;Brasil;NÃO;SUL;1;SC;1;0;0;19;0;39;0;20;0;3;2;0;1;0;39;20;19;2025-04-29 16:22:43
2024;Branca;SOLTEIRO;25 a 29 anos                  ;FEMININO;ENSINO FUNDAMENTAL INCOMPLETO;Prefere não informar;SIM;ITAJAÍ;Não;Brasil;NÃO;SUL;1;SC;0;0;0;0;0;1;0;1;0;0;0;0;0;0;1;1;0;2025-04-29 16:22:43
2024;Branca;SOLTEIRO;25 a 29 anos                  ;FEMININO;ENSINO MÉDIO COMPLETO;Cisgênero;NÃO;ITAJAÍ;Não;Brasil;NÃO;SUL;1;SC;0;1;0;52;0;156;0;104;0;1;1;0;0;0;156;104;52;2025-04-29 16:22:43
2024;Branca;SOLTEIRO;25 a 29 anos                  ;FEMININO;ENSINO MÉDIO COMPLETO;Cisgênero;SIM;ITAJAÍ;Não;Brasil;NÃO;SUL;1;SC;0;0;0;1;0;2;0;1;0;0;0;0;0;0;2;1;1;2025-04-29 16:22:43
2024;Branca;SOLTEIRO;25 a 29 anos                  ;FEMININO;ENSINO MÉDIO COMPLETO;Prefere não informar;NÃO;ITAJAÍ;Não;Brasil;NÃO;SUL;1;SC;0;0;0;1;0;3;0;2;0;0;0;0;0;0;3;2;1;2025-04-29 16:22:43
2024;Branca;SOLTEIRO;25 a 29 anos                  ;FEMININO;ENSINO MÉDIO COMPLETO;Transgênero;NÃO;ITAJAÍ;Não;Brasil;NÃO;SUL;1;SC;0;0;0;0;0;2;0;2;0;0;0;0;0;0;2;2;0;2025-04-29 16:22:43
2024;Branca;SOLTEIRO;25 a 29 anos                  ;FEMININO;ENSINO MÉDIO INCOMPLETO;Cisgênero;NÃO;ITAJAÍ;Não;Brasil;NÃO;SUL;1;SC;1;0;0;21;0;60;0;39;0;1;0;0;1;0;60;39;21;2025-04-29 16:22:43
2024;Branca;SOLTEIRO;25 a 29 anos                  ;FEMININO;ENSINO MÉDIO INCOMPLETO;Prefere não informar;NÃO;ITAJAÍ;Não;Brasil;NÃO;SUL;1;SC;0;0;0;2;0;5;0;3;0;0;0;0;0;0;5;3;2;2025-04-29 16:22:43
2024;Branca;SOLTEIRO;25 a 29 anos                  ;FEMININO;SUPERIOR COMPLETO;Cisgênero;NÃO;ITAJAÍ;Não;Brasil;NÃO;SUL;1;SC;0;0;0;21;0;86;0;65;0;0;0;0;0;0;86;65;21;2025-04-29 16:22:43
2024;Branca;SOLTEIRO;25 a 29 anos                  ;FEMININO;SUPERIOR COMPLETO;Prefere não informar;NÃO;ITAJAÍ;Não;Brasil;NÃO;SUL;1;SC;0;0;0;2;0;7;0;5;0;0;0;0;0;0;7;5;2;2025-04-29 16:22:43
2024;Branca;SOLTEIRO;25 a 29 anos                  ;FEMININO;SUPERIOR COMPLETO;Transgênero;NÃO;ITAJAÍ;Não;Brasil;NÃO;SUL;1;SC;0;0;0;0;0;1;0;1;0;0;0;0;0;0;1;1;0;2025-04-29 16:22:43
2024;Branca;SOLTEIRO;25 a 29 anos                  ;FEMININO;SUPERIOR INCOMPLETO;Cisgênero;NÃO;ITAJAÍ;Não;Brasil;NÃO;SUL;1;SC;0;0;0;25;0;81;0;56;0;0;0;0;0;0;81;56;25;2025-04-29 16:22:43
2024;Branca;SOLTEIRO;25 a 29 anos                  ;FEMININO;SUPERIOR INCOMPLETO;Prefere não informar;NÃO;ITAJAÍ;Não;Brasil;NÃO;SUL;1;SC;0;0;0;1;0;5;0;4;0;0;0;0;0;0;5;4;1;2025-04-29 16:22:43
2024;Branca;SOLTEIRO;25 a 29 anos                  ;FEMININO;SUPERIOR INCOMPLETO;Prefere não informar;SIM;ITAJAÍ;Não;Brasil;NÃO;SUL;1;SC;0;0;0;0;0;1;0;1;0;0;0;0;0;0;1;1;0;2025-04-29 16:22:43
2024;Branca;SOLTEIRO;25 a 29 anos                  ;MASCULINO;ENSINO FUNDAMENTAL COMPLETO;Cisgênero;NÃO;ITAJAÍ;Não;Brasil;NÃO;SUL;1;SC;0;1;0;21;0;36;0;15;0;0;0;0;0;0;36;15;21;2025-04-29 16:22:43
2024;Branca;SOLTEIRO;25 a 29 anos                  ;MASCULINO;ENSINO FUNDAMENTAL COMPLETO;Cisgênero;SIM;ITAJAÍ;Não;Brasil;NÃO;SUL;1;SC;0;0;0;0;0;1;0;1;0;0;0;0;0;0;1;1;0;2025-04-29 16:22:43
2024;Branca;SOLTEIRO;25 a 29 anos                  ;MASCULINO;ENSINO FUNDAMENTAL COMPLETO;Prefere não informar;NÃO;ITAJAÍ;Não;Brasil;NÃO;SUL;1;SC;0;0;0;0;0;3;0;3;0;0;0;0;0;0;3;3;0;2025-04-29 16:22:43
2024;Branca;SOLTEIRO;25 a 29 anos                  ;MASCULINO;ENSINO FUNDAMENTAL INCOMPLETO;Cisgênero;NÃO;ITAJAÍ;Não;Brasil;NÃO;SUL;1;SC;0;3;2;21;0;45;0;24;0;0;0;0;0;0;45;24;21;2025-04-29 16:22:43
2024;Branca;SOLTEIRO;25 a 29 anos                  ;MASCULINO;ENSINO FUNDAMENTAL INCOMPLETO;Prefere não informar;NÃO;ITAJAÍ;Não;Brasil;NÃO;SUL;1;SC;0;0;0;1;0;1;0;0;0;0;0;0;0;0;1;0;1;2025-04-29 16:22:43
2024;Branca;SOLTEIRO;25 a 29 anos                  ;MASCULINO;ENSINO FUNDAMENTAL INCOMPLETO;Prefere não informar;SIM;ITAJAÍ;Não;Brasil;NÃO;SUL;1;SC;0;0;0;0;0;2;0;2;0;0;0;0;0;0;2;2;0;2025-04-29 16:22:43
2024;Branca;SOLTEIRO;25 a 29 anos                  ;MASCULINO;ENSINO FUNDAMENTAL INCOMPLETO;Transgênero;NÃO;ITAJAÍ;Não;Brasil;NÃO;SUL;1;SC;0;0;0;0;0;1;0;1;0;0;0;0;0;0;1;1;0;2025-04-29 16:22:43
2024;Branca;SOLTEIRO;25 a 29 anos                  ;MASCULINO;ENSINO MÉDIO COMPLETO;Cisgênero;NÃO;ITAJAÍ;Não;Brasil;NÃO;SUL;1;SC;1;2;0;38;0;109;0;71;0;2;1;0;1;0;109;71;38;2025-04-29 16:22:43
2024;Branca;SOLTEIRO;25 a 29 anos                  ;MASCULINO;ENSINO MÉDIO COMPLETO;Cisgênero;SIM;ITAJAÍ;Não;Brasil;NÃO;SUL;1;SC;0;0;0;0;0;1;0;1;0;0;0;0;0;0;1;1;0;2025-04-29 16:22:43
2024;Branca;SOLTEIRO;25 a 29 anos                  ;MASCULINO;ENSINO MÉDIO COMPLETO;Prefere não informar;NÃO;ITAJAÍ;Não;Brasil;NÃO;SUL;1;SC;0;0;0;2;0;3;0;1;0;0;0;0;0;0;3;1;2;2025-04-29 16:22:43
2024;Branca;SOLTEIRO;25 a 29 anos                  ;MASCULINO;ENSINO MÉDIO COMPLETO;Prefere não informar;SIM;ITAJAÍ;Não;Brasil;NÃO;SUL;1;SC;0;0;0;0;0;2;0;2;0;0;0;0;0;0;2;2;0;2025-04-29 16:22:43
2024;Branca;SOLTEIRO;25 a 29 anos                  ;MASCULINO;ENSINO MÉDIO COMPLETO;Transgênero;NÃO;ITAJAÍ;Não;Brasil;NÃO;SUL;1;SC;0;0;0;0;0;1;0;1;0;0;0;0;0;0;1;1;0;2025-04-29 16:22:43
2024;Branca;SOLTEIRO;25 a 29 anos                  ;MASCULINO;ENSINO MÉDIO INCOMPLETO;Cisgênero;NÃO;ITAJAÍ;Não;Brasil;NÃO;SUL;1;SC;0;1;1;30;0;72;0;42;0;1;1;0;0;0;72;42;30;2025-04-29 16:22:43
2024;Branca;SOLTEIRO;25 a 29 anos                  ;MASCULINO;ENSINO MÉDIO INCOMPLETO;Cisgênero;SIM;ITAJAÍ;Não;Brasil;NÃO;SUL;1;SC;0;0;0;0;0;2;0;2;0;0;0;0;0;0;2;2;0;2025-04-29 16:22:43
2024;Branca;SOLTEIRO;25 a 29 anos                  ;MASCULINO;ENSINO MÉDIO INCOMPLETO;Prefere não informar;NÃO;ITAJAÍ;Não;Brasil;NÃO;SUL;1;SC;0;0;0;1;0;2;0;1;0;0;0;0;0;0;2;1;1;2025-04-29 16:22:43
2024;Branca;SOLTEIRO;25 a 29 anos                  ;MASCULINO;LÊ E ESCREVE;Cisgênero;NÃO;ITAJAÍ;Não;Brasil;NÃO;SUL;1;SC;0;0;0;1;0;1;0;0;0;0;0;0;0;0;1;0;1;2025-04-29 16:22:43
2024;Branca;SOLTEIRO;25 a 29 anos                  ;MASCULINO;SUPERIOR COMPLETO;Cisgênero;NÃO;ITAJAÍ;Não;Brasil;NÃO;SUL;1;SC;0;0;0;13;0;53;0;40;0;0;0;0;0;0;53;40;13;2025-04-29 16:22:43
2024;Branca;SOLTEIRO;25 a 29 anos                  ;MASCULINO;SUPERIOR COMPLETO;Prefere não informar;NÃO;ITAJAÍ;Não;Brasil;NÃO;SUL;1;SC;0;0;0;0;0;3;0;3;0;0;0;0;0;0;3;3;0;2025-04-29 16:22:43
2024;Branca;SOLTEIRO;25 a 29 anos                  ;MASCULINO;SUPERIOR INCOMPLETO;Cisgênero;NÃO;ITAJAÍ;Não;Brasil;NÃO;SUL;1;SC;0;0;0;18;0;76;0;58;0;0;0;0;0;0;76;58;18;2025-04-29 16:22:43
2024;Branca;SOLTEIRO;25 a 29 anos                  ;MASCULINO;SUPERIOR INCOMPLETO;Cisgênero;SIM;ITAJAÍ;Não;Brasil;NÃO;SUL;1;SC;0;0;0;1;0;1;0;0;0;0;0;0;0;0;1;0;1;2025-04-29 16:22:43
2024;Branca;SOLTEIRO;25 a 29 anos                  ;MASCULINO;SUPERIOR INCOMPLETO;Prefere não informar;NÃO;ITAJAÍ;Não;Brasil;NÃO;SUL;1;SC;0;0;0;2;0;6;0;4;0;0;0;0;0;0;6;4;2;2025-04-29 16:22:43
2024;Branca;SOLTEIRO;30 a 34 anos                  ;FEMININO;ANALFABETO;Cisgênero;NÃO;ITAJAÍ;Não;Brasil;NÃO;SUL;1;SC;0;0;0;0;1;0;0;0;0;0;0;0;0;0;1;0;1;2025-04-29 16:22:43
2024;Branca;SOLTEIRO;30 a 34 anos                  ;FEMININO;ENSINO FUNDAMENTAL COMPLETO;Cisgênero;NÃO;ITAJAÍ;Não;Brasil;NÃO;SUL;1;SC;0;0;0;8;0;26;0;18;0;0;0;0;0;0;26;18;8;2025-04-29 16:22:43
2024;Branca;SOLTEIRO;30 a 34 anos                  ;FEMININO;ENSINO FUNDAMENTAL COMPLETO;Prefere não informar;NÃO;ITAJAÍ;Não;Brasil;NÃO;SUL;1;SC;0;0;0;0;0;3;0;3;0;0;0;0;0;0;3;3;0;2025-04-29 16:22:43
2024;Branca;SOLTEIRO;30 a 34 anos                  ;FEMININO;ENSINO FUNDAMENTAL INCOMPLETO;Cisgênero;NÃO;ITAJAÍ;Não;Brasil;NÃO;SUL;1;SC;1;0;0;11;0;27;0;16;0;1;0;0;1;0;27;16;11;2025-04-29 16:22:43
2024;Branca;SOLTEIRO;30 a 34 anos                  ;FEMININO;ENSINO FUNDAMENTAL INCOMPLETO;Prefere não informar;SIM;ITAJAÍ;Não;Brasil;NÃO;SUL;1;SC;0;0;0;1;0;1;0;0;0;0;0;0;0;0;1;0;1;2025-04-29 16:22:43
2024;Branca;SOLTEIRO;30 a 34 anos                  ;FEMININO;ENSINO MÉDIO COMPLETO;Cisgênero;NÃO;ITAJAÍ;Não;Brasil;NÃO;SUL;1;SC;1;0;0;35;0;124;0;89;0;1;0;0;1;0;124;89;35;2025-04-29 16:22:43
2024;Branca;SOLTEIRO;30 a 34 anos                  ;FEMININO;ENSINO MÉDIO COMPLETO;Cisgênero;SIM;ITAJAÍ;Não;Brasil;NÃO;SUL;1;SC;0;0;0;0;0;2;0;2;0;0;0;0;0;0;2;2;0;2025-04-29 16:22:43
2024;Branca;SOLTEIRO;30 a 34 anos                  ;FEMININO;ENSINO MÉDIO COMPLETO;Prefere não informar;NÃO;ITAJAÍ;Não;Brasil;NÃO;SUL;1;SC;0;0;0;0;0;7;0;7;0;0;0;0;0;0;7;7;0;2025-04-29 16:22:43
2024;Branca;SOLTEIRO;30 a 34 anos                  ;FEMININO;ENSINO MÉDIO COMPLETO;Prefere não informar;SIM;ITAJAÍ;Não;Brasil;NÃO;SUL;1;SC;0;0;0;1;0;1;0;0;0;0;0;0;0;0;1;0;1;2025-04-29 16:22:43
2024;Branca;SOLTEIRO;30 a 34 anos                  ;FEMININO;ENSINO MÉDIO COMPLETO;Transgênero;NÃO;ITAJAÍ;Não;Brasil;NÃO;SUL;1;SC;0;0;0;0;0;1;0;1;0;0;0;0;0;0;1;1;0;2025-04-29 16:22:43
2024;Branca;SOLTEIRO;30 a 34 anos                  ;FEMININO;ENSINO MÉDIO INCOMPLETO;Cisgênero;NÃO;ITAJAÍ;Não;Brasil;NÃO;SUL;1;SC;1;0;0;18;0;44;0;26;0;1;0;0;1;0;44;26;18;2025-04-29 16:22:43
2024;Branca;SOLTEIRO;30 a 34 anos                  ;FEMININO;ENSINO MÉDIO INCOMPLETO;Cisgênero;SIM;ITAJAÍ;Não;Brasil;NÃO;SUL;1;SC;0;0;0;0;0;1;0;1;0;0;0;0;0;0;1;1;0;2025-04-29 16:22:43
2024;Branca;SOLTEIRO;30 a 34 anos                  ;FEMININO;ENSINO MÉDIO INCOMPLETO;Prefere não informar;NÃO;ITAJAÍ;Não;Brasil;NÃO;SUL;1;SC;0;0;0;0;0;4;0;4;0;0;0;0;0;0;4;4;0;2025-04-29 16:22:43
2024;Branca;SOLTEIRO;30 a 34 anos                  ;FEMININO;SUPERIOR COMPLETO;Cisgênero;NÃO;ITAJAÍ;Não;Brasil;NÃO;SUL;1;SC;0;0;0;33;0;126;0;93;0;1;1;0;0;0;126;93;33;2025-04-29 16:22:43
2024;Branca;SOLTEIRO;30 a 34 anos                  ;FEMININO;SUPERIOR COMPLETO;Cisgênero;SIM;ITAJAÍ;Não;Brasil;NÃO;SUL;1;SC;0;0;0;0;0;3;0;3;0;0;0;0;0;0;3;3;0;2025-04-29 16:22:43
2024;Branca;SOLTEIRO;30 a 34 anos                  ;FEMININO;SUPERIOR COMPLETO;Prefere não informar;NÃO;ITAJAÍ;Não;Brasil;NÃO;SUL;1;SC;0;0;0;1;0;9;0;8;0;0;0;0;0;0;9;8;1;2025-04-29 16:22:43
2024;Branca;SOLTEIRO;30 a 34 anos                  ;FEMININO;SUPERIOR COMPLETO;Prefere não informar;SIM;ITAJAÍ;Não;Brasil;NÃO;SUL;1;SC;0;0;0;0;0;1;0;1;0;0;0;0;0;0;1;1;0;2025-04-29 16:22:43
2024;Branca;SOLTEIRO;30 a 34 anos                  ;FEMININO;SUPERIOR INCOMPLETO;Cisgênero;NÃO;ITAJAÍ;Não;Brasil;NÃO;SUL;1;SC;0;0;0;15;0;50;0;35;0;1;1;0;0;0;50;35;15;2025-04-29 16:22:43
2024;Branca;SOLTEIRO;30 a 34 anos                  ;FEMININO;SUPERIOR INCOMPLETO;Cisgênero;SIM;ITAJAÍ;Não;Brasil;NÃO;SUL;1;SC;0;0;0;0;0;1;0;1;0;0;0;0;0;0;1;1;0;2025-04-29 16:22:43
2024;Branca;SOLTEIRO;30 a 34 anos                  ;FEMININO;SUPERIOR INCOMPLETO;Prefere não informar;NÃO;ITAJAÍ;Não;Brasil;NÃO;SUL;1;SC;0;0;0;0;0;2;0;2;0;0;0;0;0;0;2;2;0;2025-04-29 16:22:43
2024;Branca;SOLTEIRO;30 a 34 anos                  ;MASCULINO;ANALFABETO;Cisgênero;NÃO;ITAJAÍ;Não;Brasil;NÃO;SUL;1;SC;4;0;0;0;6;0;1;0;5;0;1;4;0;0;6;1;5;2025-04-29 16:22:43
2024;Branca;SOLTEIRO;30 a 34 anos                  ;MASCULINO;ANALFABETO;Prefere não informar;NÃO;ITAJAÍ;Não;Brasil;NÃO;SUL;1;SC;0;0;0;0;1;0;1;0;1;0;1;0;0;0;1;1;0;2025-04-29 16:22:43
2024;Branca;SOLTEIRO;30 a 34 anos                  ;MASCULINO;ENSINO FUNDAMENTAL COMPLETO;Cisgênero;NÃO;ITAJAÍ;Não;Brasil;NÃO;SUL;1;SC;0;0;0;6;0;22;0;16;0;0;0;0;0;0;22;16;6;2025-04-29 16:22:43
2024;Branca;SOLTEIRO;30 a 34 anos                  ;MASCULINO;ENSINO FUNDAMENTAL COMPLETO;Cisgênero;SIM;ITAJAÍ;Não;Brasil;NÃO;SUL;1;SC;0;0;0;1;0;1;0;0;0;0;0;0;0;0;1;0;1;2025-04-29 16:22:43
2024;Branca;SOLTEIRO;30 a 34 anos                  ;MASCULINO;ENSINO FUNDAMENTAL COMPLETO;Prefere não informar;NÃO;ITAJAÍ;Não;Brasil;NÃO;SUL;1;SC;0;0;0;0;0;3;0;3;0;0;0;0;0;0;3;3;0;2025-04-29 16:22:43
2024;Branca;SOLTEIRO;30 a 34 anos                  ;MASCULINO;ENSINO FUNDAMENTAL INCOMPLETO;Cisgênero;NÃO;ITAJAÍ;Não;Brasil;NÃO;SUL;1;SC;1;4;0;19;0;38;0;19;0;1;0;0;1;0;38;19;19;2025-04-29 16:22:43
2024;Branca;SOLTEIRO;30 a 34 anos                  ;MASCULINO;ENSINO FUNDAMENTAL INCOMPLETO;Cisgênero;SIM;ITAJAÍ;Não;Brasil;NÃO;SUL;1;SC;0;0;0;1;0;1;0;0;0;0;0;0;0;0;1;0;1;2025-04-29 16:22:43
2024;Branca;SOLTEIRO;30 a 34 anos                  ;MASCULINO;ENSINO FUNDAMENTAL INCOMPLETO;Prefere não informar;NÃO;ITAJAÍ;Não;Brasil;NÃO;SUL;1;SC;0;0;0;1;0;2;0;1;0;0;0;0;0;0;2;1;1;2025-04-29 16:22:43
2024;Branca;SOLTEIRO;30 a 34 anos                  ;MASCULINO;ENSINO MÉDIO COMPLETO;Cisgênero;NÃO;ITAJAÍ;Não;Brasil;NÃO;SUL;1;SC;1;0;0;30;0;112;0;82;0;2;1;0;1;0;112;82;30;2025-04-29 16:22:43
2024;Branca;SOLTEIRO;30 a 34 anos                  ;MASCULINO;ENSINO MÉDIO COMPLETO;Cisgênero;SIM;ITAJAÍ;Não;Brasil;NÃO;SUL;1;SC;0;0;0;1;0;4;0;3;0;0;0;0;0;0;4;3;1;2025-04-29 16:22:43
2024;Branca;SOLTEIRO;30 a 34 anos                  ;MASCULINO;ENSINO MÉDIO COMPLETO;Prefere não informar;NÃO;ITAJAÍ;Não;Brasil;NÃO;SUL;1;SC;0;0;0;2;0;6;0;4;0;0;0;0;0;0;6;4;2;2025-04-29 16:22:43
2024;Branca;SOLTEIRO;30 a 34 anos                  ;MASCULINO;ENSINO MÉDIO INCOMPLETO;Cisgênero;NÃO;ITAJAÍ;Não;Brasil;NÃO;SUL;1;SC;1;1;0;24;0;57;0;33;0;1;0;0;1;0;57;33;24;2025-04-29 16:22:43
2024;Branca;SOLTEIRO;30 a 34 anos                  ;MASCULINO;ENSINO MÉDIO INCOMPLETO;Prefere não informar;NÃO;ITAJAÍ;Não;Brasil;NÃO;SUL;1;SC;0;0;0;1;0;2;0;1;0;0;0;0;0;0;2;1;1;2025-04-29 16:22:43
2024;Branca;SOLTEIRO;30 a 34 anos                  ;MASCULINO;ENSINO MÉDIO INCOMPLETO;Prefere não informar;SIM;ITAJAÍ;Não;Brasil;NÃO;SUL;1;SC;0;0;0;1;0;1;0;0;0;0;0;0;0;0;1;0;1;2025-04-29 16:22:43
2024;Branca;SOLTEIRO;30 a 34 anos                  ;MASCULINO;LÊ E ESCREVE;Cisgênero;NÃO;ITAJAÍ;Não;Brasil;NÃO;SUL;1;SC;0;0;0;1;0;2;0;1;0;0;0;0;0;0;2;1;1;2025-04-29 16:22:43
2024;Branca;SOLTEIRO;30 a 34 anos                  ;MASCULINO;SUPERIOR COMPLETO;Cisgênero;NÃO;ITAJAÍ;Não;Brasil;NÃO;SUL;1;SC;1;0;0;34;0;108;0;74;0;1;0;0;1;0;108;74;34;2025-04-29 16:22:43
2024;Branca;SOLTEIRO;30 a 34 anos                  ;MASCULINO;SUPERIOR COMPLETO;Cisgênero;SIM;ITAJAÍ;Não;Brasil;NÃO;SUL;1;SC;0;0;0;1;0;3;0;2;0;0;0;0;0;0;3;2;1;2025-04-29 16:22:43
2024;Branca;SOLTEIRO;30 a 34 anos                  ;MASCULINO;SUPERIOR COMPLETO;Prefere não informar;NÃO;ITAJAÍ;Não;Brasil;NÃO;SUL;1;SC;0;0;0;0;0;4;0;4;0;0;0;0;0;0;4;4;0;2025-04-29 16:22:43
2024;Branca;SOLTEIRO;30 a 34 anos                  ;MASCULINO;SUPERIOR INCOMPLETO;Cisgênero;NÃO;ITAJAÍ;Não;Brasil;NÃO;SUL;1;SC;0;0;0;15;0;65;0;50;0;0;0;0;0;0;65;50;15;2025-04-29 16:22:43
2024;Branca;SOLTEIRO;30 a 34 anos                  ;MASCULINO;SUPERIOR INCOMPLETO;Cisgênero;SIM;ITAJAÍ;Não;Brasil;NÃO;SUL;1;SC;0;0;0;1;0;1;0;0;0;0;0;0;0;0;1;0;1;2025-04-29 16:22:43
2024;Branca;SOLTEIRO;30 a 34 anos                  ;MASCULINO;SUPERIOR INCOMPLETO;Prefere não informar;NÃO;ITAJAÍ;Não;Brasil;NÃO;SUL;1;SC;0;0;0;2;0;6;0;4;0;0;0;0;0;0;6;4;2;2025-04-29 16:22:43
2024;Branca;SOLTEIRO;35 a 39 anos                  ;FEMININO;ENSINO FUNDAMENTAL COMPLETO;Cisgênero;NÃO;ITAJAÍ;Não;Brasil;NÃO;SUL;1;SC;0;0;0;7;0;23;0;16;0;0;0;0;0;0;23;16;7;2025-04-29 16:22:43
2024;Branca;SOLTEIRO;35 a 39 anos                  ;FEMININO;ENSINO FUNDAMENTAL COMPLETO;Prefere não informar;NÃO;ITAJAÍ;Não;Brasil;NÃO;SUL;1;SC;0;0;0;0;0;1;0;1;0;0;0;0;0;0;1;1;0;2025-04-29 16:22:43
2024;Branca;SOLTEIRO;35 a 39 anos                  ;FEMININO;ENSINO FUNDAMENTAL INCOMPLETO;Cisgênero;NÃO;ITAJAÍ;Não;Brasil;NÃO;SUL;1;SC;0;0;0;8;0;29;0;21;0;0;0;0;0;0;29;21;8;2025-04-29 16:22:43
2024;Branca;SOLTEIRO;35 a 39 anos                  ;FEMININO;ENSINO FUNDAMENTAL INCOMPLETO;Prefere não informar;NÃO;ITAJAÍ;Não;Brasil;NÃO;SUL;1;SC;0;0;0;0;0;1;0;1;0;0;0;0;0;0;1;1;0;2025-04-29 16:22:43
2024;Branca;SOLTEIRO;35 a 39 anos                  ;FEMININO;ENSINO MÉDIO COMPLETO;Cisgênero;NÃO;ITAJAÍ;Não;Brasil;NÃO;SUL;1;SC;2;0;0;23;0;107;0;84;0;2;0;0;2;0;107;84;23;2025-04-29 16:22:43
2024;Branca;SOLTEIRO;35 a 39 anos                  ;FEMININO;ENSINO MÉDIO COMPLETO;Cisgênero;SIM;ITAJAÍ;Não;Brasil;NÃO;SUL;1;SC;1;0;0;1;0;1;0;0;0;1;0;0;1;0;1;0;1;2025-04-29 16:22:43
2024;Branca;SOLTEIRO;35 a 39 anos                  ;FEMININO;ENSINO MÉDIO COMPLETO;Prefere não informar;NÃO;ITAJAÍ;Não;Brasil;NÃO;SUL;1;SC;0;0;0;3;0;11;0;8;0;1;1;0;0;0;11;8;3;2025-04-29 16:22:43
2024;Branca;SOLTEIRO;35 a 39 anos                  ;FEMININO;ENSINO MÉDIO COMPLETO;Prefere não informar;SIM;ITAJAÍ;Não;Brasil;NÃO;SUL;1;SC;0;0;0;0;0;1;0;1;0;0;0;0;0;0;1;1;0;2025-04-29 16:22:43
2024;Branca;SOLTEIRO;35 a 39 anos                  ;FEMININO;ENSINO MÉDIO INCOMPLETO;Cisgênero;NÃO;ITAJAÍ;Não;Brasil;NÃO;SUL;1;SC;0;0;0;13;0;44;0;31;0;0;0;0;0;0;44;31;13;2025-04-29 16:22:43
2024;Branca;SOLTEIRO;35 a 39 anos                  ;FEMININO;ENSINO MÉDIO INCOMPLETO;Cisgênero;SIM;ITAJAÍ;Não;Brasil;NÃO;SUL;1;SC;0;0;0;0;0;1;0;1;0;1;1;0;0;0;1;1;0;2025-04-29 16:22:43
2024;Branca;SOLTEIRO;35 a 39 anos                  ;FEMININO;ENSINO MÉDIO INCOMPLETO;Prefere não informar;NÃO;ITAJAÍ;Não;Brasil;NÃO;SUL;1;SC;0;0;0;2;0;4;0;2;0;0;0;0;0;0;4;2;2;2025-04-29 16:22:43
2024;Branca;SOLTEIRO;35 a 39 anos                  ;FEMININO;SUPERIOR COMPLETO;Cisgênero;NÃO;ITAJAÍ;Não;Brasil;NÃO;SUL;1;SC;0;0;0;18;0;104;0;86;0;1;1;0;0;0;104;86;18;2025-04-29 16:22:43
2024;Branca;SOLTEIRO;35 a 39 anos                  ;FEMININO;SUPERIOR COMPLETO;Cisgênero;SIM;ITAJAÍ;Não;Brasil;NÃO;SUL;1;SC;0;0;0;0;0;2;0;2;0;0;0;0;0;0;2;2;0;2025-04-29 16:22:43
2024;Branca;SOLTEIRO;35 a 39 anos                  ;FEMININO;SUPERIOR COMPLETO;Prefere não informar;NÃO;ITAJAÍ;Não;Brasil;NÃO;SUL;1;SC;0;0;0;0;0;8;0;8;0;0;0;0;0;0;8;8;0;2025-04-29 16:22:43
2024;Branca;SOLTEIRO;35 a 39 anos                  ;FEMININO;SUPERIOR COMPLETO;Transgênero;NÃO;ITAJAÍ;Não;Brasil;NÃO;SUL;1;SC;0;0;0;0;0;1;0;1;0;0;0;0;0;0;1;1;0;2025-04-29 16:22:43
2024;Branca;SOLTEIRO;35 a 39 anos                  ;FEMININO;SUPERIOR INCOMPLETO;Cisgênero;NÃO;ITAJAÍ;Não;Brasil;NÃO;SUL;1;SC;0;0;0;10;0;45;0;35;0;2;2;0;0;0;45;35;10;2025-04-29 16:22:43
2024;Branca;SOLTEIRO;35 a 39 anos                  ;FEMININO;SUPERIOR INCOMPLETO;Prefere não informar;NÃO;ITAJAÍ;Não;Brasil;NÃO;SUL;1;SC;0;0;0;1;0;4;0;3;0;0;0;0;0;0;4;3;1;2025-04-29 16:22:43
2024;Branca;SOLTEIRO;35 a 39 anos                  ;MASCULINO;ANALFABETO;Cisgênero;NÃO;ITAJAÍ;Não;Brasil;NÃO;SUL;1;SC;1;0;0;0;3;0;0;0;1;0;0;1;0;0;3;0;3;2025-04-29 16:22:43
2024;Branca;SOLTEIRO;35 a 39 anos                  ;MASCULINO;ENSINO FUNDAMENTAL COMPLETO;Cisgênero;NÃO;ITAJAÍ;Não;Brasil;NÃO;SUL;1;SC;0;1;0;11;0;27;0;16;0;0;0;0;0;0;27;16;11;2025-04-29 16:22:43
2024;Branca;SOLTEIRO;35 a 39 anos                  ;MASCULINO;ENSINO FUNDAMENTAL INCOMPLETO;Cisgênero;NÃO;ITAJAÍ;Não;Brasil;NÃO;SUL;1;SC;0;1;2;15;0;43;0;28;0;2;2;0;0;0;43;28;15;2025-04-29 16:22:43
2024;Branca;SOLTEIRO;35 a 39 anos                  ;MASCULINO;ENSINO FUNDAMENTAL INCOMPLETO;Prefere não informar;NÃO;ITAJAÍ;Não;Brasil;NÃO;SUL;1;SC;0;0;0;0;0;1;0;1;0;0;0;0;0;0;1;1;0;2025-04-29 16:22:43
2024;Branca;SOLTEIRO;35 a 39 anos                  ;MASCULINO;ENSINO MÉDIO COMPLETO;Cisgênero;NÃO;ITAJAÍ;Não;Brasil;NÃO;SUL;1;SC;0;1;0;28;0;105;0;77;0;0;0;0;0;0;105;77;28;2025-04-29 16:22:43
2024;Branca;SOLTEIRO;35 a 39 anos                  ;MASCULINO;ENSINO MÉDIO COMPLETO;Cisgênero;SIM;ITAJAÍ;Não;Brasil;NÃO;SUL;1;SC;0;0;0;1;0;2;0;1;0;0;0;0;0;0;2;1;1;2025-04-29 16:22:43
2024;Branca;SOLTEIRO;35 a 39 anos                  ;MASCULINO;ENSINO MÉDIO COMPLETO;Prefere não informar;NÃO;ITAJAÍ;Não;Brasil;NÃO;SUL;1;SC;0;0;0;1;0;2;0;1;0;0;0;0;0;0;2;1;1;2025-04-29 16:22:43
2024;Branca;SOLTEIRO;35 a 39 anos                  ;MASCULINO;ENSINO MÉDIO COMPLETO;Transgênero;NÃO;ITAJAÍ;Não;Brasil;NÃO;SUL;1;SC;0;0;0;1;0;1;0;0;0;0;0;0;0;0;1;0;1;2025-04-29 16:22:43
2024;Branca;SOLTEIRO;35 a 39 anos                  ;MASCULINO;ENSINO MÉDIO INCOMPLETO;Cisgênero;NÃO;ITAJAÍ;Não;Brasil;NÃO;SUL;1;SC;0;0;0;17;0;44;0;27;0;0;0;0;0;0;44;27;17;2025-04-29 16:22:43
2024;Branca;SOLTEIRO;35 a 39 anos                  ;MASCULINO;SUPERIOR COMPLETO;Cisgênero;NÃO;ITAJAÍ;Não;Brasil;NÃO;SUL;1;SC;0;0;0;24;0;101;0;77;0;0;0;0;0;0;101;77;24;2025-04-29 16:22:43
2024;Branca;SOLTEIRO;35 a 39 anos                  ;MASCULINO;SUPERIOR COMPLETO;Cisgênero;SIM;ITAJAÍ;Não;Brasil;NÃO;SUL;1;SC;0;0;0;1;0;2;0;1;0;0;0;0;0;0;2;1;1;2025-04-29 16:22:43
2024;Branca;SOLTEIRO;35 a 39 anos                  ;MASCULINO;SUPERIOR COMPLETO;Prefere não informar;NÃO;ITAJAÍ;Não;Brasil;NÃO;SUL;1;SC;0;0;0;2;0;9;0;7;0;0;0;0;0;0;9;7;2;2025-04-29 16:22:43
2024;Branca;SOLTEIRO;35 a 39 anos                  ;MASCULINO;SUPERIOR INCOMPLETO;Cisgênero;NÃO;ITAJAÍ;Não;Brasil;NÃO;SUL;1;SC;0;0;0;8;0;40;0;32;0;0;0;0;0;0;40;32;8;2025-04-29 16:22:43
2024;Branca;SOLTEIRO;35 a 39 anos                  ;MASCULINO;SUPERIOR INCOMPLETO;Prefere não informar;NÃO;ITAJAÍ;Não;Brasil;NÃO;SUL;1;SC;0;0;0;1;0;2;0;1;0;0;0;0;0;0;2;1;1;2025-04-29 16:22:43
2024;Branca;SOLTEIRO;35 a 39 anos                  ;MASCULINO;SUPERIOR INCOMPLETO;Transgênero;NÃO;ITAJAÍ;Sim;Brasil;NÃO;SUL;1;SC;1;0;0;1;0;1;0;0;0;1;0;0;1;1;1;0;1;2025-04-29 16:22:43
2024;Branca;SOLTEIRO;40 a 44 anos                  ;FEMININO;ANALFABETO;Cisgênero;NÃO;ITAJAÍ;Não;Brasil;NÃO;SUL;1;SC;0;0;0;0;1;0;0;0;0;0;0;0;0;0;1;0;1;2025-04-29 16:22:43
2024;Branca;SOLTEIRO;40 a 44 anos                  ;FEMININO;ENSINO FUNDAMENTAL COMPLETO;Cisgênero;NÃO;ITAJAÍ;Não;Brasil;NÃO;SUL;1;SC;0;0;0;6;0;20;0;14;0;1;1;0;0;0;20;14;6;2025-04-29 16:22:43
2024;Branca;SOLTEIRO;40 a 44 anos                  ;FEMININO;ENSINO FUNDAMENTAL COMPLETO;Prefere não informar;NÃO;ITAJAÍ;Não;Brasil;NÃO;SUL;1;SC;0;0;0;1;0;1;0;0;0;0;0;0;0;0;1;0;1;2025-04-29 16:22:43
2024;Branca;SOLTEIRO;40 a 44 anos                  ;FEMININO;ENSINO FUNDAMENTAL INCOMPLETO;Cisgênero;NÃO;ITAJAÍ;Não;Brasil;NÃO;SUL;1;SC;0;0;0;10;0;39;0;29;0;0;0;0;0;0;39;29;10;2025-04-29 16:22:43
2024;Branca;SOLTEIRO;40 a 44 anos                  ;FEMININO;ENSINO FUNDAMENTAL INCOMPLETO;Cisgênero;SIM;ITAJAÍ;Não;Brasil;NÃO;SUL;1;SC;0;0;0;0;0;2;0;2;0;1;1;0;0;0;2;2;0;2025-04-29 16:22:43
2024;Branca;SOLTEIRO;40 a 44 anos                  ;FEMININO;ENSINO FUNDAMENTAL INCOMPLETO;Prefere não informar;SIM;ITAJAÍ;Não;Brasil;NÃO;SUL;1;SC;0;0;0;0;0;2;0;2;0;0;0;0;0;0;2;2;0;2025-04-29 16:22:43
2024;Branca;SOLTEIRO;40 a 44 anos                  ;FEMININO;ENSINO MÉDIO COMPLETO;Cisgênero;NÃO;ITAJAÍ;Não;Brasil;NÃO;SUL;1;SC;0;0;0;19;0;92;0;73;0;2;2;0;0;0;92;73;19;2025-04-29 16:22:43
2024;Branca;SOLTEIRO;40 a 44 anos                  ;FEMININO;ENSINO MÉDIO COMPLETO;Prefere não informar;NÃO;ITAJAÍ;Não;Brasil;NÃO;SUL;1;SC;0;0;0;2;0;6;0;4;0;0;0;0;0;0;6;4;2;2025-04-29 16:22:43
2024;Branca;SOLTEIRO;40 a 44 anos                  ;FEMININO;ENSINO MÉDIO INCOMPLETO;Cisgênero;NÃO;ITAJAÍ;Não;Brasil;NÃO;SUL;1;SC;0;0;0;7;0;25;0;18;0;0;0;0;0;0;25;18;7;2025-04-29 16:22:43
2024;Branca;SOLTEIRO;40 a 44 anos                  ;FEMININO;ENSINO MÉDIO INCOMPLETO;Prefere não informar;NÃO;ITAJAÍ;Não;Brasil;NÃO;SUL;1;SC;0;0;0;0;0;1;0;1;0;0;0;0;0;0;1;1;0;2025-04-29 16:22:43
2024;Branca;SOLTEIRO;40 a 44 anos                  ;FEMININO;LÊ E ESCREVE;Cisgênero;NÃO;ITAJAÍ;Não;Brasil;NÃO;SUL;1;SC;0;0;0;2;0;3;0;1;0;0;0;0;0;0;3;1;2;2025-04-29 16:22:43
2024;Branca;SOLTEIRO;40 a 44 anos                  ;FEMININO;SUPERIOR COMPLETO;Cisgênero;NÃO;ITAJAÍ;Não;Brasil;NÃO;SUL;1;SC;1;1;0;19;0;92;0;73;0;2;1;0;1;0;92;73;19;2025-04-29 16:22:43
2024;Branca;SOLTEIRO;40 a 44 anos                  ;FEMININO;SUPERIOR COMPLETO;Prefere não informar;NÃO;ITAJAÍ;Não;Brasil;NÃO;SUL;1;SC;0;0;0;0;0;6;0;6;0;0;0;0;0;0;6;6;0;2025-04-29 16:22:43
2024;Branca;SOLTEIRO;40 a 44 anos                  ;FEMININO;SUPERIOR INCOMPLETO;Cisgênero;NÃO;ITAJAÍ;Não;Brasil;NÃO;SUL;1;SC;0;0;0;4;0;22;0;18;0;0;0;0;0;0;22;18;4;2025-04-29 16:22:43
2024;Branca;SOLTEIRO;40 a 44 anos                  ;FEMININO;SUPERIOR INCOMPLETO;Cisgênero;SIM;ITAJAÍ;Não;Brasil;NÃO;SUL;1;SC;0;0;0;0;0;1;0;1;0;0;0;0;0;0;1;1;0;2025-04-29 16:22:43
2024;Branca;SOLTEIRO;40 a 44 anos                  ;FEMININO;SUPERIOR INCOMPLETO;Prefere não informar;NÃO;ITAJAÍ;Não;Brasil;NÃO;SUL;1;SC;0;0;0;1;0;2;0;1;0;0;0;0;0;0;2;1;1;2025-04-29 16:22:43
2024;Branca;SOLTEIRO;40 a 44 anos                  ;MASCULINO;ANALFABETO;Cisgênero;NÃO;ITAJAÍ;Não;Brasil;NÃO;SUL;1;SC;0;0;0;0;2;0;0;0;0;0;0;0;0;0;2;0;2;2025-04-29 16:22:43
2024;Branca;SOLTEIRO;40 a 44 anos                  ;MASCULINO;ENSINO FUNDAMENTAL COMPLETO;Cisgênero;NÃO;ITAJAÍ;Não;Brasil;NÃO;SUL;1;SC;0;0;0;10;0;23;0;13;0;1;1;0;0;0;23;13;10;2025-04-29 16:22:43
2024;Branca;SOLTEIRO;40 a 44 anos                  ;MASCULINO;ENSINO FUNDAMENTAL INCOMPLETO;Cisgênero;NÃO;ITAJAÍ;Não;Brasil;NÃO;SUL;1;SC;0;0;0;15;0;38;0;23;0;0;0;0;0;0;38;23;15;2025-04-29 16:22:43
2024;Branca;SOLTEIRO;40 a 44 anos                  ;MASCULINO;ENSINO FUNDAMENTAL INCOMPLETO;Prefere não informar;NÃO;ITAJAÍ;Não;Brasil;NÃO;SUL;1;SC;0;0;0;0;0;1;0;1;0;0;0;0;0;0;1;1;0;2025-04-29 16:22:43
2024;Branca;SOLTEIRO;40 a 44 anos                  ;MASCULINO;ENSINO MÉDIO COMPLETO;Cisgênero;NÃO;ITAJAÍ;Não;Brasil;NÃO;SUL;1;SC;0;0;0;25;0;89;0;64;0;2;2;0;0;0;89;64;25;2025-04-29 16:22:43
2024;Branca;SOLTEIRO;40 a 44 anos                  ;MASCULINO;ENSINO MÉDIO COMPLETO;Cisgênero;SIM;ITAJAÍ;Não;Brasil;NÃO;SUL;1;SC;0;0;0;0;0;2;0;2;0;0;0;0;0;0;2;2;0;2025-04-29 16:22:43
2024;Branca;SOLTEIRO;40 a 44 anos                  ;MASCULINO;ENSINO MÉDIO COMPLETO;Prefere não informar;NÃO;ITAJAÍ;Não;Brasil;NÃO;SUL;1;SC;0;0;0;0;0;1;0;1;0;0;0;0;0;0;1;1;0;2025-04-29 16:22:43
2024;Branca;SOLTEIRO;40 a 44 anos                  ;MASCULINO;ENSINO MÉDIO INCOMPLETO;Cisgênero;NÃO;ITAJAÍ;Não;Brasil;NÃO;SUL;1;SC;0;1;0;8;0;34;0;26;0;0;0;0;0;0;34;26;8;2025-04-29 16:22:43
2024;Branca;SOLTEIRO;40 a 44 anos                  ;MASCULINO;ENSINO MÉDIO INCOMPLETO;Prefere não informar;NÃO;ITAJAÍ;Não;Brasil;NÃO;SUL;1;SC;0;0;0;0;0;1;0;1;0;0;0;0;0;0;1;1;0;2025-04-29 16:22:43
2024;Branca;SOLTEIRO;40 a 44 anos                  ;MASCULINO;LÊ E ESCREVE;Cisgênero;NÃO;ITAJAÍ;Não;Brasil;NÃO;SUL;1;SC;0;0;0;2;0;3;0;1;0;0;0;0;0;0;3;1;2;2025-04-29 16:22:43
2024;Branca;SOLTEIRO;40 a 44 anos                  ;MASCULINO;LÊ E ESCREVE;Prefere não informar;NÃO;ITAJAÍ;Não;Brasil;NÃO;SUL;1;SC;0;0;0;1;0;1;0;0;0;0;0;0;0;0;1;0;1;2025-04-29 16:22:43
2024;Branca;SOLTEIRO;40 a 44 anos                  ;MASCULINO;SUPERIOR COMPLETO;Cisgênero;NÃO;ITAJAÍ;Não;Brasil;NÃO;SUL;1;SC;0;0;0;14;0;57;0;43;0;0;0;0;0;0;57;43;14;2025-04-29 16:22:43
2024;Branca;SOLTEIRO;40 a 44 anos                  ;MASCULINO;SUPERIOR COMPLETO;Prefere não informar;NÃO;ITAJAÍ;Não;Brasil;NÃO;SUL;1;SC;0;0;0;1;0;3;0;2;0;0;0;0;0;0;3;2;1;2025-04-29 16:22:43
2024;Branca;SOLTEIRO;40 a 44 anos                  ;MASCULINO;SUPERIOR INCOMPLETO;Cisgênero;NÃO;ITAJAÍ;Não;Brasil;NÃO;SUL;1;SC;0;0;0;8;0;38;0;30;0;0;0;0;0;0;38;30;8;2025-04-29 16:22:43
2024;Branca;SOLTEIRO;40 a 44 anos                  ;MASCULINO;SUPERIOR INCOMPLETO;Prefere não informar;NÃO;ITAJAÍ;Não;Brasil;NÃO;SUL;1;SC;0;0;0;1;0;2;0;1;0;0;0;0;0;0;2;1;1;2025-04-29 16:22:43
2024;Branca;SOLTEIRO;45 a 49 anos                  ;FEMININO;ANALFABETO;Cisgênero;NÃO;ITAJAÍ;Não;Brasil;NÃO;SUL;1;SC;0;0;0;0;3;0;2;0;0;0;0;0;0;0;3;2;1;2025-04-29 16:22:43
2024;Branca;SOLTEIRO;45 a 49 anos                  ;FEMININO;ENSINO FUNDAMENTAL COMPLETO;Cisgênero;NÃO;ITAJAÍ;Não;Brasil;NÃO;SUL;1;SC;0;0;0;1;0;7;0;6;0;0;0;0;0;0;7;6;1;2025-04-29 16:22:43
2024;Branca;SOLTEIRO;45 a 49 anos                  ;FEMININO;ENSINO FUNDAMENTAL COMPLETO;Prefere não informar;NÃO;ITAJAÍ;Não;Brasil;NÃO;SUL;1;SC;0;0;0;0;0;1;0;1;0;0;0;0;0;0;1;1;0;2025-04-29 16:22:43
2024;Branca;SOLTEIRO;45 a 49 anos                  ;FEMININO;ENSINO FUNDAMENTAL COMPLETO;Prefere não informar;SIM;ITAJAÍ;Não;Brasil;NÃO;SUL;1;SC;0;0;0;0;0;1;0;1;0;0;0;0;0;0;1;1;0;2025-04-29 16:22:43
2024;Branca;SOLTEIRO;45 a 49 anos                  ;FEMININO;ENSINO FUNDAMENTAL INCOMPLETO;Cisgênero;NÃO;ITAJAÍ;Não;Brasil;NÃO;SUL;1;SC;1;0;0;12;0;35;0;23;0;1;0;0;1;0;35;23;12;2025-04-29 16:22:43
2024;Branca;SOLTEIRO;45 a 49 anos                  ;FEMININO;ENSINO FUNDAMENTAL INCOMPLETO;Prefere não informar;NÃO;ITAJAÍ;Não;Brasil;NÃO;SUL;1;SC;0;0;0;1;0;2;0;1;0;0;0;0;0;0;2;1;1;2025-04-29 16:22:43
2024;Branca;SOLTEIRO;45 a 49 anos                  ;FEMININO;ENSINO MÉDIO COMPLETO;Cisgênero;NÃO;ITAJAÍ;Não;Brasil;NÃO;SUL;1;SC;0;0;0;10;0;57;0;47;0;1;1;0;0;0;57;47;10;2025-04-29 16:22:43
2024;Branca;SOLTEIRO;45 a 49 anos                  ;FEMININO;ENSINO MÉDIO COMPLETO;Prefere não informar;NÃO;ITAJAÍ;Não;Brasil;NÃO;SUL;1;SC;0;0;0;2;0;3;0;1;0;0;0;0;0;0;3;1;2;2025-04-29 16:22:43
2024;Branca;SOLTEIRO;45 a 49 anos                  ;FEMININO;ENSINO MÉDIO COMPLETO;Prefere não informar;SIM;ITAJAÍ;Não;Brasil;NÃO;SUL;1;SC;0;0;0;0;0;1;0;1;0;0;0;0;0;0;1;1;0;2025-04-29 16:22:43
2024;Branca;SOLTEIRO;45 a 49 anos                  ;FEMININO;ENSINO MÉDIO COMPLETO;Transgênero;NÃO;ITAJAÍ;Não;Brasil;NÃO;SUL;1;SC;0;0;0;1;0;1;0;0;0;0;0;0;0;0;1;0;1;2025-04-29 16:22:43
2024;Branca;SOLTEIRO;45 a 49 anos                  ;FEMININO;ENSINO MÉDIO INCOMPLETO;Cisgênero;NÃO;ITAJAÍ;Não;Brasil;NÃO;SUL;1;SC;0;0;0;5;0;14;0;9;0;1;1;0;0;0;14;9;5;2025-04-29 16:22:43
2024;Branca;SOLTEIRO;45 a 49 anos                  ;FEMININO;ENSINO MÉDIO INCOMPLETO;Prefere não informar;NÃO;ITAJAÍ;Não;Brasil;NÃO;SUL;1;SC;0;0;0;0;0;1;0;1;0;0;0;0;0;0;1;1;0;2025-04-29 16:22:43
2024;Branca;SOLTEIRO;45 a 49 anos                  ;FEMININO;LÊ E ESCREVE;Cisgênero;NÃO;ITAJAÍ;Não;Brasil;NÃO;SUL;1;SC;0;0;0;1;0;1;0;0;0;0;0;0;0;0;1;0;1;2025-04-29 16:22:43
2024;Branca;SOLTEIRO;45 a 49 anos                  ;FEMININO;SUPERIOR COMPLETO;Cisgênero;NÃO;ITAJAÍ;Não;Brasil;NÃO;SUL;1;SC;1;0;0;8;0;45;0;37;0;2;1;0;1;0;45;37;8;2025-04-29 16:22:43
2024;Branca;SOLTEIRO;45 a 49 anos                  ;FEMININO;SUPERIOR COMPLETO;Cisgênero;SIM;ITAJAÍ;Não;Brasil;NÃO;SUL;1;SC;0;0;0;1;0;3;0;2;0;0;0;0;0;0;3;2;1;2025-04-29 16:22:43
2024;Branca;SOLTEIRO;45 a 49 anos                  ;FEMININO;SUPERIOR COMPLETO;Prefere não informar;NÃO;ITAJAÍ;Não;Brasil;NÃO;SUL;1;SC;0;0;0;0;0;1;0;1;0;0;0;0;0;0;1;1;0;2025-04-29 16:22:43
2024;Branca;SOLTEIRO;45 a 49 anos                  ;FEMININO;SUPERIOR INCOMPLETO;Cisgênero;NÃO;ITAJAÍ;Não;Brasil;NÃO;SUL;1;SC;0;0;0;3;0;12;0;9;0;0;0;0;0;0;12;9;3;2025-04-29 16:22:43
2024;Branca;SOLTEIRO;45 a 49 anos                  ;FEMININO;SUPERIOR INCOMPLETO;Prefere não informar;NÃO;ITAJAÍ;Não;Brasil;NÃO;SUL;1;SC;0;0;0;1;0;1;0;0;0;0;0;0;0;0;1;0;1;2025-04-29 16:22:43
2024;Branca;SOLTEIRO;45 a 49 anos                  ;MASCULINO;ANALFABETO;Cisgênero;NÃO;ITAJAÍ;Não;Brasil;NÃO;SUL;1;SC;0;0;0;0;2;0;1;0;0;0;0;0;0;0;2;1;1;2025-04-29 16:22:43
2024;Branca;SOLTEIRO;45 a 49 anos                  ;MASCULINO;ENSINO FUNDAMENTAL COMPLETO;Cisgênero;NÃO;ITAJAÍ;Não;Brasil;NÃO;SUL;1;SC;0;0;0;7;0;16;0;9;0;0;0;0;0;0;16;9;7;2025-04-29 16:22:43
2024;Branca;SOLTEIRO;45 a 49 anos                  ;MASCULINO;ENSINO FUNDAMENTAL COMPLETO;Prefere não informar;NÃO;ITAJAÍ;Não;Brasil;NÃO;SUL;1;SC;0;0;0;0;0;2;0;2;0;0;0;0;0;0;2;2;0;2025-04-29 16:22:43
2024;Branca;SOLTEIRO;45 a 49 anos                  ;MASCULINO;ENSINO FUNDAMENTAL INCOMPLETO;Cisgênero;NÃO;ITAJAÍ;Não;Brasil;NÃO;SUL;1;SC;0;0;0;12;0;34;0;22;0;0;0;0;0;0;34;22;12;2025-04-29 16:22:43
2024;Branca;SOLTEIRO;45 a 49 anos                  ;MASCULINO;ENSINO FUNDAMENTAL INCOMPLETO;Prefere não informar;NÃO;ITAJAÍ;Não;Brasil;NÃO;SUL;1;SC;0;0;0;1;0;2;0;1;0;0;0;0;0;0;2;1;1;2025-04-29 16:22:43
2024;Branca;SOLTEIRO;45 a 49 anos                  ;MASCULINO;ENSINO MÉDIO COMPLETO;Cisgênero;NÃO;ITAJAÍ;Não;Brasil;NÃO;SUL;1;SC;0;1;0;17;0;55;0;38;0;1;1;0;0;0;55;38;17;2025-04-29 16:22:43
2024;Branca;SOLTEIRO;45 a 49 anos                  ;MASCULINO;ENSINO MÉDIO COMPLETO;Cisgênero;SIM;ITAJAÍ;Não;Brasil;NÃO;SUL;1;SC;0;0;0;1;0;1;0;0;0;0;0;0;0;0;1;0;1;2025-04-29 16:22:43
2024;Branca;SOLTEIRO;45 a 49 anos                  ;MASCULINO;ENSINO MÉDIO COMPLETO;Prefere não informar;NÃO;ITAJAÍ;Não;Brasil;NÃO;SUL;1;SC;0;0;0;1;0;1;0;0;0;0;0;0;0;0;1;0;1;2025-04-29 16:22:43
2024;Branca;SOLTEIRO;45 a 49 anos                  ;MASCULINO;ENSINO MÉDIO INCOMPLETO;Cisgênero;NÃO;ITAJAÍ;Não;Brasil;NÃO;SUL;1;SC;0;0;0;6;0;17;0;11;0;0;0;0;0;0;17;11;6;2025-04-29 16:22:43
2024;Branca;SOLTEIRO;45 a 49 anos                  ;MASCULINO;ENSINO MÉDIO INCOMPLETO;Cisgênero;SIM;ITAJAÍ;Não;Brasil;NÃO;SUL;1;SC;0;0;0;0;0;1;0;1;0;0;0;0;0;0;1;1;0;2025-04-29 16:22:43
2024;Branca;SOLTEIRO;45 a 49 anos                  ;MASCULINO;LÊ E ESCREVE;Cisgênero;NÃO;ITAJAÍ;Não;Brasil;NÃO;SUL;1;SC;0;0;0;3;0;3;0;0;0;0;0;0;0;0;3;0;3;2025-04-29 16:22:43
2024;Branca;SOLTEIRO;45 a 49 anos                  ;MASCULINO;SUPERIOR COMPLETO;Cisgênero;NÃO;ITAJAÍ;Não;Brasil;NÃO;SUL;1;SC;0;0;0;2;0;37;0;35;0;0;0;0;0;0;37;35;2;2025-04-29 16:22:43
2024;Branca;SOLTEIRO;45 a 49 anos                  ;MASCULINO;SUPERIOR COMPLETO;Prefere não informar;NÃO;ITAJAÍ;Não;Brasil;NÃO;SUL;1;SC;0;0;0;1;0;2;0;1;0;0;0;0;0;0;2;1;1;2025-04-29 16:22:43
2024;Branca;SOLTEIRO;45 a 49 anos                  ;MASCULINO;SUPERIOR INCOMPLETO;Cisgênero;NÃO;ITAJAÍ;Não;Brasil;NÃO;SUL;1;SC;0;0;0;4;0;10;0;6;0;0;0;0;0;0;10;6;4;2025-04-29 16:22:43
2024;Branca;SOLTEIRO;50 a 54 anos                  ;FEMININO;ANALFABETO;Cisgênero;NÃO;ITAJAÍ;Não;Brasil;NÃO;SUL;1;SC;0;0;0;0;4;0;1;0;0;0;0;0;0;0;4;1;3;2025-04-29 16:22:43
2024;Branca;SOLTEIRO;50 a 54 anos                  ;FEMININO;ENSINO FUNDAMENTAL COMPLETO;Cisgênero;NÃO;ITAJAÍ;Não;Brasil;NÃO;SUL;1;SC;0;0;0;3;0;9;0;6;0;0;0;0;0;0;9;6;3;2025-04-29 16:22:43
2024;Branca;SOLTEIRO;50 a 54 anos                  ;FEMININO;ENSINO FUNDAMENTAL COMPLETO;Transgênero;NÃO;ITAJAÍ;Não;Brasil;NÃO;SUL;1;SC;0;0;0;0;0;1;0;1;0;0;0;0;0;0;1;1;0;2025-04-29 16:22:43
2024;Branca;SOLTEIRO;50 a 54 anos                  ;FEMININO;ENSINO FUNDAMENTAL INCOMPLETO;Cisgênero;NÃO;ITAJAÍ;Não;Brasil;NÃO;SUL;1;SC;0;0;0;10;0;24;0;14;0;1;1;0;0;0;24;14;10;2025-04-29 16:22:43
2024;Branca;SOLTEIRO;50 a 54 anos                  ;FEMININO;ENSINO FUNDAMENTAL INCOMPLETO;Prefere não informar;NÃO;ITAJAÍ;Não;Brasil;NÃO;SUL;1;SC;0;0;0;0;0;2;0;2;0;0;0;0;0;0;2;2;0;2025-04-29 16:22:43
2024;Branca;SOLTEIRO;50 a 54 anos                  ;FEMININO;ENSINO MÉDIO COMPLETO;Cisgênero;NÃO;ITAJAÍ;Não;Brasil;NÃO;SUL;1;SC;0;0;0;6;0;35;0;29;0;0;0;0;0;0;35;29;6;2025-04-29 16:22:43
2024;Branca;SOLTEIRO;50 a 54 anos                  ;FEMININO;ENSINO MÉDIO COMPLETO;Prefere não informar;NÃO;ITAJAÍ;Não;Brasil;NÃO;SUL;1;SC;0;0;0;0;0;1;0;1;0;0;0;0;0;0;1;1;0;2025-04-29 16:22:43
2024;Branca;SOLTEIRO;50 a 54 anos                  ;FEMININO;ENSINO MÉDIO INCOMPLETO;Cisgênero;NÃO;ITAJAÍ;Não;Brasil;NÃO;SUL;1;SC;0;0;0;2;0;11;0;9;0;0;0;0;0;0;11;9;2;2025-04-29 16:22:43
2024;Branca;SOLTEIRO;50 a 54 anos                  ;FEMININO;ENSINO MÉDIO INCOMPLETO;Prefere não informar;NÃO;ITAJAÍ;Não;Brasil;NÃO;SUL;1;SC;0;0;0;0;0;1;0;1;0;0;0;0;0;0;1;1;0;2025-04-29 16:22:43
2024;Branca;SOLTEIRO;50 a 54 anos                  ;FEMININO;LÊ E ESCREVE;Cisgênero;NÃO;ITAJAÍ;Não;Brasil;NÃO;SUL;1;SC;0;0;0;0;0;1;0;1;0;0;0;0;0;0;1;1;0;2025-04-29 16:22:43
2024;Branca;SOLTEIRO;50 a 54 anos                  ;FEMININO;SUPERIOR COMPLETO;Cisgênero;NÃO;ITAJAÍ;Não;Brasil;NÃO;SUL;1;SC;0;0;0;3;0;21;0;18;0;0;0;0;0;0;21;18;3;2025-04-29 16:22:43
2024;Branca;SOLTEIRO;50 a 54 anos                  ;FEMININO;SUPERIOR COMPLETO;Cisgênero;SIM;ITAJAÍ;Não;Brasil;NÃO;SUL;1;SC;0;0;0;0;0;1;0;1;0;0;0;0;0;0;1;1;0;2025-04-29 16:22:43
2024;Branca;SOLTEIRO;50 a 54 anos                  ;FEMININO;SUPERIOR INCOMPLETO;Cisgênero;NÃO;ITAJAÍ;Não;Brasil;NÃO;SUL;1;SC;0;0;0;3;0;11;0;8;0;1;1;0;0;0;11;8;3;2025-04-29 16:22:43
2024;Branca;SOLTEIRO;50 a 54 anos                  ;MASCULINO;ANALFABETO;Cisgênero;NÃO;ITAJAÍ;Não;Brasil;NÃO;SUL;1;SC;1;0;0;0;7;0;2;0;1;0;0;1;0;0;7;2;5;2025-04-29 16:22:43
2024;Branca;SOLTEIRO;50 a 54 anos                  ;MASCULINO;ENSINO FUNDAMENTAL COMPLETO;Cisgênero;NÃO;ITAJAÍ;Não;Brasil;NÃO;SUL;1;SC;0;0;0;2;0;12;0;10;0;1;1;0;0;0;12;10;2;2025-04-29 16:22:43
2024;Branca;SOLTEIRO;50 a 54 anos                  ;MASCULINO;ENSINO FUNDAMENTAL INCOMPLETO;Cisgênero;NÃO;ITAJAÍ;Não;Brasil;NÃO;SUL;1;SC;0;0;0;17;0;42;0;25;0;3;3;0;0;0;42;25;17;2025-04-29 16:22:43
2024;Branca;SOLTEIRO;50 a 54 anos                  ;MASCULINO;ENSINO FUNDAMENTAL INCOMPLETO;Cisgênero;SIM;ITAJAÍ;Não;Brasil;NÃO;SUL;1;SC;0;0;0;0;0;2;0;2;0;0;0;0;0;0;2;2;0;2025-04-29 16:22:43
2024;Branca;SOLTEIRO;50 a 54 anos                  ;MASCULINO;ENSINO FUNDAMENTAL INCOMPLETO;Prefere não informar;NÃO;ITAJAÍ;Não;Brasil;NÃO;SUL;1;SC;0;0;0;0;0;1;0;1;0;0;0;0;0;0;1;1;0;2025-04-29 16:22:43
2024;Branca;SOLTEIRO;50 a 54 anos                  ;MASCULINO;ENSINO MÉDIO COMPLETO;Cisgênero;NÃO;ITAJAÍ;Não;Brasil;NÃO;SUL;1;SC;0;0;1;13;0;36;0;23;0;2;2;0;0;0;36;23;13;2025-04-29 16:22:43
2024;Branca;SOLTEIRO;50 a 54 anos                  ;MASCULINO;ENSINO MÉDIO COMPLETO;Prefere não informar;NÃO;ITAJAÍ;Não;Brasil;NÃO;SUL;1;SC;0;0;0;0;0;1;0;1;0;0;0;0;0;0;1;1;0;2025-04-29 16:22:43
2024;Branca;SOLTEIRO;50 a 54 anos                  ;MASCULINO;ENSINO MÉDIO COMPLETO;Prefere não informar;SIM;ITAJAÍ;Não;Brasil;NÃO;SUL;1;SC;0;0;0;0;0;1;0;1;0;0;0;0;0;0;1;1;0;2025-04-29 16:22:43
2024;Branca;SOLTEIRO;50 a 54 anos                  ;MASCULINO;ENSINO MÉDIO INCOMPLETO;Cisgênero;NÃO;ITAJAÍ;Não;Brasil;NÃO;SUL;1;SC;0;0;0;1;0;10;0;9;0;0;0;0;0;0;10;9;1;2025-04-29 16:22:43
2024;Branca;SOLTEIRO;50 a 54 anos                  ;MASCULINO;LÊ E ESCREVE;Cisgênero;NÃO;ITAJAÍ;Não;Brasil;NÃO;SUL;1;SC;0;0;0;1;0;5;0;4;0;1;1;0;0;0;5;4;1;2025-04-29 16:22:43
2024;Branca;SOLTEIRO;50 a 54 anos                  ;MASCULINO;SUPERIOR COMPLETO;Cisgênero;NÃO;ITAJAÍ;Não;Brasil;NÃO;SUL;1;SC;0;0;0;3;0;12;0;9;0;0;0;0;0;0;12;9;3;2025-04-29 16:22:43
2024;Branca;SOLTEIRO;50 a 54 anos                  ;MASCULINO;SUPERIOR COMPLETO;Prefere não informar;NÃO;ITAJAÍ;Não;Brasil;NÃO;SUL;1;SC;0;0;0;0;0;1;0;1;0;0;0;0;0;0;1;1;0;2025-04-29 16:22:43
2024;Branca;SOLTEIRO;50 a 54 anos                  ;MASCULINO;SUPERIOR COMPLETO;Prefere não informar;SIM;ITAJAÍ;Não;Brasil;NÃO;SUL;1;SC;0;0;0;0;0;1;0;1;0;0;0;0;0;0;1;1;0;2025-04-29 16:22:43
2024;Branca;SOLTEIRO;50 a 54 anos                  ;MASCULINO;SUPERIOR INCOMPLETO;Cisgênero;NÃO;ITAJAÍ;Não;Brasil;NÃO;SUL;1;SC;0;0;0;2;0;9;0;7;0;1;1;0;0;0;9;7;2;2025-04-29 16:22:43
2024;Branca;SOLTEIRO;55 a 59 anos                  ;FEMININO;ANALFABETO;Cisgênero;NÃO;ITAJAÍ;Não;Brasil;NÃO;SUL;1;SC;0;0;0;0;2;0;2;0;0;0;0;0;0;0;2;2;0;2025-04-29 16:22:43
2024;Branca;SOLTEIRO;55 a 59 anos                  ;FEMININO;ENSINO FUNDAMENTAL COMPLETO;Cisgênero;NÃO;ITAJAÍ;Não;Brasil;NÃO;SUL;1;SC;0;0;0;0;0;9;0;9;0;0;0;0;0;0;9;9;0;2025-04-29 16:22:43
2024;Branca;SOLTEIRO;55 a 59 anos                  ;FEMININO;ENSINO FUNDAMENTAL COMPLETO;Prefere não informar;NÃO;ITAJAÍ;Não;Brasil;NÃO;SUL;1;SC;0;0;0;0;0;1;0;1;0;0;0;0;0;0;1;1;0;2025-04-29 16:22:43
2024;Branca;SOLTEIRO;55 a 59 anos                  ;FEMININO;ENSINO FUNDAMENTAL INCOMPLETO;Cisgênero;NÃO;ITAJAÍ;Não;Brasil;NÃO;SUL;1;SC;0;0;0;4;0;19;0;15;0;0;0;0;0;0;19;15;4;2025-04-29 16:22:43
2024;Branca;SOLTEIRO;55 a 59 anos                  ;FEMININO;ENSINO FUNDAMENTAL INCOMPLETO;Prefere não informar;NÃO;ITAJAÍ;Não;Brasil;NÃO;SUL;1;SC;0;0;0;0;0;2;0;2;0;0;0;0;0;0;2;2;0;2025-04-29 16:22:43
2024;Branca;SOLTEIRO;55 a 59 anos                  ;FEMININO;ENSINO MÉDIO COMPLETO;Cisgênero;NÃO;ITAJAÍ;Não;Brasil;NÃO;SUL;1;SC;0;0;0;2;0;15;0;13;0;0;0;0;0;0;15;13;2;2025-04-29 16:22:43
2024;Branca;SOLTEIRO;55 a 59 anos                  ;FEMININO;ENSINO MÉDIO INCOMPLETO;Cisgênero;NÃO;ITAJAÍ;Não;Brasil;NÃO;SUL;1;SC;1;0;0;4;0;5;0;1;0;1;0;0;1;0;5;1;4;2025-04-29 16:22:43
2024;Branca;SOLTEIRO;55 a 59 anos                  ;FEMININO;SUPERIOR COMPLETO;Cisgênero;NÃO;ITAJAÍ;Não;Brasil;NÃO;SUL;1;SC;0;0;0;3;0;12;0;9;0;0;0;0;0;0;12;9;3;2025-04-29 16:22:43
2024;Branca;SOLTEIRO;55 a 59 anos                  ;FEMININO;SUPERIOR COMPLETO;Prefere não informar;SIM;ITAJAÍ;Não;Brasil;NÃO;SUL;1;SC;0;0;0;0;0;1;0;1;0;0;0;0;0;0;1;1;0;2025-04-29 16:22:43
2024;Branca;SOLTEIRO;55 a 59 anos                  ;FEMININO;SUPERIOR INCOMPLETO;Cisgênero;NÃO;ITAJAÍ;Não;Brasil;NÃO;SUL;1;SC;0;0;0;1;0;4;0;3;0;0;0;0;0;0;4;3;1;2025-04-29 16:22:43
2024;Branca;SOLTEIRO;55 a 59 anos                  ;FEMININO;SUPERIOR INCOMPLETO;Prefere não informar;NÃO;ITAJAÍ;Não;Brasil;NÃO;SUL;1;SC;0;0;0;1;0;1;0;0;0;0;0;0;0;0;1;0;1;2025-04-29 16:22:43
2024;Branca;SOLTEIRO;55 a 59 anos                  ;MASCULINO;ANALFABETO;Cisgênero;NÃO;ITAJAÍ;Não;Brasil;NÃO;SUL;1;SC;0;0;0;0;2;0;2;0;1;0;1;0;0;0;2;2;0;2025-04-29 16:22:43
2024;Branca;SOLTEIRO;55 a 59 anos                  ;MASCULINO;ENSINO FUNDAMENTAL COMPLETO;Cisgênero;NÃO;ITAJAÍ;Não;Brasil;NÃO;SUL;1;SC;0;0;0;0;0;11;0;11;0;1;1;0;0;0;11;11;0;2025-04-29 16:22:43
2024;Branca;SOLTEIRO;55 a 59 anos                  ;MASCULINO;ENSINO FUNDAMENTAL INCOMPLETO;Cisgênero;NÃO;ITAJAÍ;Não;Brasil;NÃO;SUL;1;SC;0;0;0;11;0;31;0;20;0;2;2;0;0;0;31;20;11;2025-04-29 16:22:43
2024;Branca;SOLTEIRO;55 a 59 anos                  ;MASCULINO;ENSINO FUNDAMENTAL INCOMPLETO;Cisgênero;SIM;ITAJAÍ;Não;Brasil;NÃO;SUL;1;SC;0;0;0;1;0;1;0;0;0;0;0;0;0;0;1;0;1;2025-04-29 16:22:43
2024;Branca;SOLTEIRO;55 a 59 anos                  ;MASCULINO;ENSINO MÉDIO COMPLETO;Cisgênero;NÃO;ITAJAÍ;Não;Brasil;NÃO;SUL;1;SC;0;0;0;6;0;23;0;17;0;1;1;0;0;0;23;17;6;2025-04-29 16:22:43
2024;Branca;SOLTEIRO;55 a 59 anos                  ;MASCULINO;ENSINO MÉDIO INCOMPLETO;Cisgênero;NÃO;ITAJAÍ;Não;Brasil;NÃO;SUL;1;SC;0;0;0;3;0;7;0;4;0;0;0;0;0;0;7;4;3;2025-04-29 16:22:43
2024;Branca;SOLTEIRO;55 a 59 anos                  ;MASCULINO;ENSINO MÉDIO INCOMPLETO;Prefere não informar;NÃO;ITAJAÍ;Não;Brasil;NÃO;SUL;1;SC;0;0;0;0;0;1;0;1;0;0;0;0;0;0;1;1;0;2025-04-29 16:22:43
2024;Branca;SOLTEIRO;55 a 59 anos                  ;MASCULINO;LÊ E ESCREVE;Cisgênero;NÃO;ITAJAÍ;Não;Brasil;NÃO;SUL;1;SC;0;0;0;2;0;4;0;2;0;0;0;0;0;0;4;2;2;2025-04-29 16:22:43
2024;Branca;SOLTEIRO;55 a 59 anos                  ;MASCULINO;SUPERIOR COMPLETO;Cisgênero;NÃO;ITAJAÍ;Não;Brasil;NÃO;SUL;1;SC;0;0;0;0;0;4;0;4;0;0;0;0;0;0;4;4;0;2025-04-29 16:22:43
2024;Branca;SOLTEIRO;55 a 59 anos                  ;MASCULINO;SUPERIOR COMPLETO;Cisgênero;SIM;ITAJAÍ;Não;Brasil;NÃO;SUL;1;SC;0;0;0;0;0;1;0;1;0;0;0;0;0;0;1;1;0;2025-04-29 16:22:43
2024;Branca;SOLTEIRO;55 a 59 anos                  ;MASCULINO;SUPERIOR INCOMPLETO;Cisgênero;NÃO;ITAJAÍ;Não;Brasil;NÃO;SUL;1;SC;0;0;0;0;0;3;0;3;0;0;0;0;0;0;3;3;0;2025-04-29 16:22:43
2024;Branca;SOLTEIRO;60 a 64 anos                  ;FEMININO;ANALFABETO;Cisgênero;NÃO;ITAJAÍ;Não;Brasil;NÃO;SUL;1;SC;2;0;0;0;2;0;0;0;2;0;0;2;0;0;2;0;2;2025-04-29 16:22:43
2024;Branca;SOLTEIRO;60 a 64 anos                  ;FEMININO;ENSINO FUNDAMENTAL COMPLETO;Cisgênero;NÃO;ITAJAÍ;Não;Brasil;NÃO;SUL;1;SC;0;0;0;0;0;7;0;7;0;0;0;0;0;0;7;7;0;2025-04-29 16:22:43
2024;Branca;SOLTEIRO;60 a 64 anos                  ;FEMININO;ENSINO FUNDAMENTAL INCOMPLETO;Cisgênero;NÃO;ITAJAÍ;Não;Brasil;NÃO;SUL;1;SC;0;0;0;2;0;10;0;8;0;1;1;0;0;0;10;8;2;2025-04-29 16:22:43
2024;Branca;SOLTEIRO;60 a 64 anos                  ;FEMININO;ENSINO MÉDIO COMPLETO;Cisgênero;NÃO;ITAJAÍ;Não;Brasil;NÃO;SUL;1;SC;0;0;0;2;0;9;0;7;0;0;0;0;0;0;9;7;2;2025-04-29 16:22:43
2024;Branca;SOLTEIRO;60 a 64 anos                  ;FEMININO;ENSINO MÉDIO INCOMPLETO;Cisgênero;NÃO;ITAJAÍ;Não;Brasil;NÃO;SUL;1;SC;0;0;0;2;0;7;0;5;0;0;0;0;0;0;7;5;2;2025-04-29 16:22:43
2024;Branca;SOLTEIRO;60 a 64 anos                  ;FEMININO;LÊ E ESCREVE;Cisgênero;NÃO;ITAJAÍ;Não;Brasil;NÃO;SUL;1;SC;0;0;0;0;0;1;0;1;0;0;0;0;0;0;1;1;0;2025-04-29 16:22:43
2024;Branca;SOLTEIRO;60 a 64 anos                  ;FEMININO;LÊ E ESCREVE;Prefere não informar;NÃO;ITAJAÍ;Não;Brasil;NÃO;SUL;1;SC;0;0;0;0;0;2;0;2;0;0;0;0;0;0;2;2;0;2025-04-29 16:22:43
2024;Branca;SOLTEIRO;60 a 64 anos                  ;FEMININO;SUPERIOR COMPLETO;Cisgênero;NÃO;ITAJAÍ;Não;Brasil;NÃO;SUL;1;SC;0;0;0;1;0;5;0;4;0;0;0;0;0;0;5;4;1;2025-04-29 16:22:43
2024;Branca;SOLTEIRO;60 a 64 anos                  ;FEMININO;SUPERIOR INCOMPLETO;Cisgênero;NÃO;ITAJAÍ;Não;Brasil;NÃO;SUL;1;SC;0;0;0;1;0;1;0;0;0;0;0;0;0;0;1;0;1;2025-04-29 16:22:43
2024;Branca;SOLTEIRO;60 a 64 anos                  ;MASCULINO;ANALFABETO;Cisgênero;NÃO;ITAJAÍ;Não;Brasil;NÃO;SUL;1;SC;0;0;0;0;2;0;2;0;1;0;1;0;0;0;2;2;0;2025-04-29 16:22:43
2024;Branca;SOLTEIRO;60 a 64 anos                  ;MASCULINO;ENSINO FUNDAMENTAL COMPLETO;Cisgênero;NÃO;ITAJAÍ;Não;Brasil;NÃO;SUL;1;SC;0;0;0;1;0;3;0;2;0;0;0;0;0;0;3;2;1;2025-04-29 16:22:43
2024;Branca;SOLTEIRO;60 a 64 anos                  ;MASCULINO;ENSINO FUNDAMENTAL INCOMPLETO;Cisgênero;NÃO;ITAJAÍ;Não;Brasil;NÃO;SUL;1;SC;0;0;0;6;0;14;0;8;0;1;1;0;0;0;14;8;6;2025-04-29 16:22:43
2024;Branca;SOLTEIRO;60 a 64 anos                  ;MASCULINO;ENSINO FUNDAMENTAL INCOMPLETO;Prefere não informar;NÃO;ITAJAÍ;Não;Brasil;NÃO;SUL;1;SC;0;0;0;0;0;1;0;1;0;0;0;0;0;0;1;1;0;2025-04-29 16:22:43
2024;Branca;SOLTEIRO;60 a 64 anos                  ;MASCULINO;ENSINO MÉDIO COMPLETO;Cisgênero;NÃO;ITAJAÍ;Não;Brasil;NÃO;SUL;1;SC;0;0;0;2;0;12;0;10;0;0;0;0;0;0;12;10;2;2025-04-29 16:22:43
2024;Branca;SOLTEIRO;60 a 64 anos                  ;MASCULINO;ENSINO MÉDIO INCOMPLETO;Cisgênero;NÃO;ITAJAÍ;Não;Brasil;NÃO;SUL;1;SC;0;0;0;1;0;3;0;2;0;1;1;0;0;0;3;2;1;2025-04-29 16:22:43
2024;Branca;SOLTEIRO;60 a 64 anos                  ;MASCULINO;LÊ E ESCREVE;Cisgênero;NÃO;ITAJAÍ;Não;Brasil;NÃO;SUL;1;SC;0;0;0;1;0;2;0;1;0;0;0;0;0;0;2;1;1;2025-04-29 16:22:43
2024;Branca;SOLTEIRO;60 a 64 anos                  ;MASCULINO;SUPERIOR COMPLETO;Cisgênero;NÃO;ITAJAÍ;Não;Brasil;NÃO;SUL;1;SC;0;0;0;1;0;2;0;1;0;0;0;0;0;0;2;1;1;2025-04-29 16:22:43
2024;Branca;SOLTEIRO;60 a 64 anos                  ;MASCULINO;SUPERIOR COMPLETO;Cisgênero;SIM;ITAJAÍ;Não;Brasil;NÃO;SUL;1;SC;0;0;0;0;0;1;0;1;0;0;0;0;0;0;1;1;0;2025-04-29 16:22:43
2024;Branca;SOLTEIRO;60 a 64 anos                  ;MASCULINO;SUPERIOR COMPLETO;Prefere não informar;NÃO;ITAJAÍ;Não;Brasil;NÃO;SUL;1;SC;0;0;0;0;0;1;0;1;0;0;0;0;0;0;1;1;0;2025-04-29 16:22:43
2024;Branca;SOLTEIRO;60 a 64 anos                  ;MASCULINO;SUPERIOR INCOMPLETO;Cisgênero;NÃO;ITAJAÍ;Não;Brasil;NÃO;SUL;1;SC;0;0;0;0;0;2;0;2;0;0;0;0;0;0;2;2;0;2025-04-29 16:22:43
2024;Branca;SOLTEIRO;65 a 69 anos                  ;FEMININO;ANALFABETO;Cisgênero;NÃO;ITAJAÍ;Não;Brasil;NÃO;SUL;1;SC;0;0;0;0;1;0;1;0;0;0;0;0;0;0;1;1;0;2025-04-29 16:22:43
2024;Branca;SOLTEIRO;65 a 69 anos                  ;FEMININO;ENSINO FUNDAMENTAL COMPLETO;Cisgênero;NÃO;ITAJAÍ;Não;Brasil;NÃO;SUL;1;SC;0;0;0;1;0;3;0;2;0;0;0;0;0;0;3;2;1;2025-04-29 16:22:43
2024;Branca;SOLTEIRO;65 a 69 anos                  ;FEMININO;ENSINO FUNDAMENTAL INCOMPLETO;Cisgênero;NÃO;ITAJAÍ;Não;Brasil;NÃO;SUL;1;SC;0;0;0;1;0;7;0;6;0;0;0;0;0;0;7;6;1;2025-04-29 16:22:43
2024;Branca;SOLTEIRO;65 a 69 anos                  ;FEMININO;ENSINO MÉDIO COMPLETO;Cisgênero;NÃO;ITAJAÍ;Não;Brasil;NÃO;SUL;1;SC;0;0;0;1;0;5;0;4;0;0;0;0;0;0;5;4;1;2025-04-29 16:22:43
2024;Branca;SOLTEIRO;65 a 69 anos                  ;FEMININO;ENSINO MÉDIO INCOMPLETO;Cisgênero;NÃO;ITAJAÍ;Não;Brasil;NÃO;SUL;1;SC;0;0;0;0;0;1;0;1;0;0;0;0;0;0;1;1;0;2025-04-29 16:22:43
2024;Branca;SOLTEIRO;65 a 69 anos                  ;FEMININO;SUPERIOR COMPLETO;Cisgênero;NÃO;ITAJAÍ;Não;Brasil;NÃO;SUL;1;SC;1;0;0;1;0;2;0;1;0;1;0;0;1;0;2;1;1;2025-04-29 16:22:43
2024;Branca;SOLTEIRO;65 a 69 anos                  ;FEMININO;SUPERIOR COMPLETO;Prefere não informar;NÃO;ITAJAÍ;Não;Brasil;NÃO;SUL;1;SC;0;0;0;0;0;1;0;1;0;0;0;0;0;0;1;1;0;2025-04-29 16:22:43
2024;Branca;SOLTEIRO;65 a 69 anos                  ;FEMININO;SUPERIOR INCOMPLETO;Cisgênero;NÃO;ITAJAÍ;Não;Brasil;NÃO;SUL;1;SC;0;0;0;0;0;2;0;2;0;0;0;0;0;0;2;2;0;2025-04-29 16:22:43
2024;Branca;SOLTEIRO;65 a 69 anos                  ;FEMININO;SUPERIOR INCOMPLETO;Prefere não informar;NÃO;ITAJAÍ;Não;Brasil;NÃO;SUL;1;SC;0;0;0;0;0;1;0;1;0;0;0;0;0;0;1;1;0;2025-04-29 16:22:43
2024;Branca;SOLTEIRO;65 a 69 anos                  ;MASCULINO;ANALFABETO;Cisgênero;NÃO;ITAJAÍ;Não;Brasil;NÃO;SUL;1;SC;1;0;0;0;6;0;2;0;1;0;0;1;0;0;6;2;4;2025-04-29 16:22:43
2024;Branca;SOLTEIRO;65 a 69 anos                  ;MASCULINO;ENSINO FUNDAMENTAL COMPLETO;Cisgênero;NÃO;ITAJAÍ;Não;Brasil;NÃO;SUL;1;SC;0;0;0;0;0;4;0;4;0;2;2;0;0;0;4;4;0;2025-04-29 16:22:43
2024;Branca;SOLTEIRO;65 a 69 anos                  ;MASCULINO;ENSINO FUNDAMENTAL INCOMPLETO;Cisgênero;NÃO;ITAJAÍ;Não;Brasil;NÃO;SUL;1;SC;0;0;0;0;0;9;0;9;0;1;1;0;0;0;9;9;0;2025-04-29 16:22:43
2024;Branca;SOLTEIRO;65 a 69 anos                  ;MASCULINO;ENSINO MÉDIO COMPLETO;Cisgênero;NÃO;ITAJAÍ;Não;Brasil;NÃO;SUL;1;SC;0;0;0;1;0;3;0;2;0;0;0;0;0;0;3;2;1;2025-04-29 16:22:43
2024;Branca;SOLTEIRO;65 a 69 anos                  ;MASCULINO;ENSINO MÉDIO INCOMPLETO;Cisgênero;NÃO;ITAJAÍ;Não;Brasil;NÃO;SUL;1;SC;0;0;0;1;0;2;0;1;0;0;0;0;0;0;2;1;1;2025-04-29 16:22:43
2024;Branca;SOLTEIRO;65 a 69 anos                  ;MASCULINO;LÊ E ESCREVE;Cisgênero;NÃO;ITAJAÍ;Não;Brasil;NÃO;SUL;1;SC;0;0;0;0;0;2;0;2;0;1;1;0;0;0;2;2;0;2025-04-29 16:22:43
2024;Branca;SOLTEIRO;65 a 69 anos                  ;MASCULINO;SUPERIOR COMPLETO;Cisgênero;NÃO;ITAJAÍ;Não;Brasil;NÃO;SUL;1;SC;0;0;0;1;0;4;0;3;0;0;0;0;0;0;4;3;1;2025-04-29 16:22:43
2024;Branca;SOLTEIRO;65 a 69 anos                  ;MASCULINO;SUPERIOR INCOMPLETO;Cisgênero;NÃO;ITAJAÍ;Não;Brasil;NÃO;SUL;1;SC;0;0;0;0;0;1;0;1;0;0;0;0;0;0;1;1;0;2025-04-29 16:22:43
2024;Branca;SOLTEIRO;70 a 74 anos                  ;FEMININO;ANALFABETO;Cisgênero;NÃO;ITAJAÍ;Não;Brasil;NÃO;SUL;1;SC;0;0;0;0;1;0;1;0;1;0;1;0;0;0;1;1;0;2025-04-29 16:22:43
2024;Branca;SOLTEIRO;70 a 74 anos                  ;FEMININO;ENSINO FUNDAMENTAL INCOMPLETO;Cisgênero;NÃO;ITAJAÍ;Não;Brasil;NÃO;SUL;1;SC;0;0;0;0;1;0;1;0;0;0;0;0;0;0;1;1;0;2025-04-29 16:22:43
2024;Branca;SOLTEIRO;70 a 74 anos                  ;FEMININO;ENSINO MÉDIO COMPLETO;Cisgênero;NÃO;ITAJAÍ;Não;Brasil;NÃO;SUL;1;SC;0;0;0;0;1;0;1;0;0;0;0;0;0;0;1;1;0;2025-04-29 16:22:43
2024;Branca;SOLTEIRO;70 a 74 anos                  ;FEMININO;ENSINO MÉDIO INCOMPLETO;Cisgênero;NÃO;ITAJAÍ;Não;Brasil;NÃO;SUL;1;SC;0;0;0;0;2;0;2;0;0;0;0;0;0;0;2;2;0;2025-04-29 16:22:43
2024;Branca;SOLTEIRO;70 a 74 anos                  ;FEMININO;SUPERIOR COMPLETO;Cisgênero;NÃO;ITAJAÍ;Não;Brasil;NÃO;SUL;1;SC;0;0;0;0;3;0;3;0;0;0;0;0;0;0;3;3;0;2025-04-29 16:22:43
2024;Branca;SOLTEIRO;70 a 74 anos                  ;MASCULINO;ENSINO FUNDAMENTAL COMPLETO;Cisgênero;NÃO;ITAJAÍ;Não;Brasil;NÃO;SUL;1;SC;0;0;0;0;2;0;1;0;0;0;0;0;0;0;2;1;1;2025-04-29 16:22:43
2024;Branca;SOLTEIRO;70 a 74 anos                  ;MASCULINO;ENSINO FUNDAMENTAL INCOMPLETO;Cisgênero;NÃO;ITAJAÍ;Não;Brasil;NÃO;SUL;1;SC;1;0;0;0;3;0;1;0;1;0;0;1;0;0;3;1;2;2025-04-29 16:22:43
2024;Branca;SOLTEIRO;70 a 74 anos                  ;MASCULINO;ENSINO MÉDIO COMPLETO;Cisgênero;NÃO;ITAJAÍ;Não;Brasil;NÃO;SUL;1;SC;0;0;0;0;1;0;0;0;0;0;0;0;0;0;1;0;1;2025-04-29 16:22:43
2024;Branca;SOLTEIRO;70 a 74 anos                  ;MASCULINO;ENSINO MÉDIO INCOMPLETO;Cisgênero;NÃO;ITAJAÍ;Não;Brasil;NÃO;SUL;1;SC;1;0;0;0;1;0;0;0;1;0;0;1;0;0;1;0;1;2025-04-29 16:22:43
2024;Branca;SOLTEIRO;70 a 74 anos                  ;MASCULINO;SUPERIOR COMPLETO;Cisgênero;NÃO;ITAJAÍ;Não;Brasil;NÃO;SUL;1;SC;0;0;0;0;1;0;1;0;0;0;0;0;0;0;1;1;0;2025-04-29 16:22:43
2024;Branca;SOLTEIRO;75 a 79 anos                  ;FEMININO;ENSINO FUNDAMENTAL INCOMPLETO;Cisgênero;NÃO;ITAJAÍ;Não;Brasil;NÃO;SUL;1;SC;0;0;0;0;1;0;1;0;0;0;0;0;0;0;1;1;0;2025-04-29 16:22:43
2024;Branca;SOLTEIRO;75 a 79 anos                  ;FEMININO;ENSINO MÉDIO COMPLETO;Cisgênero;NÃO;ITAJAÍ;Não;Brasil;NÃO;SUL;1;SC;0;0;0;0;1;0;1;0;0;0;0;0;0;0;1;1;0;2025-04-29 16:22:43
2024;Branca;SOLTEIRO;75 a 79 anos                  ;FEMININO;SUPERIOR COMPLETO;Cisgênero;NÃO;ITAJAÍ;Não;Brasil;NÃO;SUL;1;SC;0;0;0;0;3;0;2;0;0;0;0;0;0;0;3;2;1;2025-04-29 16:22:43
2024;Branca;SOLTEIRO;75 a 79 anos                  ;MASCULINO;SUPERIOR COMPLETO;Cisgênero;NÃO;ITAJAÍ;Não;Brasil;NÃO;SUL;1;SC;0;0;0;0;1;0;1;0;0;0;0;0;0;0;1;1;0;2025-04-29 16:22:43
2024;Branca;SOLTEIRO;80 a 84 anos                  ;FEMININO;ENSINO FUNDAMENTAL COMPLETO;Cisgênero;NÃO;ITAJAÍ;Não;Brasil;NÃO;SUL;1;SC;0;0;0;0;1;0;0;0;0;0;0;0;0;0;1;0;1;2025-04-29 16:22:43
2024;Branca;SOLTEIRO;80 a 84 anos                  ;FEMININO;ENSINO FUNDAMENTAL INCOMPLETO;Cisgênero;NÃO;ITAJAÍ;Não;Brasil;NÃO;SUL;1;SC;0;0;0;0;2;0;1;0;0;0;0;0;0;0;2;1;1;2025-04-29 16:22:43
2024;Branca;SOLTEIRO;80 a 84 anos                  ;FEMININO;SUPERIOR COMPLETO;Cisgênero;NÃO;ITAJAÍ;Não;Brasil;NÃO;SUL;1;SC;0;0;0;0;2;0;1;0;0;0;0;0;0;0;2;1;1;2025-04-29 16:22:43
2024;Branca;SOLTEIRO;85 a 89 anos                  ;FEMININO;SUPERIOR COMPLETO;Cisgênero;NÃO;ITAJAÍ;Não;Brasil;NÃO;SUL;1;SC;1;0;0;0;1;0;0;0;1;0;0;1;0;0;1;0;1;2025-04-29 16:22:43
2024;Branca;SOLTEIRO;90 a 94 anos                  ;MASCULINO;SUPERIOR COMPLETO;Cisgênero;NÃO;ITAJAÍ;Não;Brasil;NÃO;SUL;1;SC;0;0;0;0;1;0;1;0;0;0;0;0;0;0;1;1;0;2025-04-29 16:22:43
2024;Branca;VIÚVO;19 anos                       ;MASCULINO;SUPERIOR INCOMPLETO;Cisgênero;NÃO;ITAJAÍ;Não;Brasil;NÃO;SUL;1;SC;0;0;0;0;0;1;0;1;0;0;0;0;0;0;1;1;0;2025-04-29 16:22:43
2024;Branca;VIÚVO;25 a 29 anos                  ;FEMININO;ENSINO MÉDIO INCOMPLETO;Cisgênero;NÃO;ITAJAÍ;Não;Brasil;NÃO;SUL;1;SC;0;0;0;1;0;1;0;0;0;0;0;0;0;0;1;0;1;2025-04-29 16:22:43
2024;Branca;VIÚVO;30 a 34 anos                  ;FEMININO;ENSINO MÉDIO COMPLETO;Cisgênero;NÃO;ITAJAÍ;Não;Brasil;NÃO;SUL;1;SC;0;0;0;1;0;1;0;0;0;0;0;0;0;0;1;0;1;2025-04-29 16:22:43
2024;Branca;VIÚVO;30 a 34 anos                  ;FEMININO;SUPERIOR COMPLETO;Cisgênero;NÃO;ITAJAÍ;Não;Brasil;NÃO;SUL;1;SC;0;0;0;0;0;1;0;1;0;0;0;0;0;0;1;1;0;2025-04-29 16:22:43
2024;Branca;VIÚVO;35 a 39 anos                  ;FEMININO;ENSINO FUNDAMENTAL COMPLETO;Cisgênero;NÃO;ITAJAÍ;Não;Brasil;NÃO;SUL;1;SC;0;0;0;0;0;1;0;1;0;0;0;0;0;0;1;1;0;2025-04-29 16:22:43
2024;Branca;VIÚVO;35 a 39 anos                  ;FEMININO;ENSINO FUNDAMENTAL INCOMPLETO;Cisgênero;NÃO;ITAJAÍ;Não;Brasil;NÃO;SUL;1;SC;0;0;0;1;0;1;0;0;0;0;0;0;0;0;1;0;1;2025-04-29 16:22:43
2024;Branca;VIÚVO;35 a 39 anos                  ;FEMININO;ENSINO MÉDIO INCOMPLETO;Cisgênero;NÃO;ITAJAÍ;Não;Brasil;NÃO;SUL;1;SC;0;0;0;1;0;2;0;1;0;0;0;0;0;0;2;1;1;2025-04-29 16:22:43
2024;Branca;VIÚVO;35 a 39 anos                  ;MASCULINO;SUPERIOR COMPLETO;Cisgênero;NÃO;ITAJAÍ;Não;Brasil;NÃO;SUL;1;SC;0;0;0;0;0;1;0;1;0;0;0;0;0;0;1;1;0;2025-04-29 16:22:43
2024;Branca;VIÚVO;40 a 44 anos                  ;FEMININO;ENSINO MÉDIO COMPLETO;Cisgênero;NÃO;ITAJAÍ;Não;Brasil;NÃO;SUL;1;SC;0;0;0;2;0;4;0;2;0;0;0;0;0;0;4;2;2;2025-04-29 16:22:43
2024;Branca;VIÚVO;40 a 44 anos                  ;FEMININO;ENSINO MÉDIO INCOMPLETO;Cisgênero;NÃO;ITAJAÍ;Não;Brasil;NÃO;SUL;1;SC;0;0;0;1;0;1;0;0;0;0;0;0;0;0;1;0;1;2025-04-29 16:22:43
2024;Branca;VIÚVO;40 a 44 anos                  ;MASCULINO;ENSINO FUNDAMENTAL COMPLETO;Cisgênero;NÃO;ITAJAÍ;Não;Brasil;NÃO;SUL;1;SC;0;0;0;0;0;1;0;1;0;0;0;0;0;0;1;1;0;2025-04-29 16:22:43
2024;Branca;VIÚVO;40 a 44 anos                  ;MASCULINO;SUPERIOR COMPLETO;Cisgênero;NÃO;ITAJAÍ;Não;Brasil;NÃO;SUL;1;SC;0;0;0;1;0;2;0;1;0;0;0;0;0;0;2;1;1;2025-04-29 16:22:43
2024;Branca;VIÚVO;45 a 49 anos                  ;FEMININO;ENSINO FUNDAMENTAL COMPLETO;Cisgênero;NÃO;ITAJAÍ;Não;Brasil;NÃO;SUL;1;SC;0;0;0;0;0;1;0;1;0;0;0;0;0;0;1;1;0;2025-04-29 16:22:43
2024;Branca;VIÚVO;45 a 49 anos                  ;FEMININO;ENSINO FUNDAMENTAL COMPLETO;Prefere não informar;NÃO;ITAJAÍ;Não;Brasil;NÃO;SUL;1;SC;0;0;0;0;0;1;0;1;0;0;0;0;0;0;1;1;0;2025-04-29 16:22:43
2024;Branca;VIÚVO;45 a 49 anos                  ;FEMININO;ENSINO FUNDAMENTAL INCOMPLETO;Cisgênero;NÃO;ITAJAÍ;Não;Brasil;NÃO;SUL;1;SC;0;0;0;0;0;2;0;2;0;0;0;0;0;0;2;2;0;2025-04-29 16:22:43
2024;Branca;VIÚVO;45 a 49 anos                  ;FEMININO;ENSINO MÉDIO COMPLETO;Cisgênero;NÃO;ITAJAÍ;Não;Brasil;NÃO;SUL;1;SC;0;0;0;2;0;5;0;3;0;0;0;0;0;0;5;3;2;2025-04-29 16:22:43
2024;Branca;VIÚVO;45 a 49 anos                  ;FEMININO;ENSINO MÉDIO COMPLETO;Prefere não informar;NÃO;ITAJAÍ;Não;Brasil;NÃO;SUL;1;SC;0;0;0;0;0;1;0;1;0;0;0;0;0;0;1;1;0;2025-04-29 16:22:43
2024;Branca;VIÚVO;45 a 49 anos                  ;FEMININO;ENSINO MÉDIO INCOMPLETO;Cisgênero;NÃO;ITAJAÍ;Não;Brasil;NÃO;SUL;1;SC;0;0;0;0;0;2;0;2;0;0;0;0;0;0;2;2;0;2025-04-29 16:22:43
2024;Branca;VIÚVO;45 a 49 anos                  ;FEMININO;SUPERIOR COMPLETO;Cisgênero;NÃO;ITAJAÍ;Não;Brasil;NÃO;SUL;1;SC;0;0;0;0;0;1;0;1;0;0;0;0;0;0;1;1;0;2025-04-29 16:22:43
2024;Branca;VIÚVO;45 a 49 anos                  ;FEMININO;SUPERIOR INCOMPLETO;Cisgênero;NÃO;ITAJAÍ;Não;Brasil;NÃO;SUL;1;SC;0;0;0;0;0;1;0;1;0;0;0;0;0;0;1;1;0;2025-04-29 16:22:43
2024;Branca;VIÚVO;45 a 49 anos                  ;MASCULINO;ENSINO FUNDAMENTAL INCOMPLETO;Cisgênero;NÃO;ITAJAÍ;Não;Brasil;NÃO;SUL;1;SC;0;0;0;0;0;1;0;1;0;0;0;0;0;0;1;1;0;2025-04-29 16:22:43
2024;Branca;VIÚVO;45 a 49 anos                  ;MASCULINO;LÊ E ESCREVE;Cisgênero;NÃO;ITAJAÍ;Não;Brasil;NÃO;SUL;1;SC;0;0;0;0;0;1;0;1;0;0;0;0;0;0;1;1;0;2025-04-29 16:22:43
2024;Branca;VIÚVO;45 a 49 anos                  ;MASCULINO;SUPERIOR INCOMPLETO;Cisgênero;NÃO;ITAJAÍ;Não;Brasil;NÃO;SUL;1;SC;0;0;0;0;0;1;0;1;0;0;0;0;0;0;1;1;0;2025-04-29 16:22:43
2024;Branca;VIÚVO;50 a 54 anos                  ;FEMININO;ENSINO FUNDAMENTAL INCOMPLETO;Cisgênero;NÃO;ITAJAÍ;Não;Brasil;NÃO;SUL;1;SC;0;0;0;0;0;6;0;6;0;0;0;0;0;0;6;6;0;2025-04-29 16:22:43
2024;Branca;VIÚVO;50 a 54 anos                  ;FEMININO;ENSINO MÉDIO COMPLETO;Cisgênero;NÃO;ITAJAÍ;Não;Brasil;NÃO;SUL;1;SC;0;0;0;1;0;4;0;3;0;0;0;0;0;0;4;3;1;2025-04-29 16:22:43
2024;Branca;VIÚVO;50 a 54 anos                  ;FEMININO;SUPERIOR COMPLETO;Cisgênero;NÃO;ITAJAÍ;Não;Brasil;NÃO;SUL;1;SC;0;0;0;0;0;4;0;4;0;0;0;0;0;0;4;4;0;2025-04-29 16:22:43
2024;Branca;VIÚVO;50 a 54 anos                  ;FEMININO;SUPERIOR INCOMPLETO;Cisgênero;NÃO;ITAJAÍ;Não;Brasil;NÃO;SUL;1;SC;0;0;0;0;0;1;0;1;0;0;0;0;0;0;1;1;0;2025-04-29 16:22:43
2024;Branca;VIÚVO;55 a 59 anos                  ;FEMININO;ENSINO FUNDAMENTAL COMPLETO;Cisgênero;NÃO;ITAJAÍ;Não;Brasil;NÃO;SUL;1;SC;0;0;0;1;0;4;0;3;0;0;0;0;0;0;4;3;1;2025-04-29 16:22:43
2024;Branca;VIÚVO;55 a 59 anos                  ;FEMININO;ENSINO FUNDAMENTAL COMPLETO;Prefere não informar;NÃO;ITAJAÍ;Não;Brasil;NÃO;SUL;1;SC;0;0;0;0;0;1;0;1;0;0;0;0;0;0;1;1;0;2025-04-29 16:22:43
2024;Branca;VIÚVO;55 a 59 anos                  ;FEMININO;ENSINO FUNDAMENTAL INCOMPLETO;Cisgênero;NÃO;ITAJAÍ;Não;Brasil;NÃO;SUL;1;SC;0;0;0;0;0;6;0;6;0;0;0;0;0;0;6;6;0;2025-04-29 16:22:43
2024;Branca;VIÚVO;55 a 59 anos                  ;FEMININO;ENSINO MÉDIO COMPLETO;Cisgênero;NÃO;ITAJAÍ;Não;Brasil;NÃO;SUL;1;SC;0;0;0;0;0;8;0;8;0;0;0;0;0;0;8;8;0;2025-04-29 16:22:43
2024;Branca;VIÚVO;55 a 59 anos                  ;FEMININO;ENSINO MÉDIO INCOMPLETO;Cisgênero;NÃO;ITAJAÍ;Não;Brasil;NÃO;SUL;1;SC;0;0;0;1;0;1;0;0;0;0;0;0;0;0;1;0;1;2025-04-29 16:22:43
2024;Branca;VIÚVO;55 a 59 anos                  ;FEMININO;LÊ E ESCREVE;Cisgênero;NÃO;ITAJAÍ;Não;Brasil;NÃO;SUL;1;SC;0;0;0;0;0;1;0;1;0;0;0;0;0;0;1;1;0;2025-04-29 16:22:43
2024;Branca;VIÚVO;55 a 59 anos                  ;FEMININO;SUPERIOR INCOMPLETO;Cisgênero;NÃO;ITAJAÍ;Não;Brasil;NÃO;SUL;1;SC;0;0;0;1;0;2;0;1;0;0;0;0;0;0;2;1;1;2025-04-29 16:22:43
2024;Branca;VIÚVO;55 a 59 anos                  ;MASCULINO;ENSINO FUNDAMENTAL INCOMPLETO;Cisgênero;NÃO;ITAJAÍ;Não;Brasil;NÃO;SUL;1;SC;0;0;0;0;0;2;0;2;0;0;0;0;0;0;2;2;0;2025-04-29 16:22:43
2024;Branca;VIÚVO;55 a 59 anos                  ;MASCULINO;SUPERIOR COMPLETO;Cisgênero;NÃO;ITAJAÍ;Não;Brasil;NÃO;SUL;1;SC;0;0;0;0;0;1;0;1;0;0;0;0;0;0;1;1;0;2025-04-29 16:22:43
2024;Branca;VIÚVO;60 a 64 anos                  ;FEMININO;ANALFABETO;Cisgênero;NÃO;ITAJAÍ;Não;Brasil;NÃO;SUL;1;SC;0;0;0;0;4;0;3;0;0;0;0;0;0;0;4;3;1;2025-04-29 16:22:43
2024;Branca;VIÚVO;60 a 64 anos                  ;FEMININO;ENSINO FUNDAMENTAL COMPLETO;Cisgênero;NÃO;ITAJAÍ;Não;Brasil;NÃO;SUL;1;SC;0;0;0;0;0;2;0;2;0;0;0;0;0;0;2;2;0;2025-04-29 16:22:43
2024;Branca;VIÚVO;60 a 64 anos                  ;FEMININO;ENSINO FUNDAMENTAL INCOMPLETO;Cisgênero;NÃO;ITAJAÍ;Não;Brasil;NÃO;SUL;1;SC;1;0;0;3;0;14;0;11;0;1;0;0;1;0;14;11;3;2025-04-29 16:22:43
2024;Branca;VIÚVO;60 a 64 anos                  ;FEMININO;ENSINO FUNDAMENTAL INCOMPLETO;Prefere não informar;NÃO;ITAJAÍ;Não;Brasil;NÃO;SUL;1;SC;0;0;0;1;0;1;0;0;0;0;0;0;0;0;1;0;1;2025-04-29 16:22:43
2024;Branca;VIÚVO;60 a 64 anos                  ;FEMININO;ENSINO MÉDIO COMPLETO;Cisgênero;NÃO;ITAJAÍ;Não;Brasil;NÃO;SUL;1;SC;0;0;0;1;0;5;0;4;0;0;0;0;0;0;5;4;1;2025-04-29 16:22:43
2024;Branca;VIÚVO;60 a 64 anos                  ;FEMININO;ENSINO MÉDIO INCOMPLETO;Cisgênero;NÃO;ITAJAÍ;Não;Brasil;NÃO;SUL;1;SC;0;0;0;0;0;2;0;2;0;0;0;0;0;0;2;2;0;2025-04-29 16:22:43
2024;Branca;VIÚVO;60 a 64 anos                  ;FEMININO;SUPERIOR COMPLETO;Cisgênero;NÃO;ITAJAÍ;Não;Brasil;NÃO;SUL;1;SC;0;0;0;1;0;3;0;2;0;0;0;0;0;0;3;2;1;2025-04-29 16:22:43
2024;Branca;VIÚVO;60 a 64 anos                  ;FEMININO;SUPERIOR INCOMPLETO;Cisgênero;NÃO;ITAJAÍ;Não;Brasil;NÃO;SUL;1;SC;0;0;0;0;0;2;0;2;0;0;0;0;0;0;2;2;0;2025-04-29 16:22:43
2024;Branca;VIÚVO;60 a 64 anos                  ;MASCULINO;ANALFABETO;Cisgênero;NÃO;ITAJAÍ;Não;Brasil;NÃO;SUL;1;SC;0;0;0;0;1;0;0;0;0;0;0;0;0;0;1;0;1;2025-04-29 16:22:43
2024;Branca;VIÚVO;60 a 64 anos                  ;MASCULINO;ENSINO FUNDAMENTAL COMPLETO;Cisgênero;NÃO;ITAJAÍ;Não;Brasil;NÃO;SUL;1;SC;0;0;0;0;0;2;0;2;0;1;1;0;0;0;2;2;0;2025-04-29 16:22:43
2024;Branca;VIÚVO;60 a 64 anos                  ;MASCULINO;ENSINO FUNDAMENTAL INCOMPLETO;Cisgênero;NÃO;ITAJAÍ;Não;Brasil;NÃO;SUL;1;SC;0;0;0;1;0;1;0;0;0;0;0;0;0;0;1;0;1;2025-04-29 16:22:43
2024;Branca;VIÚVO;60 a 64 anos                  ;MASCULINO;ENSINO MÉDIO COMPLETO;Cisgênero;NÃO;ITAJAÍ;Não;Brasil;NÃO;SUL;1;SC;0;0;0;0;0;1;0;1;0;0;0;0;0;0;1;1;0;2025-04-29 16:22:43
2024;Branca;VIÚVO;60 a 64 anos                  ;MASCULINO;ENSINO MÉDIO INCOMPLETO;Cisgênero;NÃO;ITAJAÍ;Não;Brasil;NÃO;SUL;1;SC;0;0;0;0;0;1;0;1;0;0;0;0;0;0;1;1;0;2025-04-29 16:22:43
2024;Branca;VIÚVO;60 a 64 anos                  ;MASCULINO;SUPERIOR COMPLETO;Cisgênero;NÃO;ITAJAÍ;Não;Brasil;NÃO;SUL;1;SC;0;0;0;0;0;1;0;1;0;0;0;0;0;0;1;1;0;2025-04-29 16:22:43
2024;Branca;VIÚVO;65 a 69 anos                  ;FEMININO;ANALFABETO;Cisgênero;NÃO;ITAJAÍ;Não;Brasil;NÃO;SUL;1;SC;0;0;0;0;1;0;0;0;0;0;0;0;0;0;1;0;1;2025-04-29 16:22:43
2024;Branca;VIÚVO;65 a 69 anos                  ;FEMININO;ENSINO FUNDAMENTAL COMPLETO;Cisgênero;NÃO;ITAJAÍ;Não;Brasil;NÃO;SUL;1;SC;0;0;0;0;0;4;0;4;0;1;1;0;0;0;4;4;0;2025-04-29 16:22:43
2024;Branca;VIÚVO;65 a 69 anos                  ;FEMININO;ENSINO FUNDAMENTAL INCOMPLETO;Cisgênero;NÃO;ITAJAÍ;Não;Brasil;NÃO;SUL;1;SC;0;0;0;4;0;12;0;8;0;0;0;0;0;0;12;8;4;2025-04-29 16:22:43
2024;Branca;VIÚVO;65 a 69 anos                  ;FEMININO;ENSINO FUNDAMENTAL INCOMPLETO;Prefere não informar;NÃO;ITAJAÍ;Não;Brasil;NÃO;SUL;1;SC;0;0;0;0;0;2;0;2;0;0;0;0;0;0;2;2;0;2025-04-29 16:22:43
2024;Branca;VIÚVO;65 a 69 anos                  ;FEMININO;ENSINO MÉDIO COMPLETO;Cisgênero;NÃO;ITAJAÍ;Não;Brasil;NÃO;SUL;1;SC;0;0;0;0;0;11;0;11;0;0;0;0;0;0;11;11;0;2025-04-29 16:22:43
2024;Branca;VIÚVO;65 a 69 anos                  ;FEMININO;SUPERIOR COMPLETO;Cisgênero;NÃO;ITAJAÍ;Não;Brasil;NÃO;SUL;1;SC;0;0;0;1;0;4;0;3;0;0;0;0;0;0;4;3;1;2025-04-29 16:22:43
2024;Branca;VIÚVO;65 a 69 anos                  ;FEMININO;SUPERIOR INCOMPLETO;Cisgênero;NÃO;ITAJAÍ;Não;Brasil;NÃO;SUL;1;SC;0;0;0;1;0;1;0;0;0;0;0;0;0;0;1;0;1;2025-04-29 16:22:43
2024;Branca;VIÚVO;65 a 69 anos                  ;MASCULINO;ANALFABETO;Cisgênero;NÃO;ITAJAÍ;Não;Brasil;NÃO;SUL;1;SC;0;0;0;0;1;0;1;0;0;0;0;0;0;0;1;1;0;2025-04-29 16:22:43
2024;Branca;VIÚVO;65 a 69 anos                  ;MASCULINO;ENSINO FUNDAMENTAL INCOMPLETO;Cisgênero;NÃO;ITAJAÍ;Não;Brasil;NÃO;SUL;1;SC;0;0;0;1;0;1;0;0;0;0;0;0;0;0;1;0;1;2025-04-29 16:22:43
2024;Branca;VIÚVO;65 a 69 anos                  ;MASCULINO;ENSINO MÉDIO COMPLETO;Cisgênero;NÃO;ITAJAÍ;Não;Brasil;NÃO;SUL;1;SC;0;0;0;0;0;1;0;1;0;0;0;0;0;0;1;1;0;2025-04-29 16:22:43
2024;Branca;VIÚVO;65 a 69 anos                  ;MASCULINO;SUPERIOR COMPLETO;Cisgênero;NÃO;ITAJAÍ;Não;Brasil;NÃO;SUL;1;SC;0;0;0;0;0;1;0;1;0;0;0;0;0;0;1;1;0;2025-04-29 16:22:43
2024;Branca;VIÚVO;65 a 69 anos                  ;MASCULINO;SUPERIOR INCOMPLETO;Cisgênero;NÃO;ITAJAÍ;Não;Brasil;NÃO;SUL;1;SC;0;0;0;1;0;1;0;0;0;0;0;0;0;0;1;0;1;2025-04-29 16:22:43
2024;Branca;VIÚVO;70 a 74 anos                  ;FEMININO;ENSINO FUNDAMENTAL INCOMPLETO;Cisgênero;NÃO;ITAJAÍ;Não;Brasil;NÃO;SUL;1;SC;0;0;0;0;3;0;2;0;0;0;0;0;0;0;3;2;1;2025-04-29 16:22:43
2024;Branca;VIÚVO;70 a 74 anos                  ;FEMININO;ENSINO MÉDIO COMPLETO;Cisgênero;NÃO;ITAJAÍ;Não;Brasil;NÃO;SUL;1;SC;0;0;0;0;7;0;5;0;0;0;0;0;0;0;7;5;2;2025-04-29 16:22:43
2024;Branca;VIÚVO;70 a 74 anos                  ;FEMININO;ENSINO MÉDIO INCOMPLETO;Cisgênero;NÃO;ITAJAÍ;Não;Brasil;NÃO;SUL;1;SC;0;0;0;0;2;0;1;0;0;0;0;0;0;0;2;1;1;2025-04-29 16:22:43
2024;Branca;VIÚVO;70 a 74 anos                  ;FEMININO;SUPERIOR COMPLETO;Cisgênero;NÃO;ITAJAÍ;Não;Brasil;NÃO;SUL;1;SC;0;0;0;0;7;0;7;0;1;0;1;0;0;0;7;7;0;2025-04-29 16:22:43
2024;Branca;VIÚVO;70 a 74 anos                  ;FEMININO;SUPERIOR INCOMPLETO;Cisgênero;NÃO;ITAJAÍ;Não;Brasil;NÃO;SUL;1;SC;0;0;0;0;3;0;2;0;0;0;0;0;0;0;3;2;1;2025-04-29 16:22:43
2024;Branca;VIÚVO;70 a 74 anos                  ;MASCULINO;ENSINO FUNDAMENTAL INCOMPLETO;Cisgênero;NÃO;ITAJAÍ;Não;Brasil;NÃO;SUL;1;SC;0;0;0;0;5;0;4;0;0;0;0;0;0;0;5;4;1;2025-04-29 16:22:43
2024;Branca;VIÚVO;70 a 74 anos                  ;MASCULINO;SUPERIOR COMPLETO;Cisgênero;NÃO;ITAJAÍ;Não;Brasil;NÃO;SUL;1;SC;0;0;0;0;1;0;0;0;0;0;0;0;0;0;1;0;1;2025-04-29 16:22:43
2024;Branca;VIÚVO;70 a 74 anos                  ;MASCULINO;SUPERIOR COMPLETO;Prefere não informar;SIM;ITAJAÍ;Não;Brasil;NÃO;SUL;1;SC;0;0;0;0;1;0;1;0;0;0;0;0;0;0;1;1;0;2025-04-29 16:22:43
2024;Branca;VIÚVO;75 a 79 anos                  ;FEMININO;ENSINO FUNDAMENTAL COMPLETO;Cisgênero;NÃO;ITAJAÍ;Não;Brasil;NÃO;SUL;1;SC;0;0;0;0;3;0;1;0;0;0;0;0;0;0;3;1;2;2025-04-29 16:22:43
2024;Branca;VIÚVO;75 a 79 anos                  ;FEMININO;ENSINO FUNDAMENTAL INCOMPLETO;Cisgênero;NÃO;ITAJAÍ;Não;Brasil;NÃO;SUL;1;SC;0;0;0;0;6;0;4;0;0;0;0;0;0;0;6;4;2;2025-04-29 16:22:43
2024;Branca;VIÚVO;75 a 79 anos                  ;FEMININO;ENSINO MÉDIO COMPLETO;Cisgênero;NÃO;ITAJAÍ;Não;Brasil;NÃO;SUL;1;SC;0;0;0;0;1;0;1;0;0;0;0;0;0;0;1;1;0;2025-04-29 16:22:43
2024;Branca;VIÚVO;75 a 79 anos                  ;FEMININO;LÊ E ESCREVE;Cisgênero;NÃO;ITAJAÍ;Não;Brasil;NÃO;SUL;1;SC;0;0;0;0;3;0;2;0;1;0;1;0;0;0;3;2;1;2025-04-29 16:22:43
2024;Branca;VIÚVO;75 a 79 anos                  ;FEMININO;SUPERIOR COMPLETO;Cisgênero;NÃO;ITAJAÍ;Não;Brasil;NÃO;SUL;1;SC;0;0;0;0;1;0;1;0;0;0;0;0;0;0;1;1;0;2025-04-29 16:22:43
2024;Branca;VIÚVO;75 a 79 anos                  ;MASCULINO;ENSINO FUNDAMENTAL INCOMPLETO;Cisgênero;NÃO;ITAJAÍ;Não;Brasil;NÃO;SUL;1;SC;0;0;0;0;1;0;1;0;0;0;0;0;0;0;1;1;0;2025-04-29 16:22:43
2024;Branca;VIÚVO;75 a 79 anos                  ;MASCULINO;SUPERIOR COMPLETO;Cisgênero;NÃO;ITAJAÍ;Não;Brasil;NÃO;SUL;1;SC;0;0;0;0;1;0;1;0;0;0;0;0;0;0;1;1;0;2025-04-29 16:22:43
2024;Branca;VIÚVO;80 a 84 anos                  ;FEMININO;ENSINO FUNDAMENTAL INCOMPLETO;Cisgênero;NÃO;ITAJAÍ;Não;Brasil;NÃO;SUL;1;SC;0;0;0;0;2;0;1;0;0;0;0;0;0;0;2;1;1;2025-04-29 16:22:43
2024;Branca;VIÚVO;80 a 84 anos                  ;FEMININO;ENSINO MÉDIO COMPLETO;Cisgênero;NÃO;ITAJAÍ;Não;Brasil;NÃO;SUL;1;SC;0;0;0;0;1;0;1;0;0;0;0;0;0;0;1;1;0;2025-04-29 16:22:43
2024;Branca;VIÚVO;80 a 84 anos                  ;FEMININO;ENSINO MÉDIO COMPLETO;Cisgênero;SIM;ITAJAÍ;Não;Brasil;NÃO;SUL;1;SC;0;0;0;0;1;0;0;0;0;0;0;0;0;0;1;0;1;2025-04-29 16:22:43
2024;Branca;VIÚVO;80 a 84 anos                  ;FEMININO;ENSINO MÉDIO INCOMPLETO;Cisgênero;NÃO;ITAJAÍ;Não;Brasil;NÃO;SUL;1;SC;1;0;0;0;1;0;0;0;1;0;0;1;0;0;1;0;1;2025-04-29 16:22:43
2024;Branca;VIÚVO;80 a 84 anos                  ;MASCULINO;ANALFABETO;Cisgênero;NÃO;ITAJAÍ;Não;Brasil;NÃO;SUL;1;SC;0;0;0;0;1;0;0;0;0;0;0;0;0;0;1;0;1;2025-04-29 16:22:43
2024;Branca;VIÚVO;80 a 84 anos                  ;MASCULINO;ENSINO FUNDAMENTAL INCOMPLETO;Cisgênero;NÃO;ITAJAÍ;Não;Brasil;NÃO;SUL;1;SC;0;0;0;0;1;0;1;0;0;0;0;0;0;0;1;1;0;2025-04-29 16:22:43
2024;Branca;VIÚVO;80 a 84 anos                  ;MASCULINO;ENSINO MÉDIO INCOMPLETO;Cisgênero;NÃO;ITAJAÍ;Não;Brasil;NÃO;SUL;1;SC;0;0;0;0;1;0;1;0;0;0;0;0;0;0;1;1;0;2025-04-29 16:22:43
2024;Branca;VIÚVO;85 a 89 anos                  ;FEMININO;ANALFABETO;Cisgênero;NÃO;ITAJAÍ;Não;Brasil;NÃO;SUL;1;SC;0;0;0;0;1;0;1;0;0;0;0;0;0;0;1;1;0;2025-04-29 16:22:43
2024;Branca;VIÚVO;85 a 89 anos                  ;FEMININO;ENSINO FUNDAMENTAL INCOMPLETO;Cisgênero;NÃO;ITAJAÍ;Não;Brasil;NÃO;SUL;1;SC;0;0;0;0;1;0;0;0;0;0;0;0;0;0;1;0;1;2025-04-29 16:22:43
2024;Branca;VIÚVO;85 a 89 anos                  ;FEMININO;ENSINO FUNDAMENTAL INCOMPLETO;Prefere não informar;NÃO;ITAJAÍ;Não;Brasil;NÃO;SUL;1;SC;0;0;0;0;1;0;1;0;0;0;0;0;0;0;1;1;0;2025-04-29 16:22:43
2024;Branca;VIÚVO;85 a 89 anos                  ;MASCULINO;ENSINO FUNDAMENTAL INCOMPLETO;Cisgênero;NÃO;ITAJAÍ;Não;Brasil;NÃO;SUL;1;SC;0;0;0;0;1;0;0;0;0;0;0;0;0;0;1;0;1;2025-04-29 16:22:43
2024;Branca;VIÚVO;90 a 94 anos                  ;FEMININO;ENSINO FUNDAMENTAL COMPLETO;Cisgênero;NÃO;ITAJAÍ;Não;Brasil;NÃO;SUL;1;SC;0;0;0;0;1;0;1;0;0;0;0;0;0;0;1;1;0;2025-04-29 16:22:43
2024;Branca;VIÚVO;90 a 94 anos                  ;FEMININO;ENSINO FUNDAMENTAL INCOMPLETO;Cisgênero;NÃO;ITAJAÍ;Não;Brasil;NÃO;SUL;1;SC;0;0;0;0;2;0;0;0;0;0;0;0;0;0;2;0;2;2025-04-29 16:22:43
2024;Branca;VIÚVO;95 a 99 anos                  ;FEMININO;ENSINO MÉDIO COMPLETO;Cisgênero;NÃO;ITAJAÍ;Não;Brasil;NÃO;SUL;1;SC;1;0;0;0;1;0;0;0;1;0;0;1;0;0;1;0;1;2025-04-29 16:22:43
2024;Indígena;CASADO;40 a 44 anos                  ;FEMININO;ENSINO FUNDAMENTAL INCOMPLETO;Cisgênero;NÃO;ITAJAÍ;Não;Brasil;NÃO;SUL;1;SC;0;0;0;0;0;1;0;1;0;0;0;0;0;0;1;1;0;2025-04-29 16:22:43
2024;Indígena;CASADO;40 a 44 anos                  ;FEMININO;ENSINO MÉDIO INCOMPLETO;Cisgênero;NÃO;ITAJAÍ;Não;Brasil;NÃO;SUL;1;SC;0;0;0;0;0;1;0;1;0;0;0;0;0;0;1;1;0;2025-04-29 16:22:43
2024;Indígena;CASADO;40 a 44 anos                  ;MASCULINO;ENSINO MÉDIO COMPLETO;Cisgênero;NÃO;ITAJAÍ;Não;Brasil;NÃO;SUL;1;SC;0;0;0;1;0;1;0;0;0;0;0;0;0;0;1;0;1;2025-04-29 16:22:43
2024;Indígena;CASADO;40 a 44 anos                  ;MASCULINO;ENSINO MÉDIO INCOMPLETO;Cisgênero;NÃO;ITAJAÍ;Não;Brasil;NÃO;SUL;1;SC;0;0;0;0;0;2;0;2;0;1;1;0;0;0;2;2;0;2025-04-29 16:22:43
2024;Indígena;CASADO;45 a 49 anos                  ;MASCULINO;ENSINO FUNDAMENTAL INCOMPLETO;Cisgênero;NÃO;ITAJAÍ;Não;Brasil;NÃO;SUL;1;SC;0;0;0;1;0;1;0;0;0;0;0;0;0;0;1;0;1;2025-04-29 16:22:43
2024;Indígena;CASADO;45 a 49 anos                  ;MASCULINO;SUPERIOR COMPLETO;Cisgênero;NÃO;ITAJAÍ;Não;Brasil;NÃO;SUL;1;SC;0;0;0;1;0;1;0;0;0;0;0;0;0;0;1;0;1;2025-04-29 16:22:43
2024;Indígena;CASADO;50 a 54 anos                  ;FEMININO;ENSINO FUNDAMENTAL INCOMPLETO;Cisgênero;NÃO;ITAJAÍ;Não;Brasil;NÃO;SUL;1;SC;0;0;0;0;0;1;0;1;0;0;0;0;0;0;1;1;0;2025-04-29 16:22:43
2024;Indígena;CASADO;55 a 59 anos                  ;FEMININO;ENSINO FUNDAMENTAL COMPLETO;Cisgênero;NÃO;ITAJAÍ;Não;Brasil;NÃO;SUL;1;SC;0;0;0;0;0;1;0;1;0;0;0;0;0;0;1;1;0;2025-04-29 16:22:43
2024;Indígena;CASADO;60 a 64 anos                  ;MASCULINO;ENSINO FUNDAMENTAL COMPLETO;Cisgênero;NÃO;ITAJAÍ;Não;Brasil;NÃO;SUL;1;SC;0;0;0;1;0;1;0;0;0;0;0;0;0;0;1;0;1;2025-04-29 16:22:43
2024;Indígena;SOLTEIRO;17 anos                       ;FEMININO;ENSINO MÉDIO INCOMPLETO;Cisgênero;NÃO;ITAJAÍ;Não;Brasil;NÃO;SUL;1;SC;0;0;0;0;1;0;0;0;0;0;0;0;0;0;1;0;1;2025-04-29 16:22:43
2024;Indígena;SOLTEIRO;17 anos                       ;MASCULINO;ENSINO MÉDIO INCOMPLETO;Cisgênero;NÃO;ITAJAÍ;Não;Brasil;NÃO;SUL;1;SC;0;0;0;0;1;0;0;0;0;0;0;0;0;0;1;0;1;2025-04-29 16:22:43
2024;Indígena;SOLTEIRO;18 anos                       ;FEMININO;ENSINO FUNDAMENTAL COMPLETO;Cisgênero;NÃO;ITAJAÍ;Não;Brasil;NÃO;SUL;1;SC;0;0;0;0;0;1;0;1;0;0;0;0;0;0;1;1;0;2025-04-29 16:22:43
2024;Indígena;SOLTEIRO;18 anos                       ;FEMININO;ENSINO MÉDIO INCOMPLETO;Prefere não informar;NÃO;ITAJAÍ;Não;Brasil;NÃO;SUL;1;SC;0;0;0;0;0;1;0;1;0;0;0;0;0;0;1;1;0;2025-04-29 16:22:43
2024;Indígena;SOLTEIRO;20 anos                       ;MASCULINO;ENSINO MÉDIO INCOMPLETO;Cisgênero;NÃO;ITAJAÍ;Não;Brasil;NÃO;SUL;1;SC;0;0;0;1;0;1;0;0;0;0;0;0;0;0;1;0;1;2025-04-29 16:22:43
2024;Indígena;SOLTEIRO;21 a 24 anos                  ;MASCULINO;ENSINO MÉDIO COMPLETO;Cisgênero;NÃO;ITAJAÍ;Não;Brasil;NÃO;SUL;1;SC;0;0;0;0;0;1;0;1;0;0;0;0;0;0;1;1;0;2025-04-29 16:22:43
2024;Indígena;SOLTEIRO;21 a 24 anos                  ;MASCULINO;ENSINO MÉDIO INCOMPLETO;Cisgênero;NÃO;ITAJAÍ;Não;Brasil;NÃO;SUL;1;SC;0;0;0;2;0;2;0;0;0;0;0;0;0;0;2;0;2;2025-04-29 16:22:43
2024;Indígena;SOLTEIRO;21 a 24 anos                  ;MASCULINO;SUPERIOR INCOMPLETO;Cisgênero;NÃO;ITAJAÍ;Não;Brasil;NÃO;SUL;1;SC;0;0;0;0;0;1;0;1;0;0;0;0;0;0;1;1;0;2025-04-29 16:22:43
2024;Indígena;SOLTEIRO;25 a 29 anos                  ;FEMININO;SUPERIOR COMPLETO;Cisgênero;NÃO;ITAJAÍ;Não;Brasil;NÃO;SUL;1;SC;0;0;0;0;0;1;0;1;0;0;0;0;0;0;1;1;0;2025-04-29 16:22:43
2024;Indígena;SOLTEIRO;30 a 34 anos                  ;MASCULINO;ENSINO FUNDAMENTAL COMPLETO;Cisgênero;NÃO;ITAJAÍ;Não;Brasil;NÃO;SUL;1;SC;0;0;0;0;0;1;0;1;0;0;0;0;0;0;1;1;0;2025-04-29 16:22:43
2024;Indígena;SOLTEIRO;40 a 44 anos                  ;FEMININO;ENSINO FUNDAMENTAL INCOMPLETO;Cisgênero;NÃO;ITAJAÍ;Não;Brasil;NÃO;SUL;1;SC;0;0;0;0;0;1;0;1;0;0;0;0;0;0;1;1;0;2025-04-29 16:22:43
2024;Indígena;SOLTEIRO;45 a 49 anos                  ;MASCULINO;ENSINO FUNDAMENTAL INCOMPLETO;Cisgênero;NÃO;ITAJAÍ;Não;Brasil;NÃO;SUL;1;SC;0;0;0;1;0;1;0;0;0;0;0;0;0;0;1;0;1;2025-04-29 16:22:43
2024;NÃO INFORMADO;CASADO;100 anos ou mais              ;MASCULINO;ENSINO FUNDAMENTAL INCOMPLETO;NÃO INFORMADO;NÃO INFORMADO;ITAJAÍ;Não;Brasil;NÃO INFORMADO;SUL;1;SC;0;0;0;0;1;0;1;0;0;0;0;0;0;0;1;1;0;2025-04-29 16:22:43
2024;NÃO INFORMADO;CASADO;18 anos                       ;FEMININO;ENSINO MÉDIO INCOMPLETO;NÃO INFORMADO;NÃO INFORMADO;ITAJAÍ;Não;Brasil;NÃO INFORMADO;SUL;1;SC;0;0;0;0;0;1;0;1;0;0;0;0;0;0;1;1;0;2025-04-29 16:22:43
2024;NÃO INFORMADO;CASADO;19 anos                       ;FEMININO;ENSINO MÉDIO INCOMPLETO;NÃO INFORMADO;NÃO INFORMADO;ITAJAÍ;Não;Brasil;NÃO INFORMADO;SUL;1;SC;0;0;0;1;0;1;0;0;0;0;0;0;0;0;1;0;1;2025-04-29 16:22:43
2024;NÃO INFORMADO;CASADO;19 anos                       ;MASCULINO;ENSINO FUNDAMENTAL COMPLETO;NÃO INFORMADO;NÃO INFORMADO;ITAJAÍ;Não;Brasil;NÃO INFORMADO;SUL;1;SC;0;0;0;1;0;1;0;0;0;0;0;0;0;0;1;0;1;2025-04-29 16:22:43
2024;NÃO INFORMADO;CASADO;20 anos                       ;FEMININO;ENSINO FUNDAMENTAL COMPLETO;NÃO INFORMADO;NÃO INFORMADO;ITAJAÍ;Não;Brasil;NÃO INFORMADO;SUL;1;SC;0;0;0;1;0;1;0;0;0;0;0;0;0;0;1;0;1;2025-04-29 16:22:43
2024;NÃO INFORMADO;CASADO;20 anos                       ;FEMININO;ENSINO MÉDIO COMPLETO;NÃO INFORMADO;NÃO INFORMADO;ITAJAÍ;Não;Brasil;NÃO INFORMADO;SUL;1;SC;0;0;0;0;0;1;0;1;0;0;0;0;0;0;1;1;0;2025-04-29 16:22:43
2024;NÃO INFORMADO;CASADO;20 anos                       ;FEMININO;ENSINO MÉDIO INCOMPLETO;NÃO INFORMADO;NÃO INFORMADO;ITAJAÍ;Não;Brasil;NÃO INFORMADO;SUL;1;SC;0;0;0;0;0;4;0;4;0;0;0;0;0;0;4;4;0;2025-04-29 16:22:43
2024;NÃO INFORMADO;CASADO;20 anos                       ;FEMININO;SUPERIOR INCOMPLETO;NÃO INFORMADO;NÃO INFORMADO;ITAJAÍ;Não;Brasil;NÃO INFORMADO;SUL;1;SC;0;0;0;0;0;1;0;1;0;0;0;0;0;0;1;1;0;2025-04-29 16:22:43
2024;NÃO INFORMADO;CASADO;21 a 24 anos                  ;FEMININO;ENSINO FUNDAMENTAL COMPLETO;NÃO INFORMADO;NÃO INFORMADO;ITAJAÍ;Não;Brasil;NÃO INFORMADO;SUL;1;SC;0;0;0;2;0;11;0;9;0;0;0;0;0;0;11;9;2;2025-04-29 16:22:43
2024;NÃO INFORMADO;CASADO;21 a 24 anos                  ;FEMININO;ENSINO FUNDAMENTAL INCOMPLETO;NÃO INFORMADO;NÃO INFORMADO;ITAJAÍ;Não;Brasil;NÃO INFORMADO;SUL;1;SC;0;0;0;5;0;7;0;2;0;0;0;0;0;0;7;2;5;2025-04-29 16:22:43
2024;NÃO INFORMADO;CASADO;21 a 24 anos                  ;FEMININO;ENSINO MÉDIO COMPLETO;NÃO INFORMADO;NÃO INFORMADO;ITAJAÍ;Não;Brasil;NÃO INFORMADO;SUL;1;SC;0;0;0;24;0;92;0;68;0;0;0;0;0;0;92;68;24;2025-04-29 16:22:43
2024;NÃO INFORMADO;CASADO;21 a 24 anos                  ;FEMININO;ENSINO MÉDIO INCOMPLETO;NÃO INFORMADO;NÃO INFORMADO;ITAJAÍ;Não;Brasil;NÃO INFORMADO;SUL;1;SC;0;0;0;17;0;50;0;33;0;0;0;0;0;0;50;33;17;2025-04-29 16:22:43
2024;NÃO INFORMADO;CASADO;21 a 24 anos                  ;FEMININO;SUPERIOR COMPLETO;NÃO INFORMADO;NÃO INFORMADO;ITAJAÍ;Não;Brasil;NÃO INFORMADO;SUL;1;SC;0;0;0;0;0;3;0;3;0;0;0;0;0;0;3;3;0;2025-04-29 16:22:43
2024;NÃO INFORMADO;CASADO;21 a 24 anos                  ;FEMININO;SUPERIOR INCOMPLETO;NÃO INFORMADO;NÃO INFORMADO;ITAJAÍ;Não;Brasil;NÃO INFORMADO;SUL;1;SC;0;0;0;3;0;16;0;13;0;0;0;0;0;0;16;13;3;2025-04-29 16:22:43
2024;NÃO INFORMADO;CASADO;21 a 24 anos                  ;MASCULINO;ENSINO FUNDAMENTAL COMPLETO;NÃO INFORMADO;NÃO INFORMADO;ITAJAÍ;Não;Brasil;NÃO INFORMADO;SUL;1;SC;0;0;0;2;0;6;0;4;0;0;0;0;0;0;6;4;2;2025-04-29 16:22:43
2024;NÃO INFORMADO;CASADO;21 a 24 anos                  ;MASCULINO;ENSINO FUNDAMENTAL INCOMPLETO;NÃO INFORMADO;NÃO INFORMADO;ITAJAÍ;Não;Brasil;NÃO INFORMADO;SUL;1;SC;0;0;0;1;0;2;0;1;0;0;0;0;0;0;2;1;1;2025-04-29 16:22:43
2024;NÃO INFORMADO;CASADO;21 a 24 anos                  ;MASCULINO;ENSINO MÉDIO COMPLETO;NÃO INFORMADO;NÃO INFORMADO;ITAJAÍ;Não;Brasil;NÃO INFORMADO;SUL;1;SC;0;0;0;4;0;13;0;9;0;0;0;0;0;0;13;9;4;2025-04-29 16:22:43
2024;NÃO INFORMADO;CASADO;21 a 24 anos                  ;MASCULINO;ENSINO MÉDIO INCOMPLETO;NÃO INFORMADO;NÃO INFORMADO;ITAJAÍ;Não;Brasil;NÃO INFORMADO;SUL;1;SC;0;0;0;5;0;10;0;5;0;0;0;0;0;0;10;5;5;2025-04-29 16:22:43
2024;NÃO INFORMADO;CASADO;21 a 24 anos                  ;MASCULINO;SUPERIOR INCOMPLETO;NÃO INFORMADO;NÃO INFORMADO;ITAJAÍ;Não;Brasil;NÃO INFORMADO;SUL;1;SC;0;0;0;1;0;2;0;1;0;0;0;0;0;0;2;1;1;2025-04-29 16:22:43
2024;NÃO INFORMADO;CASADO;25 a 29 anos                  ;FEMININO;ENSINO FUNDAMENTAL COMPLETO;NÃO INFORMADO;NÃO INFORMADO;ITAJAÍ;Não;Brasil;NÃO INFORMADO;SUL;1;SC;0;0;0;22;0;74;0;52;0;0;0;0;0;0;74;52;22;2025-04-29 16:22:43
2024;NÃO INFORMADO;CASADO;25 a 29 anos                  ;FEMININO;ENSINO FUNDAMENTAL INCOMPLETO;NÃO INFORMADO;NÃO INFORMADO;ITAJAÍ;Não;Brasil;NÃO INFORMADO;SUL;1;SC;0;0;0;19;0;45;0;26;0;0;0;0;0;0;45;26;19;2025-04-29 16:22:43
2024;NÃO INFORMADO;CASADO;25 a 29 anos                  ;FEMININO;ENSINO MÉDIO COMPLETO;NÃO INFORMADO;NÃO INFORMADO;ITAJAÍ;Não;Brasil;NÃO INFORMADO;SUL;1;SC;0;0;0;151;0;494;0;343;0;2;2;0;0;0;494;343;151;2025-04-29 16:22:43
2024;NÃO INFORMADO;CASADO;25 a 29 anos                  ;FEMININO;ENSINO MÉDIO COMPLETO;NÃO INFORMADO;NÃO INFORMADO;ITAJAÍ;Sim;Brasil;NÃO INFORMADO;SUL;1;SC;0;0;0;0;0;1;0;1;0;0;0;0;0;1;1;1;0;2025-04-29 16:22:43
2024;NÃO INFORMADO;CASADO;25 a 29 anos                  ;FEMININO;ENSINO MÉDIO INCOMPLETO;NÃO INFORMADO;NÃO INFORMADO;ITAJAÍ;Não;Brasil;NÃO INFORMADO;SUL;1;SC;0;0;0;53;0;187;0;134;0;1;1;0;0;0;187;134;53;2025-04-29 16:22:43
2024;NÃO INFORMADO;CASADO;25 a 29 anos                  ;FEMININO;LÊ E ESCREVE;NÃO INFORMADO;NÃO INFORMADO;ITAJAÍ;Não;Brasil;NÃO INFORMADO;SUL;1;SC;0;0;0;1;0;2;0;1;0;0;0;0;0;0;2;1;1;2025-04-29 16:22:43
2024;NÃO INFORMADO;CASADO;25 a 29 anos                  ;FEMININO;SUPERIOR COMPLETO;NÃO INFORMADO;NÃO INFORMADO;ITAJAÍ;Não;Brasil;NÃO INFORMADO;SUL;1;SC;0;0;0;30;0;116;0;86;0;0;0;0;0;0;116;86;30;2025-04-29 16:22:43
2024;NÃO INFORMADO;CASADO;25 a 29 anos                  ;FEMININO;SUPERIOR INCOMPLETO;NÃO INFORMADO;NÃO INFORMADO;ITAJAÍ;Não;Brasil;NÃO INFORMADO;SUL;1;SC;0;1;0;47;0;226;0;179;0;1;1;0;0;0;226;179;47;2025-04-29 16:22:43
2024;NÃO INFORMADO;CASADO;25 a 29 anos                  ;MASCULINO;ENSINO FUNDAMENTAL COMPLETO;NÃO INFORMADO;NÃO INFORMADO;ITAJAÍ;Não;Brasil;NÃO INFORMADO;SUL;1;SC;0;0;0;16;0;56;0;40;0;0;0;0;0;0;56;40;16;2025-04-29 16:22:43
2024;NÃO INFORMADO;CASADO;25 a 29 anos                  ;MASCULINO;ENSINO FUNDAMENTAL INCOMPLETO;NÃO INFORMADO;NÃO INFORMADO;ITAJAÍ;Não;Brasil;NÃO INFORMADO;SUL;1;SC;0;0;0;17;0;32;0;15;0;0;0;0;0;0;32;15;17;2025-04-29 16:22:43
2024;NÃO INFORMADO;CASADO;25 a 29 anos                  ;MASCULINO;ENSINO MÉDIO COMPLETO;NÃO INFORMADO;NÃO INFORMADO;ITAJAÍ;Não;Brasil;NÃO INFORMADO;SUL;1;SC;1;0;0;63;0;219;0;156;0;2;1;0;1;0;219;156;63;2025-04-29 16:22:43
2024;NÃO INFORMADO;CASADO;25 a 29 anos                  ;MASCULINO;ENSINO MÉDIO INCOMPLETO;NÃO INFORMADO;NÃO INFORMADO;ITAJAÍ;Não;Brasil;NÃO INFORMADO;SUL;1;SC;0;0;0;36;0;110;0;74;0;0;0;0;0;0;110;74;36;2025-04-29 16:22:43
2024;NÃO INFORMADO;CASADO;25 a 29 anos                  ;MASCULINO;SUPERIOR COMPLETO;NÃO INFORMADO;NÃO INFORMADO;ITAJAÍ;Não;Brasil;NÃO INFORMADO;SUL;1;SC;0;0;0;6;0;26;0;20;0;0;0;0;0;0;26;20;6;2025-04-29 16:22:43
2024;NÃO INFORMADO;CASADO;25 a 29 anos                  ;MASCULINO;SUPERIOR INCOMPLETO;NÃO INFORMADO;NÃO INFORMADO;ITAJAÍ;Não;Brasil;NÃO INFORMADO;SUL;1;SC;0;0;0;18;0;64;0;46;0;0;0;0;0;0;64;46;18;2025-04-29 16:22:43
2024;NÃO INFORMADO;CASADO;30 a 34 anos                  ;FEMININO;ENSINO FUNDAMENTAL COMPLETO;NÃO INFORMADO;NÃO INFORMADO;ITAJAÍ;Não;Brasil;NÃO INFORMADO;SUL;1;SC;0;0;0;30;0;136;0;106;0;0;0;0;0;0;136;106;30;2025-04-29 16:22:43
2024;NÃO INFORMADO;CASADO;30 a 34 anos                  ;FEMININO;ENSINO FUNDAMENTAL INCOMPLETO;NÃO INFORMADO;NÃO INFORMADO;ITAJAÍ;Não;Brasil;NÃO INFORMADO;SUL;1;SC;0;0;0;28;0;81;0;53;0;0;0;0;0;0;81;53;28;2025-04-29 16:22:43
2024;NÃO INFORMADO;CASADO;30 a 34 anos                  ;FEMININO;ENSINO MÉDIO COMPLETO;NÃO INFORMADO;NÃO INFORMADO;ITAJAÍ;Não;Brasil;NÃO INFORMADO;SUL;1;SC;1;0;0;203;0;989;0;786;0;4;3;0;1;0;989;786;203;2025-04-29 16:22:43
2024;NÃO INFORMADO;CASADO;30 a 34 anos                  ;FEMININO;ENSINO MÉDIO INCOMPLETO;NÃO INFORMADO;NÃO INFORMADO;ITAJAÍ;Não;Brasil;NÃO INFORMADO;SUL;1;SC;0;0;0;70;0;242;0;172;0;0;0;0;0;0;242;172;70;2025-04-29 16:22:43
2024;NÃO INFORMADO;CASADO;30 a 34 anos                  ;FEMININO;LÊ E ESCREVE;NÃO INFORMADO;NÃO INFORMADO;ITAJAÍ;Não;Brasil;NÃO INFORMADO;SUL;1;SC;0;0;0;0;0;1;0;1;0;0;0;0;0;0;1;1;0;2025-04-29 16:22:43
2024;NÃO INFORMADO;CASADO;30 a 34 anos                  ;FEMININO;SUPERIOR COMPLETO;NÃO INFORMADO;NÃO INFORMADO;ITAJAÍ;Não;Brasil;NÃO INFORMADO;SUL;1;SC;0;1;0;107;0;698;0;591;0;1;1;0;0;0;698;591;107;2025-04-29 16:22:43
2024;NÃO INFORMADO;CASADO;30 a 34 anos                  ;FEMININO;SUPERIOR INCOMPLETO;NÃO INFORMADO;NÃO INFORMADO;ITAJAÍ;Não;Brasil;NÃO INFORMADO;SUL;1;SC;0;0;0;86;0;437;0;351;0;1;1;0;0;0;437;351;86;2025-04-29 16:22:43
2024;NÃO INFORMADO;CASADO;30 a 34 anos                  ;MASCULINO;ANALFABETO;NÃO INFORMADO;NÃO INFORMADO;ITAJAÍ;Não;Brasil;NÃO INFORMADO;SUL;1;SC;0;0;0;0;1;0;0;0;0;0;0;0;0;0;1;0;1;2025-04-29 16:22:43
2024;NÃO INFORMADO;CASADO;30 a 34 anos                  ;MASCULINO;ENSINO FUNDAMENTAL COMPLETO;NÃO INFORMADO;NÃO INFORMADO;ITAJAÍ;Não;Brasil;NÃO INFORMADO;SUL;1;SC;0;0;0;36;0;133;0;97;0;1;1;0;0;0;133;97;36;2025-04-29 16:22:43
2024;NÃO INFORMADO;CASADO;30 a 34 anos                  ;MASCULINO;ENSINO FUNDAMENTAL INCOMPLETO;NÃO INFORMADO;NÃO INFORMADO;ITAJAÍ;Não;Brasil;NÃO INFORMADO;SUL;1;SC;0;0;0;31;0;86;0;55;0;0;0;0;0;0;86;55;31;2025-04-29 16:22:43
2024;NÃO INFORMADO;CASADO;30 a 34 anos                  ;MASCULINO;ENSINO MÉDIO COMPLETO;NÃO INFORMADO;NÃO INFORMADO;ITAJAÍ;Não;Brasil;NÃO INFORMADO;SUL;1;SC;2;0;0;156;0;678;0;522;0;3;1;0;2;0;678;522;156;2025-04-29 16:22:43
2024;NÃO INFORMADO;CASADO;30 a 34 anos                  ;MASCULINO;ENSINO MÉDIO INCOMPLETO;NÃO INFORMADO;NÃO INFORMADO;ITAJAÍ;Não;Brasil;NÃO INFORMADO;SUL;1;SC;0;0;0;57;0;208;0;151;0;0;0;0;0;0;208;151;57;2025-04-29 16:22:43
2024;NÃO INFORMADO;CASADO;30 a 34 anos                  ;MASCULINO;LÊ E ESCREVE;NÃO INFORMADO;NÃO INFORMADO;ITAJAÍ;Não;Brasil;NÃO INFORMADO;SUL;1;SC;0;0;0;1;0;1;0;0;0;0;0;0;0;0;1;0;1;2025-04-29 16:22:43
2024;NÃO INFORMADO;CASADO;30 a 34 anos                  ;MASCULINO;SUPERIOR COMPLETO;NÃO INFORMADO;NÃO INFORMADO;ITAJAÍ;Não;Brasil;NÃO INFORMADO;SUL;1;SC;0;0;0;57;0;288;0;231;0;0;0;0;0;0;288;231;57;2025-04-29 16:22:43
2024;NÃO INFORMADO;CASADO;30 a 34 anos                  ;MASCULINO;SUPERIOR INCOMPLETO;NÃO INFORMADO;NÃO INFORMADO;ITAJAÍ;Não;Brasil;NÃO INFORMADO;SUL;1;SC;0;0;0;53;0;236;0;183;0;1;1;0;0;0;236;183;53;2025-04-29 16:22:43
2024;NÃO INFORMADO;CASADO;35 a 39 anos                  ;FEMININO;ANALFABETO;NÃO INFORMADO;NÃO INFORMADO;ITAJAÍ;Não;Brasil;NÃO INFORMADO;SUL;1;SC;0;0;0;0;1;0;1;0;0;0;0;0;0;0;1;1;0;2025-04-29 16:22:43
2024;NÃO INFORMADO;CASADO;35 a 39 anos                  ;FEMININO;ANALFABETO;NÃO INFORMADO;NÃO INFORMADO;ITAJAÍ;Sim;Brasil;NÃO INFORMADO;SUL;1;SC;0;0;0;0;1;0;0;0;0;0;0;0;0;1;1;0;1;2025-04-29 16:22:43
2024;NÃO INFORMADO;CASADO;35 a 39 anos                  ;FEMININO;ENSINO FUNDAMENTAL COMPLETO;NÃO INFORMADO;NÃO INFORMADO;ITAJAÍ;Não;Brasil;NÃO INFORMADO;SUL;1;SC;0;0;0;36;0;174;0;138;0;1;1;0;0;0;174;138;36;2025-04-29 16:22:43
2024;NÃO INFORMADO;CASADO;35 a 39 anos                  ;FEMININO;ENSINO FUNDAMENTAL INCOMPLETO;NÃO INFORMADO;NÃO INFORMADO;ITAJAÍ;Não;Brasil;NÃO INFORMADO;SUL;1;SC;0;0;0;29;0;155;0;126;0;0;0;0;0;0;155;126;29;2025-04-29 16:22:43
2024;NÃO INFORMADO;CASADO;35 a 39 anos                  ;FEMININO;ENSINO MÉDIO COMPLETO;NÃO INFORMADO;NÃO INFORMADO;ITAJAÍ;Não;Brasil;NÃO INFORMADO;SUL;1;SC;0;1;0;208;0;1284;0;1076;0;2;2;0;0;0;1284;1076;208;2025-04-29 16:22:43
2024;NÃO INFORMADO;CASADO;35 a 39 anos                  ;FEMININO;ENSINO MÉDIO INCOMPLETO;NÃO INFORMADO;NÃO INFORMADO;ITAJAÍ;Não;Brasil;NÃO INFORMADO;SUL;1;SC;0;0;0;49;0;260;0;211;0;0;0;0;0;0;260;211;49;2025-04-29 16:22:43
2024;NÃO INFORMADO;CASADO;35 a 39 anos                  ;FEMININO;LÊ E ESCREVE;NÃO INFORMADO;NÃO INFORMADO;ITAJAÍ;Não;Brasil;NÃO INFORMADO;SUL;1;SC;0;0;0;0;0;3;0;3;0;0;0;0;0;0;3;3;0;2025-04-29 16:22:43
2024;NÃO INFORMADO;CASADO;35 a 39 anos                  ;FEMININO;SUPERIOR COMPLETO;NÃO INFORMADO;NÃO INFORMADO;ITAJAÍ;Não;Brasil;NÃO INFORMADO;SUL;1;SC;0;2;0;218;0;1456;0;1238;0;3;3;0;0;0;1456;1238;218;2025-04-29 16:22:43
2024;NÃO INFORMADO;CASADO;35 a 39 anos                  ;FEMININO;SUPERIOR INCOMPLETO;NÃO INFORMADO;NÃO INFORMADO;ITAJAÍ;Não;Brasil;NÃO INFORMADO;SUL;1;SC;0;1;0;79;0;514;0;435;0;2;2;0;0;0;514;435;79;2025-04-29 16:22:43
2024;NÃO INFORMADO;CASADO;35 a 39 anos                  ;MASCULINO;ANALFABETO;NÃO INFORMADO;NÃO INFORMADO;ITAJAÍ;Não;Brasil;NÃO INFORMADO;SUL;1;SC;0;0;0;0;3;0;3;0;0;0;0;0;0;0;3;3;0;2025-04-29 16:22:43
2024;NÃO INFORMADO;CASADO;35 a 39 anos                  ;MASCULINO;ENSINO FUNDAMENTAL COMPLETO;NÃO INFORMADO;NÃO INFORMADO;ITAJAÍ;Não;Brasil;NÃO INFORMADO;SUL;1;SC;0;0;0;46;0;191;0;145;0;0;0;0;0;0;191;145;46;2025-04-29 16:22:43
2024;NÃO INFORMADO;CASADO;35 a 39 anos                  ;MASCULINO;ENSINO FUNDAMENTAL INCOMPLETO;NÃO INFORMADO;NÃO INFORMADO;ITAJAÍ;Não;Brasil;NÃO INFORMADO;SUL;1;SC;0;0;0;57;0;177;0;120;0;0;0;0;0;0;177;120;57;2025-04-29 16:22:43
2024;NÃO INFORMADO;CASADO;35 a 39 anos                  ;MASCULINO;ENSINO MÉDIO COMPLETO;NÃO INFORMADO;NÃO INFORMADO;ITAJAÍ;Não;Brasil;NÃO INFORMADO;SUL;1;SC;0;0;0;189;0;1129;0;940;0;1;1;0;0;0;1129;940;189;2025-04-29 16:22:43
2024;NÃO INFORMADO;CASADO;35 a 39 anos                  ;MASCULINO;ENSINO MÉDIO INCOMPLETO;NÃO INFORMADO;NÃO INFORMADO;ITAJAÍ;Não;Brasil;NÃO INFORMADO;SUL;1;SC;0;0;0;69;0;331;0;262;0;0;0;0;0;0;331;262;69;2025-04-29 16:22:43
2024;NÃO INFORMADO;CASADO;35 a 39 anos                  ;MASCULINO;LÊ E ESCREVE;NÃO INFORMADO;NÃO INFORMADO;ITAJAÍ;Não;Brasil;NÃO INFORMADO;SUL;1;SC;0;0;0;1;0;3;0;2;0;0;0;0;0;0;3;2;1;2025-04-29 16:22:43
2024;NÃO INFORMADO;CASADO;35 a 39 anos                  ;MASCULINO;SUPERIOR COMPLETO;NÃO INFORMADO;NÃO INFORMADO;ITAJAÍ;Não;Brasil;NÃO INFORMADO;SUL;1;SC;1;0;0;146;0;853;0;707;0;2;1;0;1;0;853;707;146;2025-04-29 16:22:43
2024;NÃO INFORMADO;CASADO;35 a 39 anos                  ;MASCULINO;SUPERIOR INCOMPLETO;NÃO INFORMADO;NÃO INFORMADO;ITAJAÍ;Não;Brasil;NÃO INFORMADO;SUL;1;SC;0;0;0;87;0;441;0;354;0;2;2;0;0;0;441;354;87;2025-04-29 16:22:43
2024;NÃO INFORMADO;CASADO;40 a 44 anos                  ;FEMININO;ANALFABETO;NÃO INFORMADO;NÃO INFORMADO;ITAJAÍ;Não;Brasil;NÃO INFORMADO;SUL;1;SC;0;0;0;0;2;0;2;0;0;0;0;0;0;0;2;2;0;2025-04-29 16:22:43
2024;NÃO INFORMADO;CASADO;40 a 44 anos                  ;FEMININO;ENSINO FUNDAMENTAL COMPLETO;NÃO INFORMADO;NÃO INFORMADO;ITAJAÍ;Não;Brasil;NÃO INFORMADO;SUL;1;SC;0;0;0;43;0;237;0;194;0;0;0;0;0;0;237;194;43;2025-04-29 16:22:43
2024;NÃO INFORMADO;CASADO;40 a 44 anos                  ;FEMININO;ENSINO FUNDAMENTAL INCOMPLETO;NÃO INFORMADO;NÃO INFORMADO;ITAJAÍ;Não;Brasil;NÃO INFORMADO;SUL;1;SC;0;0;0;55;0;347;0;292;0;0;0;0;0;0;347;292;55;2025-04-29 16:22:43
2024;NÃO INFORMADO;CASADO;40 a 44 anos                  ;FEMININO;ENSINO MÉDIO COMPLETO;NÃO INFORMADO;NÃO INFORMADO;ITAJAÍ;Não;Brasil;NÃO INFORMADO;SUL;1;SC;0;0;0;182;0;1420;0;1238;0;0;0;0;0;0;1420;1238;182;2025-04-29 16:22:43
2024;NÃO INFORMADO;CASADO;40 a 44 anos                  ;FEMININO;ENSINO MÉDIO INCOMPLETO;NÃO INFORMADO;NÃO INFORMADO;ITAJAÍ;Não;Brasil;NÃO INFORMADO;SUL;1;SC;0;0;0;40;0;300;0;260;0;0;0;0;0;0;300;260;40;2025-04-29 16:22:43
2024;NÃO INFORMADO;CASADO;40 a 44 anos                  ;FEMININO;LÊ E ESCREVE;NÃO INFORMADO;NÃO INFORMADO;ITAJAÍ;Não;Brasil;NÃO INFORMADO;SUL;1;SC;0;0;0;0;0;17;0;17;0;0;0;0;0;0;17;17;0;2025-04-29 16:22:43
2024;NÃO INFORMADO;CASADO;40 a 44 anos                  ;FEMININO;SUPERIOR COMPLETO;NÃO INFORMADO;NÃO INFORMADO;ITAJAÍ;Não;Brasil;NÃO INFORMADO;SUL;1;SC;0;3;0;226;0;1683;0;1457;0;4;4;0;0;0;1683;1457;226;2025-04-29 16:22:43
2024;NÃO INFORMADO;CASADO;40 a 44 anos                  ;FEMININO;SUPERIOR INCOMPLETO;NÃO INFORMADO;NÃO INFORMADO;ITAJAÍ;Não;Brasil;NÃO INFORMADO;SUL;1;SC;0;0;0;66;0;473;0;407;0;1;1;0;0;0;473;407;66;2025-04-29 16:22:43
2024;NÃO INFORMADO;CASADO;40 a 44 anos                  ;MASCULINO;ANALFABETO;NÃO INFORMADO;NÃO INFORMADO;ITAJAÍ;Não;Brasil;NÃO INFORMADO;SUL;1;SC;0;0;0;0;10;0;7;0;1;0;1;0;0;0;10;7;3;2025-04-29 16:22:43
2024;NÃO INFORMADO;CASADO;40 a 44 anos                  ;MASCULINO;ENSINO FUNDAMENTAL COMPLETO;NÃO INFORMADO;NÃO INFORMADO;ITAJAÍ;Não;Brasil;NÃO INFORMADO;SUL;1;SC;1;0;0;46;0;278;0;232;0;2;1;0;1;0;278;232;46;2025-04-29 16:22:43
2024;NÃO INFORMADO;CASADO;40 a 44 anos                  ;MASCULINO;ENSINO FUNDAMENTAL INCOMPLETO;NÃO INFORMADO;NÃO INFORMADO;ITAJAÍ;Não;Brasil;NÃO INFORMADO;SUL;1;SC;0;0;0;75;0;343;0;268;0;2;2;0;0;0;343;268;75;2025-04-29 16:22:43
2024;NÃO INFORMADO;CASADO;40 a 44 anos                  ;MASCULINO;ENSINO MÉDIO COMPLETO;NÃO INFORMADO;NÃO INFORMADO;ITAJAÍ;Não;Brasil;NÃO INFORMADO;SUL;1;SC;1;1;0;233;0;1478;0;1245;0;3;2;0;1;0;1478;1245;233;2025-04-29 16:22:43
2024;NÃO INFORMADO;CASADO;40 a 44 anos                  ;MASCULINO;ENSINO MÉDIO INCOMPLETO;NÃO INFORMADO;NÃO INFORMADO;ITAJAÍ;Não;Brasil;NÃO INFORMADO;SUL;1;SC;1;0;0;53;0;347;0;294;0;2;1;0;1;0;347;294;53;2025-04-29 16:22:43
2024;NÃO INFORMADO;CASADO;40 a 44 anos                  ;MASCULINO;LÊ E ESCREVE;NÃO INFORMADO;NÃO INFORMADO;ITAJAÍ;Não;Brasil;NÃO INFORMADO;SUL;1;SC;0;0;0;2;0;12;0;10;0;0;0;0;0;0;12;10;2;2025-04-29 16:22:43
2024;NÃO INFORMADO;CASADO;40 a 44 anos                  ;MASCULINO;SUPERIOR COMPLETO;NÃO INFORMADO;NÃO INFORMADO;ITAJAÍ;Não;Brasil;NÃO INFORMADO;SUL;1;SC;0;1;0;207;0;1289;0;1082;0;2;2;0;0;0;1289;1082;207;2025-04-29 16:22:43
2024;NÃO INFORMADO;CASADO;40 a 44 anos                  ;MASCULINO;SUPERIOR INCOMPLETO;NÃO INFORMADO;NÃO INFORMADO;ITAJAÍ;Não;Brasil;NÃO INFORMADO;SUL;1;SC;0;0;0;58;0;442;0;384;0;1;1;0;0;0;442;384;58;2025-04-29 16:22:43
2024;NÃO INFORMADO;CASADO;45 a 49 anos                  ;FEMININO;ANALFABETO;NÃO INFORMADO;NÃO INFORMADO;ITAJAÍ;Não;Brasil;NÃO INFORMADO;SUL;1;SC;0;0;0;0;13;0;10;0;1;0;1;0;0;0;13;10;3;2025-04-29 16:22:43
2024;NÃO INFORMADO;CASADO;45 a 49 anos                  ;FEMININO;ENSINO FUNDAMENTAL COMPLETO;NÃO INFORMADO;NÃO INFORMADO;ITAJAÍ;Não;Brasil;NÃO INFORMADO;SUL;1;SC;1;0;0;39;0;295;0;256;0;3;2;0;1;0;295;256;39;2025-04-29 16:22:43
2024;NÃO INFORMADO;CASADO;45 a 49 anos                  ;FEMININO;ENSINO FUNDAMENTAL INCOMPLETO;NÃO INFORMADO;NÃO INFORMADO;ITAJAÍ;Não;Brasil;NÃO INFORMADO;SUL;1;SC;0;0;0;70;0;513;0;443;0;1;1;0;0;0;513;443;70;2025-04-29 16:22:43
2024;NÃO INFORMADO;CASADO;45 a 49 anos                  ;FEMININO;ENSINO MÉDIO COMPLETO;NÃO INFORMADO;NÃO INFORMADO;ITAJAÍ;Não;Brasil;NÃO INFORMADO;SUL;1;SC;0;0;0;159;0;1148;0;989;0;3;3;0;0;0;1148;989;159;2025-04-29 16:22:43
2024;NÃO INFORMADO;CASADO;45 a 49 anos                  ;FEMININO;ENSINO MÉDIO INCOMPLETO;NÃO INFORMADO;NÃO INFORMADO;ITAJAÍ;Não;Brasil;NÃO INFORMADO;SUL;1;SC;0;0;0;24;0;243;0;219;0;0;0;0;0;0;243;219;24;2025-04-29 16:22:43
2024;NÃO INFORMADO;CASADO;45 a 49 anos                  ;FEMININO;LÊ E ESCREVE;NÃO INFORMADO;NÃO INFORMADO;ITAJAÍ;Não;Brasil;NÃO INFORMADO;SUL;1;SC;0;0;0;3;0;25;0;22;0;0;0;0;0;0;25;22;3;2025-04-29 16:22:43
2024;NÃO INFORMADO;CASADO;45 a 49 anos                  ;FEMININO;SUPERIOR COMPLETO;NÃO INFORMADO;NÃO INFORMADO;ITAJAÍ;Não;Brasil;NÃO INFORMADO;SUL;1;SC;1;10;0;140;0;1284;0;1144;0;4;3;0;1;0;1284;1144;140;2025-04-29 16:22:43
2024;NÃO INFORMADO;CASADO;45 a 49 anos                  ;FEMININO;SUPERIOR INCOMPLETO;NÃO INFORMADO;NÃO INFORMADO;ITAJAÍ;Não;Brasil;NÃO INFORMADO;SUL;1;SC;0;0;0;41;0;363;0;322;0;0;0;0;0;0;363;322;41;2025-04-29 16:22:43
2024;NÃO INFORMADO;CASADO;45 a 49 anos                  ;MASCULINO;ANALFABETO;NÃO INFORMADO;NÃO INFORMADO;ITAJAÍ;Não;Brasil;NÃO INFORMADO;SUL;1;SC;0;0;0;0;9;0;6;0;0;0;0;0;0;0;9;6;3;2025-04-29 16:22:43
2024;NÃO INFORMADO;CASADO;45 a 49 anos                  ;MASCULINO;ENSINO FUNDAMENTAL COMPLETO;NÃO INFORMADO;NÃO INFORMADO;ITAJAÍ;Não;Brasil;NÃO INFORMADO;SUL;1;SC;0;0;0;56;0;392;0;336;0;1;1;0;0;0;392;336;56;2025-04-29 16:22:43
2024;NÃO INFORMADO;CASADO;45 a 49 anos                  ;MASCULINO;ENSINO FUNDAMENTAL INCOMPLETO;NÃO INFORMADO;NÃO INFORMADO;ITAJAÍ;Não;Brasil;NÃO INFORMADO;SUL;1;SC;3;0;0;107;0;605;0;498;0;5;2;0;3;0;605;498;107;2025-04-29 16:22:43
2024;NÃO INFORMADO;CASADO;45 a 49 anos                  ;MASCULINO;ENSINO MÉDIO COMPLETO;NÃO INFORMADO;NÃO INFORMADO;ITAJAÍ;Não;Brasil;NÃO INFORMADO;SUL;1;SC;1;1;0;171;0;1199;0;1028;0;2;1;0;1;0;1199;1028;171;2025-04-29 16:22:43
2024;NÃO INFORMADO;CASADO;45 a 49 anos                  ;MASCULINO;ENSINO MÉDIO INCOMPLETO;NÃO INFORMADO;NÃO INFORMADO;ITAJAÍ;Não;Brasil;NÃO INFORMADO;SUL;1;SC;0;1;0;44;0;284;0;240;0;1;1;0;0;0;284;240;44;2025-04-29 16:22:43
2024;NÃO INFORMADO;CASADO;45 a 49 anos                  ;MASCULINO;LÊ E ESCREVE;NÃO INFORMADO;NÃO INFORMADO;ITAJAÍ;Não;Brasil;NÃO INFORMADO;SUL;1;SC;0;0;0;4;0;22;0;18;0;0;0;0;0;0;22;18;4;2025-04-29 16:22:43
2024;NÃO INFORMADO;CASADO;45 a 49 anos                  ;MASCULINO;SUPERIOR COMPLETO;NÃO INFORMADO;NÃO INFORMADO;ITAJAÍ;Não;Brasil;NÃO INFORMADO;SUL;1;SC;0;0;0;149;0;1061;0;912;0;3;3;0;0;0;1061;912;149;2025-04-29 16:22:43
2024;NÃO INFORMADO;CASADO;45 a 49 anos                  ;MASCULINO;SUPERIOR INCOMPLETO;NÃO INFORMADO;NÃO INFORMADO;ITAJAÍ;Não;Brasil;NÃO INFORMADO;SUL;1;SC;1;1;0;50;0;326;0;276;0;2;1;0;1;0;326;276;50;2025-04-29 16:22:43
2024;NÃO INFORMADO;CASADO;50 a 54 anos                  ;FEMININO;ANALFABETO;NÃO INFORMADO;NÃO INFORMADO;ITAJAÍ;Não;Brasil;NÃO INFORMADO;SUL;1;SC;0;0;0;0;19;0;16;0;1;0;1;0;0;0;19;16;3;2025-04-29 16:22:43
2024;NÃO INFORMADO;CASADO;50 a 54 anos                  ;FEMININO;ENSINO FUNDAMENTAL COMPLETO;NÃO INFORMADO;NÃO INFORMADO;ITAJAÍ;Não;Brasil;NÃO INFORMADO;SUL;1;SC;0;0;0;47;0;398;0;351;0;2;2;0;0;0;398;351;47;2025-04-29 16:22:43
2024;NÃO INFORMADO;CASADO;50 a 54 anos                  ;FEMININO;ENSINO FUNDAMENTAL INCOMPLETO;NÃO INFORMADO;NÃO INFORMADO;ITAJAÍ;Não;Brasil;NÃO INFORMADO;SUL;1;SC;0;0;0;82;0;727;0;645;0;1;1;0;0;0;727;645;82;2025-04-29 16:22:43
2024;NÃO INFORMADO;CASADO;50 a 54 anos                  ;FEMININO;ENSINO MÉDIO COMPLETO;NÃO INFORMADO;NÃO INFORMADO;ITAJAÍ;Não;Brasil;NÃO INFORMADO;SUL;1;SC;1;0;0;104;0;975;0;871;0;2;1;0;1;0;975;871;104;2025-04-29 16:22:43
2024;NÃO INFORMADO;CASADO;50 a 54 anos                  ;FEMININO;ENSINO MÉDIO INCOMPLETO;NÃO INFORMADO;NÃO INFORMADO;ITAJAÍ;Não;Brasil;NÃO INFORMADO;SUL;1;SC;0;0;0;42;0;215;0;173;0;1;1;0;0;0;215;173;42;2025-04-29 16:22:43
2024;NÃO INFORMADO;CASADO;50 a 54 anos                  ;FEMININO;LÊ E ESCREVE;NÃO INFORMADO;NÃO INFORMADO;ITAJAÍ;Não;Brasil;NÃO INFORMADO;SUL;1;SC;0;0;0;8;0;50;0;42;0;0;0;0;0;0;50;42;8;2025-04-29 16:22:43
2024;NÃO INFORMADO;CASADO;50 a 54 anos                  ;FEMININO;SUPERIOR COMPLETO;NÃO INFORMADO;NÃO INFORMADO;ITAJAÍ;Não;Brasil;NÃO INFORMADO;SUL;1;SC;1;2;0;93;0;878;0;785;0;4;3;0;1;0;878;785;93;2025-04-29 16:22:43
2024;NÃO INFORMADO;CASADO;50 a 54 anos                  ;FEMININO;SUPERIOR INCOMPLETO;NÃO INFORMADO;NÃO INFORMADO;ITAJAÍ;Não;Brasil;NÃO INFORMADO;SUL;1;SC;0;0;0;36;0;220;0;184;0;0;0;0;0;0;220;184;36;2025-04-29 16:22:43
2024;NÃO INFORMADO;CASADO;50 a 54 anos                  ;MASCULINO;ANALFABETO;NÃO INFORMADO;NÃO INFORMADO;ITAJAÍ;Não;Brasil;NÃO INFORMADO;SUL;1;SC;0;0;0;0;12;0;9;0;0;0;0;0;0;0;12;9;3;2025-04-29 16:22:43
2024;NÃO INFORMADO;CASADO;50 a 54 anos                  ;MASCULINO;ENSINO FUNDAMENTAL COMPLETO;NÃO INFORMADO;NÃO INFORMADO;ITAJAÍ;Não;Brasil;NÃO INFORMADO;SUL;1;SC;2;0;0;57;0;405;0;348;0;4;2;0;2;0;405;348;57;2025-04-29 16:22:43
2024;NÃO INFORMADO;CASADO;50 a 54 anos                  ;MASCULINO;ENSINO FUNDAMENTAL INCOMPLETO;NÃO INFORMADO;NÃO INFORMADO;ITAJAÍ;Não;Brasil;NÃO INFORMADO;SUL;1;SC;4;0;0;97;0;681;0;584;0;4;0;0;4;0;681;584;97;2025-04-29 16:22:43
2024;NÃO INFORMADO;CASADO;50 a 54 anos                  ;MASCULINO;ENSINO MÉDIO COMPLETO;NÃO INFORMADO;NÃO INFORMADO;ITAJAÍ;Não;Brasil;NÃO INFORMADO;SUL;1;SC;1;1;0;125;0;1001;0;876;0;4;3;0;1;0;1001;876;125;2025-04-29 16:22:43
2024;NÃO INFORMADO;CASADO;50 a 54 anos                  ;MASCULINO;ENSINO MÉDIO INCOMPLETO;NÃO INFORMADO;NÃO INFORMADO;ITAJAÍ;Não;Brasil;NÃO INFORMADO;SUL;1;SC;0;0;0;36;0;234;0;198;0;2;2;0;0;0;234;198;36;2025-04-29 16:22:43
2024;NÃO INFORMADO;CASADO;50 a 54 anos                  ;MASCULINO;LÊ E ESCREVE;NÃO INFORMADO;NÃO INFORMADO;ITAJAÍ;Não;Brasil;NÃO INFORMADO;SUL;1;SC;0;0;0;3;0;33;0;30;0;0;0;0;0;0;33;30;3;2025-04-29 16:22:43
2024;NÃO INFORMADO;CASADO;50 a 54 anos                  ;MASCULINO;SUPERIOR COMPLETO;NÃO INFORMADO;NÃO INFORMADO;ITAJAÍ;Não;Brasil;NÃO INFORMADO;SUL;1;SC;2;0;0;99;0;808;0;709;0;2;0;0;2;0;808;709;99;2025-04-29 16:22:43
2024;NÃO INFORMADO;CASADO;50 a 54 anos                  ;MASCULINO;SUPERIOR INCOMPLETO;NÃO INFORMADO;NÃO INFORMADO;ITAJAÍ;Não;Brasil;NÃO INFORMADO;SUL;1;SC;1;0;0;33;0;260;0;227;0;4;3;0;1;0;260;227;33;2025-04-29 16:22:43
2024;NÃO INFORMADO;CASADO;55 a 59 anos                  ;FEMININO;ANALFABETO;NÃO INFORMADO;NÃO INFORMADO;ITAJAÍ;Não;Brasil;NÃO INFORMADO;SUL;1;SC;0;0;0;0;21;0;18;0;1;0;1;0;0;0;21;18;3;2025-04-29 16:22:43
2024;NÃO INFORMADO;CASADO;55 a 59 anos                  ;FEMININO;ENSINO FUNDAMENTAL COMPLETO;NÃO INFORMADO;NÃO INFORMADO;ITAJAÍ;Não;Brasil;NÃO INFORMADO;SUL;1;SC;0;0;0;46;0;526;0;480;0;4;4;0;0;0;526;480;46;2025-04-29 16:22:43
2024;NÃO INFORMADO;CASADO;55 a 59 anos                  ;FEMININO;ENSINO FUNDAMENTAL INCOMPLETO;NÃO INFORMADO;NÃO INFORMADO;ITAJAÍ;Não;Brasil;NÃO INFORMADO;SUL;1;SC;0;0;0;84;0;822;0;738;0;1;1;0;0;0;822;738;84;2025-04-29 16:22:43
2024;NÃO INFORMADO;CASADO;55 a 59 anos                  ;FEMININO;ENSINO MÉDIO COMPLETO;NÃO INFORMADO;NÃO INFORMADO;ITAJAÍ;Não;Brasil;NÃO INFORMADO;SUL;1;SC;2;0;0;90;0;905;0;815;0;4;2;0;2;0;905;815;90;2025-04-29 16:22:43
2024;NÃO INFORMADO;CASADO;55 a 59 anos                  ;FEMININO;ENSINO MÉDIO INCOMPLETO;NÃO INFORMADO;NÃO INFORMADO;ITAJAÍ;Não;Brasil;NÃO INFORMADO;SUL;1;SC;1;0;0;21;0;197;0;176;0;3;2;0;1;0;197;176;21;2025-04-29 16:22:43
2024;NÃO INFORMADO;CASADO;55 a 59 anos                  ;FEMININO;LÊ E ESCREVE;NÃO INFORMADO;NÃO INFORMADO;ITAJAÍ;Não;Brasil;NÃO INFORMADO;SUL;1;SC;0;0;0;8;0;85;0;77;0;2;2;0;0;0;85;77;8;2025-04-29 16:22:43
2024;NÃO INFORMADO;CASADO;55 a 59 anos                  ;FEMININO;SUPERIOR COMPLETO;NÃO INFORMADO;NÃO INFORMADO;ITAJAÍ;Não;Brasil;NÃO INFORMADO;SUL;1;SC;1;0;0;66;0;681;0;615;0;3;2;0;1;0;681;615;66;2025-04-29 16:22:43
2024;NÃO INFORMADO;CASADO;55 a 59 anos                  ;FEMININO;SUPERIOR INCOMPLETO;NÃO INFORMADO;NÃO INFORMADO;ITAJAÍ;Não;Brasil;NÃO INFORMADO;SUL;1;SC;0;0;0;20;0;134;0;114;0;0;0;0;0;0;134;114;20;2025-04-29 16:22:43
2024;NÃO INFORMADO;CASADO;55 a 59 anos                  ;MASCULINO;ANALFABETO;NÃO INFORMADO;NÃO INFORMADO;ITAJAÍ;Não;Brasil;NÃO INFORMADO;SUL;1;SC;2;0;0;0;17;0;12;0;2;0;0;2;0;0;17;12;5;2025-04-29 16:22:43
2024;NÃO INFORMADO;CASADO;55 a 59 anos                  ;MASCULINO;ENSINO FUNDAMENTAL COMPLETO;NÃO INFORMADO;NÃO INFORMADO;ITAJAÍ;Não;Brasil;NÃO INFORMADO;SUL;1;SC;1;0;0;53;0;527;0;474;0;7;6;0;1;0;527;474;53;2025-04-29 16:22:43
2024;NÃO INFORMADO;CASADO;55 a 59 anos                  ;MASCULINO;ENSINO FUNDAMENTAL INCOMPLETO;NÃO INFORMADO;NÃO INFORMADO;ITAJAÍ;Não;Brasil;NÃO INFORMADO;SUL;1;SC;0;0;0;96;0;739;0;643;0;4;4;0;0;0;739;643;96;2025-04-29 16:22:43
2024;NÃO INFORMADO;CASADO;55 a 59 anos                  ;MASCULINO;ENSINO MÉDIO COMPLETO;NÃO INFORMADO;NÃO INFORMADO;ITAJAÍ;Não;Brasil;NÃO INFORMADO;SUL;1;SC;2;0;0;105;0;946;0;841;0;2;0;0;2;0;946;841;105;2025-04-29 16:22:43
2024;NÃO INFORMADO;CASADO;55 a 59 anos                  ;MASCULINO;ENSINO MÉDIO INCOMPLETO;NÃO INFORMADO;NÃO INFORMADO;ITAJAÍ;Não;Brasil;NÃO INFORMADO;SUL;1;SC;0;0;0;25;0;215;0;190;0;2;2;0;0;0;215;190;25;2025-04-29 16:22:43
2024;NÃO INFORMADO;CASADO;55 a 59 anos                  ;MASCULINO;LÊ E ESCREVE;NÃO INFORMADO;NÃO INFORMADO;ITAJAÍ;Não;Brasil;NÃO INFORMADO;SUL;1;SC;0;0;0;11;0;51;0;40;0;0;0;0;0;0;51;40;11;2025-04-29 16:22:43
2024;NÃO INFORMADO;CASADO;55 a 59 anos                  ;MASCULINO;SUPERIOR COMPLETO;NÃO INFORMADO;NÃO INFORMADO;ITAJAÍ;Não;Brasil;NÃO INFORMADO;SUL;1;SC;0;1;0;65;0;593;0;528;0;4;4;0;0;0;593;528;65;2025-04-29 16:22:43
2024;NÃO INFORMADO;CASADO;55 a 59 anos                  ;MASCULINO;SUPERIOR INCOMPLETO;NÃO INFORMADO;NÃO INFORMADO;ITAJAÍ;Não;Brasil;NÃO INFORMADO;SUL;1;SC;0;0;0;21;0;168;0;147;0;0;0;0;0;0;168;147;21;2025-04-29 16:22:43
2024;NÃO INFORMADO;CASADO;60 a 64 anos                  ;FEMININO;ANALFABETO;NÃO INFORMADO;NÃO INFORMADO;ITAJAÍ;Não;Brasil;NÃO INFORMADO;SUL;1;SC;3;0;0;0;36;0;23;0;3;0;0;3;0;0;36;23;13;2025-04-29 16:22:43
2024;NÃO INFORMADO;CASADO;60 a 64 anos                  ;FEMININO;ENSINO FUNDAMENTAL COMPLETO;NÃO INFORMADO;NÃO INFORMADO;ITAJAÍ;Não;Brasil;NÃO INFORMADO;SUL;1;SC;1;0;0;41;0;459;0;418;0;4;3;0;1;0;459;418;41;2025-04-29 16:22:43
2024;NÃO INFORMADO;CASADO;60 a 64 anos                  ;FEMININO;ENSINO FUNDAMENTAL INCOMPLETO;NÃO INFORMADO;NÃO INFORMADO;ITAJAÍ;Não;Brasil;NÃO INFORMADO;SUL;1;SC;2;0;0;95;0;904;0;809;0;7;5;0;2;0;904;809;95;2025-04-29 16:22:43
2024;NÃO INFORMADO;CASADO;60 a 64 anos                  ;FEMININO;ENSINO MÉDIO COMPLETO;NÃO INFORMADO;NÃO INFORMADO;ITAJAÍ;Não;Brasil;NÃO INFORMADO;SUL;1;SC;0;0;0;55;0;724;0;669;0;3;3;0;0;0;724;669;55;2025-04-29 16:22:43
2024;NÃO INFORMADO;CASADO;60 a 64 anos                  ;FEMININO;ENSINO MÉDIO INCOMPLETO;NÃO INFORMADO;NÃO INFORMADO;ITAJAÍ;Não;Brasil;NÃO INFORMADO;SUL;1;SC;1;0;0;14;0;118;0;104;0;1;0;0;1;0;118;104;14;2025-04-29 16:22:43
2024;NÃO INFORMADO;CASADO;60 a 64 anos                  ;FEMININO;LÊ E ESCREVE;NÃO INFORMADO;NÃO INFORMADO;ITAJAÍ;Não;Brasil;NÃO INFORMADO;SUL;1;SC;1;0;0;12;0;122;0;110;0;1;0;0;1;0;122;110;12;2025-04-29 16:22:43
2024;NÃO INFORMADO;CASADO;60 a 64 anos                  ;FEMININO;SUPERIOR COMPLETO;NÃO INFORMADO;NÃO INFORMADO;ITAJAÍ;Não;Brasil;NÃO INFORMADO;SUL;1;SC;0;1;0;61;0;565;0;504;0;5;5;0;0;0;565;504;61;2025-04-29 16:22:43
2024;NÃO INFORMADO;CASADO;60 a 64 anos                  ;FEMININO;SUPERIOR INCOMPLETO;NÃO INFORMADO;NÃO INFORMADO;ITAJAÍ;Não;Brasil;NÃO INFORMADO;SUL;1;SC;1;0;0;13;0;97;0;84;0;2;1;0;1;0;97;84;13;2025-04-29 16:22:43
2024;NÃO INFORMADO;CASADO;60 a 64 anos                  ;MASCULINO;ANALFABETO;NÃO INFORMADO;NÃO INFORMADO;ITAJAÍ;Não;Brasil;NÃO INFORMADO;SUL;1;SC;0;0;0;0;27;0;21;0;0;0;0;0;0;0;27;21;6;2025-04-29 16:22:43
2024;NÃO INFORMADO;CASADO;60 a 64 anos                  ;MASCULINO;ENSINO FUNDAMENTAL COMPLETO;NÃO INFORMADO;NÃO INFORMADO;ITAJAÍ;Não;Brasil;NÃO INFORMADO;SUL;1;SC;1;0;0;47;0;492;0;445;0;2;1;0;1;0;492;445;47;2025-04-29 16:22:43
2024;NÃO INFORMADO;CASADO;60 a 64 anos                  ;MASCULINO;ENSINO FUNDAMENTAL INCOMPLETO;NÃO INFORMADO;NÃO INFORMADO;ITAJAÍ;Não;Brasil;NÃO INFORMADO;SUL;1;SC;1;0;0;100;0;797;0;697;0;5;4;0;1;0;797;697;100;2025-04-29 16:22:43
2024;NÃO INFORMADO;CASADO;60 a 64 anos                  ;MASCULINO;ENSINO MÉDIO COMPLETO;NÃO INFORMADO;NÃO INFORMADO;ITAJAÍ;Não;Brasil;NÃO INFORMADO;SUL;1;SC;0;0;0;77;0;857;0;780;0;3;3;0;0;0;857;780;77;2025-04-29 16:22:43
2024;NÃO INFORMADO;CASADO;60 a 64 anos                  ;MASCULINO;ENSINO MÉDIO INCOMPLETO;NÃO INFORMADO;NÃO INFORMADO;ITAJAÍ;Não;Brasil;NÃO INFORMADO;SUL;1;SC;0;0;0;21;0;165;0;144;0;2;2;0;0;0;165;144;21;2025-04-29 16:22:43
2024;NÃO INFORMADO;CASADO;60 a 64 anos                  ;MASCULINO;LÊ E ESCREVE;NÃO INFORMADO;NÃO INFORMADO;ITAJAÍ;Não;Brasil;NÃO INFORMADO;SUL;1;SC;0;0;0;13;0;98;0;85;0;1;1;0;0;0;98;85;13;2025-04-29 16:22:43
2024;NÃO INFORMADO;CASADO;60 a 64 anos                  ;MASCULINO;SUPERIOR COMPLETO;NÃO INFORMADO;NÃO INFORMADO;ITAJAÍ;Não;Brasil;NÃO INFORMADO;SUL;1;SC;0;0;0;64;0;552;0;488;0;1;1;0;0;0;552;488;64;2025-04-29 16:22:43
2024;NÃO INFORMADO;CASADO;60 a 64 anos                  ;MASCULINO;SUPERIOR COMPLETO;NÃO INFORMADO;NÃO INFORMADO;ITAJAÍ;Sim;Brasil;NÃO INFORMADO;SUL;1;SC;0;0;0;0;0;1;0;1;0;0;0;0;0;1;1;1;0;2025-04-29 16:22:43
2024;NÃO INFORMADO;CASADO;60 a 64 anos                  ;MASCULINO;SUPERIOR INCOMPLETO;NÃO INFORMADO;NÃO INFORMADO;ITAJAÍ;Não;Brasil;NÃO INFORMADO;SUL;1;SC;0;0;0;16;0;168;0;152;0;0;0;0;0;0;168;152;16;2025-04-29 16:22:43
2024;NÃO INFORMADO;CASADO;65 a 69 anos                  ;FEMININO;ANALFABETO;NÃO INFORMADO;NÃO INFORMADO;ITAJAÍ;Não;Brasil;NÃO INFORMADO;SUL;1;SC;0;0;0;0;39;0;26;0;1;0;1;0;0;0;39;26;13;2025-04-29 16:22:43
2024;NÃO INFORMADO;CASADO;65 a 69 anos                  ;FEMININO;ENSINO FUNDAMENTAL COMPLETO;NÃO INFORMADO;NÃO INFORMADO;ITAJAÍ;Não;Brasil;NÃO INFORMADO;SUL;1;SC;1;0;0;46;0;325;0;279;0;5;4;0;1;0;325;279;46;2025-04-29 16:22:43
2024;NÃO INFORMADO;CASADO;65 a 69 anos                  ;FEMININO;ENSINO FUNDAMENTAL INCOMPLETO;NÃO INFORMADO;NÃO INFORMADO;ITAJAÍ;Não;Brasil;NÃO INFORMADO;SUL;1;SC;4;0;0;114;0;801;0;687;0;10;6;0;4;0;801;687;114;2025-04-29 16:22:43
2024;NÃO INFORMADO;CASADO;65 a 69 anos                  ;FEMININO;ENSINO MÉDIO COMPLETO;NÃO INFORMADO;NÃO INFORMADO;ITAJAÍ;Não;Brasil;NÃO INFORMADO;SUL;1;SC;0;0;0;58;0;519;0;461;0;3;3;0;0;0;519;461;58;2025-04-29 16:22:43
2024;NÃO INFORMADO;CASADO;65 a 69 anos                  ;FEMININO;ENSINO MÉDIO INCOMPLETO;NÃO INFORMADO;NÃO INFORMADO;ITAJAÍ;Não;Brasil;NÃO INFORMADO;SUL;1;SC;1;0;0;9;0;99;0;90;0;2;1;0;1;0;99;90;9;2025-04-29 16:22:43
2024;NÃO INFORMADO;CASADO;65 a 69 anos                  ;FEMININO;LÊ E ESCREVE;NÃO INFORMADO;NÃO INFORMADO;ITAJAÍ;Não;Brasil;NÃO INFORMADO;SUL;1;SC;2;0;0;25;0;172;0;147;0;8;6;0;2;0;172;147;25;2025-04-29 16:22:43
2024;NÃO INFORMADO;CASADO;65 a 69 anos                  ;FEMININO;SUPERIOR COMPLETO;NÃO INFORMADO;NÃO INFORMADO;ITAJAÍ;Não;Brasil;NÃO INFORMADO;SUL;1;SC;2;0;0;40;0;353;0;313;0;5;3;0;2;0;353;313;40;2025-04-29 16:22:43
2024;NÃO INFORMADO;CASADO;65 a 69 anos                  ;FEMININO;SUPERIOR INCOMPLETO;NÃO INFORMADO;NÃO INFORMADO;ITAJAÍ;Não;Brasil;NÃO INFORMADO;SUL;1;SC;0;0;0;7;0;69;0;62;0;0;0;0;0;0;69;62;7;2025-04-29 16:22:43
2024;NÃO INFORMADO;CASADO;65 a 69 anos                  ;MASCULINO;ANALFABETO;NÃO INFORMADO;NÃO INFORMADO;ITAJAÍ;Não;Brasil;NÃO INFORMADO;SUL;1;SC;2;0;0;0;21;0;17;0;3;0;1;2;0;0;21;17;4;2025-04-29 16:22:43
2024;NÃO INFORMADO;CASADO;65 a 69 anos                  ;MASCULINO;ENSINO FUNDAMENTAL COMPLETO;NÃO INFORMADO;NÃO INFORMADO;ITAJAÍ;Não;Brasil;NÃO INFORMADO;SUL;1;SC;5;0;0;46;0;346;0;300;0;9;4;0;5;0;346;300;46;2025-04-29 16:22:43
2024;NÃO INFORMADO;CASADO;65 a 69 anos                  ;MASCULINO;ENSINO FUNDAMENTAL INCOMPLETO;NÃO INFORMADO;NÃO INFORMADO;ITAJAÍ;Não;Brasil;NÃO INFORMADO;SUL;1;SC;1;0;0;113;0;786;0;673;0;8;7;0;1;0;786;673;113;2025-04-29 16:22:43
2024;NÃO INFORMADO;CASADO;65 a 69 anos                  ;MASCULINO;ENSINO MÉDIO COMPLETO;NÃO INFORMADO;NÃO INFORMADO;ITAJAÍ;Não;Brasil;NÃO INFORMADO;SUL;1;SC;5;0;0;66;0;524;0;458;0;10;5;0;5;0;524;458;66;2025-04-29 16:22:43
2024;NÃO INFORMADO;CASADO;65 a 69 anos                  ;MASCULINO;ENSINO MÉDIO INCOMPLETO;NÃO INFORMADO;NÃO INFORMADO;ITAJAÍ;Não;Brasil;NÃO INFORMADO;SUL;1;SC;2;0;0;10;0;135;0;125;0;3;1;0;2;0;135;125;10;2025-04-29 16:22:43
2024;NÃO INFORMADO;CASADO;65 a 69 anos                  ;MASCULINO;LÊ E ESCREVE;NÃO INFORMADO;NÃO INFORMADO;ITAJAÍ;Não;Brasil;NÃO INFORMADO;SUL;1;SC;0;0;0;19;0;133;0;114;0;1;1;0;0;0;133;114;19;2025-04-29 16:22:43
2024;NÃO INFORMADO;CASADO;65 a 69 anos                  ;MASCULINO;SUPERIOR COMPLETO;NÃO INFORMADO;NÃO INFORMADO;ITAJAÍ;Não;Brasil;NÃO INFORMADO;SUL;1;SC;2;0;0;38;0;409;0;371;0;6;4;0;2;0;409;371;38;2025-04-29 16:22:43
2024;NÃO INFORMADO;CASADO;65 a 69 anos                  ;MASCULINO;SUPERIOR INCOMPLETO;NÃO INFORMADO;NÃO INFORMADO;ITAJAÍ;Não;Brasil;NÃO INFORMADO;SUL;1;SC;1;0;0;15;0;102;0;87;0;3;2;0;1;0;102;87;15;2025-04-29 16:22:43
2024;NÃO INFORMADO;CASADO;70 a 74 anos                  ;FEMININO;ANALFABETO;NÃO INFORMADO;NÃO INFORMADO;ITAJAÍ;Não;Brasil;NÃO INFORMADO;SUL;1;SC;1;0;0;0;45;0;15;0;1;0;0;1;0;0;45;15;30;2025-04-29 16:22:43
2024;NÃO INFORMADO;CASADO;70 a 74 anos                  ;FEMININO;ENSINO FUNDAMENTAL COMPLETO;NÃO INFORMADO;NÃO INFORMADO;ITAJAÍ;Não;Brasil;NÃO INFORMADO;SUL;1;SC;2;0;0;0;179;0;124;0;4;0;2;2;0;0;179;124;55;2025-04-29 16:22:43
2024;NÃO INFORMADO;CASADO;70 a 74 anos                  ;FEMININO;ENSINO FUNDAMENTAL INCOMPLETO;NÃO INFORMADO;NÃO INFORMADO;ITAJAÍ;Não;Brasil;NÃO INFORMADO;SUL;1;SC;3;0;0;0;641;0;407;0;8;0;5;3;0;0;641;407;234;2025-04-29 16:22:43
2024;NÃO INFORMADO;CASADO;70 a 74 anos                  ;FEMININO;ENSINO MÉDIO COMPLETO;NÃO INFORMADO;NÃO INFORMADO;ITAJAÍ;Não;Brasil;NÃO INFORMADO;SUL;1;SC;2;0;0;0;261;0;175;0;2;0;0;2;0;0;261;175;86;2025-04-29 16:22:43
2024;NÃO INFORMADO;CASADO;70 a 74 anos                  ;FEMININO;ENSINO MÉDIO INCOMPLETO;NÃO INFORMADO;NÃO INFORMADO;ITAJAÍ;Não;Brasil;NÃO INFORMADO;SUL;1;SC;0;0;0;0;52;0;36;0;0;0;0;0;0;0;52;36;16;2025-04-29 16:22:43
2024;NÃO INFORMADO;CASADO;70 a 74 anos                  ;FEMININO;LÊ E ESCREVE;NÃO INFORMADO;NÃO INFORMADO;ITAJAÍ;Não;Brasil;NÃO INFORMADO;SUL;1;SC;1;0;0;0;169;0;109;0;3;0;2;1;0;0;169;109;60;2025-04-29 16:22:43
2024;NÃO INFORMADO;CASADO;70 a 74 anos                  ;FEMININO;SUPERIOR COMPLETO;NÃO INFORMADO;NÃO INFORMADO;ITAJAÍ;Não;Brasil;NÃO INFORMADO;SUL;1;SC;1;0;0;0;200;0;148;0;1;0;0;1;0;0;200;148;52;2025-04-29 16:22:43
2024;NÃO INFORMADO;CASADO;70 a 74 anos                  ;FEMININO;SUPERIOR INCOMPLETO;NÃO INFORMADO;NÃO INFORMADO;ITAJAÍ;Não;Brasil;NÃO INFORMADO;SUL;1;SC;1;0;0;0;45;0;29;0;1;0;0;1;0;0;45;29;16;2025-04-29 16:22:43
2024;NÃO INFORMADO;CASADO;70 a 74 anos                  ;MASCULINO;ANALFABETO;NÃO INFORMADO;NÃO INFORMADO;ITAJAÍ;Não;Brasil;NÃO INFORMADO;SUL;1;SC;2;0;0;0;28;0;8;0;2;0;0;2;0;0;28;8;20;2025-04-29 16:22:43
2024;NÃO INFORMADO;CASADO;70 a 74 anos                  ;MASCULINO;ENSINO FUNDAMENTAL COMPLETO;NÃO INFORMADO;NÃO INFORMADO;ITAJAÍ;Não;Brasil;NÃO INFORMADO;SUL;1;SC;0;0;0;0;212;0;159;0;2;0;2;0;0;0;212;159;53;2025-04-29 16:22:43
2024;NÃO INFORMADO;CASADO;70 a 74 anos                  ;MASCULINO;ENSINO FUNDAMENTAL INCOMPLETO;NÃO INFORMADO;NÃO INFORMADO;ITAJAÍ;Não;Brasil;NÃO INFORMADO;SUL;1;SC;5;0;0;0;638;0;461;0;14;0;9;5;0;0;638;461;177;2025-04-29 16:22:43
2024;NÃO INFORMADO;CASADO;70 a 74 anos                  ;MASCULINO;ENSINO MÉDIO COMPLETO;NÃO INFORMADO;NÃO INFORMADO;ITAJAÍ;Não;Brasil;NÃO INFORMADO;SUL;1;SC;1;0;0;0;334;0;251;0;4;0;3;1;0;0;334;251;83;2025-04-29 16:22:43
2024;NÃO INFORMADO;CASADO;70 a 74 anos                  ;MASCULINO;ENSINO MÉDIO INCOMPLETO;NÃO INFORMADO;NÃO INFORMADO;ITAJAÍ;Não;Brasil;NÃO INFORMADO;SUL;1;SC;0;0;0;0;90;0;65;0;2;0;2;0;0;0;90;65;25;2025-04-29 16:22:43
2024;NÃO INFORMADO;CASADO;70 a 74 anos                  ;MASCULINO;LÊ E ESCREVE;NÃO INFORMADO;NÃO INFORMADO;ITAJAÍ;Não;Brasil;NÃO INFORMADO;SUL;1;SC;3;0;0;0;171;0;113;0;5;0;2;3;0;0;171;113;58;2025-04-29 16:22:43
2024;NÃO INFORMADO;CASADO;70 a 74 anos                  ;MASCULINO;SUPERIOR COMPLETO;NÃO INFORMADO;NÃO INFORMADO;ITAJAÍ;Não;Brasil;NÃO INFORMADO;SUL;1;SC;2;0;0;0;271;0;206;0;5;0;3;2;0;0;271;206;65;2025-04-29 16:22:43
2024;NÃO INFORMADO;CASADO;70 a 74 anos                  ;MASCULINO;SUPERIOR INCOMPLETO;NÃO INFORMADO;NÃO INFORMADO;ITAJAÍ;Não;Brasil;NÃO INFORMADO;SUL;1;SC;0;0;0;0;58;0;41;0;0;0;0;0;0;0;58;41;17;2025-04-29 16:22:43
2024;NÃO INFORMADO;CASADO;75 a 79 anos                  ;FEMININO;ANALFABETO;NÃO INFORMADO;NÃO INFORMADO;ITAJAÍ;Não;Brasil;NÃO INFORMADO;SUL;1;SC;1;0;0;0;22;0;4;0;1;0;0;1;0;0;22;4;18;2025-04-29 16:22:43
2024;NÃO INFORMADO;CASADO;75 a 79 anos                  ;FEMININO;ENSINO FUNDAMENTAL COMPLETO;NÃO INFORMADO;NÃO INFORMADO;ITAJAÍ;Não;Brasil;NÃO INFORMADO;SUL;1;SC;1;0;0;0;78;0;45;0;1;0;0;1;0;0;78;45;33;2025-04-29 16:22:43
2024;NÃO INFORMADO;CASADO;75 a 79 anos                  ;FEMININO;ENSINO FUNDAMENTAL INCOMPLETO;NÃO INFORMADO;NÃO INFORMADO;ITAJAÍ;Não;Brasil;NÃO INFORMADO;SUL;1;SC;3;0;0;0;309;0;144;0;5;0;2;3;0;0;309;144;165;2025-04-29 16:22:43
2024;NÃO INFORMADO;CASADO;75 a 79 anos                  ;FEMININO;ENSINO MÉDIO COMPLETO;NÃO INFORMADO;NÃO INFORMADO;ITAJAÍ;Não;Brasil;NÃO INFORMADO;SUL;1;SC;0;0;0;0;104;0;63;0;0;0;0;0;0;0;104;63;41;2025-04-29 16:22:43
2024;NÃO INFORMADO;CASADO;75 a 79 anos                  ;FEMININO;ENSINO MÉDIO INCOMPLETO;NÃO INFORMADO;NÃO INFORMADO;ITAJAÍ;Não;Brasil;NÃO INFORMADO;SUL;1;SC;0;0;0;0;24;0;17;0;0;0;0;0;0;0;24;17;7;2025-04-29 16:22:43
2024;NÃO INFORMADO;CASADO;75 a 79 anos                  ;FEMININO;LÊ E ESCREVE;NÃO INFORMADO;NÃO INFORMADO;ITAJAÍ;Não;Brasil;NÃO INFORMADO;SUL;1;SC;1;0;0;0;88;0;40;0;2;0;1;1;0;0;88;40;48;2025-04-29 16:22:43
2024;NÃO INFORMADO;CASADO;75 a 79 anos                  ;FEMININO;SUPERIOR COMPLETO;NÃO INFORMADO;NÃO INFORMADO;ITAJAÍ;Não;Brasil;NÃO INFORMADO;SUL;1;SC;1;0;0;0;76;0;52;0;2;0;1;1;0;0;76;52;24;2025-04-29 16:22:43
2024;NÃO INFORMADO;CASADO;75 a 79 anos                  ;FEMININO;SUPERIOR INCOMPLETO;NÃO INFORMADO;NÃO INFORMADO;ITAJAÍ;Não;Brasil;NÃO INFORMADO;SUL;1;SC;0;0;0;0;10;0;6;0;0;0;0;0;0;0;10;6;4;2025-04-29 16:22:43
2024;NÃO INFORMADO;CASADO;75 a 79 anos                  ;MASCULINO;ANALFABETO;NÃO INFORMADO;NÃO INFORMADO;ITAJAÍ;Não;Brasil;NÃO INFORMADO;SUL;1;SC;2;0;0;0;22;0;7;0;2;0;0;2;0;0;22;7;15;2025-04-29 16:22:43
2024;NÃO INFORMADO;CASADO;75 a 79 anos                  ;MASCULINO;ENSINO FUNDAMENTAL COMPLETO;NÃO INFORMADO;NÃO INFORMADO;ITAJAÍ;Não;Brasil;NÃO INFORMADO;SUL;1;SC;0;0;0;0;98;0;69;0;1;0;1;0;0;0;98;69;29;2025-04-29 16:22:43
2024;NÃO INFORMADO;CASADO;75 a 79 anos                  ;MASCULINO;ENSINO FUNDAMENTAL INCOMPLETO;NÃO INFORMADO;NÃO INFORMADO;ITAJAÍ;Não;Brasil;NÃO INFORMADO;SUL;1;SC;2;0;0;0;342;0;225;0;4;0;2;2;0;0;342;225;117;2025-04-29 16:22:43
2024;NÃO INFORMADO;CASADO;75 a 79 anos                  ;MASCULINO;ENSINO MÉDIO COMPLETO;NÃO INFORMADO;NÃO INFORMADO;ITAJAÍ;Não;Brasil;NÃO INFORMADO;SUL;1;SC;1;0;0;0;140;0;104;0;1;0;0;1;0;0;140;104;36;2025-04-29 16:22:43
2024;NÃO INFORMADO;CASADO;75 a 79 anos                  ;MASCULINO;ENSINO MÉDIO INCOMPLETO;NÃO INFORMADO;NÃO INFORMADO;ITAJAÍ;Não;Brasil;NÃO INFORMADO;SUL;1;SC;0;0;0;0;24;0;16;0;0;0;0;0;0;0;24;16;8;2025-04-29 16:22:43
2024;NÃO INFORMADO;CASADO;75 a 79 anos                  ;MASCULINO;LÊ E ESCREVE;NÃO INFORMADO;NÃO INFORMADO;ITAJAÍ;Não;Brasil;NÃO INFORMADO;SUL;1;SC;1;0;0;0;109;0;60;0;1;0;0;1;0;0;109;60;49;2025-04-29 16:22:43
2024;NÃO INFORMADO;CASADO;75 a 79 anos                  ;MASCULINO;SUPERIOR COMPLETO;NÃO INFORMADO;NÃO INFORMADO;ITAJAÍ;Não;Brasil;NÃO INFORMADO;SUL;1;SC;1;0;0;0;151;0;118;0;1;0;0;1;0;0;151;118;33;2025-04-29 16:22:43
2024;NÃO INFORMADO;CASADO;75 a 79 anos                  ;MASCULINO;SUPERIOR INCOMPLETO;NÃO INFORMADO;NÃO INFORMADO;ITAJAÍ;Não;Brasil;NÃO INFORMADO;SUL;1;SC;0;0;0;0;33;0;22;0;0;0;0;0;0;0;33;22;11;2025-04-29 16:22:43
2024;NÃO INFORMADO;CASADO;80 a 84 anos                  ;FEMININO;ANALFABETO;NÃO INFORMADO;NÃO INFORMADO;ITAJAÍ;Não;Brasil;NÃO INFORMADO;SUL;1;SC;1;0;0;0;7;0;2;0;1;0;0;1;0;0;7;2;5;2025-04-29 16:22:43
2024;NÃO INFORMADO;CASADO;80 a 84 anos                  ;FEMININO;ENSINO FUNDAMENTAL COMPLETO;NÃO INFORMADO;NÃO INFORMADO;ITAJAÍ;Não;Brasil;NÃO INFORMADO;SUL;1;SC;0;0;0;0;25;0;11;0;0;0;0;0;0;0;25;11;14;2025-04-29 16:22:43
2024;NÃO INFORMADO;CASADO;80 a 84 anos                  ;FEMININO;ENSINO FUNDAMENTAL INCOMPLETO;NÃO INFORMADO;NÃO INFORMADO;ITAJAÍ;Não;Brasil;NÃO INFORMADO;SUL;1;SC;0;0;0;0;56;0;34;0;0;0;0;0;0;0;56;34;22;2025-04-29 16:22:43
2024;NÃO INFORMADO;CASADO;80 a 84 anos                  ;FEMININO;ENSINO MÉDIO COMPLETO;NÃO INFORMADO;NÃO INFORMADO;ITAJAÍ;Não;Brasil;NÃO INFORMADO;SUL;1;SC;0;0;0;0;25;0;14;0;0;0;0;0;0;0;25;14;11;2025-04-29 16:22:43
2024;NÃO INFORMADO;CASADO;80 a 84 anos                  ;FEMININO;ENSINO MÉDIO INCOMPLETO;NÃO INFORMADO;NÃO INFORMADO;ITAJAÍ;Não;Brasil;NÃO INFORMADO;SUL;1;SC;0;0;0;0;5;0;2;0;0;0;0;0;0;0;5;2;3;2025-04-29 16:22:43
2024;NÃO INFORMADO;CASADO;80 a 84 anos                  ;FEMININO;LÊ E ESCREVE;NÃO INFORMADO;NÃO INFORMADO;ITAJAÍ;Não;Brasil;NÃO INFORMADO;SUL;1;SC;0;0;0;0;28;0;14;0;0;0;0;0;0;0;28;14;14;2025-04-29 16:22:43
2024;NÃO INFORMADO;CASADO;80 a 84 anos                  ;FEMININO;SUPERIOR COMPLETO;NÃO INFORMADO;NÃO INFORMADO;ITAJAÍ;Não;Brasil;NÃO INFORMADO;SUL;1;SC;1;0;0;0;17;0;12;0;1;0;0;1;0;0;17;12;5;2025-04-29 16:22:43
2024;NÃO INFORMADO;CASADO;80 a 84 anos                  ;FEMININO;SUPERIOR INCOMPLETO;NÃO INFORMADO;NÃO INFORMADO;ITAJAÍ;Não;Brasil;NÃO INFORMADO;SUL;1;SC;0;0;0;0;2;0;1;0;0;0;0;0;0;0;2;1;1;2025-04-29 16:22:43
2024;NÃO INFORMADO;CASADO;80 a 84 anos                  ;MASCULINO;ANALFABETO;NÃO INFORMADO;NÃO INFORMADO;ITAJAÍ;Não;Brasil;NÃO INFORMADO;SUL;1;SC;0;0;0;0;5;0;3;0;1;0;1;0;0;0;5;3;2;2025-04-29 16:22:43
2024;NÃO INFORMADO;CASADO;80 a 84 anos                  ;MASCULINO;ENSINO FUNDAMENTAL COMPLETO;NÃO INFORMADO;NÃO INFORMADO;ITAJAÍ;Não;Brasil;NÃO INFORMADO;SUL;1;SC;0;0;0;0;36;0;22;0;0;0;0;0;0;0;36;22;14;2025-04-29 16:22:43
2024;NÃO INFORMADO;CASADO;80 a 84 anos                  ;MASCULINO;ENSINO FUNDAMENTAL INCOMPLETO;NÃO INFORMADO;NÃO INFORMADO;ITAJAÍ;Não;Brasil;NÃO INFORMADO;SUL;1;SC;3;0;0;0;118;0;56;0;4;0;1;3;0;0;118;56;62;2025-04-29 16:22:43
2024;NÃO INFORMADO;CASADO;80 a 84 anos                  ;MASCULINO;ENSINO MÉDIO COMPLETO;NÃO INFORMADO;NÃO INFORMADO;ITAJAÍ;Não;Brasil;NÃO INFORMADO;SUL;1;SC;0;0;0;0;42;0;28;0;0;0;0;0;0;0;42;28;14;2025-04-29 16:22:43
2024;NÃO INFORMADO;CASADO;80 a 84 anos                  ;MASCULINO;ENSINO MÉDIO INCOMPLETO;NÃO INFORMADO;NÃO INFORMADO;ITAJAÍ;Não;Brasil;NÃO INFORMADO;SUL;1;SC;0;0;0;0;12;0;10;0;0;0;0;0;0;0;12;10;2;2025-04-29 16:22:43
2024;NÃO INFORMADO;CASADO;80 a 84 anos                  ;MASCULINO;LÊ E ESCREVE;NÃO INFORMADO;NÃO INFORMADO;ITAJAÍ;Não;Brasil;NÃO INFORMADO;SUL;1;SC;0;0;0;0;27;0;16;0;1;0;1;0;0;0;27;16;11;2025-04-29 16:22:43
2024;NÃO INFORMADO;CASADO;80 a 84 anos                  ;MASCULINO;SUPERIOR COMPLETO;NÃO INFORMADO;NÃO INFORMADO;ITAJAÍ;Não;Brasil;NÃO INFORMADO;SUL;1;SC;0;0;0;0;66;0;40;0;1;0;1;0;0;0;66;40;26;2025-04-29 16:22:43
2024;NÃO INFORMADO;CASADO;80 a 84 anos                  ;MASCULINO;SUPERIOR INCOMPLETO;NÃO INFORMADO;NÃO INFORMADO;ITAJAÍ;Não;Brasil;NÃO INFORMADO;SUL;1;SC;0;0;0;0;4;0;2;0;0;0;0;0;0;0;4;2;2;2025-04-29 16:22:43
2024;NÃO INFORMADO;CASADO;85 a 89 anos                  ;FEMININO;ANALFABETO;NÃO INFORMADO;NÃO INFORMADO;ITAJAÍ;Não;Brasil;NÃO INFORMADO;SUL;1;SC;1;0;0;0;2;0;0;0;1;0;0;1;0;0;2;0;2;2025-04-29 16:22:43
2024;NÃO INFORMADO;CASADO;85 a 89 anos                  ;FEMININO;ENSINO FUNDAMENTAL COMPLETO;NÃO INFORMADO;NÃO INFORMADO;ITAJAÍ;Não;Brasil;NÃO INFORMADO;SUL;1;SC;0;0;0;0;9;0;6;0;0;0;0;0;0;0;9;6;3;2025-04-29 16:22:43
2024;NÃO INFORMADO;CASADO;85 a 89 anos                  ;FEMININO;ENSINO FUNDAMENTAL INCOMPLETO;NÃO INFORMADO;NÃO INFORMADO;ITAJAÍ;Não;Brasil;NÃO INFORMADO;SUL;1;SC;1;0;0;0;23;0;11;0;2;0;1;1;0;0;23;11;12;2025-04-29 16:22:43
2024;NÃO INFORMADO;CASADO;85 a 89 anos                  ;FEMININO;ENSINO MÉDIO COMPLETO;NÃO INFORMADO;NÃO INFORMADO;ITAJAÍ;Não;Brasil;NÃO INFORMADO;SUL;1;SC;1;0;0;0;12;0;8;0;1;0;0;1;0;0;12;8;4;2025-04-29 16:22:43
2024;NÃO INFORMADO;CASADO;85 a 89 anos                  ;FEMININO;ENSINO MÉDIO INCOMPLETO;NÃO INFORMADO;NÃO INFORMADO;ITAJAÍ;Não;Brasil;NÃO INFORMADO;SUL;1;SC;0;0;0;0;1;0;1;0;0;0;0;0;0;0;1;1;0;2025-04-29 16:22:43
2024;NÃO INFORMADO;CASADO;85 a 89 anos                  ;FEMININO;LÊ E ESCREVE;NÃO INFORMADO;NÃO INFORMADO;ITAJAÍ;Não;Brasil;NÃO INFORMADO;SUL;1;SC;0;0;0;0;4;0;1;0;0;0;0;0;0;0;4;1;3;2025-04-29 16:22:43
2024;NÃO INFORMADO;CASADO;85 a 89 anos                  ;FEMININO;SUPERIOR COMPLETO;NÃO INFORMADO;NÃO INFORMADO;ITAJAÍ;Não;Brasil;NÃO INFORMADO;SUL;1;SC;0;0;0;0;4;0;1;0;0;0;0;0;0;0;4;1;3;2025-04-29 16:22:43
2024;NÃO INFORMADO;CASADO;85 a 89 anos                  ;MASCULINO;ANALFABETO;NÃO INFORMADO;NÃO INFORMADO;ITAJAÍ;Não;Brasil;NÃO INFORMADO;SUL;1;SC;0;0;0;0;3;0;1;0;0;0;0;0;0;0;3;1;2;2025-04-29 16:22:43
2024;NÃO INFORMADO;CASADO;85 a 89 anos                  ;MASCULINO;ENSINO FUNDAMENTAL COMPLETO;NÃO INFORMADO;NÃO INFORMADO;ITAJAÍ;Não;Brasil;NÃO INFORMADO;SUL;1;SC;0;0;0;0;21;0;13;0;0;0;0;0;0;0;21;13;8;2025-04-29 16:22:43
2024;NÃO INFORMADO;CASADO;85 a 89 anos                  ;MASCULINO;ENSINO FUNDAMENTAL INCOMPLETO;NÃO INFORMADO;NÃO INFORMADO;ITAJAÍ;Não;Brasil;NÃO INFORMADO;SUL;1;SC;0;0;0;0;36;0;22;0;3;0;3;0;0;0;36;22;14;2025-04-29 16:22:43
2024;NÃO INFORMADO;CASADO;85 a 89 anos                  ;MASCULINO;ENSINO MÉDIO COMPLETO;NÃO INFORMADO;NÃO INFORMADO;ITAJAÍ;Não;Brasil;NÃO INFORMADO;SUL;1;SC;2;0;0;0;20;0;11;0;2;0;0;2;0;0;20;11;9;2025-04-29 16:22:43
2024;NÃO INFORMADO;CASADO;85 a 89 anos                  ;MASCULINO;ENSINO MÉDIO INCOMPLETO;NÃO INFORMADO;NÃO INFORMADO;ITAJAÍ;Não;Brasil;NÃO INFORMADO;SUL;1;SC;0;0;0;0;1;0;0;0;0;0;0;0;0;0;1;0;1;2025-04-29 16:22:43
2024;NÃO INFORMADO;CASADO;85 a 89 anos                  ;MASCULINO;LÊ E ESCREVE;NÃO INFORMADO;NÃO INFORMADO;ITAJAÍ;Não;Brasil;NÃO INFORMADO;SUL;1;SC;0;0;0;0;16;0;9;0;0;0;0;0;0;0;16;9;7;2025-04-29 16:22:43
2024;NÃO INFORMADO;CASADO;85 a 89 anos                  ;MASCULINO;SUPERIOR COMPLETO;NÃO INFORMADO;NÃO INFORMADO;ITAJAÍ;Não;Brasil;NÃO INFORMADO;SUL;1;SC;1;0;0;0;14;0;7;0;2;0;1;1;0;0;14;7;7;2025-04-29 16:22:43
2024;NÃO INFORMADO;CASADO;85 a 89 anos                  ;MASCULINO;SUPERIOR INCOMPLETO;NÃO INFORMADO;NÃO INFORMADO;ITAJAÍ;Não;Brasil;NÃO INFORMADO;SUL;1;SC;0;0;0;0;3;0;3;0;0;0;0;0;0;0;3;3;0;2025-04-29 16:22:43
2024;NÃO INFORMADO;CASADO;90 a 94 anos                  ;FEMININO;ENSINO FUNDAMENTAL COMPLETO;NÃO INFORMADO;NÃO INFORMADO;ITAJAÍ;Não;Brasil;NÃO INFORMADO;SUL;1;SC;0;0;0;0;2;0;0;0;0;0;0;0;0;0;2;0;2;2025-04-29 16:22:43
2024;NÃO INFORMADO;CASADO;90 a 94 anos                  ;FEMININO;ENSINO FUNDAMENTAL INCOMPLETO;NÃO INFORMADO;NÃO INFORMADO;ITAJAÍ;Não;Brasil;NÃO INFORMADO;SUL;1;SC;0;0;0;0;2;0;1;0;0;0;0;0;0;0;2;1;1;2025-04-29 16:22:43
2024;NÃO INFORMADO;CASADO;90 a 94 anos                  ;FEMININO;ENSINO MÉDIO COMPLETO;NÃO INFORMADO;NÃO INFORMADO;ITAJAÍ;Não;Brasil;NÃO INFORMADO;SUL;1;SC;1;0;0;0;3;0;0;0;1;0;0;1;0;0;3;0;3;2025-04-29 16:22:43
2024;NÃO INFORMADO;CASADO;90 a 94 anos                  ;FEMININO;SUPERIOR COMPLETO;NÃO INFORMADO;NÃO INFORMADO;ITAJAÍ;Não;Brasil;NÃO INFORMADO;SUL;1;SC;0;0;0;0;2;0;1;0;0;0;0;0;0;0;2;1;1;2025-04-29 16:22:43
2024;NÃO INFORMADO;CASADO;90 a 94 anos                  ;MASCULINO;ANALFABETO;NÃO INFORMADO;NÃO INFORMADO;ITAJAÍ;Não;Brasil;NÃO INFORMADO;SUL;1;SC;0;0;0;0;1;0;0;0;0;0;0;0;0;0;1;0;1;2025-04-29 16:22:43
2024;NÃO INFORMADO;CASADO;90 a 94 anos                  ;MASCULINO;ENSINO FUNDAMENTAL COMPLETO;NÃO INFORMADO;NÃO INFORMADO;ITAJAÍ;Não;Brasil;NÃO INFORMADO;SUL;1;SC;1;0;0;0;2;0;0;0;1;0;0;1;0;0;2;0;2;2025-04-29 16:22:43
2024;NÃO INFORMADO;CASADO;90 a 94 anos                  ;MASCULINO;ENSINO FUNDAMENTAL INCOMPLETO;NÃO INFORMADO;NÃO INFORMADO;ITAJAÍ;Não;Brasil;NÃO INFORMADO;SUL;1;SC;0;0;0;0;10;0;8;0;0;0;0;0;0;0;10;8;2;2025-04-29 16:22:43
2024;NÃO INFORMADO;CASADO;90 a 94 anos                  ;MASCULINO;ENSINO MÉDIO COMPLETO;NÃO INFORMADO;NÃO INFORMADO;ITAJAÍ;Não;Brasil;NÃO INFORMADO;SUL;1;SC;0;0;0;0;6;0;3;0;0;0;0;0;0;0;6;3;3;2025-04-29 16:22:43
2024;NÃO INFORMADO;CASADO;90 a 94 anos                  ;MASCULINO;LÊ E ESCREVE;NÃO INFORMADO;NÃO INFORMADO;ITAJAÍ;Não;Brasil;NÃO INFORMADO;SUL;1;SC;0;0;0;0;2;0;1;0;0;0;0;0;0;0;2;1;1;2025-04-29 16:22:43
2024;NÃO INFORMADO;CASADO;90 a 94 anos                  ;MASCULINO;SUPERIOR COMPLETO;NÃO INFORMADO;NÃO INFORMADO;ITAJAÍ;Não;Brasil;NÃO INFORMADO;SUL;1;SC;0;0;0;0;4;0;1;0;0;0;0;0;0;0;4;1;3;2025-04-29 16:22:43
2024;NÃO INFORMADO;CASADO;90 a 94 anos                  ;MASCULINO;SUPERIOR INCOMPLETO;NÃO INFORMADO;NÃO INFORMADO;ITAJAÍ;Não;Brasil;NÃO INFORMADO;SUL;1;SC;0;0;0;0;1;0;1;0;0;0;0;0;0;0;1;1;0;2025-04-29 16:22:43
2024;NÃO INFORMADO;CASADO;95 a 99 anos                  ;FEMININO;ENSINO FUNDAMENTAL COMPLETO;NÃO INFORMADO;NÃO INFORMADO;ITAJAÍ;Não;Brasil;NÃO INFORMADO;SUL;1;SC;0;0;0;0;1;0;0;0;0;0;0;0;0;0;1;0;1;2025-04-29 16:22:43
2024;NÃO INFORMADO;CASADO;95 a 99 anos                  ;MASCULINO;ENSINO FUNDAMENTAL INCOMPLETO;NÃO INFORMADO;NÃO INFORMADO;ITAJAÍ;Não;Brasil;NÃO INFORMADO;SUL;1;SC;0;0;0;0;3;0;0;0;0;0;0;0;0;0;3;0;3;2025-04-29 16:22:43
2024;NÃO INFORMADO;DIVORCIADO;21 a 24 anos                  ;FEMININO;ENSINO MÉDIO COMPLETO;NÃO INFORMADO;NÃO INFORMADO;ITAJAÍ;Não;Brasil;NÃO INFORMADO;SUL;1;SC;0;0;0;0;0;1;0;1;0;0;0;0;0;0;1;1;0;2025-04-29 16:22:43
2024;NÃO INFORMADO;DIVORCIADO;21 a 24 anos                  ;FEMININO;ENSINO MÉDIO INCOMPLETO;NÃO INFORMADO;NÃO INFORMADO;ITAJAÍ;Não;Brasil;NÃO INFORMADO;SUL;1;SC;0;0;0;0;0;1;0;1;0;0;0;0;0;0;1;1;0;2025-04-29 16:22:43
2024;NÃO INFORMADO;DIVORCIADO;21 a 24 anos                  ;FEMININO;SUPERIOR INCOMPLETO;NÃO INFORMADO;NÃO INFORMADO;ITAJAÍ;Não;Brasil;NÃO INFORMADO;SUL;1;SC;0;0;0;0;0;1;0;1;0;0;0;0;0;0;1;1;0;2025-04-29 16:22:43
2024;NÃO INFORMADO;DIVORCIADO;25 a 29 anos                  ;FEMININO;ENSINO FUNDAMENTAL COMPLETO;NÃO INFORMADO;NÃO INFORMADO;ITAJAÍ;Não;Brasil;NÃO INFORMADO;SUL;1;SC;0;0;0;1;0;3;0;2;0;0;0;0;0;0;3;2;1;2025-04-29 16:22:43
2024;NÃO INFORMADO;DIVORCIADO;25 a 29 anos                  ;FEMININO;ENSINO FUNDAMENTAL INCOMPLETO;NÃO INFORMADO;NÃO INFORMADO;ITAJAÍ;Não;Brasil;NÃO INFORMADO;SUL;1;SC;0;0;0;1;0;1;0;0;0;0;0;0;0;0;1;0;1;2025-04-29 16:22:43
2024;NÃO INFORMADO;DIVORCIADO;25 a 29 anos                  ;FEMININO;ENSINO MÉDIO COMPLETO;NÃO INFORMADO;NÃO INFORMADO;ITAJAÍ;Não;Brasil;NÃO INFORMADO;SUL;1;SC;0;0;0;11;0;27;0;16;0;0;0;0;0;0;27;16;11;2025-04-29 16:22:43
2024;NÃO INFORMADO;DIVORCIADO;25 a 29 anos                  ;FEMININO;ENSINO MÉDIO INCOMPLETO;NÃO INFORMADO;NÃO INFORMADO;ITAJAÍ;Não;Brasil;NÃO INFORMADO;SUL;1;SC;0;0;0;7;0;12;0;5;0;0;0;0;0;0;12;5;7;2025-04-29 16:22:43
2024;NÃO INFORMADO;DIVORCIADO;25 a 29 anos                  ;FEMININO;SUPERIOR COMPLETO;NÃO INFORMADO;NÃO INFORMADO;ITAJAÍ;Não;Brasil;NÃO INFORMADO;SUL;1;SC;0;0;0;1;0;5;0;4;0;0;0;0;0;0;5;4;1;2025-04-29 16:22:43
2024;NÃO INFORMADO;DIVORCIADO;25 a 29 anos                  ;FEMININO;SUPERIOR INCOMPLETO;NÃO INFORMADO;NÃO INFORMADO;ITAJAÍ;Não;Brasil;NÃO INFORMADO;SUL;1;SC;0;0;0;2;0;15;0;13;0;0;0;0;0;0;15;13;2;2025-04-29 16:22:43
2024;NÃO INFORMADO;DIVORCIADO;25 a 29 anos                  ;MASCULINO;ENSINO FUNDAMENTAL COMPLETO;NÃO INFORMADO;NÃO INFORMADO;ITAJAÍ;Não;Brasil;NÃO INFORMADO;SUL;1;SC;0;0;0;1;0;1;0;0;0;0;0;0;0;0;1;0;1;2025-04-29 16:22:43
2024;NÃO INFORMADO;DIVORCIADO;25 a 29 anos                  ;MASCULINO;ENSINO FUNDAMENTAL INCOMPLETO;NÃO INFORMADO;NÃO INFORMADO;ITAJAÍ;Não;Brasil;NÃO INFORMADO;SUL;1;SC;0;0;0;0;0;1;0;1;0;0;0;0;0;0;1;1;0;2025-04-29 16:22:43
2024;NÃO INFORMADO;DIVORCIADO;25 a 29 anos                  ;MASCULINO;ENSINO MÉDIO COMPLETO;NÃO INFORMADO;NÃO INFORMADO;ITAJAÍ;Não;Brasil;NÃO INFORMADO;SUL;1;SC;0;0;0;1;0;6;0;5;0;0;0;0;0;0;6;5;1;2025-04-29 16:22:43
2024;NÃO INFORMADO;DIVORCIADO;25 a 29 anos                  ;MASCULINO;ENSINO MÉDIO INCOMPLETO;NÃO INFORMADO;NÃO INFORMADO;ITAJAÍ;Não;Brasil;NÃO INFORMADO;SUL;1;SC;0;0;0;0;0;1;0;1;0;0;0;0;0;0;1;1;0;2025-04-29 16:22:43
2024;NÃO INFORMADO;DIVORCIADO;25 a 29 anos                  ;MASCULINO;SUPERIOR COMPLETO;NÃO INFORMADO;NÃO INFORMADO;ITAJAÍ;Não;Brasil;NÃO INFORMADO;SUL;1;SC;0;0;0;1;0;2;0;1;0;0;0;0;0;0;2;1;1;2025-04-29 16:22:43
2024;NÃO INFORMADO;DIVORCIADO;25 a 29 anos                  ;MASCULINO;SUPERIOR INCOMPLETO;NÃO INFORMADO;NÃO INFORMADO;ITAJAÍ;Não;Brasil;NÃO INFORMADO;SUL;1;SC;0;0;0;2;0;3;0;1;0;0;0;0;0;0;3;1;2;2025-04-29 16:22:43
2024;NÃO INFORMADO;DIVORCIADO;30 a 34 anos                  ;FEMININO;ENSINO FUNDAMENTAL COMPLETO;NÃO INFORMADO;NÃO INFORMADO;ITAJAÍ;Não;Brasil;NÃO INFORMADO;SUL;1;SC;0;0;0;2;0;9;0;7;0;0;0;0;0;0;9;7;2;2025-04-29 16:22:43
2024;NÃO INFORMADO;DIVORCIADO;30 a 34 anos                  ;FEMININO;ENSINO FUNDAMENTAL INCOMPLETO;NÃO INFORMADO;NÃO INFORMADO;ITAJAÍ;Não;Brasil;NÃO INFORMADO;SUL;1;SC;0;0;0;2;0;5;0;3;0;0;0;0;0;0;5;3;2;2025-04-29 16:22:43
2024;NÃO INFORMADO;DIVORCIADO;30 a 34 anos                  ;FEMININO;ENSINO MÉDIO COMPLETO;NÃO INFORMADO;NÃO INFORMADO;ITAJAÍ;Não;Brasil;NÃO INFORMADO;SUL;1;SC;0;0;0;25;0;77;0;52;0;0;0;0;0;0;77;52;25;2025-04-29 16:22:43
2024;NÃO INFORMADO;DIVORCIADO;30 a 34 anos                  ;FEMININO;ENSINO MÉDIO INCOMPLETO;NÃO INFORMADO;NÃO INFORMADO;ITAJAÍ;Não;Brasil;NÃO INFORMADO;SUL;1;SC;1;0;0;4;0;17;0;13;0;1;0;0;1;0;17;13;4;2025-04-29 16:22:43
2024;NÃO INFORMADO;DIVORCIADO;30 a 34 anos                  ;FEMININO;SUPERIOR COMPLETO;NÃO INFORMADO;NÃO INFORMADO;ITAJAÍ;Não;Brasil;NÃO INFORMADO;SUL;1;SC;1;0;0;9;0;42;0;33;0;1;0;0;1;0;42;33;9;2025-04-29 16:22:43
2024;NÃO INFORMADO;DIVORCIADO;30 a 34 anos                  ;FEMININO;SUPERIOR INCOMPLETO;NÃO INFORMADO;NÃO INFORMADO;ITAJAÍ;Não;Brasil;NÃO INFORMADO;SUL;1;SC;0;1;0;20;0;56;0;36;0;0;0;0;0;0;56;36;20;2025-04-29 16:22:43
2024;NÃO INFORMADO;DIVORCIADO;30 a 34 anos                  ;MASCULINO;ENSINO FUNDAMENTAL COMPLETO;NÃO INFORMADO;NÃO INFORMADO;ITAJAÍ;Não;Brasil;NÃO INFORMADO;SUL;1;SC;0;0;0;2;0;3;0;1;0;0;0;0;0;0;3;1;2;2025-04-29 16:22:43
2024;NÃO INFORMADO;DIVORCIADO;30 a 34 anos                  ;MASCULINO;ENSINO FUNDAMENTAL INCOMPLETO;NÃO INFORMADO;NÃO INFORMADO;ITAJAÍ;Não;Brasil;NÃO INFORMADO;SUL;1;SC;0;0;0;1;0;1;0;0;0;0;0;0;0;0;1;0;1;2025-04-29 16:22:43
2024;NÃO INFORMADO;DIVORCIADO;30 a 34 anos                  ;MASCULINO;ENSINO MÉDIO COMPLETO;NÃO INFORMADO;NÃO INFORMADO;ITAJAÍ;Não;Brasil;NÃO INFORMADO;SUL;1;SC;0;0;0;6;0;28;0;22;0;0;0;0;0;0;28;22;6;2025-04-29 16:22:43
2024;NÃO INFORMADO;DIVORCIADO;30 a 34 anos                  ;MASCULINO;ENSINO MÉDIO INCOMPLETO;NÃO INFORMADO;NÃO INFORMADO;ITAJAÍ;Não;Brasil;NÃO INFORMADO;SUL;1;SC;0;0;0;4;0;11;0;7;0;0;0;0;0;0;11;7;4;2025-04-29 16:22:43
2024;NÃO INFORMADO;DIVORCIADO;30 a 34 anos                  ;MASCULINO;SUPERIOR COMPLETO;NÃO INFORMADO;NÃO INFORMADO;ITAJAÍ;Não;Brasil;NÃO INFORMADO;SUL;1;SC;0;0;0;3;0;11;0;8;0;0;0;0;0;0;11;8;3;2025-04-29 16:22:43
2024;NÃO INFORMADO;DIVORCIADO;30 a 34 anos                  ;MASCULINO;SUPERIOR INCOMPLETO;NÃO INFORMADO;NÃO INFORMADO;ITAJAÍ;Não;Brasil;NÃO INFORMADO;SUL;1;SC;0;0;0;4;0;17;0;13;0;0;0;0;0;0;17;13;4;2025-04-29 16:22:43
2024;NÃO INFORMADO;DIVORCIADO;35 a 39 anos                  ;FEMININO;ENSINO FUNDAMENTAL COMPLETO;NÃO INFORMADO;NÃO INFORMADO;ITAJAÍ;Não;Brasil;NÃO INFORMADO;SUL;1;SC;0;0;0;4;0;8;0;4;0;0;0;0;0;0;8;4;4;2025-04-29 16:22:43
2024;NÃO INFORMADO;DIVORCIADO;35 a 39 anos                  ;FEMININO;ENSINO FUNDAMENTAL INCOMPLETO;NÃO INFORMADO;NÃO INFORMADO;ITAJAÍ;Não;Brasil;NÃO INFORMADO;SUL;1;SC;0;0;0;6;0;15;0;9;0;0;0;0;0;0;15;9;6;2025-04-29 16:22:43
2024;NÃO INFORMADO;DIVORCIADO;35 a 39 anos                  ;FEMININO;ENSINO MÉDIO COMPLETO;NÃO INFORMADO;NÃO INFORMADO;ITAJAÍ;Não;Brasil;NÃO INFORMADO;SUL;1;SC;0;0;0;33;0;116;0;83;0;0;0;0;0;0;116;83;33;2025-04-29 16:22:43
2024;NÃO INFORMADO;DIVORCIADO;35 a 39 anos                  ;FEMININO;ENSINO MÉDIO INCOMPLETO;NÃO INFORMADO;NÃO INFORMADO;ITAJAÍ;Não;Brasil;NÃO INFORMADO;SUL;1;SC;0;0;0;10;0;23;0;13;0;0;0;0;0;0;23;13;10;2025-04-29 16:22:43
2024;NÃO INFORMADO;DIVORCIADO;35 a 39 anos                  ;FEMININO;SUPERIOR COMPLETO;NÃO INFORMADO;NÃO INFORMADO;ITAJAÍ;Não;Brasil;NÃO INFORMADO;SUL;1;SC;0;0;0;30;0;135;0;105;0;1;1;0;0;0;135;105;30;2025-04-29 16:22:43
2024;NÃO INFORMADO;DIVORCIADO;35 a 39 anos                  ;FEMININO;SUPERIOR INCOMPLETO;NÃO INFORMADO;NÃO INFORMADO;ITAJAÍ;Não;Brasil;NÃO INFORMADO;SUL;1;SC;1;0;0;19;0;73;0;54;0;2;1;0;1;0;73;54;19;2025-04-29 16:22:43
2024;NÃO INFORMADO;DIVORCIADO;35 a 39 anos                  ;FEMININO;SUPERIOR INCOMPLETO;NÃO INFORMADO;NÃO INFORMADO;ITAJAÍ;Sim;Brasil;NÃO INFORMADO;SUL;1;SC;1;0;0;1;0;1;0;0;0;1;0;0;1;1;1;0;1;2025-04-29 16:22:43
2024;NÃO INFORMADO;DIVORCIADO;35 a 39 anos                  ;MASCULINO;ENSINO FUNDAMENTAL COMPLETO;NÃO INFORMADO;NÃO INFORMADO;ITAJAÍ;Não;Brasil;NÃO INFORMADO;SUL;1;SC;0;0;0;5;0;14;0;9;0;0;0;0;0;0;14;9;5;2025-04-29 16:22:43
2024;NÃO INFORMADO;DIVORCIADO;35 a 39 anos                  ;MASCULINO;ENSINO FUNDAMENTAL INCOMPLETO;NÃO INFORMADO;NÃO INFORMADO;ITAJAÍ;Não;Brasil;NÃO INFORMADO;SUL;1;SC;0;0;0;3;0;3;0;0;0;0;0;0;0;0;3;0;3;2025-04-29 16:22:43
2024;NÃO INFORMADO;DIVORCIADO;35 a 39 anos                  ;MASCULINO;ENSINO MÉDIO COMPLETO;NÃO INFORMADO;NÃO INFORMADO;ITAJAÍ;Não;Brasil;NÃO INFORMADO;SUL;1;SC;0;0;0;14;0;62;0;48;0;0;0;0;0;0;62;48;14;2025-04-29 16:22:43
2024;NÃO INFORMADO;DIVORCIADO;35 a 39 anos                  ;MASCULINO;ENSINO MÉDIO INCOMPLETO;NÃO INFORMADO;NÃO INFORMADO;ITAJAÍ;Não;Brasil;NÃO INFORMADO;SUL;1;SC;0;0;0;9;0;20;0;11;0;0;0;0;0;0;20;11;9;2025-04-29 16:22:43
2024;NÃO INFORMADO;DIVORCIADO;35 a 39 anos                  ;MASCULINO;SUPERIOR COMPLETO;NÃO INFORMADO;NÃO INFORMADO;ITAJAÍ;Não;Brasil;NÃO INFORMADO;SUL;1;SC;0;0;0;11;0;49;0;38;0;0;0;0;0;0;49;38;11;2025-04-29 16:22:43
2024;NÃO INFORMADO;DIVORCIADO;35 a 39 anos                  ;MASCULINO;SUPERIOR INCOMPLETO;NÃO INFORMADO;NÃO INFORMADO;ITAJAÍ;Não;Brasil;NÃO INFORMADO;SUL;1;SC;0;0;0;10;0;37;0;27;0;0;0;0;0;0;37;27;10;2025-04-29 16:22:43
2024;NÃO INFORMADO;DIVORCIADO;40 a 44 anos                  ;FEMININO;ENSINO FUNDAMENTAL COMPLETO;NÃO INFORMADO;NÃO INFORMADO;ITAJAÍ;Não;Brasil;NÃO INFORMADO;SUL;1;SC;0;0;0;16;0;32;0;16;0;0;0;0;0;0;32;16;16;2025-04-29 16:22:43
2024;NÃO INFORMADO;DIVORCIADO;40 a 44 anos                  ;FEMININO;ENSINO FUNDAMENTAL INCOMPLETO;NÃO INFORMADO;NÃO INFORMADO;ITAJAÍ;Não;Brasil;NÃO INFORMADO;SUL;1;SC;0;0;0;13;0;40;0;27;0;0;0;0;0;0;40;27;13;2025-04-29 16:22:43
2024;NÃO INFORMADO;DIVORCIADO;40 a 44 anos                  ;FEMININO;ENSINO MÉDIO COMPLETO;NÃO INFORMADO;NÃO INFORMADO;ITAJAÍ;Não;Brasil;NÃO INFORMADO;SUL;1;SC;0;0;0;46;0;184;0;138;0;0;0;0;0;0;184;138;46;2025-04-29 16:22:43
2024;NÃO INFORMADO;DIVORCIADO;40 a 44 anos                  ;FEMININO;ENSINO MÉDIO INCOMPLETO;NÃO INFORMADO;NÃO INFORMADO;ITAJAÍ;Não;Brasil;NÃO INFORMADO;SUL;1;SC;0;0;0;14;0;41;0;27;0;0;0;0;0;0;41;27;14;2025-04-29 16:22:43
2024;NÃO INFORMADO;DIVORCIADO;40 a 44 anos                  ;FEMININO;LÊ E ESCREVE;NÃO INFORMADO;NÃO INFORMADO;ITAJAÍ;Não;Brasil;NÃO INFORMADO;SUL;1;SC;0;0;0;0;0;1;0;1;0;0;0;0;0;0;1;1;0;2025-04-29 16:22:43
2024;NÃO INFORMADO;DIVORCIADO;40 a 44 anos                  ;FEMININO;SUPERIOR COMPLETO;NÃO INFORMADO;NÃO INFORMADO;ITAJAÍ;Não;Brasil;NÃO INFORMADO;SUL;1;SC;0;0;0;45;0;250;0;205;0;1;1;0;0;0;250;205;45;2025-04-29 16:22:43
2024;NÃO INFORMADO;DIVORCIADO;40 a 44 anos                  ;FEMININO;SUPERIOR INCOMPLETO;NÃO INFORMADO;NÃO INFORMADO;ITAJAÍ;Não;Brasil;NÃO INFORMADO;SUL;1;SC;0;0;0;16;0;88;0;72;0;0;0;0;0;0;88;72;16;2025-04-29 16:22:43
2024;NÃO INFORMADO;DIVORCIADO;40 a 44 anos                  ;MASCULINO;ENSINO FUNDAMENTAL COMPLETO;NÃO INFORMADO;NÃO INFORMADO;ITAJAÍ;Não;Brasil;NÃO INFORMADO;SUL;1;SC;0;0;0;5;0;26;0;21;0;0;0;0;0;0;26;21;5;2025-04-29 16:22:43
2024;NÃO INFORMADO;DIVORCIADO;40 a 44 anos                  ;MASCULINO;ENSINO FUNDAMENTAL INCOMPLETO;NÃO INFORMADO;NÃO INFORMADO;ITAJAÍ;Não;Brasil;NÃO INFORMADO;SUL;1;SC;0;1;0;7;0;31;0;24;0;0;0;0;0;0;31;24;7;2025-04-29 16:22:43
2024;NÃO INFORMADO;DIVORCIADO;40 a 44 anos                  ;MASCULINO;ENSINO MÉDIO COMPLETO;NÃO INFORMADO;NÃO INFORMADO;ITAJAÍ;Não;Brasil;NÃO INFORMADO;SUL;1;SC;0;0;0;26;0;99;0;73;0;0;0;0;0;0;99;73;26;2025-04-29 16:22:43
2024;NÃO INFORMADO;DIVORCIADO;40 a 44 anos                  ;MASCULINO;ENSINO MÉDIO INCOMPLETO;NÃO INFORMADO;NÃO INFORMADO;ITAJAÍ;Não;Brasil;NÃO INFORMADO;SUL;1;SC;0;0;0;14;0;33;0;19;0;0;0;0;0;0;33;19;14;2025-04-29 16:22:43
2024;NÃO INFORMADO;DIVORCIADO;40 a 44 anos                  ;MASCULINO;SUPERIOR COMPLETO;NÃO INFORMADO;NÃO INFORMADO;ITAJAÍ;Não;Brasil;NÃO INFORMADO;SUL;1;SC;0;0;0;13;0;85;0;72;0;0;0;0;0;0;85;72;13;2025-04-29 16:22:43
2024;NÃO INFORMADO;DIVORCIADO;40 a 44 anos                  ;MASCULINO;SUPERIOR INCOMPLETO;NÃO INFORMADO;NÃO INFORMADO;ITAJAÍ;Não;Brasil;NÃO INFORMADO;SUL;1;SC;0;0;0;6;0;49;0;43;0;0;0;0;0;0;49;43;6;2025-04-29 16:22:43
2024;NÃO INFORMADO;DIVORCIADO;45 a 49 anos                  ;FEMININO;ANALFABETO;NÃO INFORMADO;NÃO INFORMADO;ITAJAÍ;Não;Brasil;NÃO INFORMADO;SUL;1;SC;0;0;0;0;1;0;1;0;0;0;0;0;0;0;1;1;0;2025-04-29 16:22:43
2024;NÃO INFORMADO;DIVORCIADO;45 a 49 anos                  ;FEMININO;ENSINO FUNDAMENTAL COMPLETO;NÃO INFORMADO;NÃO INFORMADO;ITAJAÍ;Não;Brasil;NÃO INFORMADO;SUL;1;SC;1;0;0;17;0;49;0;32;0;1;0;0;1;0;49;32;17;2025-04-29 16:22:43
2024;NÃO INFORMADO;DIVORCIADO;45 a 49 anos                  ;FEMININO;ENSINO FUNDAMENTAL INCOMPLETO;NÃO INFORMADO;NÃO INFORMADO;ITAJAÍ;Não;Brasil;NÃO INFORMADO;SUL;1;SC;0;0;0;16;0;69;0;53;0;0;0;0;0;0;69;53;16;2025-04-29 16:22:43
2024;NÃO INFORMADO;DIVORCIADO;45 a 49 anos                  ;FEMININO;ENSINO MÉDIO COMPLETO;NÃO INFORMADO;NÃO INFORMADO;ITAJAÍ;Não;Brasil;NÃO INFORMADO;SUL;1;SC;0;0;0;45;0;219;0;174;0;0;0;0;0;0;219;174;45;2025-04-29 16:22:43
2024;NÃO INFORMADO;DIVORCIADO;45 a 49 anos                  ;FEMININO;ENSINO MÉDIO INCOMPLETO;NÃO INFORMADO;NÃO INFORMADO;ITAJAÍ;Não;Brasil;NÃO INFORMADO;SUL;1;SC;0;0;0;8;0;29;0;21;0;0;0;0;0;0;29;21;8;2025-04-29 16:22:43
2024;NÃO INFORMADO;DIVORCIADO;45 a 49 anos                  ;FEMININO;LÊ E ESCREVE;NÃO INFORMADO;NÃO INFORMADO;ITAJAÍ;Não;Brasil;NÃO INFORMADO;SUL;1;SC;0;0;0;0;0;1;0;1;0;0;0;0;0;0;1;1;0;2025-04-29 16:22:43
2024;NÃO INFORMADO;DIVORCIADO;45 a 49 anos                  ;FEMININO;SUPERIOR COMPLETO;NÃO INFORMADO;NÃO INFORMADO;ITAJAÍ;Não;Brasil;NÃO INFORMADO;SUL;1;SC;0;0;0;43;0;253;0;210;0;0;0;0;0;0;253;210;43;2025-04-29 16:22:43
2024;NÃO INFORMADO;DIVORCIADO;45 a 49 anos                  ;FEMININO;SUPERIOR INCOMPLETO;NÃO INFORMADO;NÃO INFORMADO;ITAJAÍ;Não;Brasil;NÃO INFORMADO;SUL;1;SC;0;0;0;14;0;72;0;58;0;0;0;0;0;0;72;58;14;2025-04-29 16:22:43
2024;NÃO INFORMADO;DIVORCIADO;45 a 49 anos                  ;MASCULINO;ANALFABETO;NÃO INFORMADO;NÃO INFORMADO;ITAJAÍ;Não;Brasil;NÃO INFORMADO;SUL;1;SC;0;0;0;0;1;0;0;0;0;0;0;0;0;0;1;0;1;2025-04-29 16:22:43
2024;NÃO INFORMADO;DIVORCIADO;45 a 49 anos                  ;MASCULINO;ENSINO FUNDAMENTAL COMPLETO;NÃO INFORMADO;NÃO INFORMADO;ITAJAÍ;Não;Brasil;NÃO INFORMADO;SUL;1;SC;0;0;0;10;0;30;0;20;0;1;1;0;0;0;30;20;10;2025-04-29 16:22:43
2024;NÃO INFORMADO;DIVORCIADO;45 a 49 anos                  ;MASCULINO;ENSINO FUNDAMENTAL INCOMPLETO;NÃO INFORMADO;NÃO INFORMADO;ITAJAÍ;Não;Brasil;NÃO INFORMADO;SUL;1;SC;0;0;0;11;0;49;0;38;0;0;0;0;0;0;49;38;11;2025-04-29 16:22:43
2024;NÃO INFORMADO;DIVORCIADO;45 a 49 anos                  ;MASCULINO;ENSINO MÉDIO COMPLETO;NÃO INFORMADO;NÃO INFORMADO;ITAJAÍ;Não;Brasil;NÃO INFORMADO;SUL;1;SC;0;0;0;14;0;106;0;92;0;2;2;0;0;0;106;92;14;2025-04-29 16:22:43
2024;NÃO INFORMADO;DIVORCIADO;45 a 49 anos                  ;MASCULINO;ENSINO MÉDIO INCOMPLETO;NÃO INFORMADO;NÃO INFORMADO;ITAJAÍ;Não;Brasil;NÃO INFORMADO;SUL;1;SC;0;0;0;7;0;25;0;18;0;0;0;0;0;0;25;18;7;2025-04-29 16:22:43
2024;NÃO INFORMADO;DIVORCIADO;45 a 49 anos                  ;MASCULINO;SUPERIOR COMPLETO;NÃO INFORMADO;NÃO INFORMADO;ITAJAÍ;Não;Brasil;NÃO INFORMADO;SUL;1;SC;0;0;0;22;0;107;0;85;0;0;0;0;0;0;107;85;22;2025-04-29 16:22:43
2024;NÃO INFORMADO;DIVORCIADO;45 a 49 anos                  ;MASCULINO;SUPERIOR COMPLETO;NÃO INFORMADO;NÃO INFORMADO;ITAJAÍ;Sim;Brasil;NÃO INFORMADO;SUL;1;SC;0;0;0;1;0;1;0;0;0;0;0;0;0;1;1;0;1;2025-04-29 16:22:43
2024;NÃO INFORMADO;DIVORCIADO;45 a 49 anos                  ;MASCULINO;SUPERIOR INCOMPLETO;NÃO INFORMADO;NÃO INFORMADO;ITAJAÍ;Não;Brasil;NÃO INFORMADO;SUL;1;SC;0;0;0;11;0;58;0;47;0;1;1;0;0;0;58;47;11;2025-04-29 16:22:43
2024;NÃO INFORMADO;DIVORCIADO;50 a 54 anos                  ;FEMININO;ANALFABETO;NÃO INFORMADO;NÃO INFORMADO;ITAJAÍ;Não;Brasil;NÃO INFORMADO;SUL;1;SC;0;0;0;0;2;0;2;0;0;0;0;0;0;0;2;2;0;2025-04-29 16:22:43
2024;NÃO INFORMADO;DIVORCIADO;50 a 54 anos                  ;FEMININO;ENSINO FUNDAMENTAL COMPLETO;NÃO INFORMADO;NÃO INFORMADO;ITAJAÍ;Não;Brasil;NÃO INFORMADO;SUL;1;SC;0;0;0;21;0;72;0;51;0;0;0;0;0;0;72;51;21;2025-04-29 16:22:43
2024;NÃO INFORMADO;DIVORCIADO;50 a 54 anos                  ;FEMININO;ENSINO FUNDAMENTAL INCOMPLETO;NÃO INFORMADO;NÃO INFORMADO;ITAJAÍ;Não;Brasil;NÃO INFORMADO;SUL;1;SC;0;0;0;27;0;125;0;98;0;1;1;0;0;0;125;98;27;2025-04-29 16:22:43
2024;NÃO INFORMADO;DIVORCIADO;50 a 54 anos                  ;FEMININO;ENSINO MÉDIO COMPLETO;NÃO INFORMADO;NÃO INFORMADO;ITAJAÍ;Não;Brasil;NÃO INFORMADO;SUL;1;SC;0;0;0;43;0;226;0;183;0;2;2;0;0;0;226;183;43;2025-04-29 16:22:43
2024;NÃO INFORMADO;DIVORCIADO;50 a 54 anos                  ;FEMININO;ENSINO MÉDIO INCOMPLETO;NÃO INFORMADO;NÃO INFORMADO;ITAJAÍ;Não;Brasil;NÃO INFORMADO;SUL;1;SC;0;0;0;11;0;53;0;42;0;0;0;0;0;0;53;42;11;2025-04-29 16:22:43
2024;NÃO INFORMADO;DIVORCIADO;50 a 54 anos                  ;FEMININO;LÊ E ESCREVE;NÃO INFORMADO;NÃO INFORMADO;ITAJAÍ;Não;Brasil;NÃO INFORMADO;SUL;1;SC;0;0;0;3;0;6;0;3;0;0;0;0;0;0;6;3;3;2025-04-29 16:22:43
2024;NÃO INFORMADO;DIVORCIADO;50 a 54 anos                  ;FEMININO;SUPERIOR COMPLETO;NÃO INFORMADO;NÃO INFORMADO;ITAJAÍ;Não;Brasil;NÃO INFORMADO;SUL;1;SC;0;1;0;29;0;239;0;210;0;0;0;0;0;0;239;210;29;2025-04-29 16:22:43
2024;NÃO INFORMADO;DIVORCIADO;50 a 54 anos                  ;FEMININO;SUPERIOR INCOMPLETO;NÃO INFORMADO;NÃO INFORMADO;ITAJAÍ;Não;Brasil;NÃO INFORMADO;SUL;1;SC;1;0;0;14;0;76;0;62;0;1;0;0;1;0;76;62;14;2025-04-29 16:22:43
2024;NÃO INFORMADO;DIVORCIADO;50 a 54 anos                  ;MASCULINO;ANALFABETO;NÃO INFORMADO;NÃO INFORMADO;ITAJAÍ;Não;Brasil;NÃO INFORMADO;SUL;1;SC;0;0;0;0;1;0;0;0;0;0;0;0;0;0;1;0;1;2025-04-29 16:22:43
2024;NÃO INFORMADO;DIVORCIADO;50 a 54 anos                  ;MASCULINO;ENSINO FUNDAMENTAL COMPLETO;NÃO INFORMADO;NÃO INFORMADO;ITAJAÍ;Não;Brasil;NÃO INFORMADO;SUL;1;SC;0;0;0;8;0;44;0;36;0;0;0;0;0;0;44;36;8;2025-04-29 16:22:43
2024;NÃO INFORMADO;DIVORCIADO;50 a 54 anos                  ;MASCULINO;ENSINO FUNDAMENTAL INCOMPLETO;NÃO INFORMADO;NÃO INFORMADO;ITAJAÍ;Não;Brasil;NÃO INFORMADO;SUL;1;SC;0;0;0;7;0;56;0;49;0;1;1;0;0;0;56;49;7;2025-04-29 16:22:43
2024;NÃO INFORMADO;DIVORCIADO;50 a 54 anos                  ;MASCULINO;ENSINO MÉDIO COMPLETO;NÃO INFORMADO;NÃO INFORMADO;ITAJAÍ;Não;Brasil;NÃO INFORMADO;SUL;1;SC;1;0;0;28;0;129;0;101;0;1;0;0;1;0;129;101;28;2025-04-29 16:22:43
2024;NÃO INFORMADO;DIVORCIADO;50 a 54 anos                  ;MASCULINO;ENSINO MÉDIO INCOMPLETO;NÃO INFORMADO;NÃO INFORMADO;ITAJAÍ;Não;Brasil;NÃO INFORMADO;SUL;1;SC;0;0;0;8;0;33;0;25;0;0;0;0;0;0;33;25;8;2025-04-29 16:22:43
2024;NÃO INFORMADO;DIVORCIADO;50 a 54 anos                  ;MASCULINO;LÊ E ESCREVE;NÃO INFORMADO;NÃO INFORMADO;ITAJAÍ;Não;Brasil;NÃO INFORMADO;SUL;1;SC;0;0;0;1;0;3;0;2;0;0;0;0;0;0;3;2;1;2025-04-29 16:22:43
2024;NÃO INFORMADO;DIVORCIADO;50 a 54 anos                  ;MASCULINO;SUPERIOR COMPLETO;NÃO INFORMADO;NÃO INFORMADO;ITAJAÍ;Não;Brasil;NÃO INFORMADO;SUL;1;SC;0;0;0;24;0;109;0;85;0;0;0;0;0;0;109;85;24;2025-04-29 16:22:43
2024;NÃO INFORMADO;DIVORCIADO;50 a 54 anos                  ;MASCULINO;SUPERIOR INCOMPLETO;NÃO INFORMADO;NÃO INFORMADO;ITAJAÍ;Não;Brasil;NÃO INFORMADO;SUL;1;SC;0;0;0;6;0;52;0;46;0;1;1;0;0;0;52;46;6;2025-04-29 16:22:43
2024;NÃO INFORMADO;DIVORCIADO;55 a 59 anos                  ;FEMININO;ANALFABETO;NÃO INFORMADO;NÃO INFORMADO;ITAJAÍ;Não;Brasil;NÃO INFORMADO;SUL;1;SC;0;0;0;0;4;0;2;0;0;0;0;0;0;0;4;2;2;2025-04-29 16:22:43
2024;NÃO INFORMADO;DIVORCIADO;55 a 59 anos                  ;FEMININO;ENSINO FUNDAMENTAL COMPLETO;NÃO INFORMADO;NÃO INFORMADO;ITAJAÍ;Não;Brasil;NÃO INFORMADO;SUL;1;SC;0;0;0;24;0;107;0;83;0;1;1;0;0;0;107;83;24;2025-04-29 16:22:43
2024;NÃO INFORMADO;DIVORCIADO;55 a 59 anos                  ;FEMININO;ENSINO FUNDAMENTAL INCOMPLETO;NÃO INFORMADO;NÃO INFORMADO;ITAJAÍ;Não;Brasil;NÃO INFORMADO;SUL;1;SC;0;0;0;25;0;196;0;171;0;1;1;0;0;0;196;171;25;2025-04-29 16:22:43
2024;NÃO INFORMADO;DIVORCIADO;55 a 59 anos                  ;FEMININO;ENSINO MÉDIO COMPLETO;NÃO INFORMADO;NÃO INFORMADO;ITAJAÍ;Não;Brasil;NÃO INFORMADO;SUL;1;SC;0;0;0;32;0;235;0;203;0;1;1;0;0;0;235;203;32;2025-04-29 16:22:43
2024;NÃO INFORMADO;DIVORCIADO;55 a 59 anos                  ;FEMININO;ENSINO MÉDIO INCOMPLETO;NÃO INFORMADO;NÃO INFORMADO;ITAJAÍ;Não;Brasil;NÃO INFORMADO;SUL;1;SC;0;0;0;9;0;46;0;37;0;0;0;0;0;0;46;37;9;2025-04-29 16:22:43
2024;NÃO INFORMADO;DIVORCIADO;55 a 59 anos                  ;FEMININO;LÊ E ESCREVE;NÃO INFORMADO;NÃO INFORMADO;ITAJAÍ;Não;Brasil;NÃO INFORMADO;SUL;1;SC;0;0;0;3;0;14;0;11;0;0;0;0;0;0;14;11;3;2025-04-29 16:22:43
2024;NÃO INFORMADO;DIVORCIADO;55 a 59 anos                  ;FEMININO;SUPERIOR COMPLETO;NÃO INFORMADO;NÃO INFORMADO;ITAJAÍ;Não;Brasil;NÃO INFORMADO;SUL;1;SC;2;2;0;37;0;253;0;216;0;5;3;0;2;0;253;216;37;2025-04-29 16:22:43
2024;NÃO INFORMADO;DIVORCIADO;55 a 59 anos                  ;FEMININO;SUPERIOR INCOMPLETO;NÃO INFORMADO;NÃO INFORMADO;ITAJAÍ;Não;Brasil;NÃO INFORMADO;SUL;1;SC;0;0;0;10;0;54;0;44;0;1;1;0;0;0;54;44;10;2025-04-29 16:22:43
2024;NÃO INFORMADO;DIVORCIADO;55 a 59 anos                  ;MASCULINO;ANALFABETO;NÃO INFORMADO;NÃO INFORMADO;ITAJAÍ;Não;Brasil;NÃO INFORMADO;SUL;1;SC;0;0;0;0;3;0;3;0;0;0;0;0;0;0;3;3;0;2025-04-29 16:22:43
2024;NÃO INFORMADO;DIVORCIADO;55 a 59 anos                  ;MASCULINO;ENSINO FUNDAMENTAL COMPLETO;NÃO INFORMADO;NÃO INFORMADO;ITAJAÍ;Não;Brasil;NÃO INFORMADO;SUL;1;SC;0;0;0;20;0;76;0;56;0;0;0;0;0;0;76;56;20;2025-04-29 16:22:43
2024;NÃO INFORMADO;DIVORCIADO;55 a 59 anos                  ;MASCULINO;ENSINO FUNDAMENTAL INCOMPLETO;NÃO INFORMADO;NÃO INFORMADO;ITAJAÍ;Não;Brasil;NÃO INFORMADO;SUL;1;SC;0;0;0;25;0;103;0;78;0;2;2;0;0;0;103;78;25;2025-04-29 16:22:43
2024;NÃO INFORMADO;DIVORCIADO;55 a 59 anos                  ;MASCULINO;ENSINO MÉDIO COMPLETO;NÃO INFORMADO;NÃO INFORMADO;ITAJAÍ;Não;Brasil;NÃO INFORMADO;SUL;1;SC;0;0;0;31;0;125;0;94;0;1;1;0;0;0;125;94;31;2025-04-29 16:22:43
2024;NÃO INFORMADO;DIVORCIADO;55 a 59 anos                  ;MASCULINO;ENSINO MÉDIO INCOMPLETO;NÃO INFORMADO;NÃO INFORMADO;ITAJAÍ;Não;Brasil;NÃO INFORMADO;SUL;1;SC;0;0;0;6;0;40;0;34;0;0;0;0;0;0;40;34;6;2025-04-29 16:22:43
2024;NÃO INFORMADO;DIVORCIADO;55 a 59 anos                  ;MASCULINO;LÊ E ESCREVE;NÃO INFORMADO;NÃO INFORMADO;ITAJAÍ;Não;Brasil;NÃO INFORMADO;SUL;1;SC;0;0;0;1;0;7;0;6;0;0;0;0;0;0;7;6;1;2025-04-29 16:22:43
2024;NÃO INFORMADO;DIVORCIADO;55 a 59 anos                  ;MASCULINO;SUPERIOR COMPLETO;NÃO INFORMADO;NÃO INFORMADO;ITAJAÍ;Não;Brasil;NÃO INFORMADO;SUL;1;SC;0;0;0;12;0;102;0;90;0;2;2;0;0;0;102;90;12;2025-04-29 16:22:43
2024;NÃO INFORMADO;DIVORCIADO;55 a 59 anos                  ;MASCULINO;SUPERIOR INCOMPLETO;NÃO INFORMADO;NÃO INFORMADO;ITAJAÍ;Não;Brasil;NÃO INFORMADO;SUL;1;SC;0;0;0;10;0;40;0;30;0;0;0;0;0;0;40;30;10;2025-04-29 16:22:43
2024;NÃO INFORMADO;DIVORCIADO;60 a 64 anos                  ;FEMININO;ANALFABETO;NÃO INFORMADO;NÃO INFORMADO;ITAJAÍ;Não;Brasil;NÃO INFORMADO;SUL;1;SC;1;0;0;0;7;0;4;0;1;0;0;1;0;0;7;4;3;2025-04-29 16:22:43
2024;NÃO INFORMADO;DIVORCIADO;60 a 64 anos                  ;FEMININO;ENSINO FUNDAMENTAL COMPLETO;NÃO INFORMADO;NÃO INFORMADO;ITAJAÍ;Não;Brasil;NÃO INFORMADO;SUL;1;SC;0;0;0;24;0;122;0;98;0;1;1;0;0;0;122;98;24;2025-04-29 16:22:43
2024;NÃO INFORMADO;DIVORCIADO;60 a 64 anos                  ;FEMININO;ENSINO FUNDAMENTAL INCOMPLETO;NÃO INFORMADO;NÃO INFORMADO;ITAJAÍ;Não;Brasil;NÃO INFORMADO;SUL;1;SC;0;0;0;40;0;224;0;184;0;1;1;0;0;0;224;184;40;2025-04-29 16:22:43
2024;NÃO INFORMADO;DIVORCIADO;60 a 64 anos                  ;FEMININO;ENSINO MÉDIO COMPLETO;NÃO INFORMADO;NÃO INFORMADO;ITAJAÍ;Não;Brasil;NÃO INFORMADO;SUL;1;SC;0;0;0;30;0;211;0;181;0;1;1;0;0;0;211;181;30;2025-04-29 16:22:43
2024;NÃO INFORMADO;DIVORCIADO;60 a 64 anos                  ;FEMININO;ENSINO MÉDIO INCOMPLETO;NÃO INFORMADO;NÃO INFORMADO;ITAJAÍ;Não;Brasil;NÃO INFORMADO;SUL;1;SC;0;0;0;9;0;49;0;40;0;0;0;0;0;0;49;40;9;2025-04-29 16:22:43
2024;NÃO INFORMADO;DIVORCIADO;60 a 64 anos                  ;FEMININO;LÊ E ESCREVE;NÃO INFORMADO;NÃO INFORMADO;ITAJAÍ;Não;Brasil;NÃO INFORMADO;SUL;1;SC;1;0;0;3;0;22;0;19;0;2;1;0;1;0;22;19;3;2025-04-29 16:22:43
2024;NÃO INFORMADO;DIVORCIADO;60 a 64 anos                  ;FEMININO;SUPERIOR COMPLETO;NÃO INFORMADO;NÃO INFORMADO;ITAJAÍ;Não;Brasil;NÃO INFORMADO;SUL;1;SC;1;0;0;28;0;206;0;178;0;1;0;0;1;0;206;178;28;2025-04-29 16:22:43
2024;NÃO INFORMADO;DIVORCIADO;60 a 64 anos                  ;FEMININO;SUPERIOR INCOMPLETO;NÃO INFORMADO;NÃO INFORMADO;ITAJAÍ;Não;Brasil;NÃO INFORMADO;SUL;1;SC;1;0;0;8;0;52;0;44;0;1;0;0;1;0;52;44;8;2025-04-29 16:22:43
2024;NÃO INFORMADO;DIVORCIADO;60 a 64 anos                  ;MASCULINO;ANALFABETO;NÃO INFORMADO;NÃO INFORMADO;ITAJAÍ;Não;Brasil;NÃO INFORMADO;SUL;1;SC;0;0;0;0;1;0;1;0;0;0;0;0;0;0;1;1;0;2025-04-29 16:22:43
2024;NÃO INFORMADO;DIVORCIADO;60 a 64 anos                  ;MASCULINO;ENSINO FUNDAMENTAL COMPLETO;NÃO INFORMADO;NÃO INFORMADO;ITAJAÍ;Não;Brasil;NÃO INFORMADO;SUL;1;SC;0;0;0;14;0;69;0;55;0;1;1;0;0;0;69;55;14;2025-04-29 16:22:43
2024;NÃO INFORMADO;DIVORCIADO;60 a 64 anos                  ;MASCULINO;ENSINO FUNDAMENTAL INCOMPLETO;NÃO INFORMADO;NÃO INFORMADO;ITAJAÍ;Não;Brasil;NÃO INFORMADO;SUL;1;SC;0;0;0;17;0;102;0;85;0;1;1;0;0;0;102;85;17;2025-04-29 16:22:43
2024;NÃO INFORMADO;DIVORCIADO;60 a 64 anos                  ;MASCULINO;ENSINO MÉDIO COMPLETO;NÃO INFORMADO;NÃO INFORMADO;ITAJAÍ;Não;Brasil;NÃO INFORMADO;SUL;1;SC;0;0;0;22;0;122;0;100;0;0;0;0;0;0;122;100;22;2025-04-29 16:22:43
2024;NÃO INFORMADO;DIVORCIADO;60 a 64 anos                  ;MASCULINO;ENSINO MÉDIO INCOMPLETO;NÃO INFORMADO;NÃO INFORMADO;ITAJAÍ;Não;Brasil;NÃO INFORMADO;SUL;1;SC;1;0;0;8;0;25;0;17;0;2;1;0;1;0;25;17;8;2025-04-29 16:22:43
2024;NÃO INFORMADO;DIVORCIADO;60 a 64 anos                  ;MASCULINO;LÊ E ESCREVE;NÃO INFORMADO;NÃO INFORMADO;ITAJAÍ;Não;Brasil;NÃO INFORMADO;SUL;1;SC;0;0;0;3;0;13;0;10;0;0;0;0;0;0;13;10;3;2025-04-29 16:22:43
2024;NÃO INFORMADO;DIVORCIADO;60 a 64 anos                  ;MASCULINO;SUPERIOR COMPLETO;NÃO INFORMADO;NÃO INFORMADO;ITAJAÍ;Não;Brasil;NÃO INFORMADO;SUL;1;SC;0;0;0;14;0;104;0;90;0;1;1;0;0;0;104;90;14;2025-04-29 16:22:43
2024;NÃO INFORMADO;DIVORCIADO;60 a 64 anos                  ;MASCULINO;SUPERIOR INCOMPLETO;NÃO INFORMADO;NÃO INFORMADO;ITAJAÍ;Não;Brasil;NÃO INFORMADO;SUL;1;SC;0;0;0;10;0;45;0;35;0;0;0;0;0;0;45;35;10;2025-04-29 16:22:43
2024;NÃO INFORMADO;DIVORCIADO;65 a 69 anos                  ;FEMININO;ANALFABETO;NÃO INFORMADO;NÃO INFORMADO;ITAJAÍ;Não;Brasil;NÃO INFORMADO;SUL;1;SC;1;0;0;0;8;0;4;0;1;0;0;1;0;0;8;4;4;2025-04-29 16:22:43
2024;NÃO INFORMADO;DIVORCIADO;65 a 69 anos                  ;FEMININO;ENSINO FUNDAMENTAL COMPLETO;NÃO INFORMADO;NÃO INFORMADO;ITAJAÍ;Não;Brasil;NÃO INFORMADO;SUL;1;SC;1;0;0;12;0;80;0;68;0;2;1;0;1;0;80;68;12;2025-04-29 16:22:43
2024;NÃO INFORMADO;DIVORCIADO;65 a 69 anos                  ;FEMININO;ENSINO FUNDAMENTAL INCOMPLETO;NÃO INFORMADO;NÃO INFORMADO;ITAJAÍ;Não;Brasil;NÃO INFORMADO;SUL;1;SC;0;0;0;33;0;213;0;180;0;1;1;0;0;0;213;180;33;2025-04-29 16:22:43
2024;NÃO INFORMADO;DIVORCIADO;65 a 69 anos                  ;FEMININO;ENSINO MÉDIO COMPLETO;NÃO INFORMADO;NÃO INFORMADO;ITAJAÍ;Não;Brasil;NÃO INFORMADO;SUL;1;SC;0;0;0;23;0;147;0;124;0;1;1;0;0;0;147;124;23;2025-04-29 16:22:43
2024;NÃO INFORMADO;DIVORCIADO;65 a 69 anos                  ;FEMININO;ENSINO MÉDIO INCOMPLETO;NÃO INFORMADO;NÃO INFORMADO;ITAJAÍ;Não;Brasil;NÃO INFORMADO;SUL;1;SC;0;0;0;6;0;41;0;35;0;0;0;0;0;0;41;35;6;2025-04-29 16:22:43
2024;NÃO INFORMADO;DIVORCIADO;65 a 69 anos                  ;FEMININO;LÊ E ESCREVE;NÃO INFORMADO;NÃO INFORMADO;ITAJAÍ;Não;Brasil;NÃO INFORMADO;SUL;1;SC;0;0;0;9;0;45;0;36;0;0;0;0;0;0;45;36;9;2025-04-29 16:22:43
2024;NÃO INFORMADO;DIVORCIADO;65 a 69 anos                  ;FEMININO;SUPERIOR COMPLETO;NÃO INFORMADO;NÃO INFORMADO;ITAJAÍ;Não;Brasil;NÃO INFORMADO;SUL;1;SC;0;0;0;26;0;142;0;116;0;2;2;0;0;0;142;116;26;2025-04-29 16:22:43
2024;NÃO INFORMADO;DIVORCIADO;65 a 69 anos                  ;FEMININO;SUPERIOR INCOMPLETO;NÃO INFORMADO;NÃO INFORMADO;ITAJAÍ;Não;Brasil;NÃO INFORMADO;SUL;1;SC;0;0;0;6;0;29;0;23;0;0;0;0;0;0;29;23;6;2025-04-29 16:22:43
2024;NÃO INFORMADO;DIVORCIADO;65 a 69 anos                  ;MASCULINO;ANALFABETO;NÃO INFORMADO;NÃO INFORMADO;ITAJAÍ;Não;Brasil;NÃO INFORMADO;SUL;1;SC;0;0;0;0;2;0;2;0;0;0;0;0;0;0;2;2;0;2025-04-29 16:22:43
2024;NÃO INFORMADO;DIVORCIADO;65 a 69 anos                  ;MASCULINO;ENSINO FUNDAMENTAL COMPLETO;NÃO INFORMADO;NÃO INFORMADO;ITAJAÍ;Não;Brasil;NÃO INFORMADO;SUL;1;SC;0;0;0;12;0;65;0;53;0;0;0;0;0;0;65;53;12;2025-04-29 16:22:43
2024;NÃO INFORMADO;DIVORCIADO;65 a 69 anos                  ;MASCULINO;ENSINO FUNDAMENTAL INCOMPLETO;NÃO INFORMADO;NÃO INFORMADO;ITAJAÍ;Não;Brasil;NÃO INFORMADO;SUL;1;SC;0;0;0;24;0;128;0;104;0;0;0;0;0;0;128;104;24;2025-04-29 16:22:43
2024;NÃO INFORMADO;DIVORCIADO;65 a 69 anos                  ;MASCULINO;ENSINO MÉDIO COMPLETO;NÃO INFORMADO;NÃO INFORMADO;ITAJAÍ;Não;Brasil;NÃO INFORMADO;SUL;1;SC;0;0;0;21;0;100;0;79;0;1;1;0;0;0;100;79;21;2025-04-29 16:22:43
2024;NÃO INFORMADO;DIVORCIADO;65 a 69 anos                  ;MASCULINO;ENSINO MÉDIO INCOMPLETO;NÃO INFORMADO;NÃO INFORMADO;ITAJAÍ;Não;Brasil;NÃO INFORMADO;SUL;1;SC;1;0;0;3;0;30;0;27;0;1;0;0;1;0;30;27;3;2025-04-29 16:22:43
2024;NÃO INFORMADO;DIVORCIADO;65 a 69 anos                  ;MASCULINO;LÊ E ESCREVE;NÃO INFORMADO;NÃO INFORMADO;ITAJAÍ;Não;Brasil;NÃO INFORMADO;SUL;1;SC;0;0;0;2;0;14;0;12;0;0;0;0;0;0;14;12;2;2025-04-29 16:22:43
2024;NÃO INFORMADO;DIVORCIADO;65 a 69 anos                  ;MASCULINO;SUPERIOR COMPLETO;NÃO INFORMADO;NÃO INFORMADO;ITAJAÍ;Não;Brasil;NÃO INFORMADO;SUL;1;SC;1;0;0;13;0;64;0;51;0;1;0;0;1;0;64;51;13;2025-04-29 16:22:43
2024;NÃO INFORMADO;DIVORCIADO;65 a 69 anos                  ;MASCULINO;SUPERIOR INCOMPLETO;NÃO INFORMADO;NÃO INFORMADO;ITAJAÍ;Não;Brasil;NÃO INFORMADO;SUL;1;SC;0;0;0;4;0;38;0;34;0;1;1;0;0;0;38;34;4;2025-04-29 16:22:43
2024;NÃO INFORMADO;DIVORCIADO;70 a 74 anos                  ;FEMININO;ANALFABETO;NÃO INFORMADO;NÃO INFORMADO;ITAJAÍ;Não;Brasil;NÃO INFORMADO;SUL;1;SC;0;0;0;0;11;0;6;0;1;0;1;0;0;0;11;6;5;2025-04-29 16:22:43
2024;NÃO INFORMADO;DIVORCIADO;70 a 74 anos                  ;FEMININO;ENSINO FUNDAMENTAL COMPLETO;NÃO INFORMADO;NÃO INFORMADO;ITAJAÍ;Não;Brasil;NÃO INFORMADO;SUL;1;SC;0;0;0;0;57;0;36;0;0;0;0;0;0;0;57;36;21;2025-04-29 16:22:43
2024;NÃO INFORMADO;DIVORCIADO;70 a 74 anos                  ;FEMININO;ENSINO FUNDAMENTAL INCOMPLETO;NÃO INFORMADO;NÃO INFORMADO;ITAJAÍ;Não;Brasil;NÃO INFORMADO;SUL;1;SC;4;0;0;0;157;0;89;0;5;0;1;4;0;0;157;89;68;2025-04-29 16:22:43
2024;NÃO INFORMADO;DIVORCIADO;70 a 74 anos                  ;FEMININO;ENSINO MÉDIO COMPLETO;NÃO INFORMADO;NÃO INFORMADO;ITAJAÍ;Não;Brasil;NÃO INFORMADO;SUL;1;SC;0;0;0;0;73;0;50;0;3;0;3;0;0;0;73;50;23;2025-04-29 16:22:43
2024;NÃO INFORMADO;DIVORCIADO;70 a 74 anos                  ;FEMININO;ENSINO MÉDIO INCOMPLETO;NÃO INFORMADO;NÃO INFORMADO;ITAJAÍ;Não;Brasil;NÃO INFORMADO;SUL;1;SC;0;0;0;0;24;0;17;0;0;0;0;0;0;0;24;17;7;2025-04-29 16:22:43
2024;NÃO INFORMADO;DIVORCIADO;70 a 74 anos                  ;FEMININO;LÊ E ESCREVE;NÃO INFORMADO;NÃO INFORMADO;ITAJAÍ;Não;Brasil;NÃO INFORMADO;SUL;1;SC;0;0;0;0;36;0;18;0;0;0;0;0;0;0;36;18;18;2025-04-29 16:22:43
2024;NÃO INFORMADO;DIVORCIADO;70 a 74 anos                  ;FEMININO;SUPERIOR COMPLETO;NÃO INFORMADO;NÃO INFORMADO;ITAJAÍ;Não;Brasil;NÃO INFORMADO;SUL;1;SC;0;0;0;0;59;0;44;0;1;0;1;0;0;0;59;44;15;2025-04-29 16:22:43
2024;NÃO INFORMADO;DIVORCIADO;70 a 74 anos                  ;FEMININO;SUPERIOR INCOMPLETO;NÃO INFORMADO;NÃO INFORMADO;ITAJAÍ;Não;Brasil;NÃO INFORMADO;SUL;1;SC;0;0;0;0;15;0;8;0;0;0;0;0;0;0;15;8;7;2025-04-29 16:22:43
2024;NÃO INFORMADO;DIVORCIADO;70 a 74 anos                  ;MASCULINO;ANALFABETO;NÃO INFORMADO;NÃO INFORMADO;ITAJAÍ;Não;Brasil;NÃO INFORMADO;SUL;1;SC;0;0;0;0;3;0;1;0;0;0;0;0;0;0;3;1;2;2025-04-29 16:22:43
2024;NÃO INFORMADO;DIVORCIADO;70 a 74 anos                  ;MASCULINO;ENSINO FUNDAMENTAL COMPLETO;NÃO INFORMADO;NÃO INFORMADO;ITAJAÍ;Não;Brasil;NÃO INFORMADO;SUL;1;SC;1;0;0;0;36;0;23;0;1;0;0;1;0;0;36;23;13;2025-04-29 16:22:43
2024;NÃO INFORMADO;DIVORCIADO;70 a 74 anos                  ;MASCULINO;ENSINO FUNDAMENTAL INCOMPLETO;NÃO INFORMADO;NÃO INFORMADO;ITAJAÍ;Não;Brasil;NÃO INFORMADO;SUL;1;SC;0;0;0;0;73;0;43;0;0;0;0;0;0;0;73;43;30;2025-04-29 16:22:43
2024;NÃO INFORMADO;DIVORCIADO;70 a 74 anos                  ;MASCULINO;ENSINO MÉDIO COMPLETO;NÃO INFORMADO;NÃO INFORMADO;ITAJAÍ;Não;Brasil;NÃO INFORMADO;SUL;1;SC;0;0;0;0;61;0;39;0;0;0;0;0;0;0;61;39;22;2025-04-29 16:22:43
2024;NÃO INFORMADO;DIVORCIADO;70 a 74 anos                  ;MASCULINO;ENSINO MÉDIO INCOMPLETO;NÃO INFORMADO;NÃO INFORMADO;ITAJAÍ;Não;Brasil;NÃO INFORMADO;SUL;1;SC;0;0;0;0;21;0;13;0;0;0;0;0;0;0;21;13;8;2025-04-29 16:22:43
2024;NÃO INFORMADO;DIVORCIADO;70 a 74 anos                  ;MASCULINO;LÊ E ESCREVE;NÃO INFORMADO;NÃO INFORMADO;ITAJAÍ;Não;Brasil;NÃO INFORMADO;SUL;1;SC;0;0;0;0;21;0;12;0;1;0;1;0;0;0;21;12;9;2025-04-29 16:22:43
2024;NÃO INFORMADO;DIVORCIADO;70 a 74 anos                  ;MASCULINO;SUPERIOR COMPLETO;NÃO INFORMADO;NÃO INFORMADO;ITAJAÍ;Não;Brasil;NÃO INFORMADO;SUL;1;SC;0;0;0;0;47;0;37;0;0;0;0;0;0;0;47;37;10;2025-04-29 16:22:43
2024;NÃO INFORMADO;DIVORCIADO;70 a 74 anos                  ;MASCULINO;SUPERIOR INCOMPLETO;NÃO INFORMADO;NÃO INFORMADO;ITAJAÍ;Não;Brasil;NÃO INFORMADO;SUL;1;SC;0;0;0;0;13;0;6;0;0;0;0;0;0;0;13;6;7;2025-04-29 16:22:43
2024;NÃO INFORMADO;DIVORCIADO;75 a 79 anos                  ;FEMININO;ANALFABETO;NÃO INFORMADO;NÃO INFORMADO;ITAJAÍ;Não;Brasil;NÃO INFORMADO;SUL;1;SC;1;0;0;0;3;0;2;0;1;0;0;1;0;0;3;2;1;2025-04-29 16:22:43
2024;NÃO INFORMADO;DIVORCIADO;75 a 79 anos                  ;FEMININO;ENSINO FUNDAMENTAL COMPLETO;NÃO INFORMADO;NÃO INFORMADO;ITAJAÍ;Não;Brasil;NÃO INFORMADO;SUL;1;SC;0;0;0;0;15;0;6;0;0;0;0;0;0;0;15;6;9;2025-04-29 16:22:43
2024;NÃO INFORMADO;DIVORCIADO;75 a 79 anos                  ;FEMININO;ENSINO FUNDAMENTAL INCOMPLETO;NÃO INFORMADO;NÃO INFORMADO;ITAJAÍ;Não;Brasil;NÃO INFORMADO;SUL;1;SC;0;0;0;0;48;0;28;0;2;0;2;0;0;0;48;28;20;2025-04-29 16:22:43
2024;NÃO INFORMADO;DIVORCIADO;75 a 79 anos                  ;FEMININO;ENSINO MÉDIO COMPLETO;NÃO INFORMADO;NÃO INFORMADO;ITAJAÍ;Não;Brasil;NÃO INFORMADO;SUL;1;SC;0;0;0;0;23;0;14;0;0;0;0;0;0;0;23;14;9;2025-04-29 16:22:43
2024;NÃO INFORMADO;DIVORCIADO;75 a 79 anos                  ;FEMININO;ENSINO MÉDIO INCOMPLETO;NÃO INFORMADO;NÃO INFORMADO;ITAJAÍ;Não;Brasil;NÃO INFORMADO;SUL;1;SC;0;0;0;0;3;0;2;0;0;0;0;0;0;0;3;2;1;2025-04-29 16:22:43
2024;NÃO INFORMADO;DIVORCIADO;75 a 79 anos                  ;FEMININO;LÊ E ESCREVE;NÃO INFORMADO;NÃO INFORMADO;ITAJAÍ;Não;Brasil;NÃO INFORMADO;SUL;1;SC;1;0;0;0;16;0;9;0;1;0;0;1;0;0;16;9;7;2025-04-29 16:22:43
2024;NÃO INFORMADO;DIVORCIADO;75 a 79 anos                  ;FEMININO;SUPERIOR COMPLETO;NÃO INFORMADO;NÃO INFORMADO;ITAJAÍ;Não;Brasil;NÃO INFORMADO;SUL;1;SC;0;0;0;0;20;0;12;0;0;0;0;0;0;0;20;12;8;2025-04-29 16:22:43
2024;NÃO INFORMADO;DIVORCIADO;75 a 79 anos                  ;FEMININO;SUPERIOR INCOMPLETO;NÃO INFORMADO;NÃO INFORMADO;ITAJAÍ;Não;Brasil;NÃO INFORMADO;SUL;1;SC;0;0;0;0;4;0;2;0;0;0;0;0;0;0;4;2;2;2025-04-29 16:22:43
2024;NÃO INFORMADO;DIVORCIADO;75 a 79 anos                  ;MASCULINO;ENSINO FUNDAMENTAL COMPLETO;NÃO INFORMADO;NÃO INFORMADO;ITAJAÍ;Não;Brasil;NÃO INFORMADO;SUL;1;SC;0;0;0;0;9;0;4;0;1;0;1;0;0;0;9;4;5;2025-04-29 16:22:43
2024;NÃO INFORMADO;DIVORCIADO;75 a 79 anos                  ;MASCULINO;ENSINO FUNDAMENTAL INCOMPLETO;NÃO INFORMADO;NÃO INFORMADO;ITAJAÍ;Não;Brasil;NÃO INFORMADO;SUL;1;SC;0;0;0;0;33;0;16;0;0;0;0;0;0;0;33;16;17;2025-04-29 16:22:43
2024;NÃO INFORMADO;DIVORCIADO;75 a 79 anos                  ;MASCULINO;ENSINO MÉDIO COMPLETO;NÃO INFORMADO;NÃO INFORMADO;ITAJAÍ;Não;Brasil;NÃO INFORMADO;SUL;1;SC;0;0;0;0;18;0;11;0;0;0;0;0;0;0;18;11;7;2025-04-29 16:22:43
2024;NÃO INFORMADO;DIVORCIADO;75 a 79 anos                  ;MASCULINO;ENSINO MÉDIO INCOMPLETO;NÃO INFORMADO;NÃO INFORMADO;ITAJAÍ;Não;Brasil;NÃO INFORMADO;SUL;1;SC;0;0;0;0;5;0;4;0;0;0;0;0;0;0;5;4;1;2025-04-29 16:22:43
2024;NÃO INFORMADO;DIVORCIADO;75 a 79 anos                  ;MASCULINO;LÊ E ESCREVE;NÃO INFORMADO;NÃO INFORMADO;ITAJAÍ;Não;Brasil;NÃO INFORMADO;SUL;1;SC;0;0;0;0;7;0;3;0;0;0;0;0;0;0;7;3;4;2025-04-29 16:22:43
2024;NÃO INFORMADO;DIVORCIADO;75 a 79 anos                  ;MASCULINO;SUPERIOR COMPLETO;NÃO INFORMADO;NÃO INFORMADO;ITAJAÍ;Não;Brasil;NÃO INFORMADO;SUL;1;SC;0;0;0;0;18;0;13;0;0;0;0;0;0;0;18;13;5;2025-04-29 16:22:43
2024;NÃO INFORMADO;DIVORCIADO;75 a 79 anos                  ;MASCULINO;SUPERIOR INCOMPLETO;NÃO INFORMADO;NÃO INFORMADO;ITAJAÍ;Não;Brasil;NÃO INFORMADO;SUL;1;SC;0;0;0;0;5;0;3;0;0;0;0;0;0;0;5;3;2;2025-04-29 16:22:43
2024;NÃO INFORMADO;DIVORCIADO;80 a 84 anos                  ;FEMININO;ANALFABETO;NÃO INFORMADO;NÃO INFORMADO;ITAJAÍ;Não;Brasil;NÃO INFORMADO;SUL;1;SC;0;0;0;0;1;0;0;0;0;0;0;0;0;0;1;0;1;2025-04-29 16:22:43
2024;NÃO INFORMADO;DIVORCIADO;80 a 84 anos                  ;FEMININO;ENSINO FUNDAMENTAL COMPLETO;NÃO INFORMADO;NÃO INFORMADO;ITAJAÍ;Não;Brasil;NÃO INFORMADO;SUL;1;SC;1;0;0;0;5;0;1;0;1;0;0;1;0;0;5;1;4;2025-04-29 16:22:43
2024;NÃO INFORMADO;DIVORCIADO;80 a 84 anos                  ;FEMININO;ENSINO FUNDAMENTAL INCOMPLETO;NÃO INFORMADO;NÃO INFORMADO;ITAJAÍ;Não;Brasil;NÃO INFORMADO;SUL;1;SC;1;0;0;0;14;0;5;0;2;0;1;1;0;0;14;5;9;2025-04-29 16:22:43
2024;NÃO INFORMADO;DIVORCIADO;80 a 84 anos                  ;FEMININO;ENSINO MÉDIO COMPLETO;NÃO INFORMADO;NÃO INFORMADO;ITAJAÍ;Não;Brasil;NÃO INFORMADO;SUL;1;SC;0;0;0;0;6;0;5;0;0;0;0;0;0;0;6;5;1;2025-04-29 16:22:43
2024;NÃO INFORMADO;DIVORCIADO;80 a 84 anos                  ;FEMININO;ENSINO MÉDIO INCOMPLETO;NÃO INFORMADO;NÃO INFORMADO;ITAJAÍ;Não;Brasil;NÃO INFORMADO;SUL;1;SC;0;0;0;0;1;0;0;0;0;0;0;0;0;0;1;0;1;2025-04-29 16:22:43
2024;NÃO INFORMADO;DIVORCIADO;80 a 84 anos                  ;FEMININO;LÊ E ESCREVE;NÃO INFORMADO;NÃO INFORMADO;ITAJAÍ;Não;Brasil;NÃO INFORMADO;SUL;1;SC;0;0;0;0;4;0;2;0;0;0;0;0;0;0;4;2;2;2025-04-29 16:22:43
2024;NÃO INFORMADO;DIVORCIADO;80 a 84 anos                  ;FEMININO;SUPERIOR COMPLETO;NÃO INFORMADO;NÃO INFORMADO;ITAJAÍ;Não;Brasil;NÃO INFORMADO;SUL;1;SC;0;0;0;0;6;0;3;0;0;0;0;0;0;0;6;3;3;2025-04-29 16:22:43
2024;NÃO INFORMADO;DIVORCIADO;80 a 84 anos                  ;MASCULINO;ENSINO FUNDAMENTAL COMPLETO;NÃO INFORMADO;NÃO INFORMADO;ITAJAÍ;Não;Brasil;NÃO INFORMADO;SUL;1;SC;0;0;0;0;4;0;4;0;0;0;0;0;0;0;4;4;0;2025-04-29 16:22:43
2024;NÃO INFORMADO;DIVORCIADO;80 a 84 anos                  ;MASCULINO;ENSINO FUNDAMENTAL INCOMPLETO;NÃO INFORMADO;NÃO INFORMADO;ITAJAÍ;Não;Brasil;NÃO INFORMADO;SUL;1;SC;1;0;0;0;10;0;6;0;1;0;0;1;0;0;10;6;4;2025-04-29 16:22:43
2024;NÃO INFORMADO;DIVORCIADO;80 a 84 anos                  ;MASCULINO;ENSINO MÉDIO COMPLETO;NÃO INFORMADO;NÃO INFORMADO;ITAJAÍ;Não;Brasil;NÃO INFORMADO;SUL;1;SC;1;0;0;0;12;0;5;0;1;0;0;1;0;0;12;5;7;2025-04-29 16:22:43
2024;NÃO INFORMADO;DIVORCIADO;80 a 84 anos                  ;MASCULINO;ENSINO MÉDIO INCOMPLETO;NÃO INFORMADO;NÃO INFORMADO;ITAJAÍ;Não;Brasil;NÃO INFORMADO;SUL;1;SC;0;0;0;0;2;0;1;0;0;0;0;0;0;0;2;1;1;2025-04-29 16:22:43
2024;NÃO INFORMADO;DIVORCIADO;80 a 84 anos                  ;MASCULINO;LÊ E ESCREVE;NÃO INFORMADO;NÃO INFORMADO;ITAJAÍ;Não;Brasil;NÃO INFORMADO;SUL;1;SC;0;0;0;0;2;0;2;0;0;0;0;0;0;0;2;2;0;2025-04-29 16:22:43
2024;NÃO INFORMADO;DIVORCIADO;80 a 84 anos                  ;MASCULINO;SUPERIOR COMPLETO;NÃO INFORMADO;NÃO INFORMADO;ITAJAÍ;Não;Brasil;NÃO INFORMADO;SUL;1;SC;1;0;0;0;8;0;4;0;1;0;0;1;0;0;8;4;4;2025-04-29 16:22:43
2024;NÃO INFORMADO;DIVORCIADO;80 a 84 anos                  ;MASCULINO;SUPERIOR INCOMPLETO;NÃO INFORMADO;NÃO INFORMADO;ITAJAÍ;Não;Brasil;NÃO INFORMADO;SUL;1;SC;0;0;0;0;1;0;1;0;0;0;0;0;0;0;1;1;0;2025-04-29 16:22:43
2024;NÃO INFORMADO;DIVORCIADO;85 a 89 anos                  ;FEMININO;ENSINO FUNDAMENTAL INCOMPLETO;NÃO INFORMADO;NÃO INFORMADO;ITAJAÍ;Não;Brasil;NÃO INFORMADO;SUL;1;SC;0;0;0;0;2;0;0;0;0;0;0;0;0;0;2;0;2;2025-04-29 16:22:43
2024;NÃO INFORMADO;DIVORCIADO;85 a 89 anos                  ;FEMININO;ENSINO MÉDIO COMPLETO;NÃO INFORMADO;NÃO INFORMADO;ITAJAÍ;Não;Brasil;NÃO INFORMADO;SUL;1;SC;0;0;0;0;2;0;1;0;1;0;1;0;0;0;2;1;1;2025-04-29 16:22:43
2024;NÃO INFORMADO;DIVORCIADO;85 a 89 anos                  ;MASCULINO;ANALFABETO;NÃO INFORMADO;NÃO INFORMADO;ITAJAÍ;Não;Brasil;NÃO INFORMADO;SUL;1;SC;0;0;0;0;1;0;0;0;0;0;0;0;0;0;1;0;1;2025-04-29 16:22:43
2024;NÃO INFORMADO;DIVORCIADO;85 a 89 anos                  ;MASCULINO;ENSINO FUNDAMENTAL COMPLETO;NÃO INFORMADO;NÃO INFORMADO;ITAJAÍ;Não;Brasil;NÃO INFORMADO;SUL;1;SC;0;0;0;0;3;0;2;0;0;0;0;0;0;0;3;2;1;2025-04-29 16:22:43
2024;NÃO INFORMADO;DIVORCIADO;85 a 89 anos                  ;MASCULINO;ENSINO FUNDAMENTAL INCOMPLETO;NÃO INFORMADO;NÃO INFORMADO;ITAJAÍ;Não;Brasil;NÃO INFORMADO;SUL;1;SC;0;0;0;0;5;0;2;0;0;0;0;0;0;0;5;2;3;2025-04-29 16:22:43
2024;NÃO INFORMADO;DIVORCIADO;85 a 89 anos                  ;MASCULINO;ENSINO MÉDIO COMPLETO;NÃO INFORMADO;NÃO INFORMADO;ITAJAÍ;Não;Brasil;NÃO INFORMADO;SUL;1;SC;0;0;0;0;1;0;0;0;0;0;0;0;0;0;1;0;1;2025-04-29 16:22:43
2024;NÃO INFORMADO;DIVORCIADO;85 a 89 anos                  ;MASCULINO;SUPERIOR COMPLETO;NÃO INFORMADO;NÃO INFORMADO;ITAJAÍ;Não;Brasil;NÃO INFORMADO;SUL;1;SC;0;0;0;0;3;0;3;0;0;0;0;0;0;0;3;3;0;2025-04-29 16:22:43
2024;NÃO INFORMADO;DIVORCIADO;90 a 94 anos                  ;MASCULINO;ENSINO FUNDAMENTAL INCOMPLETO;NÃO INFORMADO;NÃO INFORMADO;ITAJAÍ;Não;Brasil;NÃO INFORMADO;SUL;1;SC;0;0;0;0;2;0;1;0;0;0;0;0;0;0;2;1;1;2025-04-29 16:22:43
2024;NÃO INFORMADO;SEPARADO JUDICIALMENTE;18 anos                       ;FEMININO;ENSINO MÉDIO INCOMPLETO;NÃO INFORMADO;NÃO INFORMADO;ITAJAÍ;Não;Brasil;NÃO INFORMADO;SUL;1;SC;0;0;0;0;0;1;0;1;0;0;0;0;0;0;1;1;0;2025-04-29 16:22:43
2024;NÃO INFORMADO;SEPARADO JUDICIALMENTE;18 anos                       ;MASCULINO;ENSINO MÉDIO INCOMPLETO;NÃO INFORMADO;NÃO INFORMADO;ITAJAÍ;Não;Brasil;NÃO INFORMADO;SUL;1;SC;0;0;0;1;0;1;0;0;0;0;0;0;0;0;1;0;1;2025-04-29 16:22:43
2024;NÃO INFORMADO;SEPARADO JUDICIALMENTE;19 anos                       ;FEMININO;ENSINO MÉDIO INCOMPLETO;NÃO INFORMADO;NÃO INFORMADO;ITAJAÍ;Não;Brasil;NÃO INFORMADO;SUL;1;SC;0;0;0;1;0;1;0;0;0;0;0;0;0;0;1;0;1;2025-04-29 16:22:43
2024;NÃO INFORMADO;SEPARADO JUDICIALMENTE;20 anos                       ;FEMININO;ENSINO MÉDIO COMPLETO;NÃO INFORMADO;NÃO INFORMADO;ITAJAÍ;Não;Brasil;NÃO INFORMADO;SUL;1;SC;0;0;0;1;0;2;0;1;0;0;0;0;0;0;2;1;1;2025-04-29 16:22:43
2024;NÃO INFORMADO;SEPARADO JUDICIALMENTE;20 anos                       ;FEMININO;ENSINO MÉDIO INCOMPLETO;NÃO INFORMADO;NÃO INFORMADO;ITAJAÍ;Não;Brasil;NÃO INFORMADO;SUL;1;SC;0;0;0;2;0;3;0;1;0;0;0;0;0;0;3;1;2;2025-04-29 16:22:43
2024;NÃO INFORMADO;SEPARADO JUDICIALMENTE;21 a 24 anos                  ;FEMININO;ENSINO MÉDIO COMPLETO;NÃO INFORMADO;NÃO INFORMADO;ITAJAÍ;Não;Brasil;NÃO INFORMADO;SUL;1;SC;0;0;0;0;0;2;0;2;0;0;0;0;0;0;2;2;0;2025-04-29 16:22:43
2024;NÃO INFORMADO;SEPARADO JUDICIALMENTE;21 a 24 anos                  ;FEMININO;ENSINO MÉDIO INCOMPLETO;NÃO INFORMADO;NÃO INFORMADO;ITAJAÍ;Não;Brasil;NÃO INFORMADO;SUL;1;SC;0;0;0;0;0;1;0;1;0;0;0;0;0;0;1;1;0;2025-04-29 16:22:43
2024;NÃO INFORMADO;SEPARADO JUDICIALMENTE;21 a 24 anos                  ;FEMININO;SUPERIOR INCOMPLETO;NÃO INFORMADO;NÃO INFORMADO;ITAJAÍ;Não;Brasil;NÃO INFORMADO;SUL;1;SC;0;0;0;0;0;1;0;1;0;0;0;0;0;0;1;1;0;2025-04-29 16:22:43
2024;NÃO INFORMADO;SEPARADO JUDICIALMENTE;21 a 24 anos                  ;MASCULINO;ENSINO MÉDIO COMPLETO;NÃO INFORMADO;NÃO INFORMADO;ITAJAÍ;Não;Brasil;NÃO INFORMADO;SUL;1;SC;0;0;0;0;0;2;0;2;0;0;0;0;0;0;2;2;0;2025-04-29 16:22:43
2024;NÃO INFORMADO;SEPARADO JUDICIALMENTE;21 a 24 anos                  ;MASCULINO;ENSINO MÉDIO INCOMPLETO;NÃO INFORMADO;NÃO INFORMADO;ITAJAÍ;Não;Brasil;NÃO INFORMADO;SUL;1;SC;0;0;0;1;0;2;0;1;0;0;0;0;0;0;2;1;1;2025-04-29 16:22:43
2024;NÃO INFORMADO;SEPARADO JUDICIALMENTE;25 a 29 anos                  ;FEMININO;ENSINO FUNDAMENTAL COMPLETO;NÃO INFORMADO;NÃO INFORMADO;ITAJAÍ;Não;Brasil;NÃO INFORMADO;SUL;1;SC;0;0;0;1;0;1;0;0;0;0;0;0;0;0;1;0;1;2025-04-29 16:22:43
2024;NÃO INFORMADO;SEPARADO JUDICIALMENTE;25 a 29 anos                  ;FEMININO;ENSINO MÉDIO INCOMPLETO;NÃO INFORMADO;NÃO INFORMADO;ITAJAÍ;Não;Brasil;NÃO INFORMADO;SUL;1;SC;0;0;0;1;0;2;0;1;0;0;0;0;0;0;2;1;1;2025-04-29 16:22:43
2024;NÃO INFORMADO;SEPARADO JUDICIALMENTE;25 a 29 anos                  ;FEMININO;SUPERIOR INCOMPLETO;NÃO INFORMADO;NÃO INFORMADO;ITAJAÍ;Não;Brasil;NÃO INFORMADO;SUL;1;SC;0;0;0;1;0;2;0;1;0;0;0;0;0;0;2;1;1;2025-04-29 16:22:43
2024;NÃO INFORMADO;SEPARADO JUDICIALMENTE;25 a 29 anos                  ;MASCULINO;ENSINO MÉDIO INCOMPLETO;NÃO INFORMADO;NÃO INFORMADO;ITAJAÍ;Não;Brasil;NÃO INFORMADO;SUL;1;SC;0;0;0;1;0;2;0;1;0;0;0;0;0;0;2;1;1;2025-04-29 16:22:43
2024;NÃO INFORMADO;SEPARADO JUDICIALMENTE;30 a 34 anos                  ;FEMININO;ENSINO MÉDIO COMPLETO;NÃO INFORMADO;NÃO INFORMADO;ITAJAÍ;Não;Brasil;NÃO INFORMADO;SUL;1;SC;0;0;0;2;0;5;0;3;0;0;0;0;0;0;5;3;2;2025-04-29 16:22:43
2024;NÃO INFORMADO;SEPARADO JUDICIALMENTE;30 a 34 anos                  ;FEMININO;ENSINO MÉDIO INCOMPLETO;NÃO INFORMADO;NÃO INFORMADO;ITAJAÍ;Não;Brasil;NÃO INFORMADO;SUL;1;SC;0;0;0;0;0;1;0;1;0;0;0;0;0;0;1;1;0;2025-04-29 16:22:43
2024;NÃO INFORMADO;SEPARADO JUDICIALMENTE;30 a 34 anos                  ;FEMININO;SUPERIOR COMPLETO;NÃO INFORMADO;NÃO INFORMADO;ITAJAÍ;Não;Brasil;NÃO INFORMADO;SUL;1;SC;0;0;0;2;0;3;0;1;0;0;0;0;0;0;3;1;2;2025-04-29 16:22:43
2024;NÃO INFORMADO;SEPARADO JUDICIALMENTE;30 a 34 anos                  ;FEMININO;SUPERIOR INCOMPLETO;NÃO INFORMADO;NÃO INFORMADO;ITAJAÍ;Não;Brasil;NÃO INFORMADO;SUL;1;SC;0;0;0;0;0;1;0;1;0;0;0;0;0;0;1;1;0;2025-04-29 16:22:43
2024;NÃO INFORMADO;SEPARADO JUDICIALMENTE;30 a 34 anos                  ;MASCULINO;ENSINO FUNDAMENTAL COMPLETO;NÃO INFORMADO;NÃO INFORMADO;ITAJAÍ;Não;Brasil;NÃO INFORMADO;SUL;1;SC;0;0;0;1;0;2;0;1;0;0;0;0;0;0;2;1;1;2025-04-29 16:22:43
2024;NÃO INFORMADO;SEPARADO JUDICIALMENTE;30 a 34 anos                  ;MASCULINO;ENSINO FUNDAMENTAL INCOMPLETO;NÃO INFORMADO;NÃO INFORMADO;ITAJAÍ;Não;Brasil;NÃO INFORMADO;SUL;1;SC;0;0;0;1;0;1;0;0;0;0;0;0;0;0;1;0;1;2025-04-29 16:22:43
2024;NÃO INFORMADO;SEPARADO JUDICIALMENTE;30 a 34 anos                  ;MASCULINO;ENSINO MÉDIO COMPLETO;NÃO INFORMADO;NÃO INFORMADO;ITAJAÍ;Não;Brasil;NÃO INFORMADO;SUL;1;SC;0;0;0;1;0;2;0;1;0;0;0;0;0;0;2;1;1;2025-04-29 16:22:43
2024;NÃO INFORMADO;SEPARADO JUDICIALMENTE;30 a 34 anos                  ;MASCULINO;ENSINO MÉDIO INCOMPLETO;NÃO INFORMADO;NÃO INFORMADO;ITAJAÍ;Não;Brasil;NÃO INFORMADO;SUL;1;SC;0;0;0;0;0;2;0;2;0;0;0;0;0;0;2;2;0;2025-04-29 16:22:43
2024;NÃO INFORMADO;SEPARADO JUDICIALMENTE;30 a 34 anos                  ;MASCULINO;SUPERIOR COMPLETO;NÃO INFORMADO;NÃO INFORMADO;ITAJAÍ;Não;Brasil;NÃO INFORMADO;SUL;1;SC;0;0;0;1;0;2;0;1;0;0;0;0;0;0;2;1;1;2025-04-29 16:22:43
2024;NÃO INFORMADO;SEPARADO JUDICIALMENTE;30 a 34 anos                  ;MASCULINO;SUPERIOR INCOMPLETO;NÃO INFORMADO;NÃO INFORMADO;ITAJAÍ;Não;Brasil;NÃO INFORMADO;SUL;1;SC;0;0;0;1;0;1;0;0;0;0;0;0;0;0;1;0;1;2025-04-29 16:22:43
2024;NÃO INFORMADO;SEPARADO JUDICIALMENTE;35 a 39 anos                  ;FEMININO;ENSINO FUNDAMENTAL COMPLETO;NÃO INFORMADO;NÃO INFORMADO;ITAJAÍ;Não;Brasil;NÃO INFORMADO;SUL;1;SC;0;0;0;0;0;2;0;2;0;0;0;0;0;0;2;2;0;2025-04-29 16:22:43
2024;NÃO INFORMADO;SEPARADO JUDICIALMENTE;35 a 39 anos                  ;FEMININO;ENSINO FUNDAMENTAL INCOMPLETO;NÃO INFORMADO;NÃO INFORMADO;ITAJAÍ;Não;Brasil;NÃO INFORMADO;SUL;1;SC;0;0;0;1;0;2;0;1;0;0;0;0;0;0;2;1;1;2025-04-29 16:22:43
2024;NÃO INFORMADO;SEPARADO JUDICIALMENTE;35 a 39 anos                  ;FEMININO;ENSINO MÉDIO COMPLETO;NÃO INFORMADO;NÃO INFORMADO;ITAJAÍ;Não;Brasil;NÃO INFORMADO;SUL;1;SC;0;0;0;6;0;19;0;13;0;0;0;0;0;0;19;13;6;2025-04-29 16:22:43
2024;NÃO INFORMADO;SEPARADO JUDICIALMENTE;35 a 39 anos                  ;FEMININO;ENSINO MÉDIO INCOMPLETO;NÃO INFORMADO;NÃO INFORMADO;ITAJAÍ;Não;Brasil;NÃO INFORMADO;SUL;1;SC;0;0;0;2;0;4;0;2;0;0;0;0;0;0;4;2;2;2025-04-29 16:22:43
2024;NÃO INFORMADO;SEPARADO JUDICIALMENTE;35 a 39 anos                  ;FEMININO;SUPERIOR COMPLETO;NÃO INFORMADO;NÃO INFORMADO;ITAJAÍ;Não;Brasil;NÃO INFORMADO;SUL;1;SC;0;0;0;2;0;5;0;3;0;0;0;0;0;0;5;3;2;2025-04-29 16:22:43
2024;NÃO INFORMADO;SEPARADO JUDICIALMENTE;35 a 39 anos                  ;FEMININO;SUPERIOR INCOMPLETO;NÃO INFORMADO;NÃO INFORMADO;ITAJAÍ;Não;Brasil;NÃO INFORMADO;SUL;1;SC;0;0;0;2;0;4;0;2;0;0;0;0;0;0;4;2;2;2025-04-29 16:22:43
2024;NÃO INFORMADO;SEPARADO JUDICIALMENTE;35 a 39 anos                  ;MASCULINO;ENSINO FUNDAMENTAL COMPLETO;NÃO INFORMADO;NÃO INFORMADO;ITAJAÍ;Não;Brasil;NÃO INFORMADO;SUL;1;SC;0;0;0;1;0;1;0;0;0;0;0;0;0;0;1;0;1;2025-04-29 16:22:43
2024;NÃO INFORMADO;SEPARADO JUDICIALMENTE;35 a 39 anos                  ;MASCULINO;ENSINO FUNDAMENTAL INCOMPLETO;NÃO INFORMADO;NÃO INFORMADO;ITAJAÍ;Não;Brasil;NÃO INFORMADO;SUL;1;SC;0;0;0;1;0;2;0;1;0;0;0;0;0;0;2;1;1;2025-04-29 16:22:43
2024;NÃO INFORMADO;SEPARADO JUDICIALMENTE;35 a 39 anos                  ;MASCULINO;ENSINO MÉDIO COMPLETO;NÃO INFORMADO;NÃO INFORMADO;ITAJAÍ;Não;Brasil;NÃO INFORMADO;SUL;1;SC;0;0;0;0;0;9;0;9;0;0;0;0;0;0;9;9;0;2025-04-29 16:22:43
2024;NÃO INFORMADO;SEPARADO JUDICIALMENTE;35 a 39 anos                  ;MASCULINO;ENSINO MÉDIO INCOMPLETO;NÃO INFORMADO;NÃO INFORMADO;ITAJAÍ;Não;Brasil;NÃO INFORMADO;SUL;1;SC;0;0;0;0;0;1;0;1;0;0;0;0;0;0;1;1;0;2025-04-29 16:22:43
2024;NÃO INFORMADO;SEPARADO JUDICIALMENTE;35 a 39 anos                  ;MASCULINO;SUPERIOR COMPLETO;NÃO INFORMADO;NÃO INFORMADO;ITAJAÍ;Não;Brasil;NÃO INFORMADO;SUL;1;SC;0;0;0;1;0;4;0;3;0;0;0;0;0;0;4;3;1;2025-04-29 16:22:43
2024;NÃO INFORMADO;SEPARADO JUDICIALMENTE;35 a 39 anos                  ;MASCULINO;SUPERIOR INCOMPLETO;NÃO INFORMADO;NÃO INFORMADO;ITAJAÍ;Não;Brasil;NÃO INFORMADO;SUL;1;SC;0;0;0;0;0;2;0;2;0;0;0;0;0;0;2;2;0;2025-04-29 16:22:43
2024;NÃO INFORMADO;SEPARADO JUDICIALMENTE;40 a 44 anos                  ;FEMININO;ENSINO FUNDAMENTAL COMPLETO;NÃO INFORMADO;NÃO INFORMADO;ITAJAÍ;Não;Brasil;NÃO INFORMADO;SUL;1;SC;0;0;0;3;0;5;0;2;0;0;0;0;0;0;5;2;3;2025-04-29 16:22:43
2024;NÃO INFORMADO;SEPARADO JUDICIALMENTE;40 a 44 anos                  ;FEMININO;ENSINO FUNDAMENTAL INCOMPLETO;NÃO INFORMADO;NÃO INFORMADO;ITAJAÍ;Não;Brasil;NÃO INFORMADO;SUL;1;SC;0;0;0;3;0;4;0;1;0;0;0;0;0;0;4;1;3;2025-04-29 16:22:43
2024;NÃO INFORMADO;SEPARADO JUDICIALMENTE;40 a 44 anos                  ;FEMININO;ENSINO MÉDIO COMPLETO;NÃO INFORMADO;NÃO INFORMADO;ITAJAÍ;Não;Brasil;NÃO INFORMADO;SUL;1;SC;0;0;0;5;0;26;0;21;0;0;0;0;0;0;26;21;5;2025-04-29 16:22:43
2024;NÃO INFORMADO;SEPARADO JUDICIALMENTE;40 a 44 anos                  ;FEMININO;ENSINO MÉDIO INCOMPLETO;NÃO INFORMADO;NÃO INFORMADO;ITAJAÍ;Não;Brasil;NÃO INFORMADO;SUL;1;SC;0;0;0;2;0;3;0;1;0;0;0;0;0;0;3;1;2;2025-04-29 16:22:43
2024;NÃO INFORMADO;SEPARADO JUDICIALMENTE;40 a 44 anos                  ;FEMININO;SUPERIOR COMPLETO;NÃO INFORMADO;NÃO INFORMADO;ITAJAÍ;Não;Brasil;NÃO INFORMADO;SUL;1;SC;0;0;0;2;0;17;0;15;0;0;0;0;0;0;17;15;2;2025-04-29 16:22:43
2024;NÃO INFORMADO;SEPARADO JUDICIALMENTE;40 a 44 anos                  ;FEMININO;SUPERIOR INCOMPLETO;NÃO INFORMADO;NÃO INFORMADO;ITAJAÍ;Não;Brasil;NÃO INFORMADO;SUL;1;SC;0;0;0;1;0;13;0;12;0;0;0;0;0;0;13;12;1;2025-04-29 16:22:43
2024;NÃO INFORMADO;SEPARADO JUDICIALMENTE;40 a 44 anos                  ;MASCULINO;ENSINO FUNDAMENTAL COMPLETO;NÃO INFORMADO;NÃO INFORMADO;ITAJAÍ;Não;Brasil;NÃO INFORMADO;SUL;1;SC;0;0;0;1;0;3;0;2;0;0;0;0;0;0;3;2;1;2025-04-29 16:22:43
2024;NÃO INFORMADO;SEPARADO JUDICIALMENTE;40 a 44 anos                  ;MASCULINO;ENSINO FUNDAMENTAL INCOMPLETO;NÃO INFORMADO;NÃO INFORMADO;ITAJAÍ;Não;Brasil;NÃO INFORMADO;SUL;1;SC;0;0;0;1;0;7;0;6;0;0;0;0;0;0;7;6;1;2025-04-29 16:22:43
2024;NÃO INFORMADO;SEPARADO JUDICIALMENTE;40 a 44 anos                  ;MASCULINO;ENSINO MÉDIO COMPLETO;NÃO INFORMADO;NÃO INFORMADO;ITAJAÍ;Não;Brasil;NÃO INFORMADO;SUL;1;SC;0;0;0;4;0;19;0;15;0;0;0;0;0;0;19;15;4;2025-04-29 16:22:43
2024;NÃO INFORMADO;SEPARADO JUDICIALMENTE;40 a 44 anos                  ;MASCULINO;ENSINO MÉDIO INCOMPLETO;NÃO INFORMADO;NÃO INFORMADO;ITAJAÍ;Não;Brasil;NÃO INFORMADO;SUL;1;SC;0;0;0;1;0;10;0;9;0;0;0;0;0;0;10;9;1;2025-04-29 16:22:43
2024;NÃO INFORMADO;SEPARADO JUDICIALMENTE;40 a 44 anos                  ;MASCULINO;SUPERIOR COMPLETO;NÃO INFORMADO;NÃO INFORMADO;ITAJAÍ;Não;Brasil;NÃO INFORMADO;SUL;1;SC;0;0;0;1;0;9;0;8;0;0;0;0;0;0;9;8;1;2025-04-29 16:22:43
2024;NÃO INFORMADO;SEPARADO JUDICIALMENTE;40 a 44 anos                  ;MASCULINO;SUPERIOR INCOMPLETO;NÃO INFORMADO;NÃO INFORMADO;ITAJAÍ;Não;Brasil;NÃO INFORMADO;SUL;1;SC;0;0;0;4;0;14;0;10;0;0;0;0;0;0;14;10;4;2025-04-29 16:22:43
2024;NÃO INFORMADO;SEPARADO JUDICIALMENTE;45 a 49 anos                  ;FEMININO;ENSINO FUNDAMENTAL COMPLETO;NÃO INFORMADO;NÃO INFORMADO;ITAJAÍ;Não;Brasil;NÃO INFORMADO;SUL;1;SC;0;0;0;2;0;11;0;9;0;0;0;0;0;0;11;9;2;2025-04-29 16:22:43
2024;NÃO INFORMADO;SEPARADO JUDICIALMENTE;45 a 49 anos                  ;FEMININO;ENSINO FUNDAMENTAL INCOMPLETO;NÃO INFORMADO;NÃO INFORMADO;ITAJAÍ;Não;Brasil;NÃO INFORMADO;SUL;1;SC;0;0;0;3;0;13;0;10;0;0;0;0;0;0;13;10;3;2025-04-29 16:22:43
2024;NÃO INFORMADO;SEPARADO JUDICIALMENTE;45 a 49 anos                  ;FEMININO;ENSINO MÉDIO COMPLETO;NÃO INFORMADO;NÃO INFORMADO;ITAJAÍ;Não;Brasil;NÃO INFORMADO;SUL;1;SC;0;0;0;6;0;33;0;27;0;0;0;0;0;0;33;27;6;2025-04-29 16:22:43
2024;NÃO INFORMADO;SEPARADO JUDICIALMENTE;45 a 49 anos                  ;FEMININO;ENSINO MÉDIO INCOMPLETO;NÃO INFORMADO;NÃO INFORMADO;ITAJAÍ;Não;Brasil;NÃO INFORMADO;SUL;1;SC;0;0;0;1;0;7;0;6;0;0;0;0;0;0;7;6;1;2025-04-29 16:22:43
2024;NÃO INFORMADO;SEPARADO JUDICIALMENTE;45 a 49 anos                  ;FEMININO;LÊ E ESCREVE;NÃO INFORMADO;NÃO INFORMADO;ITAJAÍ;Não;Brasil;NÃO INFORMADO;SUL;1;SC;0;0;0;0;0;1;0;1;0;0;0;0;0;0;1;1;0;2025-04-29 16:22:43
2024;NÃO INFORMADO;SEPARADO JUDICIALMENTE;45 a 49 anos                  ;FEMININO;SUPERIOR COMPLETO;NÃO INFORMADO;NÃO INFORMADO;ITAJAÍ;Não;Brasil;NÃO INFORMADO;SUL;1;SC;0;0;0;3;0;36;0;33;0;0;0;0;0;0;36;33;3;2025-04-29 16:22:43
2024;NÃO INFORMADO;SEPARADO JUDICIALMENTE;45 a 49 anos                  ;FEMININO;SUPERIOR INCOMPLETO;NÃO INFORMADO;NÃO INFORMADO;ITAJAÍ;Não;Brasil;NÃO INFORMADO;SUL;1;SC;0;0;0;6;0;22;0;16;0;0;0;0;0;0;22;16;6;2025-04-29 16:22:43
2024;NÃO INFORMADO;SEPARADO JUDICIALMENTE;45 a 49 anos                  ;MASCULINO;ENSINO FUNDAMENTAL COMPLETO;NÃO INFORMADO;NÃO INFORMADO;ITAJAÍ;Não;Brasil;NÃO INFORMADO;SUL;1;SC;0;0;0;4;0;7;0;3;0;1;1;0;0;0;7;3;4;2025-04-29 16:22:43
2024;NÃO INFORMADO;SEPARADO JUDICIALMENTE;45 a 49 anos                  ;MASCULINO;ENSINO FUNDAMENTAL INCOMPLETO;NÃO INFORMADO;NÃO INFORMADO;ITAJAÍ;Não;Brasil;NÃO INFORMADO;SUL;1;SC;0;0;0;6;0;16;0;10;0;0;0;0;0;0;16;10;6;2025-04-29 16:22:43
2024;NÃO INFORMADO;SEPARADO JUDICIALMENTE;45 a 49 anos                  ;MASCULINO;ENSINO MÉDIO COMPLETO;NÃO INFORMADO;NÃO INFORMADO;ITAJAÍ;Não;Brasil;NÃO INFORMADO;SUL;1;SC;0;0;0;6;0;21;0;15;0;0;0;0;0;0;21;15;6;2025-04-29 16:22:43
2024;NÃO INFORMADO;SEPARADO JUDICIALMENTE;45 a 49 anos                  ;MASCULINO;ENSINO MÉDIO INCOMPLETO;NÃO INFORMADO;NÃO INFORMADO;ITAJAÍ;Não;Brasil;NÃO INFORMADO;SUL;1;SC;0;0;0;2;0;5;0;3;0;0;0;0;0;0;5;3;2;2025-04-29 16:22:43
2024;NÃO INFORMADO;SEPARADO JUDICIALMENTE;45 a 49 anos                  ;MASCULINO;LÊ E ESCREVE;NÃO INFORMADO;NÃO INFORMADO;ITAJAÍ;Não;Brasil;NÃO INFORMADO;SUL;1;SC;0;0;0;0;0;1;0;1;0;0;0;0;0;0;1;1;0;2025-04-29 16:22:43
2024;NÃO INFORMADO;SEPARADO JUDICIALMENTE;45 a 49 anos                  ;MASCULINO;SUPERIOR COMPLETO;NÃO INFORMADO;NÃO INFORMADO;ITAJAÍ;Não;Brasil;NÃO INFORMADO;SUL;1;SC;0;0;0;2;0;14;0;12;0;0;0;0;0;0;14;12;2;2025-04-29 16:22:43
2024;NÃO INFORMADO;SEPARADO JUDICIALMENTE;45 a 49 anos                  ;MASCULINO;SUPERIOR INCOMPLETO;NÃO INFORMADO;NÃO INFORMADO;ITAJAÍ;Não;Brasil;NÃO INFORMADO;SUL;1;SC;0;0;0;3;0;9;0;6;0;0;0;0;0;0;9;6;3;2025-04-29 16:22:43
2024;NÃO INFORMADO;SEPARADO JUDICIALMENTE;50 a 54 anos                  ;FEMININO;ENSINO FUNDAMENTAL COMPLETO;NÃO INFORMADO;NÃO INFORMADO;ITAJAÍ;Não;Brasil;NÃO INFORMADO;SUL;1;SC;0;0;0;3;0;24;0;21;0;0;0;0;0;0;24;21;3;2025-04-29 16:22:43
2024;NÃO INFORMADO;SEPARADO JUDICIALMENTE;50 a 54 anos                  ;FEMININO;ENSINO FUNDAMENTAL INCOMPLETO;NÃO INFORMADO;NÃO INFORMADO;ITAJAÍ;Não;Brasil;NÃO INFORMADO;SUL;1;SC;1;0;0;3;0;29;0;26;0;1;0;0;1;0;29;26;3;2025-04-29 16:22:43
2024;NÃO INFORMADO;SEPARADO JUDICIALMENTE;50 a 54 anos                  ;FEMININO;ENSINO MÉDIO COMPLETO;NÃO INFORMADO;NÃO INFORMADO;ITAJAÍ;Não;Brasil;NÃO INFORMADO;SUL;1;SC;0;0;0;7;0;42;0;35;0;0;0;0;0;0;42;35;7;2025-04-29 16:22:43
2024;NÃO INFORMADO;SEPARADO JUDICIALMENTE;50 a 54 anos                  ;FEMININO;ENSINO MÉDIO INCOMPLETO;NÃO INFORMADO;NÃO INFORMADO;ITAJAÍ;Não;Brasil;NÃO INFORMADO;SUL;1;SC;0;0;0;2;0;9;0;7;0;0;0;0;0;0;9;7;2;2025-04-29 16:22:43
2024;NÃO INFORMADO;SEPARADO JUDICIALMENTE;50 a 54 anos                  ;FEMININO;LÊ E ESCREVE;NÃO INFORMADO;NÃO INFORMADO;ITAJAÍ;Não;Brasil;NÃO INFORMADO;SUL;1;SC;0;0;0;0;0;3;0;3;0;0;0;0;0;0;3;3;0;2025-04-29 16:22:43
2024;NÃO INFORMADO;SEPARADO JUDICIALMENTE;50 a 54 anos                  ;FEMININO;SUPERIOR COMPLETO;NÃO INFORMADO;NÃO INFORMADO;ITAJAÍ;Não;Brasil;NÃO INFORMADO;SUL;1;SC;0;0;0;2;0;37;0;35;0;0;0;0;0;0;37;35;2;2025-04-29 16:22:43
2024;NÃO INFORMADO;SEPARADO JUDICIALMENTE;50 a 54 anos                  ;FEMININO;SUPERIOR INCOMPLETO;NÃO INFORMADO;NÃO INFORMADO;ITAJAÍ;Não;Brasil;NÃO INFORMADO;SUL;1;SC;0;0;0;3;0;13;0;10;0;0;0;0;0;0;13;10;3;2025-04-29 16:22:43
2024;NÃO INFORMADO;SEPARADO JUDICIALMENTE;50 a 54 anos                  ;MASCULINO;ENSINO FUNDAMENTAL COMPLETO;NÃO INFORMADO;NÃO INFORMADO;ITAJAÍ;Não;Brasil;NÃO INFORMADO;SUL;1;SC;0;0;0;6;0;16;0;10;0;0;0;0;0;0;16;10;6;2025-04-29 16:22:43
2024;NÃO INFORMADO;SEPARADO JUDICIALMENTE;50 a 54 anos                  ;MASCULINO;ENSINO FUNDAMENTAL INCOMPLETO;NÃO INFORMADO;NÃO INFORMADO;ITAJAÍ;Não;Brasil;NÃO INFORMADO;SUL;1;SC;0;0;0;10;0;30;0;20;0;0;0;0;0;0;30;20;10;2025-04-29 16:22:43
2024;NÃO INFORMADO;SEPARADO JUDICIALMENTE;50 a 54 anos                  ;MASCULINO;ENSINO MÉDIO COMPLETO;NÃO INFORMADO;NÃO INFORMADO;ITAJAÍ;Não;Brasil;NÃO INFORMADO;SUL;1;SC;0;0;0;10;0;30;0;20;0;0;0;0;0;0;30;20;10;2025-04-29 16:22:43
2024;NÃO INFORMADO;SEPARADO JUDICIALMENTE;50 a 54 anos                  ;MASCULINO;ENSINO MÉDIO INCOMPLETO;NÃO INFORMADO;NÃO INFORMADO;ITAJAÍ;Não;Brasil;NÃO INFORMADO;SUL;1;SC;0;0;0;2;0;7;0;5;0;0;0;0;0;0;7;5;2;2025-04-29 16:22:43
2024;NÃO INFORMADO;SEPARADO JUDICIALMENTE;50 a 54 anos                  ;MASCULINO;LÊ E ESCREVE;NÃO INFORMADO;NÃO INFORMADO;ITAJAÍ;Não;Brasil;NÃO INFORMADO;SUL;1;SC;0;0;0;0;0;2;0;2;0;0;0;0;0;0;2;2;0;2025-04-29 16:22:43
2024;NÃO INFORMADO;SEPARADO JUDICIALMENTE;50 a 54 anos                  ;MASCULINO;SUPERIOR COMPLETO;NÃO INFORMADO;NÃO INFORMADO;ITAJAÍ;Não;Brasil;NÃO INFORMADO;SUL;1;SC;0;0;0;2;0;20;0;18;0;0;0;0;0;0;20;18;2;2025-04-29 16:22:43
2024;NÃO INFORMADO;SEPARADO JUDICIALMENTE;50 a 54 anos                  ;MASCULINO;SUPERIOR INCOMPLETO;NÃO INFORMADO;NÃO INFORMADO;ITAJAÍ;Não;Brasil;NÃO INFORMADO;SUL;1;SC;0;0;0;3;0;8;0;5;0;0;0;0;0;0;8;5;3;2025-04-29 16:22:43
2024;NÃO INFORMADO;SEPARADO JUDICIALMENTE;55 a 59 anos                  ;FEMININO;ANALFABETO;NÃO INFORMADO;NÃO INFORMADO;ITAJAÍ;Não;Brasil;NÃO INFORMADO;SUL;1;SC;0;0;0;0;4;0;3;0;0;0;0;0;0;0;4;3;1;2025-04-29 16:22:43
2024;NÃO INFORMADO;SEPARADO JUDICIALMENTE;55 a 59 anos                  ;FEMININO;ENSINO FUNDAMENTAL COMPLETO;NÃO INFORMADO;NÃO INFORMADO;ITAJAÍ;Não;Brasil;NÃO INFORMADO;SUL;1;SC;0;0;0;4;0;36;0;32;0;0;0;0;0;0;36;32;4;2025-04-29 16:22:43
2024;NÃO INFORMADO;SEPARADO JUDICIALMENTE;55 a 59 anos                  ;FEMININO;ENSINO FUNDAMENTAL INCOMPLETO;NÃO INFORMADO;NÃO INFORMADO;ITAJAÍ;Não;Brasil;NÃO INFORMADO;SUL;1;SC;0;0;0;8;0;53;0;45;0;0;0;0;0;0;53;45;8;2025-04-29 16:22:43
2024;NÃO INFORMADO;SEPARADO JUDICIALMENTE;55 a 59 anos                  ;FEMININO;ENSINO MÉDIO COMPLETO;NÃO INFORMADO;NÃO INFORMADO;ITAJAÍ;Não;Brasil;NÃO INFORMADO;SUL;1;SC;0;0;0;7;0;57;0;50;0;0;0;0;0;0;57;50;7;2025-04-29 16:22:43
2024;NÃO INFORMADO;SEPARADO JUDICIALMENTE;55 a 59 anos                  ;FEMININO;ENSINO MÉDIO INCOMPLETO;NÃO INFORMADO;NÃO INFORMADO;ITAJAÍ;Não;Brasil;NÃO INFORMADO;SUL;1;SC;0;0;0;3;0;16;0;13;0;0;0;0;0;0;16;13;3;2025-04-29 16:22:43
2024;NÃO INFORMADO;SEPARADO JUDICIALMENTE;55 a 59 anos                  ;FEMININO;LÊ E ESCREVE;NÃO INFORMADO;NÃO INFORMADO;ITAJAÍ;Não;Brasil;NÃO INFORMADO;SUL;1;SC;0;0;0;1;0;3;0;2;0;0;0;0;0;0;3;2;1;2025-04-29 16:22:43
2024;NÃO INFORMADO;SEPARADO JUDICIALMENTE;55 a 59 anos                  ;FEMININO;SUPERIOR COMPLETO;NÃO INFORMADO;NÃO INFORMADO;ITAJAÍ;Não;Brasil;NÃO INFORMADO;SUL;1;SC;0;0;0;4;0;48;0;44;0;0;0;0;0;0;48;44;4;2025-04-29 16:22:43
2024;NÃO INFORMADO;SEPARADO JUDICIALMENTE;55 a 59 anos                  ;FEMININO;SUPERIOR INCOMPLETO;NÃO INFORMADO;NÃO INFORMADO;ITAJAÍ;Não;Brasil;NÃO INFORMADO;SUL;1;SC;0;0;0;1;0;10;0;9;0;0;0;0;0;0;10;9;1;2025-04-29 16:22:43
2024;NÃO INFORMADO;SEPARADO JUDICIALMENTE;55 a 59 anos                  ;MASCULINO;ANALFABETO;NÃO INFORMADO;NÃO INFORMADO;ITAJAÍ;Não;Brasil;NÃO INFORMADO;SUL;1;SC;1;0;0;0;4;0;3;0;1;0;0;1;0;0;4;3;1;2025-04-29 16:22:43
2024;NÃO INFORMADO;SEPARADO JUDICIALMENTE;55 a 59 anos                  ;MASCULINO;ENSINO FUNDAMENTAL COMPLETO;NÃO INFORMADO;NÃO INFORMADO;ITAJAÍ;Não;Brasil;NÃO INFORMADO;SUL;1;SC;0;0;0;8;0;32;0;24;0;0;0;0;0;0;32;24;8;2025-04-29 16:22:43
2024;NÃO INFORMADO;SEPARADO JUDICIALMENTE;55 a 59 anos                  ;MASCULINO;ENSINO FUNDAMENTAL INCOMPLETO;NÃO INFORMADO;NÃO INFORMADO;ITAJAÍ;Não;Brasil;NÃO INFORMADO;SUL;1;SC;0;0;0;7;0;49;0;42;0;1;1;0;0;0;49;42;7;2025-04-29 16:22:43
2024;NÃO INFORMADO;SEPARADO JUDICIALMENTE;55 a 59 anos                  ;MASCULINO;ENSINO MÉDIO COMPLETO;NÃO INFORMADO;NÃO INFORMADO;ITAJAÍ;Não;Brasil;NÃO INFORMADO;SUL;1;SC;1;0;0;7;0;45;0;38;0;2;1;0;1;0;45;38;7;2025-04-29 16:22:43
2024;NÃO INFORMADO;SEPARADO JUDICIALMENTE;55 a 59 anos                  ;MASCULINO;ENSINO MÉDIO INCOMPLETO;NÃO INFORMADO;NÃO INFORMADO;ITAJAÍ;Não;Brasil;NÃO INFORMADO;SUL;1;SC;0;0;0;4;0;14;0;10;0;0;0;0;0;0;14;10;4;2025-04-29 16:22:43
2024;NÃO INFORMADO;SEPARADO JUDICIALMENTE;55 a 59 anos                  ;MASCULINO;LÊ E ESCREVE;NÃO INFORMADO;NÃO INFORMADO;ITAJAÍ;Não;Brasil;NÃO INFORMADO;SUL;1;SC;0;0;0;0;0;3;0;3;0;0;0;0;0;0;3;3;0;2025-04-29 16:22:43
2024;NÃO INFORMADO;SEPARADO JUDICIALMENTE;55 a 59 anos                  ;MASCULINO;SUPERIOR COMPLETO;NÃO INFORMADO;NÃO INFORMADO;ITAJAÍ;Não;Brasil;NÃO INFORMADO;SUL;1;SC;0;0;0;3;0;24;0;21;0;0;0;0;0;0;24;21;3;2025-04-29 16:22:43
2024;NÃO INFORMADO;SEPARADO JUDICIALMENTE;55 a 59 anos                  ;MASCULINO;SUPERIOR INCOMPLETO;NÃO INFORMADO;NÃO INFORMADO;ITAJAÍ;Não;Brasil;NÃO INFORMADO;SUL;1;SC;0;0;0;2;0;6;0;4;0;0;0;0;0;0;6;4;2;2025-04-29 16:22:43
2024;NÃO INFORMADO;SEPARADO JUDICIALMENTE;60 a 64 anos                  ;FEMININO;ANALFABETO;NÃO INFORMADO;NÃO INFORMADO;ITAJAÍ;Não;Brasil;NÃO INFORMADO;SUL;1;SC;1;0;0;0;6;0;2;0;1;0;0;1;0;0;6;2;4;2025-04-29 16:22:43
2024;NÃO INFORMADO;SEPARADO JUDICIALMENTE;60 a 64 anos                  ;FEMININO;ENSINO FUNDAMENTAL COMPLETO;NÃO INFORMADO;NÃO INFORMADO;ITAJAÍ;Não;Brasil;NÃO INFORMADO;SUL;1;SC;0;0;0;2;0;28;0;26;0;0;0;0;0;0;28;26;2;2025-04-29 16:22:43
2024;NÃO INFORMADO;SEPARADO JUDICIALMENTE;60 a 64 anos                  ;FEMININO;ENSINO FUNDAMENTAL INCOMPLETO;NÃO INFORMADO;NÃO INFORMADO;ITAJAÍ;Não;Brasil;NÃO INFORMADO;SUL;1;SC;0;0;0;12;0;56;0;44;0;0;0;0;0;0;56;44;12;2025-04-29 16:22:43
2024;NÃO INFORMADO;SEPARADO JUDICIALMENTE;60 a 64 anos                  ;FEMININO;ENSINO MÉDIO COMPLETO;NÃO INFORMADO;NÃO INFORMADO;ITAJAÍ;Não;Brasil;NÃO INFORMADO;SUL;1;SC;0;1;0;7;0;58;0;51;0;0;0;0;0;0;58;51;7;2025-04-29 16:22:43
2024;NÃO INFORMADO;SEPARADO JUDICIALMENTE;60 a 64 anos                  ;FEMININO;ENSINO MÉDIO INCOMPLETO;NÃO INFORMADO;NÃO INFORMADO;ITAJAÍ;Não;Brasil;NÃO INFORMADO;SUL;1;SC;1;0;0;4;0;14;0;10;0;2;1;0;1;0;14;10;4;2025-04-29 16:22:43
2024;NÃO INFORMADO;SEPARADO JUDICIALMENTE;60 a 64 anos                  ;FEMININO;LÊ E ESCREVE;NÃO INFORMADO;NÃO INFORMADO;ITAJAÍ;Não;Brasil;NÃO INFORMADO;SUL;1;SC;0;0;0;2;0;8;0;6;0;0;0;0;0;0;8;6;2;2025-04-29 16:22:43
2024;NÃO INFORMADO;SEPARADO JUDICIALMENTE;60 a 64 anos                  ;FEMININO;SUPERIOR COMPLETO;NÃO INFORMADO;NÃO INFORMADO;ITAJAÍ;Não;Brasil;NÃO INFORMADO;SUL;1;SC;0;0;0;5;0;46;0;41;0;0;0;0;0;0;46;41;5;2025-04-29 16:22:43
2024;NÃO INFORMADO;SEPARADO JUDICIALMENTE;60 a 64 anos                  ;FEMININO;SUPERIOR INCOMPLETO;NÃO INFORMADO;NÃO INFORMADO;ITAJAÍ;Não;Brasil;NÃO INFORMADO;SUL;1;SC;0;0;0;0;0;9;0;9;0;0;0;0;0;0;9;9;0;2025-04-29 16:22:43
2024;NÃO INFORMADO;SEPARADO JUDICIALMENTE;60 a 64 anos                  ;MASCULINO;ANALFABETO;NÃO INFORMADO;NÃO INFORMADO;ITAJAÍ;Não;Brasil;NÃO INFORMADO;SUL;1;SC;0;0;0;0;1;0;1;0;0;0;0;0;0;0;1;1;0;2025-04-29 16:22:43
2024;NÃO INFORMADO;SEPARADO JUDICIALMENTE;60 a 64 anos                  ;MASCULINO;ENSINO FUNDAMENTAL COMPLETO;NÃO INFORMADO;NÃO INFORMADO;ITAJAÍ;Não;Brasil;NÃO INFORMADO;SUL;1;SC;0;0;0;5;0;33;0;28;0;2;2;0;0;0;33;28;5;2025-04-29 16:22:43
2024;NÃO INFORMADO;SEPARADO JUDICIALMENTE;60 a 64 anos                  ;MASCULINO;ENSINO FUNDAMENTAL INCOMPLETO;NÃO INFORMADO;NÃO INFORMADO;ITAJAÍ;Não;Brasil;NÃO INFORMADO;SUL;1;SC;1;0;0;9;0;52;0;43;0;1;0;0;1;0;52;43;9;2025-04-29 16:22:43
2024;NÃO INFORMADO;SEPARADO JUDICIALMENTE;60 a 64 anos                  ;MASCULINO;ENSINO MÉDIO COMPLETO;NÃO INFORMADO;NÃO INFORMADO;ITAJAÍ;Não;Brasil;NÃO INFORMADO;SUL;1;SC;0;0;0;3;0;36;0;33;0;1;1;0;0;0;36;33;3;2025-04-29 16:22:43
2024;NÃO INFORMADO;SEPARADO JUDICIALMENTE;60 a 64 anos                  ;MASCULINO;ENSINO MÉDIO INCOMPLETO;NÃO INFORMADO;NÃO INFORMADO;ITAJAÍ;Não;Brasil;NÃO INFORMADO;SUL;1;SC;0;0;0;3;0;11;0;8;0;0;0;0;0;0;11;8;3;2025-04-29 16:22:43
2024;NÃO INFORMADO;SEPARADO JUDICIALMENTE;60 a 64 anos                  ;MASCULINO;LÊ E ESCREVE;NÃO INFORMADO;NÃO INFORMADO;ITAJAÍ;Não;Brasil;NÃO INFORMADO;SUL;1;SC;0;0;0;4;0;15;0;11;0;0;0;0;0;0;15;11;4;2025-04-29 16:22:43
2024;NÃO INFORMADO;SEPARADO JUDICIALMENTE;60 a 64 anos                  ;MASCULINO;SUPERIOR COMPLETO;NÃO INFORMADO;NÃO INFORMADO;ITAJAÍ;Não;Brasil;NÃO INFORMADO;SUL;1;SC;0;0;0;1;0;20;0;19;0;0;0;0;0;0;20;19;1;2025-04-29 16:22:43
2024;NÃO INFORMADO;SEPARADO JUDICIALMENTE;60 a 64 anos                  ;MASCULINO;SUPERIOR INCOMPLETO;NÃO INFORMADO;NÃO INFORMADO;ITAJAÍ;Não;Brasil;NÃO INFORMADO;SUL;1;SC;0;0;0;3;0;14;0;11;0;1;1;0;0;0;14;11;3;2025-04-29 16:22:43
2024;NÃO INFORMADO;SEPARADO JUDICIALMENTE;65 a 69 anos                  ;FEMININO;ANALFABETO;NÃO INFORMADO;NÃO INFORMADO;ITAJAÍ;Não;Brasil;NÃO INFORMADO;SUL;1;SC;0;0;0;0;3;0;2;0;0;0;0;0;0;0;3;2;1;2025-04-29 16:22:43
2024;NÃO INFORMADO;SEPARADO JUDICIALMENTE;65 a 69 anos                  ;FEMININO;ENSINO FUNDAMENTAL COMPLETO;NÃO INFORMADO;NÃO INFORMADO;ITAJAÍ;Não;Brasil;NÃO INFORMADO;SUL;1;SC;0;0;0;0;0;16;0;16;0;0;0;0;0;0;16;16;0;2025-04-29 16:22:43
2024;NÃO INFORMADO;SEPARADO JUDICIALMENTE;65 a 69 anos                  ;FEMININO;ENSINO FUNDAMENTAL INCOMPLETO;NÃO INFORMADO;NÃO INFORMADO;ITAJAÍ;Não;Brasil;NÃO INFORMADO;SUL;1;SC;1;0;0;11;0;58;0;47;0;2;1;0;1;0;58;47;11;2025-04-29 16:22:43
2024;NÃO INFORMADO;SEPARADO JUDICIALMENTE;65 a 69 anos                  ;FEMININO;ENSINO MÉDIO COMPLETO;NÃO INFORMADO;NÃO INFORMADO;ITAJAÍ;Não;Brasil;NÃO INFORMADO;SUL;1;SC;0;0;0;6;0;34;0;28;0;0;0;0;0;0;34;28;6;2025-04-29 16:22:43
2024;NÃO INFORMADO;SEPARADO JUDICIALMENTE;65 a 69 anos                  ;FEMININO;ENSINO MÉDIO INCOMPLETO;NÃO INFORMADO;NÃO INFORMADO;ITAJAÍ;Não;Brasil;NÃO INFORMADO;SUL;1;SC;0;0;0;5;0;16;0;11;0;0;0;0;0;0;16;11;5;2025-04-29 16:22:43
2024;NÃO INFORMADO;SEPARADO JUDICIALMENTE;65 a 69 anos                  ;FEMININO;LÊ E ESCREVE;NÃO INFORMADO;NÃO INFORMADO;ITAJAÍ;Não;Brasil;NÃO INFORMADO;SUL;1;SC;1;0;0;3;0;9;0;6;0;2;1;0;1;0;9;6;3;2025-04-29 16:22:43
2024;NÃO INFORMADO;SEPARADO JUDICIALMENTE;65 a 69 anos                  ;FEMININO;SUPERIOR COMPLETO;NÃO INFORMADO;NÃO INFORMADO;ITAJAÍ;Não;Brasil;NÃO INFORMADO;SUL;1;SC;0;0;0;5;0;28;0;23;0;0;0;0;0;0;28;23;5;2025-04-29 16:22:43
2024;NÃO INFORMADO;SEPARADO JUDICIALMENTE;65 a 69 anos                  ;FEMININO;SUPERIOR INCOMPLETO;NÃO INFORMADO;NÃO INFORMADO;ITAJAÍ;Não;Brasil;NÃO INFORMADO;SUL;1;SC;0;0;0;3;0;11;0;8;0;1;1;0;0;0;11;8;3;2025-04-29 16:22:43
2024;NÃO INFORMADO;SEPARADO JUDICIALMENTE;65 a 69 anos                  ;MASCULINO;ENSINO FUNDAMENTAL COMPLETO;NÃO INFORMADO;NÃO INFORMADO;ITAJAÍ;Não;Brasil;NÃO INFORMADO;SUL;1;SC;0;0;0;5;0;26;0;21;0;1;1;0;0;0;26;21;5;2025-04-29 16:22:43
2024;NÃO INFORMADO;SEPARADO JUDICIALMENTE;65 a 69 anos                  ;MASCULINO;ENSINO FUNDAMENTAL INCOMPLETO;NÃO INFORMADO;NÃO INFORMADO;ITAJAÍ;Não;Brasil;NÃO INFORMADO;SUL;1;SC;0;0;0;10;0;54;0;44;0;0;0;0;0;0;54;44;10;2025-04-29 16:22:43
2024;NÃO INFORMADO;SEPARADO JUDICIALMENTE;65 a 69 anos                  ;MASCULINO;ENSINO MÉDIO COMPLETO;NÃO INFORMADO;NÃO INFORMADO;ITAJAÍ;Não;Brasil;NÃO INFORMADO;SUL;1;SC;0;0;0;7;0;30;0;23;0;1;1;0;0;0;30;23;7;2025-04-29 16:22:43
2024;NÃO INFORMADO;SEPARADO JUDICIALMENTE;65 a 69 anos                  ;MASCULINO;ENSINO MÉDIO INCOMPLETO;NÃO INFORMADO;NÃO INFORMADO;ITAJAÍ;Não;Brasil;NÃO INFORMADO;SUL;1;SC;0;0;0;2;0;12;0;10;0;0;0;0;0;0;12;10;2;2025-04-29 16:22:43
2024;NÃO INFORMADO;SEPARADO JUDICIALMENTE;65 a 69 anos                  ;MASCULINO;LÊ E ESCREVE;NÃO INFORMADO;NÃO INFORMADO;ITAJAÍ;Não;Brasil;NÃO INFORMADO;SUL;1;SC;0;0;0;3;0;9;0;6;0;0;0;0;0;0;9;6;3;2025-04-29 16:22:43
2024;NÃO INFORMADO;SEPARADO JUDICIALMENTE;65 a 69 anos                  ;MASCULINO;SUPERIOR COMPLETO;NÃO INFORMADO;NÃO INFORMADO;ITAJAÍ;Não;Brasil;NÃO INFORMADO;SUL;1;SC;0;0;0;1;0;10;0;9;0;0;0;0;0;0;10;9;1;2025-04-29 16:22:43
2024;NÃO INFORMADO;SEPARADO JUDICIALMENTE;65 a 69 anos                  ;MASCULINO;SUPERIOR INCOMPLETO;NÃO INFORMADO;NÃO INFORMADO;ITAJAÍ;Não;Brasil;NÃO INFORMADO;SUL;1;SC;0;0;0;3;0;9;0;6;0;0;0;0;0;0;9;6;3;2025-04-29 16:22:43
2024;NÃO INFORMADO;SEPARADO JUDICIALMENTE;70 a 74 anos                  ;FEMININO;ANALFABETO;NÃO INFORMADO;NÃO INFORMADO;ITAJAÍ;Não;Brasil;NÃO INFORMADO;SUL;1;SC;0;0;0;0;1;0;1;0;0;0;0;0;0;0;1;1;0;2025-04-29 16:22:43
2024;NÃO INFORMADO;SEPARADO JUDICIALMENTE;70 a 74 anos                  ;FEMININO;ENSINO FUNDAMENTAL COMPLETO;NÃO INFORMADO;NÃO INFORMADO;ITAJAÍ;Não;Brasil;NÃO INFORMADO;SUL;1;SC;0;0;0;0;14;0;10;0;0;0;0;0;0;0;14;10;4;2025-04-29 16:22:43
2024;NÃO INFORMADO;SEPARADO JUDICIALMENTE;70 a 74 anos                  ;FEMININO;ENSINO FUNDAMENTAL INCOMPLETO;NÃO INFORMADO;NÃO INFORMADO;ITAJAÍ;Não;Brasil;NÃO INFORMADO;SUL;1;SC;0;0;0;0;40;0;19;0;0;0;0;0;0;0;40;19;21;2025-04-29 16:22:43
2024;NÃO INFORMADO;SEPARADO JUDICIALMENTE;70 a 74 anos                  ;FEMININO;ENSINO MÉDIO COMPLETO;NÃO INFORMADO;NÃO INFORMADO;ITAJAÍ;Não;Brasil;NÃO INFORMADO;SUL;1;SC;0;0;0;0;31;0;18;0;1;0;1;0;0;0;31;18;13;2025-04-29 16:22:43
2024;NÃO INFORMADO;SEPARADO JUDICIALMENTE;70 a 74 anos                  ;FEMININO;ENSINO MÉDIO INCOMPLETO;NÃO INFORMADO;NÃO INFORMADO;ITAJAÍ;Não;Brasil;NÃO INFORMADO;SUL;1;SC;0;0;0;0;10;0;7;0;0;0;0;0;0;0;10;7;3;2025-04-29 16:22:43
2024;NÃO INFORMADO;SEPARADO JUDICIALMENTE;70 a 74 anos                  ;FEMININO;LÊ E ESCREVE;NÃO INFORMADO;NÃO INFORMADO;ITAJAÍ;Não;Brasil;NÃO INFORMADO;SUL;1;SC;0;0;0;0;12;0;5;0;0;0;0;0;0;0;12;5;7;2025-04-29 16:22:43
2024;NÃO INFORMADO;SEPARADO JUDICIALMENTE;70 a 74 anos                  ;FEMININO;SUPERIOR COMPLETO;NÃO INFORMADO;NÃO INFORMADO;ITAJAÍ;Não;Brasil;NÃO INFORMADO;SUL;1;SC;2;0;0;0;20;0;14;0;2;0;0;2;0;0;20;14;6;2025-04-29 16:22:43
2024;NÃO INFORMADO;SEPARADO JUDICIALMENTE;70 a 74 anos                  ;FEMININO;SUPERIOR INCOMPLETO;NÃO INFORMADO;NÃO INFORMADO;ITAJAÍ;Não;Brasil;NÃO INFORMADO;SUL;1;SC;0;0;0;0;7;0;4;0;0;0;0;0;0;0;7;4;3;2025-04-29 16:22:43
2024;NÃO INFORMADO;SEPARADO JUDICIALMENTE;70 a 74 anos                  ;MASCULINO;ENSINO FUNDAMENTAL COMPLETO;NÃO INFORMADO;NÃO INFORMADO;ITAJAÍ;Não;Brasil;NÃO INFORMADO;SUL;1;SC;1;0;0;0;13;0;5;0;1;0;0;1;0;0;13;5;8;2025-04-29 16:22:43
2024;NÃO INFORMADO;SEPARADO JUDICIALMENTE;70 a 74 anos                  ;MASCULINO;ENSINO FUNDAMENTAL INCOMPLETO;NÃO INFORMADO;NÃO INFORMADO;ITAJAÍ;Não;Brasil;NÃO INFORMADO;SUL;1;SC;0;0;0;0;34;0;21;0;1;0;1;0;0;0;34;21;13;2025-04-29 16:22:43
2024;NÃO INFORMADO;SEPARADO JUDICIALMENTE;70 a 74 anos                  ;MASCULINO;ENSINO MÉDIO COMPLETO;NÃO INFORMADO;NÃO INFORMADO;ITAJAÍ;Não;Brasil;NÃO INFORMADO;SUL;1;SC;0;0;0;0;20;0;14;0;0;0;0;0;0;0;20;14;6;2025-04-29 16:22:43
2024;NÃO INFORMADO;SEPARADO JUDICIALMENTE;70 a 74 anos                  ;MASCULINO;ENSINO MÉDIO INCOMPLETO;NÃO INFORMADO;NÃO INFORMADO;ITAJAÍ;Não;Brasil;NÃO INFORMADO;SUL;1;SC;0;0;0;0;11;0;8;0;0;0;0;0;0;0;11;8;3;2025-04-29 16:22:43
2024;NÃO INFORMADO;SEPARADO JUDICIALMENTE;70 a 74 anos                  ;MASCULINO;LÊ E ESCREVE;NÃO INFORMADO;NÃO INFORMADO;ITAJAÍ;Não;Brasil;NÃO INFORMADO;SUL;1;SC;0;0;0;0;6;0;3;0;1;0;1;0;0;0;6;3;3;2025-04-29 16:22:43
2024;NÃO INFORMADO;SEPARADO JUDICIALMENTE;70 a 74 anos                  ;MASCULINO;SUPERIOR COMPLETO;NÃO INFORMADO;NÃO INFORMADO;ITAJAÍ;Não;Brasil;NÃO INFORMADO;SUL;1;SC;0;0;0;0;8;0;6;0;0;0;0;0;0;0;8;6;2;2025-04-29 16:22:43
2024;NÃO INFORMADO;SEPARADO JUDICIALMENTE;70 a 74 anos                  ;MASCULINO;SUPERIOR INCOMPLETO;NÃO INFORMADO;NÃO INFORMADO;ITAJAÍ;Não;Brasil;NÃO INFORMADO;SUL;1;SC;1;0;0;0;5;0;3;0;1;0;0;1;0;0;5;3;2;2025-04-29 16:22:43
2024;NÃO INFORMADO;SEPARADO JUDICIALMENTE;75 a 79 anos                  ;FEMININO;ENSINO FUNDAMENTAL COMPLETO;NÃO INFORMADO;NÃO INFORMADO;ITAJAÍ;Não;Brasil;NÃO INFORMADO;SUL;1;SC;0;0;0;0;3;0;1;0;0;0;0;0;0;0;3;1;2;2025-04-29 16:22:43
2024;NÃO INFORMADO;SEPARADO JUDICIALMENTE;75 a 79 anos                  ;FEMININO;ENSINO FUNDAMENTAL INCOMPLETO;NÃO INFORMADO;NÃO INFORMADO;ITAJAÍ;Não;Brasil;NÃO INFORMADO;SUL;1;SC;0;0;0;0;10;0;6;0;0;0;0;0;0;0;10;6;4;2025-04-29 16:22:43
2024;NÃO INFORMADO;SEPARADO JUDICIALMENTE;75 a 79 anos                  ;FEMININO;ENSINO MÉDIO COMPLETO;NÃO INFORMADO;NÃO INFORMADO;ITAJAÍ;Não;Brasil;NÃO INFORMADO;SUL;1;SC;1;0;0;0;9;0;3;0;1;0;0;1;0;0;9;3;6;2025-04-29 16:22:43
2024;NÃO INFORMADO;SEPARADO JUDICIALMENTE;75 a 79 anos                  ;FEMININO;ENSINO MÉDIO INCOMPLETO;NÃO INFORMADO;NÃO INFORMADO;ITAJAÍ;Não;Brasil;NÃO INFORMADO;SUL;1;SC;0;0;0;0;2;0;1;0;0;0;0;0;0;0;2;1;1;2025-04-29 16:22:43
2024;NÃO INFORMADO;SEPARADO JUDICIALMENTE;75 a 79 anos                  ;FEMININO;LÊ E ESCREVE;NÃO INFORMADO;NÃO INFORMADO;ITAJAÍ;Não;Brasil;NÃO INFORMADO;SUL;1;SC;1;0;0;0;5;0;1;0;1;0;0;1;0;0;5;1;4;2025-04-29 16:22:43
2024;NÃO INFORMADO;SEPARADO JUDICIALMENTE;75 a 79 anos                  ;FEMININO;SUPERIOR COMPLETO;NÃO INFORMADO;NÃO INFORMADO;ITAJAÍ;Não;Brasil;NÃO INFORMADO;SUL;1;SC;0;0;0;0;5;0;2;0;0;0;0;0;0;0;5;2;3;2025-04-29 16:22:43
2024;NÃO INFORMADO;SEPARADO JUDICIALMENTE;75 a 79 anos                  ;MASCULINO;ANALFABETO;NÃO INFORMADO;NÃO INFORMADO;ITAJAÍ;Não;Brasil;NÃO INFORMADO;SUL;1;SC;0;0;0;0;1;0;0;0;0;0;0;0;0;0;1;0;1;2025-04-29 16:22:43
2024;NÃO INFORMADO;SEPARADO JUDICIALMENTE;75 a 79 anos                  ;MASCULINO;ENSINO FUNDAMENTAL COMPLETO;NÃO INFORMADO;NÃO INFORMADO;ITAJAÍ;Não;Brasil;NÃO INFORMADO;SUL;1;SC;0;0;0;0;5;0;2;0;0;0;0;0;0;0;5;2;3;2025-04-29 16:22:43
2024;NÃO INFORMADO;SEPARADO JUDICIALMENTE;75 a 79 anos                  ;MASCULINO;ENSINO FUNDAMENTAL INCOMPLETO;NÃO INFORMADO;NÃO INFORMADO;ITAJAÍ;Não;Brasil;NÃO INFORMADO;SUL;1;SC;0;0;0;0;15;0;10;0;0;0;0;0;0;0;15;10;5;2025-04-29 16:22:43
2024;NÃO INFORMADO;SEPARADO JUDICIALMENTE;75 a 79 anos                  ;MASCULINO;ENSINO MÉDIO COMPLETO;NÃO INFORMADO;NÃO INFORMADO;ITAJAÍ;Não;Brasil;NÃO INFORMADO;SUL;1;SC;0;0;0;0;7;0;5;0;0;0;0;0;0;0;7;5;2;2025-04-29 16:22:43
2024;NÃO INFORMADO;SEPARADO JUDICIALMENTE;75 a 79 anos                  ;MASCULINO;ENSINO MÉDIO INCOMPLETO;NÃO INFORMADO;NÃO INFORMADO;ITAJAÍ;Não;Brasil;NÃO INFORMADO;SUL;1;SC;0;0;0;0;1;0;1;0;1;0;1;0;0;0;1;1;0;2025-04-29 16:22:43
2024;NÃO INFORMADO;SEPARADO JUDICIALMENTE;75 a 79 anos                  ;MASCULINO;LÊ E ESCREVE;NÃO INFORMADO;NÃO INFORMADO;ITAJAÍ;Não;Brasil;NÃO INFORMADO;SUL;1;SC;0;0;0;0;4;0;1;0;0;0;0;0;0;0;4;1;3;2025-04-29 16:22:43
2024;NÃO INFORMADO;SEPARADO JUDICIALMENTE;75 a 79 anos                  ;MASCULINO;SUPERIOR COMPLETO;NÃO INFORMADO;NÃO INFORMADO;ITAJAÍ;Não;Brasil;NÃO INFORMADO;SUL;1;SC;0;0;0;0;4;0;3;0;0;0;0;0;0;0;4;3;1;2025-04-29 16:22:43
2024;NÃO INFORMADO;SEPARADO JUDICIALMENTE;75 a 79 anos                  ;MASCULINO;SUPERIOR INCOMPLETO;NÃO INFORMADO;NÃO INFORMADO;ITAJAÍ;Não;Brasil;NÃO INFORMADO;SUL;1;SC;0;0;0;0;2;0;2;0;0;0;0;0;0;0;2;2;0;2025-04-29 16:22:43
2024;NÃO INFORMADO;SEPARADO JUDICIALMENTE;80 a 84 anos                  ;FEMININO;ENSINO FUNDAMENTAL INCOMPLETO;NÃO INFORMADO;NÃO INFORMADO;ITAJAÍ;Não;Brasil;NÃO INFORMADO;SUL;1;SC;0;0;0;0;5;0;2;0;1;0;1;0;0;0;5;2;3;2025-04-29 16:22:43
2024;NÃO INFORMADO;SEPARADO JUDICIALMENTE;80 a 84 anos                  ;FEMININO;ENSINO MÉDIO COMPLETO;NÃO INFORMADO;NÃO INFORMADO;ITAJAÍ;Não;Brasil;NÃO INFORMADO;SUL;1;SC;0;0;0;0;3;0;1;0;0;0;0;0;0;0;3;1;2;2025-04-29 16:22:43
2024;NÃO INFORMADO;SEPARADO JUDICIALMENTE;80 a 84 anos                  ;FEMININO;LÊ E ESCREVE;NÃO INFORMADO;NÃO INFORMADO;ITAJAÍ;Não;Brasil;NÃO INFORMADO;SUL;1;SC;0;0;0;0;1;0;1;0;0;0;0;0;0;0;1;1;0;2025-04-29 16:22:43
2024;NÃO INFORMADO;SEPARADO JUDICIALMENTE;80 a 84 anos                  ;FEMININO;SUPERIOR COMPLETO;NÃO INFORMADO;NÃO INFORMADO;ITAJAÍ;Não;Brasil;NÃO INFORMADO;SUL;1;SC;0;0;0;0;2;0;1;0;0;0;0;0;0;0;2;1;1;2025-04-29 16:22:43
2024;NÃO INFORMADO;SEPARADO JUDICIALMENTE;80 a 84 anos                  ;MASCULINO;ENSINO FUNDAMENTAL INCOMPLETO;NÃO INFORMADO;NÃO INFORMADO;ITAJAÍ;Não;Brasil;NÃO INFORMADO;SUL;1;SC;0;0;0;0;4;0;2;0;0;0;0;0;0;0;4;2;2;2025-04-29 16:22:43
2024;NÃO INFORMADO;SEPARADO JUDICIALMENTE;80 a 84 anos                  ;MASCULINO;ENSINO MÉDIO COMPLETO;NÃO INFORMADO;NÃO INFORMADO;ITAJAÍ;Não;Brasil;NÃO INFORMADO;SUL;1;SC;0;0;0;0;1;0;1;0;0;0;0;0;0;0;1;1;0;2025-04-29 16:22:43
2024;NÃO INFORMADO;SEPARADO JUDICIALMENTE;80 a 84 anos                  ;MASCULINO;LÊ E ESCREVE;NÃO INFORMADO;NÃO INFORMADO;ITAJAÍ;Não;Brasil;NÃO INFORMADO;SUL;1;SC;0;0;0;0;4;0;3;0;0;0;0;0;0;0;4;3;1;2025-04-29 16:22:43
2024;NÃO INFORMADO;SEPARADO JUDICIALMENTE;80 a 84 anos                  ;MASCULINO;SUPERIOR COMPLETO;NÃO INFORMADO;NÃO INFORMADO;ITAJAÍ;Não;Brasil;NÃO INFORMADO;SUL;1;SC;0;0;0;0;2;0;1;0;0;0;0;0;0;0;2;1;1;2025-04-29 16:22:43
2024;NÃO INFORMADO;SEPARADO JUDICIALMENTE;85 a 89 anos                  ;FEMININO;ENSINO FUNDAMENTAL INCOMPLETO;NÃO INFORMADO;NÃO INFORMADO;ITAJAÍ;Não;Brasil;NÃO INFORMADO;SUL;1;SC;0;0;0;0;1;0;0;0;0;0;0;0;0;0;1;0;1;2025-04-29 16:22:43
2024;NÃO INFORMADO;SEPARADO JUDICIALMENTE;85 a 89 anos                  ;FEMININO;LÊ E ESCREVE;NÃO INFORMADO;NÃO INFORMADO;ITAJAÍ;Não;Brasil;NÃO INFORMADO;SUL;1;SC;0;0;0;0;1;0;0;0;0;0;0;0;0;0;1;0;1;2025-04-29 16:22:43
2024;NÃO INFORMADO;SEPARADO JUDICIALMENTE;85 a 89 anos                  ;MASCULINO;ENSINO MÉDIO COMPLETO;NÃO INFORMADO;NÃO INFORMADO;ITAJAÍ;Não;Brasil;NÃO INFORMADO;SUL;1;SC;0;0;0;0;1;0;0;0;0;0;0;0;0;0;1;0;1;2025-04-29 16:22:43
2024;NÃO INFORMADO;SEPARADO JUDICIALMENTE;85 a 89 anos                  ;MASCULINO;SUPERIOR COMPLETO;NÃO INFORMADO;NÃO INFORMADO;ITAJAÍ;Não;Brasil;NÃO INFORMADO;SUL;1;SC;0;0;0;0;1;0;0;0;0;0;0;0;0;0;1;0;1;2025-04-29 16:22:43
2024;NÃO INFORMADO;SEPARADO JUDICIALMENTE;90 a 94 anos                  ;FEMININO;ANALFABETO;NÃO INFORMADO;NÃO INFORMADO;ITAJAÍ;Não;Brasil;NÃO INFORMADO;SUL;1;SC;1;0;0;0;1;0;0;0;1;0;0;1;0;0;1;0;1;2025-04-29 16:22:43
2024;NÃO INFORMADO;SEPARADO JUDICIALMENTE;90 a 94 anos                  ;MASCULINO;ENSINO FUNDAMENTAL INCOMPLETO;NÃO INFORMADO;NÃO INFORMADO;ITAJAÍ;Não;Brasil;NÃO INFORMADO;SUL;1;SC;0;0;0;0;1;0;0;0;0;0;0;0;0;0;1;0;1;2025-04-29 16:22:43
2024;NÃO INFORMADO;SEPARADO JUDICIALMENTE;95 a 99 anos                  ;FEMININO;ENSINO FUNDAMENTAL INCOMPLETO;NÃO INFORMADO;NÃO INFORMADO;ITAJAÍ;Não;Brasil;NÃO INFORMADO;SUL;1;SC;0;0;0;0;1;0;1;0;0;0;0;0;0;0;1;1;0;2025-04-29 16:22:43
2024;NÃO INFORMADO;SOLTEIRO;18 anos                       ;FEMININO;ENSINO FUNDAMENTAL COMPLETO;NÃO INFORMADO;NÃO INFORMADO;ITAJAÍ;Não;Brasil;NÃO INFORMADO;SUL;1;SC;0;0;0;6;0;33;0;27;0;0;0;0;0;0;33;27;6;2025-04-29 16:22:43
2024;NÃO INFORMADO;SOLTEIRO;18 anos                       ;FEMININO;ENSINO FUNDAMENTAL INCOMPLETO;NÃO INFORMADO;NÃO INFORMADO;ITAJAÍ;Não;Brasil;NÃO INFORMADO;SUL;1;SC;0;0;0;4;0;15;0;11;0;0;0;0;0;0;15;11;4;2025-04-29 16:22:43
2024;NÃO INFORMADO;SOLTEIRO;18 anos                       ;FEMININO;ENSINO MÉDIO COMPLETO;NÃO INFORMADO;NÃO INFORMADO;ITAJAÍ;Não;Brasil;NÃO INFORMADO;SUL;1;SC;0;0;0;0;0;1;0;1;0;0;0;0;0;0;1;1;0;2025-04-29 16:22:43
2024;NÃO INFORMADO;SOLTEIRO;18 anos                       ;FEMININO;ENSINO MÉDIO INCOMPLETO;NÃO INFORMADO;NÃO INFORMADO;ITAJAÍ;Não;Brasil;NÃO INFORMADO;SUL;1;SC;0;0;0;71;0;255;0;184;0;1;1;0;0;0;255;184;71;2025-04-29 16:22:43
2024;NÃO INFORMADO;SOLTEIRO;18 anos                       ;FEMININO;ENSINO MÉDIO INCOMPLETO;NÃO INFORMADO;NÃO INFORMADO;ITAJAÍ;Sim;Brasil;NÃO INFORMADO;SUL;1;SC;0;0;0;1;0;2;0;1;0;0;0;0;0;2;2;1;1;2025-04-29 16:22:43
2024;NÃO INFORMADO;SOLTEIRO;18 anos                       ;MASCULINO;ENSINO FUNDAMENTAL COMPLETO;NÃO INFORMADO;NÃO INFORMADO;ITAJAÍ;Não;Brasil;NÃO INFORMADO;SUL;1;SC;0;0;0;8;0;20;0;12;0;0;0;0;0;0;20;12;8;2025-04-29 16:22:43
2024;NÃO INFORMADO;SOLTEIRO;18 anos                       ;MASCULINO;ENSINO FUNDAMENTAL INCOMPLETO;NÃO INFORMADO;NÃO INFORMADO;ITAJAÍ;Não;Brasil;NÃO INFORMADO;SUL;1;SC;0;0;0;6;0;13;0;7;0;0;0;0;0;0;13;7;6;2025-04-29 16:22:43
2024;NÃO INFORMADO;SOLTEIRO;18 anos                       ;MASCULINO;ENSINO MÉDIO COMPLETO;NÃO INFORMADO;NÃO INFORMADO;ITAJAÍ;Não;Brasil;NÃO INFORMADO;SUL;1;SC;0;0;0;5;0;7;0;2;0;0;0;0;0;0;7;2;5;2025-04-29 16:22:43
2024;NÃO INFORMADO;SOLTEIRO;18 anos                       ;MASCULINO;ENSINO MÉDIO INCOMPLETO;NÃO INFORMADO;NÃO INFORMADO;ITAJAÍ;Não;Brasil;NÃO INFORMADO;SUL;1;SC;0;0;0;58;0;210;0;152;0;1;1;0;0;0;210;152;58;2025-04-29 16:22:43
2024;NÃO INFORMADO;SOLTEIRO;19 anos                       ;FEMININO;ENSINO FUNDAMENTAL COMPLETO;NÃO INFORMADO;NÃO INFORMADO;ITAJAÍ;Não;Brasil;NÃO INFORMADO;SUL;1;SC;0;0;0;17;0;48;0;31;0;0;0;0;0;0;48;31;17;2025-04-29 16:22:43
2024;NÃO INFORMADO;SOLTEIRO;19 anos                       ;FEMININO;ENSINO FUNDAMENTAL INCOMPLETO;NÃO INFORMADO;NÃO INFORMADO;ITAJAÍ;Não;Brasil;NÃO INFORMADO;SUL;1;SC;0;0;0;7;0;11;0;4;0;0;0;0;0;0;11;4;7;2025-04-29 16:22:43
2024;NÃO INFORMADO;SOLTEIRO;19 anos                       ;FEMININO;ENSINO MÉDIO COMPLETO;NÃO INFORMADO;NÃO INFORMADO;ITAJAÍ;Não;Brasil;NÃO INFORMADO;SUL;1;SC;0;0;0;10;0;39;0;29;0;0;0;0;0;0;39;29;10;2025-04-29 16:22:43
2024;NÃO INFORMADO;SOLTEIRO;19 anos                       ;FEMININO;ENSINO MÉDIO INCOMPLETO;NÃO INFORMADO;NÃO INFORMADO;ITAJAÍ;Não;Brasil;NÃO INFORMADO;SUL;1;SC;0;1;0;109;0;398;0;289;0;2;2;0;0;0;398;289;109;2025-04-29 16:22:43
2024;NÃO INFORMADO;SOLTEIRO;19 anos                       ;FEMININO;SUPERIOR INCOMPLETO;NÃO INFORMADO;NÃO INFORMADO;ITAJAÍ;Não;Brasil;NÃO INFORMADO;SUL;1;SC;0;0;0;1;0;5;0;4;0;0;0;0;0;0;5;4;1;2025-04-29 16:22:43
2024;NÃO INFORMADO;SOLTEIRO;19 anos                       ;MASCULINO;ANALFABETO;NÃO INFORMADO;NÃO INFORMADO;ITAJAÍ;Não;Brasil;NÃO INFORMADO;SUL;1;SC;1;0;0;0;1;0;0;0;1;0;0;1;0;0;1;0;1;2025-04-29 16:22:43
2024;NÃO INFORMADO;SOLTEIRO;19 anos                       ;MASCULINO;ENSINO FUNDAMENTAL COMPLETO;NÃO INFORMADO;NÃO INFORMADO;ITAJAÍ;Não;Brasil;NÃO INFORMADO;SUL;1;SC;1;0;0;14;0;29;0;15;0;2;1;0;1;0;29;15;14;2025-04-29 16:22:43
2024;NÃO INFORMADO;SOLTEIRO;19 anos                       ;MASCULINO;ENSINO FUNDAMENTAL INCOMPLETO;NÃO INFORMADO;NÃO INFORMADO;ITAJAÍ;Não;Brasil;NÃO INFORMADO;SUL;1;SC;0;0;0;9;0;18;0;9;0;0;0;0;0;0;18;9;9;2025-04-29 16:22:43
2024;NÃO INFORMADO;SOLTEIRO;19 anos                       ;MASCULINO;ENSINO MÉDIO COMPLETO;NÃO INFORMADO;NÃO INFORMADO;ITAJAÍ;Não;Brasil;NÃO INFORMADO;SUL;1;SC;0;0;0;10;0;25;0;15;0;0;0;0;0;0;25;15;10;2025-04-29 16:22:43
2024;NÃO INFORMADO;SOLTEIRO;19 anos                       ;MASCULINO;ENSINO MÉDIO INCOMPLETO;NÃO INFORMADO;NÃO INFORMADO;ITAJAÍ;Não;Brasil;NÃO INFORMADO;SUL;1;SC;0;0;0;104;0;364;0;260;0;5;5;0;0;0;364;260;104;2025-04-29 16:22:43
2024;NÃO INFORMADO;SOLTEIRO;19 anos                       ;MASCULINO;LÊ E ESCREVE;NÃO INFORMADO;NÃO INFORMADO;ITAJAÍ;Não;Brasil;NÃO INFORMADO;SUL;1;SC;0;0;0;0;0;1;0;1;0;0;0;0;0;0;1;1;0;2025-04-29 16:22:43
2024;NÃO INFORMADO;SOLTEIRO;19 anos                       ;MASCULINO;SUPERIOR INCOMPLETO;NÃO INFORMADO;NÃO INFORMADO;ITAJAÍ;Não;Brasil;NÃO INFORMADO;SUL;1;SC;0;0;0;0;0;1;0;1;0;0;0;0;0;0;1;1;0;2025-04-29 16:22:43
2024;NÃO INFORMADO;SOLTEIRO;20 anos                       ;FEMININO;ANALFABETO;NÃO INFORMADO;NÃO INFORMADO;ITAJAÍ;Não;Brasil;NÃO INFORMADO;SUL;1;SC;0;0;0;0;2;0;1;0;0;0;0;0;0;0;2;1;1;2025-04-29 16:22:43
2024;NÃO INFORMADO;SOLTEIRO;20 anos                       ;FEMININO;ENSINO FUNDAMENTAL COMPLETO;NÃO INFORMADO;NÃO INFORMADO;ITAJAÍ;Não;Brasil;NÃO INFORMADO;SUL;1;SC;0;0;0;15;0;54;0;39;0;0;0;0;0;0;54;39;15;2025-04-29 16:22:43
2024;NÃO INFORMADO;SOLTEIRO;20 anos                       ;FEMININO;ENSINO FUNDAMENTAL INCOMPLETO;NÃO INFORMADO;NÃO INFORMADO;ITAJAÍ;Não;Brasil;NÃO INFORMADO;SUL;1;SC;0;0;0;13;0;22;0;9;0;0;0;0;0;0;22;9;13;2025-04-29 16:22:43
2024;NÃO INFORMADO;SOLTEIRO;20 anos                       ;FEMININO;ENSINO MÉDIO COMPLETO;NÃO INFORMADO;NÃO INFORMADO;ITAJAÍ;Não;Brasil;NÃO INFORMADO;SUL;1;SC;1;0;0;121;0;403;0;282;0;4;3;0;1;0;403;282;121;2025-04-29 16:22:43
2024;NÃO INFORMADO;SOLTEIRO;20 anos                       ;FEMININO;ENSINO MÉDIO COMPLETO;NÃO INFORMADO;NÃO INFORMADO;ITAJAÍ;Sim;Brasil;NÃO INFORMADO;SUL;1;SC;0;0;0;1;0;3;0;2;0;0;0;0;0;3;3;2;1;2025-04-29 16:22:43
2024;NÃO INFORMADO;SOLTEIRO;20 anos                       ;FEMININO;ENSINO MÉDIO INCOMPLETO;NÃO INFORMADO;NÃO INFORMADO;ITAJAÍ;Não;Brasil;NÃO INFORMADO;SUL;1;SC;2;0;0;115;0;517;0;402;0;3;1;0;2;0;517;402;115;2025-04-29 16:22:43
2024;NÃO INFORMADO;SOLTEIRO;20 anos                       ;FEMININO;ENSINO MÉDIO INCOMPLETO;NÃO INFORMADO;NÃO INFORMADO;ITAJAÍ;Sim;Brasil;NÃO INFORMADO;SUL;1;SC;0;0;0;1;0;2;0;1;0;0;0;0;0;2;2;1;1;2025-04-29 16:22:43
2024;NÃO INFORMADO;SOLTEIRO;20 anos                       ;FEMININO;LÊ E ESCREVE;NÃO INFORMADO;NÃO INFORMADO;ITAJAÍ;Não;Brasil;NÃO INFORMADO;SUL;1;SC;0;0;0;1;0;3;0;2;0;0;0;0;0;0;3;2;1;2025-04-29 16:22:43
2024;NÃO INFORMADO;SOLTEIRO;20 anos                       ;FEMININO;SUPERIOR COMPLETO;NÃO INFORMADO;NÃO INFORMADO;ITAJAÍ;Não;Brasil;NÃO INFORMADO;SUL;1;SC;0;0;0;0;0;1;0;1;0;0;0;0;0;0;1;1;0;2025-04-29 16:22:43
2024;NÃO INFORMADO;SOLTEIRO;20 anos                       ;FEMININO;SUPERIOR INCOMPLETO;NÃO INFORMADO;NÃO INFORMADO;ITAJAÍ;Não;Brasil;NÃO INFORMADO;SUL;1;SC;0;0;0;12;0;57;0;45;0;0;0;0;0;0;57;45;12;2025-04-29 16:22:43
2024;NÃO INFORMADO;SOLTEIRO;20 anos                       ;MASCULINO;ANALFABETO;NÃO INFORMADO;NÃO INFORMADO;ITAJAÍ;Não;Brasil;NÃO INFORMADO;SUL;1;SC;0;0;0;0;1;0;1;0;0;0;0;0;0;0;1;1;0;2025-04-29 16:22:43
2024;NÃO INFORMADO;SOLTEIRO;20 anos                       ;MASCULINO;ENSINO FUNDAMENTAL COMPLETO;NÃO INFORMADO;NÃO INFORMADO;ITAJAÍ;Não;Brasil;NÃO INFORMADO;SUL;1;SC;1;0;0;18;0;48;0;30;0;1;0;0;1;0;48;30;18;2025-04-29 16:22:43
2024;NÃO INFORMADO;SOLTEIRO;20 anos                       ;MASCULINO;ENSINO FUNDAMENTAL INCOMPLETO;NÃO INFORMADO;NÃO INFORMADO;ITAJAÍ;Não;Brasil;NÃO INFORMADO;SUL;1;SC;1;0;0;21;0;30;0;9;0;2;1;0;1;0;30;9;21;2025-04-29 16:22:43
2024;NÃO INFORMADO;SOLTEIRO;20 anos                       ;MASCULINO;ENSINO MÉDIO COMPLETO;NÃO INFORMADO;NÃO INFORMADO;ITAJAÍ;Não;Brasil;NÃO INFORMADO;SUL;1;SC;0;0;0;88;0;288;0;200;0;4;4;0;0;0;288;200;88;2025-04-29 16:22:43
2024;NÃO INFORMADO;SOLTEIRO;20 anos                       ;MASCULINO;ENSINO MÉDIO COMPLETO;NÃO INFORMADO;NÃO INFORMADO;ITAJAÍ;Sim;Brasil;NÃO INFORMADO;SUL;1;SC;0;0;0;1;0;1;0;0;0;0;0;0;0;1;1;0;1;2025-04-29 16:22:43
2024;NÃO INFORMADO;SOLTEIRO;20 anos                       ;MASCULINO;ENSINO MÉDIO INCOMPLETO;NÃO INFORMADO;NÃO INFORMADO;ITAJAÍ;Não;Brasil;NÃO INFORMADO;SUL;1;SC;1;0;0;165;0;534;0;369;0;5;4;0;1;0;534;369;165;2025-04-29 16:22:43
2024;NÃO INFORMADO;SOLTEIRO;20 anos                       ;MASCULINO;LÊ E ESCREVE;NÃO INFORMADO;NÃO INFORMADO;ITAJAÍ;Não;Brasil;NÃO INFORMADO;SUL;1;SC;0;0;0;0;0;1;0;1;0;0;0;0;0;0;1;1;0;2025-04-29 16:22:43
2024;NÃO INFORMADO;SOLTEIRO;20 anos                       ;MASCULINO;SUPERIOR COMPLETO;NÃO INFORMADO;NÃO INFORMADO;ITAJAÍ;Não;Brasil;NÃO INFORMADO;SUL;1;SC;0;0;0;1;0;2;0;1;0;0;0;0;0;0;2;1;1;2025-04-29 16:22:43
2024;NÃO INFORMADO;SOLTEIRO;20 anos                       ;MASCULINO;SUPERIOR INCOMPLETO;NÃO INFORMADO;NÃO INFORMADO;ITAJAÍ;Não;Brasil;NÃO INFORMADO;SUL;1;SC;0;0;0;17;0;63;0;46;0;0;0;0;0;0;63;46;17;2025-04-29 16:22:43
2024;NÃO INFORMADO;SOLTEIRO;21 a 24 anos                  ;FEMININO;ANALFABETO;NÃO INFORMADO;NÃO INFORMADO;ITAJAÍ;Não;Brasil;NÃO INFORMADO;SUL;1;SC;0;0;0;0;1;0;1;0;0;0;0;0;0;0;1;1;0;2025-04-29 16:22:43
2024;NÃO INFORMADO;SOLTEIRO;21 a 24 anos                  ;FEMININO;ENSINO FUNDAMENTAL COMPLETO;NÃO INFORMADO;NÃO INFORMADO;ITAJAÍ;Não;Brasil;NÃO INFORMADO;SUL;1;SC;2;0;0;124;0;215;0;91;0;2;0;0;2;0;215;91;124;2025-04-29 16:22:43
2024;NÃO INFORMADO;SOLTEIRO;21 a 24 anos                  ;FEMININO;ENSINO FUNDAMENTAL INCOMPLETO;NÃO INFORMADO;NÃO INFORMADO;ITAJAÍ;Não;Brasil;NÃO INFORMADO;SUL;1;SC;0;0;0;130;0;209;0;79;0;1;1;0;0;0;209;79;130;2025-04-29 16:22:43
2024;NÃO INFORMADO;SOLTEIRO;21 a 24 anos                  ;FEMININO;ENSINO MÉDIO COMPLETO;NÃO INFORMADO;NÃO INFORMADO;ITAJAÍ;Não;Brasil;NÃO INFORMADO;SUL;1;SC;4;0;0;827;0;2329;0;1502;0;7;3;0;4;0;2329;1502;827;2025-04-29 16:22:43
2024;NÃO INFORMADO;SOLTEIRO;21 a 24 anos                  ;FEMININO;ENSINO MÉDIO INCOMPLETO;NÃO INFORMADO;NÃO INFORMADO;ITAJAÍ;Não;Brasil;NÃO INFORMADO;SUL;1;SC;4;0;0;706;0;2110;0;1404;0;7;3;0;4;0;2110;1404;706;2025-04-29 16:22:43
2024;NÃO INFORMADO;SOLTEIRO;21 a 24 anos                  ;FEMININO;ENSINO MÉDIO INCOMPLETO;NÃO INFORMADO;NÃO INFORMADO;ITAJAÍ;Sim;Brasil;NÃO INFORMADO;SUL;1;SC;0;0;0;1;0;1;0;0;0;0;0;0;0;1;1;0;1;2025-04-29 16:22:43
2024;NÃO INFORMADO;SOLTEIRO;21 a 24 anos                  ;FEMININO;LÊ E ESCREVE;NÃO INFORMADO;NÃO INFORMADO;ITAJAÍ;Não;Brasil;NÃO INFORMADO;SUL;1;SC;0;0;0;4;0;4;0;0;0;0;0;0;0;0;4;0;4;2025-04-29 16:22:43
2024;NÃO INFORMADO;SOLTEIRO;21 a 24 anos                  ;FEMININO;SUPERIOR COMPLETO;NÃO INFORMADO;NÃO INFORMADO;ITAJAÍ;Não;Brasil;NÃO INFORMADO;SUL;1;SC;0;0;0;8;0;22;0;14;0;0;0;0;0;0;22;14;8;2025-04-29 16:22:43
2024;NÃO INFORMADO;SOLTEIRO;21 a 24 anos                  ;FEMININO;SUPERIOR INCOMPLETO;NÃO INFORMADO;NÃO INFORMADO;ITAJAÍ;Não;Brasil;NÃO INFORMADO;SUL;1;SC;0;0;0;188;0;696;0;508;0;0;0;0;0;0;696;508;188;2025-04-29 16:22:43
2024;NÃO INFORMADO;SOLTEIRO;21 a 24 anos                  ;MASCULINO;ANALFABETO;NÃO INFORMADO;NÃO INFORMADO;ITAJAÍ;Não;Brasil;NÃO INFORMADO;SUL;1;SC;6;0;0;0;10;0;2;0;7;0;1;6;0;0;10;2;8;2025-04-29 16:22:43
2024;NÃO INFORMADO;SOLTEIRO;21 a 24 anos                  ;MASCULINO;ENSINO FUNDAMENTAL COMPLETO;NÃO INFORMADO;NÃO INFORMADO;ITAJAÍ;Não;Brasil;NÃO INFORMADO;SUL;1;SC;1;0;0;175;0;289;0;114;0;5;4;0;1;0;289;114;175;2025-04-29 16:22:43
2024;NÃO INFORMADO;SOLTEIRO;21 a 24 anos                  ;MASCULINO;ENSINO FUNDAMENTAL INCOMPLETO;NÃO INFORMADO;NÃO INFORMADO;ITAJAÍ;Não;Brasil;NÃO INFORMADO;SUL;1;SC;3;0;0;201;0;298;0;97;0;5;2;0;3;0;298;97;201;2025-04-29 16:22:43
2024;NÃO INFORMADO;SOLTEIRO;21 a 24 anos                  ;MASCULINO;ENSINO FUNDAMENTAL INCOMPLETO;NÃO INFORMADO;NÃO INFORMADO;ITAJAÍ;Sim;Brasil;NÃO INFORMADO;SUL;1;SC;0;0;0;1;0;1;0;0;0;0;0;0;0;1;1;0;1;2025-04-29 16:22:43
2024;NÃO INFORMADO;SOLTEIRO;21 a 24 anos                  ;MASCULINO;ENSINO MÉDIO COMPLETO;NÃO INFORMADO;NÃO INFORMADO;ITAJAÍ;Não;Brasil;NÃO INFORMADO;SUL;1;SC;14;0;0;690;0;1892;0;1202;0;27;13;0;14;0;1892;1202;690;2025-04-29 16:22:43
2024;NÃO INFORMADO;SOLTEIRO;21 a 24 anos                  ;MASCULINO;ENSINO MÉDIO COMPLETO;NÃO INFORMADO;NÃO INFORMADO;ITAJAÍ;Sim;Brasil;NÃO INFORMADO;SUL;1;SC;0;0;0;2;0;2;0;0;0;0;0;0;0;2;2;0;2;2025-04-29 16:22:43
2024;NÃO INFORMADO;SOLTEIRO;21 a 24 anos                  ;MASCULINO;ENSINO MÉDIO INCOMPLETO;NÃO INFORMADO;NÃO INFORMADO;ITAJAÍ;Não;Brasil;NÃO INFORMADO;SUL;1;SC;6;1;0;1042;0;2516;0;1474;0;14;8;0;6;0;2516;1474;1042;2025-04-29 16:22:43
2024;NÃO INFORMADO;SOLTEIRO;21 a 24 anos                  ;MASCULINO;LÊ E ESCREVE;NÃO INFORMADO;NÃO INFORMADO;ITAJAÍ;Não;Brasil;NÃO INFORMADO;SUL;1;SC;0;0;0;7;0;9;0;2;0;0;0;0;0;0;9;2;7;2025-04-29 16:22:43
2024;NÃO INFORMADO;SOLTEIRO;21 a 24 anos                  ;MASCULINO;SUPERIOR COMPLETO;NÃO INFORMADO;NÃO INFORMADO;ITAJAÍ;Não;Brasil;NÃO INFORMADO;SUL;1;SC;0;0;0;7;0;11;0;4;0;0;0;0;0;0;11;4;7;2025-04-29 16:22:43
2024;NÃO INFORMADO;SOLTEIRO;21 a 24 anos                  ;MASCULINO;SUPERIOR INCOMPLETO;NÃO INFORMADO;NÃO INFORMADO;ITAJAÍ;Não;Brasil;NÃO INFORMADO;SUL;1;SC;0;0;0;150;0;502;0;352;0;1;1;0;0;0;502;352;150;2025-04-29 16:22:43
2024;NÃO INFORMADO;SOLTEIRO;21 a 24 anos                  ;MASCULINO;SUPERIOR INCOMPLETO;NÃO INFORMADO;NÃO INFORMADO;ITAJAÍ;Sim;Brasil;NÃO INFORMADO;SUL;1;SC;0;0;0;0;0;1;0;1;0;0;0;0;0;1;1;1;0;2025-04-29 16:22:43
2024;NÃO INFORMADO;SOLTEIRO;25 a 29 anos                  ;FEMININO;ANALFABETO;NÃO INFORMADO;NÃO INFORMADO;ITAJAÍ;Não;Brasil;NÃO INFORMADO;SUL;1;SC;0;0;0;0;6;0;4;0;1;0;1;0;0;0;6;4;2;2025-04-29 16:22:43
2024;NÃO INFORMADO;SOLTEIRO;25 a 29 anos                  ;FEMININO;ENSINO FUNDAMENTAL COMPLETO;NÃO INFORMADO;NÃO INFORMADO;ITAJAÍ;Não;Brasil;NÃO INFORMADO;SUL;1;SC;0;0;0;178;0;432;0;254;0;3;3;0;0;0;432;254;178;2025-04-29 16:22:43
2024;NÃO INFORMADO;SOLTEIRO;25 a 29 anos                  ;FEMININO;ENSINO FUNDAMENTAL INCOMPLETO;NÃO INFORMADO;NÃO INFORMADO;ITAJAÍ;Não;Brasil;NÃO INFORMADO;SUL;1;SC;0;0;0;165;0;316;0;151;0;2;2;0;0;0;316;151;165;2025-04-29 16:22:43
2024;NÃO INFORMADO;SOLTEIRO;25 a 29 anos                  ;FEMININO;ENSINO FUNDAMENTAL INCOMPLETO;NÃO INFORMADO;NÃO INFORMADO;ITAJAÍ;Sim;Brasil;NÃO INFORMADO;SUL;1;SC;0;0;0;1;0;1;0;0;0;0;0;0;0;1;1;0;1;2025-04-29 16:22:43
2024;NÃO INFORMADO;SOLTEIRO;25 a 29 anos                  ;FEMININO;ENSINO MÉDIO COMPLETO;NÃO INFORMADO;NÃO INFORMADO;ITAJAÍ;Não;Brasil;NÃO INFORMADO;SUL;1;SC;3;2;0;867;0;2806;0;1939;0;7;4;0;3;0;2806;1939;867;2025-04-29 16:22:43
2024;NÃO INFORMADO;SOLTEIRO;25 a 29 anos                  ;FEMININO;ENSINO MÉDIO INCOMPLETO;NÃO INFORMADO;NÃO INFORMADO;ITAJAÍ;Não;Brasil;NÃO INFORMADO;SUL;1;SC;2;0;0;455;0;1146;0;691;0;4;2;0;2;0;1146;691;455;2025-04-29 16:22:43
2024;NÃO INFORMADO;SOLTEIRO;25 a 29 anos                  ;FEMININO;ENSINO MÉDIO INCOMPLETO;NÃO INFORMADO;NÃO INFORMADO;ITAJAÍ;Sim;Brasil;NÃO INFORMADO;SUL;1;SC;0;0;0;0;0;1;0;1;0;0;0;0;0;1;1;1;0;2025-04-29 16:22:43
2024;NÃO INFORMADO;SOLTEIRO;25 a 29 anos                  ;FEMININO;LÊ E ESCREVE;NÃO INFORMADO;NÃO INFORMADO;ITAJAÍ;Não;Brasil;NÃO INFORMADO;SUL;1;SC;0;0;0;3;0;5;0;2;0;0;0;0;0;0;5;2;3;2025-04-29 16:22:43
2024;NÃO INFORMADO;SOLTEIRO;25 a 29 anos                  ;FEMININO;SUPERIOR COMPLETO;NÃO INFORMADO;NÃO INFORMADO;ITAJAÍ;Não;Brasil;NÃO INFORMADO;SUL;1;SC;0;0;0;131;0;422;0;291;0;2;2;0;0;0;422;291;131;2025-04-29 16:22:43
2024;NÃO INFORMADO;SOLTEIRO;25 a 29 anos                  ;FEMININO;SUPERIOR COMPLETO;NÃO INFORMADO;NÃO INFORMADO;ITAJAÍ;Sim;Brasil;NÃO INFORMADO;SUL;1;SC;0;0;0;0;0;1;0;1;0;0;0;0;0;1;1;1;0;2025-04-29 16:22:43
2024;NÃO INFORMADO;SOLTEIRO;25 a 29 anos                  ;FEMININO;SUPERIOR INCOMPLETO;NÃO INFORMADO;NÃO INFORMADO;ITAJAÍ;Não;Brasil;NÃO INFORMADO;SUL;1;SC;0;2;0;582;0;2269;0;1687;0;3;3;0;0;0;2269;1687;582;2025-04-29 16:22:43
2024;NÃO INFORMADO;SOLTEIRO;25 a 29 anos                  ;MASCULINO;ANALFABETO;NÃO INFORMADO;NÃO INFORMADO;ITAJAÍ;Não;Brasil;NÃO INFORMADO;SUL;1;SC;4;0;0;0;19;0;8;0;8;0;4;4;0;0;19;8;11;2025-04-29 16:22:43
2024;NÃO INFORMADO;SOLTEIRO;25 a 29 anos                  ;MASCULINO;ENSINO FUNDAMENTAL COMPLETO;NÃO INFORMADO;NÃO INFORMADO;ITAJAÍ;Não;Brasil;NÃO INFORMADO;SUL;1;SC;2;0;0;310;0;577;0;267;0;6;4;0;2;0;577;267;310;2025-04-29 16:22:43
2024;NÃO INFORMADO;SOLTEIRO;25 a 29 anos                  ;MASCULINO;ENSINO FUNDAMENTAL INCOMPLETO;NÃO INFORMADO;NÃO INFORMADO;ITAJAÍ;Não;Brasil;NÃO INFORMADO;SUL;1;SC;0;0;0;306;0;473;0;167;0;1;1;0;0;0;473;167;306;2025-04-29 16:22:43
2024;NÃO INFORMADO;SOLTEIRO;25 a 29 anos                  ;MASCULINO;ENSINO MÉDIO COMPLETO;NÃO INFORMADO;NÃO INFORMADO;ITAJAÍ;Não;Brasil;NÃO INFORMADO;SUL;1;SC;2;0;0;922;0;2846;0;1924;0;12;10;0;2;0;2846;1924;922;2025-04-29 16:22:43
2024;NÃO INFORMADO;SOLTEIRO;25 a 29 anos                  ;MASCULINO;ENSINO MÉDIO INCOMPLETO;NÃO INFORMADO;NÃO INFORMADO;ITAJAÍ;Não;Brasil;NÃO INFORMADO;SUL;1;SC;5;0;1;767;0;1724;0;957;0;12;7;0;5;0;1724;957;767;2025-04-29 16:22:43
2024;NÃO INFORMADO;SOLTEIRO;25 a 29 anos                  ;MASCULINO;LÊ E ESCREVE;NÃO INFORMADO;NÃO INFORMADO;ITAJAÍ;Não;Brasil;NÃO INFORMADO;SUL;1;SC;0;0;0;4;0;7;0;3;0;0;0;0;0;0;7;3;4;2025-04-29 16:22:43
2024;NÃO INFORMADO;SOLTEIRO;25 a 29 anos                  ;MASCULINO;SUPERIOR COMPLETO;NÃO INFORMADO;NÃO INFORMADO;ITAJAÍ;Não;Brasil;NÃO INFORMADO;SUL;1;SC;1;0;0;61;0;224;0;163;0;1;0;0;1;0;224;163;61;2025-04-29 16:22:43
2024;NÃO INFORMADO;SOLTEIRO;25 a 29 anos                  ;MASCULINO;SUPERIOR INCOMPLETO;NÃO INFORMADO;NÃO INFORMADO;ITAJAÍ;Não;Brasil;NÃO INFORMADO;SUL;1;SC;1;2;0;466;0;1766;0;1300;0;3;2;0;1;0;1766;1300;466;2025-04-29 16:22:43
2024;NÃO INFORMADO;SOLTEIRO;30 a 34 anos                  ;FEMININO;ANALFABETO;NÃO INFORMADO;NÃO INFORMADO;ITAJAÍ;Não;Brasil;NÃO INFORMADO;SUL;1;SC;1;0;0;0;11;0;4;0;3;0;2;1;0;0;11;4;7;2025-04-29 16:22:43
2024;NÃO INFORMADO;SOLTEIRO;30 a 34 anos                  ;FEMININO;ENSINO FUNDAMENTAL COMPLETO;NÃO INFORMADO;NÃO INFORMADO;ITAJAÍ;Não;Brasil;NÃO INFORMADO;SUL;1;SC;2;0;0;119;0;366;0;247;0;2;0;0;2;0;366;247;119;2025-04-29 16:22:43
2024;NÃO INFORMADO;SOLTEIRO;30 a 34 anos                  ;FEMININO;ENSINO FUNDAMENTAL INCOMPLETO;NÃO INFORMADO;NÃO INFORMADO;ITAJAÍ;Não;Brasil;NÃO INFORMADO;SUL;1;SC;1;0;0;108;0;309;0;201;0;1;0;0;1;0;309;201;108;2025-04-29 16:22:43
2024;NÃO INFORMADO;SOLTEIRO;30 a 34 anos                  ;FEMININO;ENSINO MÉDIO COMPLETO;NÃO INFORMADO;NÃO INFORMADO;ITAJAÍ;Não;Brasil;NÃO INFORMADO;SUL;1;SC;4;0;0;588;0;2205;0;1617;0;11;7;0;4;0;2205;1617;588;2025-04-29 16:22:43
2024;NÃO INFORMADO;SOLTEIRO;30 a 34 anos                  ;FEMININO;ENSINO MÉDIO INCOMPLETO;NÃO INFORMADO;NÃO INFORMADO;ITAJAÍ;Não;Brasil;NÃO INFORMADO;SUL;1;SC;0;0;0;209;0;675;0;466;0;0;0;0;0;0;675;466;209;2025-04-29 16:22:43
2024;NÃO INFORMADO;SOLTEIRO;30 a 34 anos                  ;FEMININO;LÊ E ESCREVE;NÃO INFORMADO;NÃO INFORMADO;ITAJAÍ;Não;Brasil;NÃO INFORMADO;SUL;1;SC;0;0;0;5;0;7;0;2;0;1;1;0;0;0;7;2;5;2025-04-29 16:22:43
2024;NÃO INFORMADO;SOLTEIRO;30 a 34 anos                  ;FEMININO;SUPERIOR COMPLETO;NÃO INFORMADO;NÃO INFORMADO;ITAJAÍ;Não;Brasil;NÃO INFORMADO;SUL;1;SC;0;1;0;357;0;1438;0;1081;0;4;4;0;0;0;1438;1081;357;2025-04-29 16:22:43
2024;NÃO INFORMADO;SOLTEIRO;30 a 34 anos                  ;FEMININO;SUPERIOR INCOMPLETO;NÃO INFORMADO;NÃO INFORMADO;ITAJAÍ;Não;Brasil;NÃO INFORMADO;SUL;1;SC;2;0;0;317;0;1173;0;856;0;4;2;0;2;0;1173;856;317;2025-04-29 16:22:43
2024;NÃO INFORMADO;SOLTEIRO;30 a 34 anos                  ;MASCULINO;ANALFABETO;NÃO INFORMADO;NÃO INFORMADO;ITAJAÍ;Não;Brasil;NÃO INFORMADO;SUL;1;SC;3;0;0;0;19;0;8;0;8;0;5;3;0;0;19;8;11;2025-04-29 16:22:43
2024;NÃO INFORMADO;SOLTEIRO;30 a 34 anos                  ;MASCULINO;ENSINO FUNDAMENTAL COMPLETO;NÃO INFORMADO;NÃO INFORMADO;ITAJAÍ;Não;Brasil;NÃO INFORMADO;SUL;1;SC;2;0;0;204;0;503;0;299;0;5;3;0;2;0;503;299;204;2025-04-29 16:22:43
2024;NÃO INFORMADO;SOLTEIRO;30 a 34 anos                  ;MASCULINO;ENSINO FUNDAMENTAL INCOMPLETO;NÃO INFORMADO;NÃO INFORMADO;ITAJAÍ;Não;Brasil;NÃO INFORMADO;SUL;1;SC;1;0;0;235;0;476;0;241;0;4;3;0;1;0;476;241;235;2025-04-29 16:22:43
2024;NÃO INFORMADO;SOLTEIRO;30 a 34 anos                  ;MASCULINO;ENSINO MÉDIO COMPLETO;NÃO INFORMADO;NÃO INFORMADO;ITAJAÍ;Não;Brasil;NÃO INFORMADO;SUL;1;SC;4;1;1;617;0;2146;0;1529;0;10;6;0;4;0;2146;1529;617;2025-04-29 16:22:43
2024;NÃO INFORMADO;SOLTEIRO;30 a 34 anos                  ;MASCULINO;ENSINO MÉDIO INCOMPLETO;NÃO INFORMADO;NÃO INFORMADO;ITAJAÍ;Não;Brasil;NÃO INFORMADO;SUL;1;SC;0;1;1;396;0;994;0;598;0;3;3;0;0;0;994;598;396;2025-04-29 16:22:43
2024;NÃO INFORMADO;SOLTEIRO;30 a 34 anos                  ;MASCULINO;LÊ E ESCREVE;NÃO INFORMADO;NÃO INFORMADO;ITAJAÍ;Não;Brasil;NÃO INFORMADO;SUL;1;SC;0;0;0;8;0;12;0;4;0;0;0;0;0;0;12;4;8;2025-04-29 16:22:43
2024;NÃO INFORMADO;SOLTEIRO;30 a 34 anos                  ;MASCULINO;SUPERIOR COMPLETO;NÃO INFORMADO;NÃO INFORMADO;ITAJAÍ;Não;Brasil;NÃO INFORMADO;SUL;1;SC;1;2;0;265;0;1026;0;761;0;8;7;0;1;0;1026;761;265;2025-04-29 16:22:43
2024;NÃO INFORMADO;SOLTEIRO;30 a 34 anos                  ;MASCULINO;SUPERIOR INCOMPLETO;NÃO INFORMADO;NÃO INFORMADO;ITAJAÍ;Não;Brasil;NÃO INFORMADO;SUL;1;SC;0;0;0;367;0;1227;0;860;0;1;1;0;0;0;1227;860;367;2025-04-29 16:22:43
2024;NÃO INFORMADO;SOLTEIRO;35 a 39 anos                  ;FEMININO;ANALFABETO;NÃO INFORMADO;NÃO INFORMADO;ITAJAÍ;Não;Brasil;NÃO INFORMADO;SUL;1;SC;1;0;0;0;8;0;4;0;2;0;1;1;0;0;8;4;4;2025-04-29 16:22:43
2024;NÃO INFORMADO;SOLTEIRO;35 a 39 anos                  ;FEMININO;ENSINO FUNDAMENTAL COMPLETO;NÃO INFORMADO;NÃO INFORMADO;ITAJAÍ;Não;Brasil;NÃO INFORMADO;SUL;1;SC;1;0;0;96;0;318;0;222;0;3;2;0;1;0;318;222;96;2025-04-29 16:22:43
2024;NÃO INFORMADO;SOLTEIRO;35 a 39 anos                  ;FEMININO;ENSINO FUNDAMENTAL INCOMPLETO;NÃO INFORMADO;NÃO INFORMADO;ITAJAÍ;Não;Brasil;NÃO INFORMADO;SUL;1;SC;0;0;0;124;0;381;0;257;0;0;0;0;0;0;381;257;124;2025-04-29 16:22:43
2024;NÃO INFORMADO;SOLTEIRO;35 a 39 anos                  ;FEMININO;ENSINO MÉDIO COMPLETO;NÃO INFORMADO;NÃO INFORMADO;ITAJAÍ;Não;Brasil;NÃO INFORMADO;SUL;1;SC;1;2;0;339;0;1674;0;1335;0;3;2;0;1;0;1674;1335;339;2025-04-29 16:22:43
2024;NÃO INFORMADO;SOLTEIRO;35 a 39 anos                  ;FEMININO;ENSINO MÉDIO INCOMPLETO;NÃO INFORMADO;NÃO INFORMADO;ITAJAÍ;Não;Brasil;NÃO INFORMADO;SUL;1;SC;0;0;0;147;0;538;0;391;0;1;1;0;0;0;538;391;147;2025-04-29 16:22:43
2024;NÃO INFORMADO;SOLTEIRO;35 a 39 anos                  ;FEMININO;LÊ E ESCREVE;NÃO INFORMADO;NÃO INFORMADO;ITAJAÍ;Não;Brasil;NÃO INFORMADO;SUL;1;SC;1;0;0;6;0;16;0;10;0;1;0;0;1;0;16;10;6;2025-04-29 16:22:43
2024;NÃO INFORMADO;SOLTEIRO;35 a 39 anos                  ;FEMININO;SUPERIOR COMPLETO;NÃO INFORMADO;NÃO INFORMADO;ITAJAÍ;Não;Brasil;NÃO INFORMADO;SUL;1;SC;0;0;0;349;0;1475;0;1126;0;0;0;0;0;0;1475;1126;349;2025-04-29 16:22:43
2024;NÃO INFORMADO;SOLTEIRO;35 a 39 anos                  ;FEMININO;SUPERIOR INCOMPLETO;NÃO INFORMADO;NÃO INFORMADO;ITAJAÍ;Não;Brasil;NÃO INFORMADO;SUL;1;SC;0;1;0;163;0;675;0;512;0;1;1;0;0;0;675;512;163;2025-04-29 16:22:43
2024;NÃO INFORMADO;SOLTEIRO;35 a 39 anos                  ;MASCULINO;ANALFABETO;NÃO INFORMADO;NÃO INFORMADO;ITAJAÍ;Não;Brasil;NÃO INFORMADO;SUL;1;SC;2;0;0;0;12;0;7;0;3;0;1;2;0;0;12;7;5;2025-04-29 16:22:43
2024;NÃO INFORMADO;SOLTEIRO;35 a 39 anos                  ;MASCULINO;ENSINO FUNDAMENTAL COMPLETO;NÃO INFORMADO;NÃO INFORMADO;ITAJAÍ;Não;Brasil;NÃO INFORMADO;SUL;1;SC;0;0;0;160;0;443;0;283;0;2;2;0;0;0;443;283;160;2025-04-29 16:22:43
2024;NÃO INFORMADO;SOLTEIRO;35 a 39 anos                  ;MASCULINO;ENSINO FUNDAMENTAL INCOMPLETO;NÃO INFORMADO;NÃO INFORMADO;ITAJAÍ;Não;Brasil;NÃO INFORMADO;SUL;1;SC;0;1;0;202;0;534;0;332;0;5;5;0;0;0;534;332;202;2025-04-29 16:22:43
2024;NÃO INFORMADO;SOLTEIRO;35 a 39 anos                  ;MASCULINO;ENSINO MÉDIO COMPLETO;NÃO INFORMADO;NÃO INFORMADO;ITAJAÍ;Não;Brasil;NÃO INFORMADO;SUL;1;SC;2;1;0;474;0;1869;0;1395;0;5;3;0;2;0;1869;1395;474;2025-04-29 16:22:43
2024;NÃO INFORMADO;SOLTEIRO;35 a 39 anos                  ;MASCULINO;ENSINO MÉDIO INCOMPLETO;NÃO INFORMADO;NÃO INFORMADO;ITAJAÍ;Não;Brasil;NÃO INFORMADO;SUL;1;SC;1;0;0;266;0;785;0;519;0;4;3;0;1;0;785;519;266;2025-04-29 16:22:43
2024;NÃO INFORMADO;SOLTEIRO;35 a 39 anos                  ;MASCULINO;LÊ E ESCREVE;NÃO INFORMADO;NÃO INFORMADO;ITAJAÍ;Não;Brasil;NÃO INFORMADO;SUL;1;SC;1;0;0;11;0;25;0;14;0;1;0;0;1;0;25;14;11;2025-04-29 16:22:43
2024;NÃO INFORMADO;SOLTEIRO;35 a 39 anos                  ;MASCULINO;SUPERIOR COMPLETO;NÃO INFORMADO;NÃO INFORMADO;ITAJAÍ;Não;Brasil;NÃO INFORMADO;SUL;1;SC;3;0;0;279;0;1134;0;855;0;6;3;0;3;0;1134;855;279;2025-04-29 16:22:43
2024;NÃO INFORMADO;SOLTEIRO;35 a 39 anos                  ;MASCULINO;SUPERIOR INCOMPLETO;NÃO INFORMADO;NÃO INFORMADO;ITAJAÍ;Não;Brasil;NÃO INFORMADO;SUL;1;SC;1;1;0;182;0;675;0;493;0;2;1;0;1;0;675;493;182;2025-04-29 16:22:43
2024;NÃO INFORMADO;SOLTEIRO;40 a 44 anos                  ;FEMININO;ANALFABETO;NÃO INFORMADO;NÃO INFORMADO;ITAJAÍ;Não;Brasil;NÃO INFORMADO;SUL;1;SC;1;0;0;0;14;0;5;0;1;0;0;1;0;0;14;5;9;2025-04-29 16:22:43
2024;NÃO INFORMADO;SOLTEIRO;40 a 44 anos                  ;FEMININO;ENSINO FUNDAMENTAL COMPLETO;NÃO INFORMADO;NÃO INFORMADO;ITAJAÍ;Não;Brasil;NÃO INFORMADO;SUL;1;SC;0;0;0;77;0;305;0;228;0;0;0;0;0;0;305;228;77;2025-04-29 16:22:43
2024;NÃO INFORMADO;SOLTEIRO;40 a 44 anos                  ;FEMININO;ENSINO FUNDAMENTAL INCOMPLETO;NÃO INFORMADO;NÃO INFORMADO;ITAJAÍ;Não;Brasil;NÃO INFORMADO;SUL;1;SC;0;0;0;152;0;578;0;426;0;4;4;0;0;0;578;426;152;2025-04-29 16:22:43
2024;NÃO INFORMADO;SOLTEIRO;40 a 44 anos                  ;FEMININO;ENSINO MÉDIO COMPLETO;NÃO INFORMADO;NÃO INFORMADO;ITAJAÍ;Não;Brasil;NÃO INFORMADO;SUL;1;SC;2;1;0;301;0;1378;0;1077;0;2;0;0;2;0;1378;1077;301;2025-04-29 16:22:43
2024;NÃO INFORMADO;SOLTEIRO;40 a 44 anos                  ;FEMININO;ENSINO MÉDIO INCOMPLETO;NÃO INFORMADO;NÃO INFORMADO;ITAJAÍ;Não;Brasil;NÃO INFORMADO;SUL;1;SC;0;0;0;79;0;360;0;281;0;0;0;0;0;0;360;281;79;2025-04-29 16:22:43
2024;NÃO INFORMADO;SOLTEIRO;40 a 44 anos                  ;FEMININO;LÊ E ESCREVE;NÃO INFORMADO;NÃO INFORMADO;ITAJAÍ;Não;Brasil;NÃO INFORMADO;SUL;1;SC;0;0;0;12;0;35;0;23;0;1;1;0;0;0;35;23;12;2025-04-29 16:22:43
2024;NÃO INFORMADO;SOLTEIRO;40 a 44 anos                  ;FEMININO;SUPERIOR COMPLETO;NÃO INFORMADO;NÃO INFORMADO;ITAJAÍ;Não;Brasil;NÃO INFORMADO;SUL;1;SC;0;4;0;209;0;1183;0;974;0;3;3;0;0;0;1183;974;209;2025-04-29 16:22:43
2024;NÃO INFORMADO;SOLTEIRO;40 a 44 anos                  ;FEMININO;SUPERIOR INCOMPLETO;NÃO INFORMADO;NÃO INFORMADO;ITAJAÍ;Não;Brasil;NÃO INFORMADO;SUL;1;SC;1;0;0;99;0;441;0;342;0;1;0;0;1;0;441;342;99;2025-04-29 16:22:43
2024;NÃO INFORMADO;SOLTEIRO;40 a 44 anos                  ;MASCULINO;ANALFABETO;NÃO INFORMADO;NÃO INFORMADO;ITAJAÍ;Não;Brasil;NÃO INFORMADO;SUL;1;SC;1;0;0;0;22;0;13;0;2;0;1;1;0;0;22;13;9;2025-04-29 16:22:43
2024;NÃO INFORMADO;SOLTEIRO;40 a 44 anos                  ;MASCULINO;ENSINO FUNDAMENTAL COMPLETO;NÃO INFORMADO;NÃO INFORMADO;ITAJAÍ;Não;Brasil;NÃO INFORMADO;SUL;1;SC;1;0;0;116;0;400;0;284;0;4;3;0;1;0;400;284;116;2025-04-29 16:22:43
2024;NÃO INFORMADO;SOLTEIRO;40 a 44 anos                  ;MASCULINO;ENSINO FUNDAMENTAL INCOMPLETO;NÃO INFORMADO;NÃO INFORMADO;ITAJAÍ;Não;Brasil;NÃO INFORMADO;SUL;1;SC;1;0;0;209;0;686;0;477;0;3;2;0;1;0;686;477;209;2025-04-29 16:22:43
2024;NÃO INFORMADO;SOLTEIRO;40 a 44 anos                  ;MASCULINO;ENSINO MÉDIO COMPLETO;NÃO INFORMADO;NÃO INFORMADO;ITAJAÍ;Não;Brasil;NÃO INFORMADO;SUL;1;SC;2;0;0;323;0;1414;0;1091;0;6;4;0;2;0;1414;1091;323;2025-04-29 16:22:43
2024;NÃO INFORMADO;SOLTEIRO;40 a 44 anos                  ;MASCULINO;ENSINO MÉDIO INCOMPLETO;NÃO INFORMADO;NÃO INFORMADO;ITAJAÍ;Não;Brasil;NÃO INFORMADO;SUL;1;SC;3;0;0;117;0;444;0;327;0;6;3;0;3;0;444;327;117;2025-04-29 16:22:43
2024;NÃO INFORMADO;SOLTEIRO;40 a 44 anos                  ;MASCULINO;ENSINO MÉDIO INCOMPLETO;NÃO INFORMADO;NÃO INFORMADO;ITAJAÍ;Sim;Brasil;NÃO INFORMADO;SUL;1;SC;0;0;0;1;0;1;0;0;0;0;0;0;0;1;1;0;1;2025-04-29 16:22:43
2024;NÃO INFORMADO;SOLTEIRO;40 a 44 anos                  ;MASCULINO;LÊ E ESCREVE;NÃO INFORMADO;NÃO INFORMADO;ITAJAÍ;Não;Brasil;NÃO INFORMADO;SUL;1;SC;2;0;0;15;0;39;0;24;0;3;1;0;2;0;39;24;15;2025-04-29 16:22:43
2024;NÃO INFORMADO;SOLTEIRO;40 a 44 anos                  ;MASCULINO;SUPERIOR COMPLETO;NÃO INFORMADO;NÃO INFORMADO;ITAJAÍ;Não;Brasil;NÃO INFORMADO;SUL;1;SC;0;0;0;225;0;870;0;645;0;3;3;0;0;0;870;645;225;2025-04-29 16:22:43
2024;NÃO INFORMADO;SOLTEIRO;40 a 44 anos                  ;MASCULINO;SUPERIOR INCOMPLETO;NÃO INFORMADO;NÃO INFORMADO;ITAJAÍ;Não;Brasil;NÃO INFORMADO;SUL;1;SC;2;0;0;119;0;475;0;356;0;3;1;0;2;0;475;356;119;2025-04-29 16:22:43
2024;NÃO INFORMADO;SOLTEIRO;45 a 49 anos                  ;FEMININO;ANALFABETO;NÃO INFORMADO;NÃO INFORMADO;ITAJAÍ;Não;Brasil;NÃO INFORMADO;SUL;1;SC;0;0;0;0;29;0;20;0;2;0;2;0;0;0;29;20;9;2025-04-29 16:22:43
2024;NÃO INFORMADO;SOLTEIRO;45 a 49 anos                  ;FEMININO;ENSINO FUNDAMENTAL COMPLETO;NÃO INFORMADO;NÃO INFORMADO;ITAJAÍ;Não;Brasil;NÃO INFORMADO;SUL;1;SC;0;0;0;57;0;291;0;234;0;1;1;0;0;0;291;234;57;2025-04-29 16:22:43
2024;NÃO INFORMADO;SOLTEIRO;45 a 49 anos                  ;FEMININO;ENSINO FUNDAMENTAL INCOMPLETO;NÃO INFORMADO;NÃO INFORMADO;ITAJAÍ;Não;Brasil;NÃO INFORMADO;SUL;1;SC;0;0;0;133;0;609;0;476;0;4;4;0;0;0;609;476;133;2025-04-29 16:22:43
2024;NÃO INFORMADO;SOLTEIRO;45 a 49 anos                  ;FEMININO;ENSINO MÉDIO COMPLETO;NÃO INFORMADO;NÃO INFORMADO;ITAJAÍ;Não;Brasil;NÃO INFORMADO;SUL;1;SC;1;0;0;152;0;871;0;719;0;2;1;0;1;0;871;719;152;2025-04-29 16:22:43
2024;NÃO INFORMADO;SOLTEIRO;45 a 49 anos                  ;FEMININO;ENSINO MÉDIO INCOMPLETO;NÃO INFORMADO;NÃO INFORMADO;ITAJAÍ;Não;Brasil;NÃO INFORMADO;SUL;1;SC;0;1;0;59;0;237;0;178;0;0;0;0;0;0;237;178;59;2025-04-29 16:22:43
2024;NÃO INFORMADO;SOLTEIRO;45 a 49 anos                  ;FEMININO;LÊ E ESCREVE;NÃO INFORMADO;NÃO INFORMADO;ITAJAÍ;Não;Brasil;NÃO INFORMADO;SUL;1;SC;0;0;0;9;0;42;0;33;0;1;1;0;0;0;42;33;9;2025-04-29 16:22:43
2024;NÃO INFORMADO;SOLTEIRO;45 a 49 anos                  ;FEMININO;SUPERIOR COMPLETO;NÃO INFORMADO;NÃO INFORMADO;ITAJAÍ;Não;Brasil;NÃO INFORMADO;SUL;1;SC;2;3;0;115;0;735;0;620;0;2;0;0;2;0;735;620;115;2025-04-29 16:22:43
2024;NÃO INFORMADO;SOLTEIRO;45 a 49 anos                  ;FEMININO;SUPERIOR INCOMPLETO;NÃO INFORMADO;NÃO INFORMADO;ITAJAÍ;Não;Brasil;NÃO INFORMADO;SUL;1;SC;0;0;0;44;0;258;0;214;0;1;1;0;0;0;258;214;44;2025-04-29 16:22:43
2024;NÃO INFORMADO;SOLTEIRO;45 a 49 anos                  ;MASCULINO;ANALFABETO;NÃO INFORMADO;NÃO INFORMADO;ITAJAÍ;Não;Brasil;NÃO INFORMADO;SUL;1;SC;0;0;0;0;37;0;25;0;3;0;3;0;0;0;37;25;12;2025-04-29 16:22:43
2024;NÃO INFORMADO;SOLTEIRO;45 a 49 anos                  ;MASCULINO;ENSINO FUNDAMENTAL COMPLETO;NÃO INFORMADO;NÃO INFORMADO;ITAJAÍ;Não;Brasil;NÃO INFORMADO;SUL;1;SC;0;0;0;102;0;344;0;242;0;2;2;0;0;0;344;242;102;2025-04-29 16:22:43
2024;NÃO INFORMADO;SOLTEIRO;45 a 49 anos                  ;MASCULINO;ENSINO FUNDAMENTAL INCOMPLETO;NÃO INFORMADO;NÃO INFORMADO;ITAJAÍ;Não;Brasil;NÃO INFORMADO;SUL;1;SC;3;0;0;204;0;732;0;528;0;5;2;0;3;0;732;528;204;2025-04-29 16:22:43
2024;NÃO INFORMADO;SOLTEIRO;45 a 49 anos                  ;MASCULINO;ENSINO MÉDIO COMPLETO;NÃO INFORMADO;NÃO INFORMADO;ITAJAÍ;Não;Brasil;NÃO INFORMADO;SUL;1;SC;1;0;0;174;0;865;0;691;0;8;7;0;1;0;865;691;174;2025-04-29 16:22:43
2024;NÃO INFORMADO;SOLTEIRO;45 a 49 anos                  ;MASCULINO;ENSINO MÉDIO INCOMPLETO;NÃO INFORMADO;NÃO INFORMADO;ITAJAÍ;Não;Brasil;NÃO INFORMADO;SUL;1;SC;0;0;0;67;0;258;0;191;0;2;2;0;0;0;258;191;67;2025-04-29 16:22:43
2024;NÃO INFORMADO;SOLTEIRO;45 a 49 anos                  ;MASCULINO;LÊ E ESCREVE;NÃO INFORMADO;NÃO INFORMADO;ITAJAÍ;Não;Brasil;NÃO INFORMADO;SUL;1;SC;0;0;0;32;0;76;0;44;0;0;0;0;0;0;76;44;32;2025-04-29 16:22:43
2024;NÃO INFORMADO;SOLTEIRO;45 a 49 anos                  ;MASCULINO;SUPERIOR COMPLETO;NÃO INFORMADO;NÃO INFORMADO;ITAJAÍ;Não;Brasil;NÃO INFORMADO;SUL;1;SC;0;0;0;97;0;498;0;401;0;0;0;0;0;0;498;401;97;2025-04-29 16:22:43
2024;NÃO INFORMADO;SOLTEIRO;45 a 49 anos                  ;MASCULINO;SUPERIOR INCOMPLETO;NÃO INFORMADO;NÃO INFORMADO;ITAJAÍ;Não;Brasil;NÃO INFORMADO;SUL;1;SC;0;0;0;59;0;248;0;189;0;1;1;0;0;0;248;189;59;2025-04-29 16:22:43
2024;NÃO INFORMADO;SOLTEIRO;50 a 54 anos                  ;FEMININO;ANALFABETO;NÃO INFORMADO;NÃO INFORMADO;ITAJAÍ;Não;Brasil;NÃO INFORMADO;SUL;1;SC;0;0;0;0;42;0;31;0;3;0;3;0;0;0;42;31;11;2025-04-29 16:22:43
2024;NÃO INFORMADO;SOLTEIRO;50 a 54 anos                  ;FEMININO;ENSINO FUNDAMENTAL COMPLETO;NÃO INFORMADO;NÃO INFORMADO;ITAJAÍ;Não;Brasil;NÃO INFORMADO;SUL;1;SC;1;0;0;52;0;287;0;235;0;1;0;0;1;0;287;235;52;2025-04-29 16:22:43
2024;NÃO INFORMADO;SOLTEIRO;50 a 54 anos                  ;FEMININO;ENSINO FUNDAMENTAL INCOMPLETO;NÃO INFORMADO;NÃO INFORMADO;ITAJAÍ;Não;Brasil;NÃO INFORMADO;SUL;1;SC;0;0;0;136;0;658;0;522;0;4;4;0;0;0;658;522;136;2025-04-29 16:22:43
2024;NÃO INFORMADO;SOLTEIRO;50 a 54 anos                  ;FEMININO;ENSINO MÉDIO COMPLETO;NÃO INFORMADO;NÃO INFORMADO;ITAJAÍ;Não;Brasil;NÃO INFORMADO;SUL;1;SC;1;0;0;78;0;525;0;447;0;2;1;0;1;0;525;447;78;2025-04-29 16:22:43
2024;NÃO INFORMADO;SOLTEIRO;50 a 54 anos                  ;FEMININO;ENSINO MÉDIO COMPLETO;NÃO INFORMADO;NÃO INFORMADO;ITAJAÍ;Sim;Brasil;NÃO INFORMADO;SUL;1;SC;0;0;0;0;0;1;0;1;0;0;0;0;0;1;1;1;0;2025-04-29 16:22:43
2024;NÃO INFORMADO;SOLTEIRO;50 a 54 anos                  ;FEMININO;ENSINO MÉDIO INCOMPLETO;NÃO INFORMADO;NÃO INFORMADO;ITAJAÍ;Não;Brasil;NÃO INFORMADO;SUL;1;SC;0;0;0;33;0;136;0;103;0;0;0;0;0;0;136;103;33;2025-04-29 16:22:43
2024;NÃO INFORMADO;SOLTEIRO;50 a 54 anos                  ;FEMININO;LÊ E ESCREVE;NÃO INFORMADO;NÃO INFORMADO;ITAJAÍ;Não;Brasil;NÃO INFORMADO;SUL;1;SC;0;0;0;8;0;67;0;59;0;1;1;0;0;0;67;59;8;2025-04-29 16:22:43
2024;NÃO INFORMADO;SOLTEIRO;50 a 54 anos                  ;FEMININO;SUPERIOR COMPLETO;NÃO INFORMADO;NÃO INFORMADO;ITAJAÍ;Não;Brasil;NÃO INFORMADO;SUL;1;SC;0;5;0;54;0;401;0;347;0;0;0;0;0;0;401;347;54;2025-04-29 16:22:43
2024;NÃO INFORMADO;SOLTEIRO;50 a 54 anos                  ;FEMININO;SUPERIOR INCOMPLETO;NÃO INFORMADO;NÃO INFORMADO;ITAJAÍ;Não;Brasil;NÃO INFORMADO;SUL;1;SC;0;0;0;22;0;136;0;114;0;0;0;0;0;0;136;114;22;2025-04-29 16:22:43
2024;NÃO INFORMADO;SOLTEIRO;50 a 54 anos                  ;MASCULINO;ANALFABETO;NÃO INFORMADO;NÃO INFORMADO;ITAJAÍ;Não;Brasil;NÃO INFORMADO;SUL;1;SC;1;0;0;0;46;0;25;0;3;0;2;1;0;0;46;25;21;2025-04-29 16:22:43
2024;NÃO INFORMADO;SOLTEIRO;50 a 54 anos                  ;MASCULINO;ENSINO FUNDAMENTAL COMPLETO;NÃO INFORMADO;NÃO INFORMADO;ITAJAÍ;Não;Brasil;NÃO INFORMADO;SUL;1;SC;0;0;0;50;0;273;0;223;0;2;2;0;0;0;273;223;50;2025-04-29 16:22:43
2024;NÃO INFORMADO;SOLTEIRO;50 a 54 anos                  ;MASCULINO;ENSINO FUNDAMENTAL INCOMPLETO;NÃO INFORMADO;NÃO INFORMADO;ITAJAÍ;Não;Brasil;NÃO INFORMADO;SUL;1;SC;5;0;0;168;0;703;0;535;0;6;1;0;5;0;703;535;168;2025-04-29 16:22:43
2024;NÃO INFORMADO;SOLTEIRO;50 a 54 anos                  ;MASCULINO;ENSINO MÉDIO COMPLETO;NÃO INFORMADO;NÃO INFORMADO;ITAJAÍ;Não;Brasil;NÃO INFORMADO;SUL;1;SC;0;0;0;96;0;498;0;402;0;3;3;0;0;0;498;402;96;2025-04-29 16:22:43
2024;NÃO INFORMADO;SOLTEIRO;50 a 54 anos                  ;MASCULINO;ENSINO MÉDIO INCOMPLETO;NÃO INFORMADO;NÃO INFORMADO;ITAJAÍ;Não;Brasil;NÃO INFORMADO;SUL;1;SC;0;0;0;30;0;166;0;136;0;2;2;0;0;0;166;136;30;2025-04-29 16:22:43
2024;NÃO INFORMADO;SOLTEIRO;50 a 54 anos                  ;MASCULINO;LÊ E ESCREVE;NÃO INFORMADO;NÃO INFORMADO;ITAJAÍ;Não;Brasil;NÃO INFORMADO;SUL;1;SC;1;0;0;13;0;57;0;44;0;1;0;0;1;0;57;44;13;2025-04-29 16:22:43
2024;NÃO INFORMADO;SOLTEIRO;50 a 54 anos                  ;MASCULINO;SUPERIOR COMPLETO;NÃO INFORMADO;NÃO INFORMADO;ITAJAÍ;Não;Brasil;NÃO INFORMADO;SUL;1;SC;0;0;0;51;0;225;0;174;0;1;1;0;0;0;225;174;51;2025-04-29 16:22:43
2024;NÃO INFORMADO;SOLTEIRO;50 a 54 anos                  ;MASCULINO;SUPERIOR INCOMPLETO;NÃO INFORMADO;NÃO INFORMADO;ITAJAÍ;Não;Brasil;NÃO INFORMADO;SUL;1;SC;0;1;0;24;0;129;0;105;0;1;1;0;0;0;129;105;24;2025-04-29 16:22:43
2024;NÃO INFORMADO;SOLTEIRO;55 a 59 anos                  ;FEMININO;ANALFABETO;NÃO INFORMADO;NÃO INFORMADO;ITAJAÍ;Não;Brasil;NÃO INFORMADO;SUL;1;SC;1;0;0;0;50;0;34;0;2;0;1;1;0;0;50;34;16;2025-04-29 16:22:43
2024;NÃO INFORMADO;SOLTEIRO;55 a 59 anos                  ;FEMININO;ENSINO FUNDAMENTAL COMPLETO;NÃO INFORMADO;NÃO INFORMADO;ITAJAÍ;Não;Brasil;NÃO INFORMADO;SUL;1;SC;0;0;0;25;0;231;0;206;0;1;1;0;0;0;231;206;25;2025-04-29 16:22:43
2024;NÃO INFORMADO;SOLTEIRO;55 a 59 anos                  ;FEMININO;ENSINO FUNDAMENTAL INCOMPLETO;NÃO INFORMADO;NÃO INFORMADO;ITAJAÍ;Não;Brasil;NÃO INFORMADO;SUL;1;SC;1;0;0;69;0;496;0;427;0;7;6;0;1;0;496;427;69;2025-04-29 16:22:43
2024;NÃO INFORMADO;SOLTEIRO;55 a 59 anos                  ;FEMININO;ENSINO MÉDIO COMPLETO;NÃO INFORMADO;NÃO INFORMADO;ITAJAÍ;Não;Brasil;NÃO INFORMADO;SUL;1;SC;1;0;0;61;0;368;0;307;0;2;1;0;1;0;368;307;61;2025-04-29 16:22:43
2024;NÃO INFORMADO;SOLTEIRO;55 a 59 anos                  ;FEMININO;ENSINO MÉDIO INCOMPLETO;NÃO INFORMADO;NÃO INFORMADO;ITAJAÍ;Não;Brasil;NÃO INFORMADO;SUL;1;SC;1;0;0;22;0;118;0;96;0;1;0;0;1;0;118;96;22;2025-04-29 16:22:43
2024;NÃO INFORMADO;SOLTEIRO;55 a 59 anos                  ;FEMININO;LÊ E ESCREVE;NÃO INFORMADO;NÃO INFORMADO;ITAJAÍ;Não;Brasil;NÃO INFORMADO;SUL;1;SC;0;0;0;12;0;61;0;49;0;0;0;0;0;0;61;49;12;2025-04-29 16:22:43
2024;NÃO INFORMADO;SOLTEIRO;55 a 59 anos                  ;FEMININO;SUPERIOR COMPLETO;NÃO INFORMADO;NÃO INFORMADO;ITAJAÍ;Não;Brasil;NÃO INFORMADO;SUL;1;SC;1;0;0;25;0;273;0;248;0;4;3;0;1;0;273;248;25;2025-04-29 16:22:43
2024;NÃO INFORMADO;SOLTEIRO;55 a 59 anos                  ;FEMININO;SUPERIOR INCOMPLETO;NÃO INFORMADO;NÃO INFORMADO;ITAJAÍ;Não;Brasil;NÃO INFORMADO;SUL;1;SC;0;0;0;11;0;60;0;49;0;1;1;0;0;0;60;49;11;2025-04-29 16:22:43
2024;NÃO INFORMADO;SOLTEIRO;55 a 59 anos                  ;MASCULINO;ANALFABETO;NÃO INFORMADO;NÃO INFORMADO;ITAJAÍ;Não;Brasil;NÃO INFORMADO;SUL;1;SC;5;0;0;0;48;0;22;0;6;0;1;5;0;0;48;22;26;2025-04-29 16:22:43
2024;NÃO INFORMADO;SOLTEIRO;55 a 59 anos                  ;MASCULINO;ENSINO FUNDAMENTAL COMPLETO;NÃO INFORMADO;NÃO INFORMADO;ITAJAÍ;Não;Brasil;NÃO INFORMADO;SUL;1;SC;0;0;0;39;0;243;0;204;0;4;4;0;0;0;243;204;39;2025-04-29 16:22:43
2024;NÃO INFORMADO;SOLTEIRO;55 a 59 anos                  ;MASCULINO;ENSINO FUNDAMENTAL INCOMPLETO;NÃO INFORMADO;NÃO INFORMADO;ITAJAÍ;Não;Brasil;NÃO INFORMADO;SUL;1;SC;5;0;0;130;0;543;0;413;0;9;4;0;5;0;543;413;130;2025-04-29 16:22:43
2024;NÃO INFORMADO;SOLTEIRO;55 a 59 anos                  ;MASCULINO;ENSINO MÉDIO COMPLETO;NÃO INFORMADO;NÃO INFORMADO;ITAJAÍ;Não;Brasil;NÃO INFORMADO;SUL;1;SC;2;0;0;55;0;337;0;282;0;5;3;0;2;0;337;282;55;2025-04-29 16:22:43
2024;NÃO INFORMADO;SOLTEIRO;55 a 59 anos                  ;MASCULINO;ENSINO MÉDIO INCOMPLETO;NÃO INFORMADO;NÃO INFORMADO;ITAJAÍ;Não;Brasil;NÃO INFORMADO;SUL;1;SC;1;0;0;19;0;103;0;84;0;1;0;0;1;0;103;84;19;2025-04-29 16:22:43
2024;NÃO INFORMADO;SOLTEIRO;55 a 59 anos                  ;MASCULINO;LÊ E ESCREVE;NÃO INFORMADO;NÃO INFORMADO;ITAJAÍ;Não;Brasil;NÃO INFORMADO;SUL;1;SC;1;0;0;10;0;68;0;58;0;5;4;0;1;0;68;58;10;2025-04-29 16:22:43
2024;NÃO INFORMADO;SOLTEIRO;55 a 59 anos                  ;MASCULINO;SUPERIOR COMPLETO;NÃO INFORMADO;NÃO INFORMADO;ITAJAÍ;Não;Brasil;NÃO INFORMADO;SUL;1;SC;0;0;0;19;0;145;0;126;0;2;2;0;0;0;145;126;19;2025-04-29 16:22:43
2024;NÃO INFORMADO;SOLTEIRO;55 a 59 anos                  ;MASCULINO;SUPERIOR INCOMPLETO;NÃO INFORMADO;NÃO INFORMADO;ITAJAÍ;Não;Brasil;NÃO INFORMADO;SUL;1;SC;1;0;0;10;0;66;0;56;0;1;0;0;1;0;66;56;10;2025-04-29 16:22:43
2024;NÃO INFORMADO;SOLTEIRO;60 a 64 anos                  ;FEMININO;ANALFABETO;NÃO INFORMADO;NÃO INFORMADO;ITAJAÍ;Não;Brasil;NÃO INFORMADO;SUL;1;SC;0;0;0;0;32;0;18;0;2;0;2;0;0;0;32;18;14;2025-04-29 16:22:43
2024;NÃO INFORMADO;SOLTEIRO;60 a 64 anos                  ;FEMININO;ENSINO FUNDAMENTAL COMPLETO;NÃO INFORMADO;NÃO INFORMADO;ITAJAÍ;Não;Brasil;NÃO INFORMADO;SUL;1;SC;0;0;0;24;0;149;0;125;0;1;1;0;0;0;149;125;24;2025-04-29 16:22:43
2024;NÃO INFORMADO;SOLTEIRO;60 a 64 anos                  ;FEMININO;ENSINO FUNDAMENTAL INCOMPLETO;NÃO INFORMADO;NÃO INFORMADO;ITAJAÍ;Não;Brasil;NÃO INFORMADO;SUL;1;SC;2;0;0;60;0;327;0;267;0;6;4;0;2;0;327;267;60;2025-04-29 16:22:43
2024;NÃO INFORMADO;SOLTEIRO;60 a 64 anos                  ;FEMININO;ENSINO MÉDIO COMPLETO;NÃO INFORMADO;NÃO INFORMADO;ITAJAÍ;Não;Brasil;NÃO INFORMADO;SUL;1;SC;1;0;0;32;0;246;0;214;0;2;1;0;1;0;246;214;32;2025-04-29 16:22:43
2024;NÃO INFORMADO;SOLTEIRO;60 a 64 anos                  ;FEMININO;ENSINO MÉDIO INCOMPLETO;NÃO INFORMADO;NÃO INFORMADO;ITAJAÍ;Não;Brasil;NÃO INFORMADO;SUL;1;SC;0;0;0;7;0;64;0;57;0;0;0;0;0;0;64;57;7;2025-04-29 16:22:43
2024;NÃO INFORMADO;SOLTEIRO;60 a 64 anos                  ;FEMININO;LÊ E ESCREVE;NÃO INFORMADO;NÃO INFORMADO;ITAJAÍ;Não;Brasil;NÃO INFORMADO;SUL;1;SC;1;0;0;14;0;60;0;46;0;1;0;0;1;0;60;46;14;2025-04-29 16:22:43
2024;NÃO INFORMADO;SOLTEIRO;60 a 64 anos                  ;FEMININO;SUPERIOR COMPLETO;NÃO INFORMADO;NÃO INFORMADO;ITAJAÍ;Não;Brasil;NÃO INFORMADO;SUL;1;SC;0;0;0;25;0;185;0;160;0;0;0;0;0;0;185;160;25;2025-04-29 16:22:43
2024;NÃO INFORMADO;SOLTEIRO;60 a 64 anos                  ;FEMININO;SUPERIOR INCOMPLETO;NÃO INFORMADO;NÃO INFORMADO;ITAJAÍ;Não;Brasil;NÃO INFORMADO;SUL;1;SC;1;0;0;8;0;44;0;36;0;1;0;0;1;0;44;36;8;2025-04-29 16:22:43
2024;NÃO INFORMADO;SOLTEIRO;60 a 64 anos                  ;MASCULINO;ANALFABETO;NÃO INFORMADO;NÃO INFORMADO;ITAJAÍ;Não;Brasil;NÃO INFORMADO;SUL;1;SC;1;0;0;0;35;0;17;0;1;0;0;1;0;0;35;17;18;2025-04-29 16:22:43
2024;NÃO INFORMADO;SOLTEIRO;60 a 64 anos                  ;MASCULINO;ENSINO FUNDAMENTAL COMPLETO;NÃO INFORMADO;NÃO INFORMADO;ITAJAÍ;Não;Brasil;NÃO INFORMADO;SUL;1;SC;0;0;0;23;0;132;0;109;0;2;2;0;0;0;132;109;23;2025-04-29 16:22:43
2024;NÃO INFORMADO;SOLTEIRO;60 a 64 anos                  ;MASCULINO;ENSINO FUNDAMENTAL INCOMPLETO;NÃO INFORMADO;NÃO INFORMADO;ITAJAÍ;Não;Brasil;NÃO INFORMADO;SUL;1;SC;4;0;0;60;0;320;0;260;0;6;2;0;4;0;320;260;60;2025-04-29 16:22:43
2024;NÃO INFORMADO;SOLTEIRO;60 a 64 anos                  ;MASCULINO;ENSINO MÉDIO COMPLETO;NÃO INFORMADO;NÃO INFORMADO;ITAJAÍ;Não;Brasil;NÃO INFORMADO;SUL;1;SC;0;0;0;22;0;169;0;147;0;3;3;0;0;0;169;147;22;2025-04-29 16:22:43
2024;NÃO INFORMADO;SOLTEIRO;60 a 64 anos                  ;MASCULINO;ENSINO MÉDIO INCOMPLETO;NÃO INFORMADO;NÃO INFORMADO;ITAJAÍ;Não;Brasil;NÃO INFORMADO;SUL;1;SC;0;0;0;9;0;49;0;40;0;0;0;0;0;0;49;40;9;2025-04-29 16:22:43
2024;NÃO INFORMADO;SOLTEIRO;60 a 64 anos                  ;MASCULINO;LÊ E ESCREVE;NÃO INFORMADO;NÃO INFORMADO;ITAJAÍ;Não;Brasil;NÃO INFORMADO;SUL;1;SC;1;0;0;13;0;45;0;32;0;1;0;0;1;0;45;32;13;2025-04-29 16:22:43
2024;NÃO INFORMADO;SOLTEIRO;60 a 64 anos                  ;MASCULINO;SUPERIOR COMPLETO;NÃO INFORMADO;NÃO INFORMADO;ITAJAÍ;Não;Brasil;NÃO INFORMADO;SUL;1;SC;0;0;0;20;0;108;0;88;0;2;2;0;0;0;108;88;20;2025-04-29 16:22:43
2024;NÃO INFORMADO;SOLTEIRO;60 a 64 anos                  ;MASCULINO;SUPERIOR INCOMPLETO;NÃO INFORMADO;NÃO INFORMADO;ITAJAÍ;Não;Brasil;NÃO INFORMADO;SUL;1;SC;0;0;0;3;0;33;0;30;0;1;1;0;0;0;33;30;3;2025-04-29 16:22:43
2024;NÃO INFORMADO;SOLTEIRO;65 a 69 anos                  ;FEMININO;ANALFABETO;NÃO INFORMADO;NÃO INFORMADO;ITAJAÍ;Não;Brasil;NÃO INFORMADO;SUL;1;SC;1;0;0;0;31;0;24;0;3;0;2;1;0;0;31;24;7;2025-04-29 16:22:43
2024;NÃO INFORMADO;SOLTEIRO;65 a 69 anos                  ;FEMININO;ENSINO FUNDAMENTAL COMPLETO;NÃO INFORMADO;NÃO INFORMADO;ITAJAÍ;Não;Brasil;NÃO INFORMADO;SUL;1;SC;0;0;0;11;0;74;0;63;0;0;0;0;0;0;74;63;11;2025-04-29 16:22:43
2024;NÃO INFORMADO;SOLTEIRO;65 a 69 anos                  ;FEMININO;ENSINO FUNDAMENTAL INCOMPLETO;NÃO INFORMADO;NÃO INFORMADO;ITAJAÍ;Não;Brasil;NÃO INFORMADO;SUL;1;SC;0;0;1;31;0;211;0;180;0;5;5;0;0;0;211;180;31;2025-04-29 16:22:43
2024;NÃO INFORMADO;SOLTEIRO;65 a 69 anos                  ;FEMININO;ENSINO MÉDIO COMPLETO;NÃO INFORMADO;NÃO INFORMADO;ITAJAÍ;Não;Brasil;NÃO INFORMADO;SUL;1;SC;2;0;0;21;0;135;0;114;0;4;2;0;2;0;135;114;21;2025-04-29 16:22:43
2024;NÃO INFORMADO;SOLTEIRO;65 a 69 anos                  ;FEMININO;ENSINO MÉDIO INCOMPLETO;NÃO INFORMADO;NÃO INFORMADO;ITAJAÍ;Não;Brasil;NÃO INFORMADO;SUL;1;SC;0;0;0;7;0;33;0;26;0;0;0;0;0;0;33;26;7;2025-04-29 16:22:43
2024;NÃO INFORMADO;SOLTEIRO;65 a 69 anos                  ;FEMININO;LÊ E ESCREVE;NÃO INFORMADO;NÃO INFORMADO;ITAJAÍ;Não;Brasil;NÃO INFORMADO;SUL;1;SC;0;0;0;11;0;46;0;35;0;0;0;0;0;0;46;35;11;2025-04-29 16:22:43
2024;NÃO INFORMADO;SOLTEIRO;65 a 69 anos                  ;FEMININO;SUPERIOR COMPLETO;NÃO INFORMADO;NÃO INFORMADO;ITAJAÍ;Não;Brasil;NÃO INFORMADO;SUL;1;SC;1;0;0;19;0;107;0;88;0;1;0;0;1;0;107;88;19;2025-04-29 16:22:43
2024;NÃO INFORMADO;SOLTEIRO;65 a 69 anos                  ;FEMININO;SUPERIOR INCOMPLETO;NÃO INFORMADO;NÃO INFORMADO;ITAJAÍ;Não;Brasil;NÃO INFORMADO;SUL;1;SC;0;0;0;4;0;26;0;22;0;1;1;0;0;0;26;22;4;2025-04-29 16:22:43
2024;NÃO INFORMADO;SOLTEIRO;65 a 69 anos                  ;MASCULINO;ANALFABETO;NÃO INFORMADO;NÃO INFORMADO;ITAJAÍ;Não;Brasil;NÃO INFORMADO;SUL;1;SC;0;0;0;0;13;0;8;0;0;0;0;0;0;0;13;8;5;2025-04-29 16:22:43
2024;NÃO INFORMADO;SOLTEIRO;65 a 69 anos                  ;MASCULINO;ENSINO FUNDAMENTAL COMPLETO;NÃO INFORMADO;NÃO INFORMADO;ITAJAÍ;Não;Brasil;NÃO INFORMADO;SUL;1;SC;1;0;0;11;0;55;0;44;0;1;0;0;1;0;55;44;11;2025-04-29 16:22:43
2024;NÃO INFORMADO;SOLTEIRO;65 a 69 anos                  ;MASCULINO;ENSINO FUNDAMENTAL INCOMPLETO;NÃO INFORMADO;NÃO INFORMADO;ITAJAÍ;Não;Brasil;NÃO INFORMADO;SUL;1;SC;1;0;0;37;0;161;0;124;0;2;1;0;1;0;161;124;37;2025-04-29 16:22:43
2024;NÃO INFORMADO;SOLTEIRO;65 a 69 anos                  ;MASCULINO;ENSINO MÉDIO COMPLETO;NÃO INFORMADO;NÃO INFORMADO;ITAJAÍ;Não;Brasil;NÃO INFORMADO;SUL;1;SC;0;0;0;9;0;68;0;59;0;1;1;0;0;0;68;59;9;2025-04-29 16:22:43
2024;NÃO INFORMADO;SOLTEIRO;65 a 69 anos                  ;MASCULINO;ENSINO MÉDIO COMPLETO;NÃO INFORMADO;NÃO INFORMADO;ITAJAÍ;Sim;Brasil;NÃO INFORMADO;SUL;1;SC;0;0;0;0;0;1;0;1;0;0;0;0;0;1;1;1;0;2025-04-29 16:22:43
2024;NÃO INFORMADO;SOLTEIRO;65 a 69 anos                  ;MASCULINO;ENSINO MÉDIO INCOMPLETO;NÃO INFORMADO;NÃO INFORMADO;ITAJAÍ;Não;Brasil;NÃO INFORMADO;SUL;1;SC;1;0;0;4;0;22;0;18;0;2;1;0;1;0;22;18;4;2025-04-29 16:22:43
2024;NÃO INFORMADO;SOLTEIRO;65 a 69 anos                  ;MASCULINO;LÊ E ESCREVE;NÃO INFORMADO;NÃO INFORMADO;ITAJAÍ;Não;Brasil;NÃO INFORMADO;SUL;1;SC;0;0;0;7;0;31;0;24;0;2;2;0;0;0;31;24;7;2025-04-29 16:22:43
2024;NÃO INFORMADO;SOLTEIRO;65 a 69 anos                  ;MASCULINO;SUPERIOR COMPLETO;NÃO INFORMADO;NÃO INFORMADO;ITAJAÍ;Não;Brasil;NÃO INFORMADO;SUL;1;SC;0;0;0;8;0;52;0;44;0;0;0;0;0;0;52;44;8;2025-04-29 16:22:43
2024;NÃO INFORMADO;SOLTEIRO;65 a 69 anos                  ;MASCULINO;SUPERIOR INCOMPLETO;NÃO INFORMADO;NÃO INFORMADO;ITAJAÍ;Não;Brasil;NÃO INFORMADO;SUL;1;SC;0;0;0;0;0;11;0;11;0;0;0;0;0;0;11;11;0;2025-04-29 16:22:43
2024;NÃO INFORMADO;SOLTEIRO;70 a 74 anos                  ;FEMININO;ANALFABETO;NÃO INFORMADO;NÃO INFORMADO;ITAJAÍ;Não;Brasil;NÃO INFORMADO;SUL;1;SC;1;0;0;0;14;0;5;0;2;0;1;1;0;0;14;5;9;2025-04-29 16:22:43
2024;NÃO INFORMADO;SOLTEIRO;70 a 74 anos                  ;FEMININO;ENSINO FUNDAMENTAL COMPLETO;NÃO INFORMADO;NÃO INFORMADO;ITAJAÍ;Não;Brasil;NÃO INFORMADO;SUL;1;SC;0;0;0;0;44;0;28;0;2;0;2;0;0;0;44;28;16;2025-04-29 16:22:43
2024;NÃO INFORMADO;SOLTEIRO;70 a 74 anos                  ;FEMININO;ENSINO FUNDAMENTAL INCOMPLETO;NÃO INFORMADO;NÃO INFORMADO;ITAJAÍ;Não;Brasil;NÃO INFORMADO;SUL;1;SC;4;0;0;0;131;0;74;0;8;0;4;4;0;0;131;74;57;2025-04-29 16:22:43
2024;NÃO INFORMADO;SOLTEIRO;70 a 74 anos                  ;FEMININO;ENSINO MÉDIO COMPLETO;NÃO INFORMADO;NÃO INFORMADO;ITAJAÍ;Não;Brasil;NÃO INFORMADO;SUL;1;SC;1;0;0;0;63;0;43;0;3;0;2;1;0;0;63;43;20;2025-04-29 16:22:43
2024;NÃO INFORMADO;SOLTEIRO;70 a 74 anos                  ;FEMININO;ENSINO MÉDIO INCOMPLETO;NÃO INFORMADO;NÃO INFORMADO;ITAJAÍ;Não;Brasil;NÃO INFORMADO;SUL;1;SC;0;0;0;0;17;0;12;0;0;0;0;0;0;0;17;12;5;2025-04-29 16:22:43
2024;NÃO INFORMADO;SOLTEIRO;70 a 74 anos                  ;FEMININO;LÊ E ESCREVE;NÃO INFORMADO;NÃO INFORMADO;ITAJAÍ;Não;Brasil;NÃO INFORMADO;SUL;1;SC;5;0;0;0;50;0;29;0;5;0;0;5;0;0;50;29;21;2025-04-29 16:22:43
2024;NÃO INFORMADO;SOLTEIRO;70 a 74 anos                  ;FEMININO;SUPERIOR COMPLETO;NÃO INFORMADO;NÃO INFORMADO;ITAJAÍ;Não;Brasil;NÃO INFORMADO;SUL;1;SC;0;0;0;0;77;0;59;0;2;0;2;0;0;0;77;59;18;2025-04-29 16:22:43
2024;NÃO INFORMADO;SOLTEIRO;70 a 74 anos                  ;FEMININO;SUPERIOR INCOMPLETO;NÃO INFORMADO;NÃO INFORMADO;ITAJAÍ;Não;Brasil;NÃO INFORMADO;SUL;1;SC;0;0;0;0;13;0;9;0;0;0;0;0;0;0;13;9;4;2025-04-29 16:22:43
2024;NÃO INFORMADO;SOLTEIRO;70 a 74 anos                  ;MASCULINO;ANALFABETO;NÃO INFORMADO;NÃO INFORMADO;ITAJAÍ;Não;Brasil;NÃO INFORMADO;SUL;1;SC;2;0;0;0;12;0;6;0;3;0;1;2;0;0;12;6;6;2025-04-29 16:22:43
2024;NÃO INFORMADO;SOLTEIRO;70 a 74 anos                  ;MASCULINO;ENSINO FUNDAMENTAL COMPLETO;NÃO INFORMADO;NÃO INFORMADO;ITAJAÍ;Não;Brasil;NÃO INFORMADO;SUL;1;SC;0;0;0;0;11;0;5;0;0;0;0;0;0;0;11;5;6;2025-04-29 16:22:43
2024;NÃO INFORMADO;SOLTEIRO;70 a 74 anos                  ;MASCULINO;ENSINO FUNDAMENTAL INCOMPLETO;NÃO INFORMADO;NÃO INFORMADO;ITAJAÍ;Não;Brasil;NÃO INFORMADO;SUL;1;SC;3;0;0;0;83;0;50;0;4;0;1;3;0;0;83;50;33;2025-04-29 16:22:43
2024;NÃO INFORMADO;SOLTEIRO;70 a 74 anos                  ;MASCULINO;ENSINO MÉDIO COMPLETO;NÃO INFORMADO;NÃO INFORMADO;ITAJAÍ;Não;Brasil;NÃO INFORMADO;SUL;1;SC;1;0;0;0;21;0;14;0;1;0;0;1;0;0;21;14;7;2025-04-29 16:22:43
2024;NÃO INFORMADO;SOLTEIRO;70 a 74 anos                  ;MASCULINO;ENSINO MÉDIO INCOMPLETO;NÃO INFORMADO;NÃO INFORMADO;ITAJAÍ;Não;Brasil;NÃO INFORMADO;SUL;1;SC;0;0;0;0;11;0;6;0;0;0;0;0;0;0;11;6;5;2025-04-29 16:22:43
2024;NÃO INFORMADO;SOLTEIRO;70 a 74 anos                  ;MASCULINO;LÊ E ESCREVE;NÃO INFORMADO;NÃO INFORMADO;ITAJAÍ;Não;Brasil;NÃO INFORMADO;SUL;1;SC;0;0;0;0;15;0;8;0;0;0;0;0;0;0;15;8;7;2025-04-29 16:22:43
2024;NÃO INFORMADO;SOLTEIRO;70 a 74 anos                  ;MASCULINO;SUPERIOR COMPLETO;NÃO INFORMADO;NÃO INFORMADO;ITAJAÍ;Não;Brasil;NÃO INFORMADO;SUL;1;SC;0;0;0;0;28;0;22;0;0;0;0;0;0;0;28;22;6;2025-04-29 16:22:43
2024;NÃO INFORMADO;SOLTEIRO;70 a 74 anos                  ;MASCULINO;SUPERIOR INCOMPLETO;NÃO INFORMADO;NÃO INFORMADO;ITAJAÍ;Não;Brasil;NÃO INFORMADO;SUL;1;SC;0;0;0;0;6;0;5;0;1;0;1;0;0;0;6;5;1;2025-04-29 16:22:43
2024;NÃO INFORMADO;SOLTEIRO;75 a 79 anos                  ;FEMININO;ANALFABETO;NÃO INFORMADO;NÃO INFORMADO;ITAJAÍ;Não;Brasil;NÃO INFORMADO;SUL;1;SC;1;0;0;0;2;0;0;0;1;0;0;1;0;0;2;0;2;2025-04-29 16:22:43
2024;NÃO INFORMADO;SOLTEIRO;75 a 79 anos                  ;FEMININO;ENSINO FUNDAMENTAL COMPLETO;NÃO INFORMADO;NÃO INFORMADO;ITAJAÍ;Não;Brasil;NÃO INFORMADO;SUL;1;SC;0;0;0;0;18;0;7;0;0;0;0;0;0;0;18;7;11;2025-04-29 16:22:43
2024;NÃO INFORMADO;SOLTEIRO;75 a 79 anos                  ;FEMININO;ENSINO FUNDAMENTAL INCOMPLETO;NÃO INFORMADO;NÃO INFORMADO;ITAJAÍ;Não;Brasil;NÃO INFORMADO;SUL;1;SC;0;0;0;0;47;0;19;0;0;0;0;0;0;0;47;19;28;2025-04-29 16:22:43
2024;NÃO INFORMADO;SOLTEIRO;75 a 79 anos                  ;FEMININO;ENSINO MÉDIO COMPLETO;NÃO INFORMADO;NÃO INFORMADO;ITAJAÍ;Não;Brasil;NÃO INFORMADO;SUL;1;SC;0;0;0;0;38;0;19;0;0;0;0;0;0;0;38;19;19;2025-04-29 16:22:43
2024;NÃO INFORMADO;SOLTEIRO;75 a 79 anos                  ;FEMININO;ENSINO MÉDIO INCOMPLETO;NÃO INFORMADO;NÃO INFORMADO;ITAJAÍ;Não;Brasil;NÃO INFORMADO;SUL;1;SC;0;0;0;0;1;0;1;0;0;0;0;0;0;0;1;1;0;2025-04-29 16:22:43
2024;NÃO INFORMADO;SOLTEIRO;75 a 79 anos                  ;FEMININO;LÊ E ESCREVE;NÃO INFORMADO;NÃO INFORMADO;ITAJAÍ;Não;Brasil;NÃO INFORMADO;SUL;1;SC;0;0;0;0;25;0;12;0;0;0;0;0;0;0;25;12;13;2025-04-29 16:22:43
2024;NÃO INFORMADO;SOLTEIRO;75 a 79 anos                  ;FEMININO;SUPERIOR COMPLETO;NÃO INFORMADO;NÃO INFORMADO;ITAJAÍ;Não;Brasil;NÃO INFORMADO;SUL;1;SC;1;0;0;0;31;0;18;0;1;0;0;1;0;0;31;18;13;2025-04-29 16:22:43
2024;NÃO INFORMADO;SOLTEIRO;75 a 79 anos                  ;FEMININO;SUPERIOR INCOMPLETO;NÃO INFORMADO;NÃO INFORMADO;ITAJAÍ;Não;Brasil;NÃO INFORMADO;SUL;1;SC;0;0;0;0;2;0;1;0;0;0;0;0;0;0;2;1;1;2025-04-29 16:22:43
2024;NÃO INFORMADO;SOLTEIRO;75 a 79 anos                  ;MASCULINO;ANALFABETO;NÃO INFORMADO;NÃO INFORMADO;ITAJAÍ;Não;Brasil;NÃO INFORMADO;SUL;1;SC;0;0;0;0;2;0;2;0;0;0;0;0;0;0;2;2;0;2025-04-29 16:22:43
2024;NÃO INFORMADO;SOLTEIRO;75 a 79 anos                  ;MASCULINO;ENSINO FUNDAMENTAL COMPLETO;NÃO INFORMADO;NÃO INFORMADO;ITAJAÍ;Não;Brasil;NÃO INFORMADO;SUL;1;SC;0;0;0;0;3;0;1;0;0;0;0;0;0;0;3;1;2;2025-04-29 16:22:43
2024;NÃO INFORMADO;SOLTEIRO;75 a 79 anos                  ;MASCULINO;ENSINO FUNDAMENTAL INCOMPLETO;NÃO INFORMADO;NÃO INFORMADO;ITAJAÍ;Não;Brasil;NÃO INFORMADO;SUL;1;SC;0;0;0;0;16;0;11;0;0;0;0;0;0;0;16;11;5;2025-04-29 16:22:43
2024;NÃO INFORMADO;SOLTEIRO;75 a 79 anos                  ;MASCULINO;ENSINO MÉDIO COMPLETO;NÃO INFORMADO;NÃO INFORMADO;ITAJAÍ;Não;Brasil;NÃO INFORMADO;SUL;1;SC;0;0;0;0;10;0;6;0;0;0;0;0;0;0;10;6;4;2025-04-29 16:22:43
2024;NÃO INFORMADO;SOLTEIRO;75 a 79 anos                  ;MASCULINO;ENSINO MÉDIO INCOMPLETO;NÃO INFORMADO;NÃO INFORMADO;ITAJAÍ;Não;Brasil;NÃO INFORMADO;SUL;1;SC;0;0;0;0;1;0;0;0;0;0;0;0;0;0;1;0;1;2025-04-29 16:22:43
2024;NÃO INFORMADO;SOLTEIRO;75 a 79 anos                  ;MASCULINO;LÊ E ESCREVE;NÃO INFORMADO;NÃO INFORMADO;ITAJAÍ;Não;Brasil;NÃO INFORMADO;SUL;1;SC;0;0;0;0;17;0;7;0;0;0;0;0;0;0;17;7;10;2025-04-29 16:22:43
2024;NÃO INFORMADO;SOLTEIRO;75 a 79 anos                  ;MASCULINO;SUPERIOR COMPLETO;NÃO INFORMADO;NÃO INFORMADO;ITAJAÍ;Não;Brasil;NÃO INFORMADO;SUL;1;SC;0;0;0;0;4;0;1;0;0;0;0;0;0;0;4;1;3;2025-04-29 16:22:43
2024;NÃO INFORMADO;SOLTEIRO;80 a 84 anos                  ;FEMININO;ANALFABETO;NÃO INFORMADO;NÃO INFORMADO;ITAJAÍ;Não;Brasil;NÃO INFORMADO;SUL;1;SC;0;0;0;0;5;0;0;0;0;0;0;0;0;0;5;0;5;2025-04-29 16:22:43
2024;NÃO INFORMADO;SOLTEIRO;80 a 84 anos                  ;FEMININO;ENSINO FUNDAMENTAL COMPLETO;NÃO INFORMADO;NÃO INFORMADO;ITAJAÍ;Não;Brasil;NÃO INFORMADO;SUL;1;SC;1;0;0;0;6;0;3;0;1;0;0;1;0;0;6;3;3;2025-04-29 16:22:43
2024;NÃO INFORMADO;SOLTEIRO;80 a 84 anos                  ;FEMININO;ENSINO FUNDAMENTAL INCOMPLETO;NÃO INFORMADO;NÃO INFORMADO;ITAJAÍ;Não;Brasil;NÃO INFORMADO;SUL;1;SC;0;0;0;0;19;0;9;0;0;0;0;0;0;0;19;9;10;2025-04-29 16:22:43
2024;NÃO INFORMADO;SOLTEIRO;80 a 84 anos                  ;FEMININO;ENSINO MÉDIO COMPLETO;NÃO INFORMADO;NÃO INFORMADO;ITAJAÍ;Não;Brasil;NÃO INFORMADO;SUL;1;SC;0;0;0;0;8;0;4;0;0;0;0;0;0;0;8;4;4;2025-04-29 16:22:43
2024;NÃO INFORMADO;SOLTEIRO;80 a 84 anos                  ;FEMININO;ENSINO MÉDIO INCOMPLETO;NÃO INFORMADO;NÃO INFORMADO;ITAJAÍ;Não;Brasil;NÃO INFORMADO;SUL;1;SC;0;0;0;0;2;0;0;0;0;0;0;0;0;0;2;0;2;2025-04-29 16:22:43
2024;NÃO INFORMADO;SOLTEIRO;80 a 84 anos                  ;FEMININO;LÊ E ESCREVE;NÃO INFORMADO;NÃO INFORMADO;ITAJAÍ;Não;Brasil;NÃO INFORMADO;SUL;1;SC;0;0;0;0;7;0;2;0;0;0;0;0;0;0;7;2;5;2025-04-29 16:22:43
2024;NÃO INFORMADO;SOLTEIRO;80 a 84 anos                  ;FEMININO;SUPERIOR COMPLETO;NÃO INFORMADO;NÃO INFORMADO;ITAJAÍ;Não;Brasil;NÃO INFORMADO;SUL;1;SC;0;0;0;0;10;0;5;0;0;0;0;0;0;0;10;5;5;2025-04-29 16:22:43
2024;NÃO INFORMADO;SOLTEIRO;80 a 84 anos                  ;MASCULINO;ANALFABETO;NÃO INFORMADO;NÃO INFORMADO;ITAJAÍ;Não;Brasil;NÃO INFORMADO;SUL;1;SC;0;0;0;0;3;0;1;0;0;0;0;0;0;0;3;1;2;2025-04-29 16:22:43
2024;NÃO INFORMADO;SOLTEIRO;80 a 84 anos                  ;MASCULINO;ENSINO FUNDAMENTAL COMPLETO;NÃO INFORMADO;NÃO INFORMADO;ITAJAÍ;Não;Brasil;NÃO INFORMADO;SUL;1;SC;0;0;0;0;5;0;4;0;0;0;0;0;0;0;5;4;1;2025-04-29 16:22:43
2024;NÃO INFORMADO;SOLTEIRO;80 a 84 anos                  ;MASCULINO;ENSINO FUNDAMENTAL INCOMPLETO;NÃO INFORMADO;NÃO INFORMADO;ITAJAÍ;Não;Brasil;NÃO INFORMADO;SUL;1;SC;0;0;0;0;5;0;1;0;0;0;0;0;0;0;5;1;4;2025-04-29 16:22:43
2024;NÃO INFORMADO;SOLTEIRO;80 a 84 anos                  ;MASCULINO;ENSINO MÉDIO COMPLETO;NÃO INFORMADO;NÃO INFORMADO;ITAJAÍ;Não;Brasil;NÃO INFORMADO;SUL;1;SC;0;0;0;0;4;0;3;0;0;0;0;0;0;0;4;3;1;2025-04-29 16:22:43
2024;NÃO INFORMADO;SOLTEIRO;80 a 84 anos                  ;MASCULINO;LÊ E ESCREVE;NÃO INFORMADO;NÃO INFORMADO;ITAJAÍ;Não;Brasil;NÃO INFORMADO;SUL;1;SC;0;0;0;0;1;0;0;0;0;0;0;0;0;0;1;0;1;2025-04-29 16:22:43
2024;NÃO INFORMADO;SOLTEIRO;80 a 84 anos                  ;MASCULINO;SUPERIOR COMPLETO;NÃO INFORMADO;NÃO INFORMADO;ITAJAÍ;Não;Brasil;NÃO INFORMADO;SUL;1;SC;0;0;0;0;2;0;1;0;0;0;0;0;0;0;2;1;1;2025-04-29 16:22:43
2024;NÃO INFORMADO;SOLTEIRO;85 a 89 anos                  ;FEMININO;ENSINO FUNDAMENTAL COMPLETO;NÃO INFORMADO;NÃO INFORMADO;ITAJAÍ;Não;Brasil;NÃO INFORMADO;SUL;1;SC;0;0;0;0;1;0;0;0;0;0;0;0;0;0;1;0;1;2025-04-29 16:22:43
2024;NÃO INFORMADO;SOLTEIRO;85 a 89 anos                  ;FEMININO;ENSINO FUNDAMENTAL INCOMPLETO;NÃO INFORMADO;NÃO INFORMADO;ITAJAÍ;Não;Brasil;NÃO INFORMADO;SUL;1;SC;0;0;0;0;8;0;4;0;0;0;0;0;0;0;8;4;4;2025-04-29 16:22:43
2024;NÃO INFORMADO;SOLTEIRO;85 a 89 anos                  ;FEMININO;LÊ E ESCREVE;NÃO INFORMADO;NÃO INFORMADO;ITAJAÍ;Não;Brasil;NÃO INFORMADO;SUL;1;SC;0;0;0;0;6;0;0;0;0;0;0;0;0;0;6;0;6;2025-04-29 16:22:43
2024;NÃO INFORMADO;SOLTEIRO;85 a 89 anos                  ;FEMININO;SUPERIOR COMPLETO;NÃO INFORMADO;NÃO INFORMADO;ITAJAÍ;Não;Brasil;NÃO INFORMADO;SUL;1;SC;0;0;0;0;4;0;2;0;0;0;0;0;0;0;4;2;2;2025-04-29 16:22:43
2024;NÃO INFORMADO;SOLTEIRO;85 a 89 anos                  ;MASCULINO;ENSINO FUNDAMENTAL COMPLETO;NÃO INFORMADO;NÃO INFORMADO;ITAJAÍ;Não;Brasil;NÃO INFORMADO;SUL;1;SC;0;0;0;0;1;0;1;0;1;0;1;0;0;0;1;1;0;2025-04-29 16:22:43
2024;NÃO INFORMADO;SOLTEIRO;85 a 89 anos                  ;MASCULINO;ENSINO MÉDIO COMPLETO;NÃO INFORMADO;NÃO INFORMADO;ITAJAÍ;Não;Brasil;NÃO INFORMADO;SUL;1;SC;0;0;0;0;1;0;0;0;0;0;0;0;0;0;1;0;1;2025-04-29 16:22:43
2024;NÃO INFORMADO;SOLTEIRO;85 a 89 anos                  ;MASCULINO;SUPERIOR COMPLETO;NÃO INFORMADO;NÃO INFORMADO;ITAJAÍ;Não;Brasil;NÃO INFORMADO;SUL;1;SC;0;0;0;0;1;0;1;0;0;0;0;0;0;0;1;1;0;2025-04-29 16:22:43
2024;NÃO INFORMADO;SOLTEIRO;90 a 94 anos                  ;FEMININO;LÊ E ESCREVE;NÃO INFORMADO;NÃO INFORMADO;ITAJAÍ;Não;Brasil;NÃO INFORMADO;SUL;1;SC;0;0;0;0;1;0;0;0;0;0;0;0;0;0;1;0;1;2025-04-29 16:22:43
2024;NÃO INFORMADO;SOLTEIRO;90 a 94 anos                  ;FEMININO;SUPERIOR COMPLETO;NÃO INFORMADO;NÃO INFORMADO;ITAJAÍ;Não;Brasil;NÃO INFORMADO;SUL;1;SC;0;0;0;0;1;0;1;0;0;0;0;0;0;0;1;1;0;2025-04-29 16:22:43
2024;NÃO INFORMADO;SOLTEIRO;90 a 94 anos                  ;MASCULINO;ENSINO FUNDAMENTAL COMPLETO;NÃO INFORMADO;NÃO INFORMADO;ITAJAÍ;Não;Brasil;NÃO INFORMADO;SUL;1;SC;0;0;0;0;1;0;0;0;0;0;0;0;0;0;1;0;1;2025-04-29 16:22:43
2024;NÃO INFORMADO;SOLTEIRO;95 a 99 anos                  ;MASCULINO;ENSINO MÉDIO COMPLETO;NÃO INFORMADO;NÃO INFORMADO;ITAJAÍ;Não;Brasil;NÃO INFORMADO;SUL;1;SC;0;0;0;0;1;0;1;0;0;0;0;0;0;0;1;1;0;2025-04-29 16:22:43
2024;NÃO INFORMADO;VIÚVO;100 anos ou mais              ;FEMININO;ENSINO FUNDAMENTAL INCOMPLETO;NÃO INFORMADO;NÃO INFORMADO;ITAJAÍ;Não;Brasil;NÃO INFORMADO;SUL;1;SC;0;0;0;0;2;0;1;0;0;0;0;0;0;0;2;1;1;2025-04-29 16:22:43
2024;NÃO INFORMADO;VIÚVO;20 anos                       ;FEMININO;ENSINO MÉDIO INCOMPLETO;NÃO INFORMADO;NÃO INFORMADO;ITAJAÍ;Não;Brasil;NÃO INFORMADO;SUL;1;SC;0;0;0;0;0;1;0;1;0;0;0;0;0;0;1;1;0;2025-04-29 16:22:43
2024;NÃO INFORMADO;VIÚVO;20 anos                       ;MASCULINO;ENSINO MÉDIO COMPLETO;NÃO INFORMADO;NÃO INFORMADO;ITAJAÍ;Não;Brasil;NÃO INFORMADO;SUL;1;SC;0;0;0;0;0;1;0;1;0;0;0;0;0;0;1;1;0;2025-04-29 16:22:43
2024;NÃO INFORMADO;VIÚVO;21 a 24 anos                  ;FEMININO;ENSINO MÉDIO COMPLETO;NÃO INFORMADO;NÃO INFORMADO;ITAJAÍ;Não;Brasil;NÃO INFORMADO;SUL;1;SC;0;0;0;3;0;3;0;0;0;0;0;0;0;0;3;0;3;2025-04-29 16:22:43
2024;NÃO INFORMADO;VIÚVO;21 a 24 anos                  ;FEMININO;SUPERIOR INCOMPLETO;NÃO INFORMADO;NÃO INFORMADO;ITAJAÍ;Não;Brasil;NÃO INFORMADO;SUL;1;SC;0;0;0;0;0;1;0;1;0;0;0;0;0;0;1;1;0;2025-04-29 16:22:43
2024;NÃO INFORMADO;VIÚVO;21 a 24 anos                  ;MASCULINO;ENSINO MÉDIO COMPLETO;NÃO INFORMADO;NÃO INFORMADO;ITAJAÍ;Não;Brasil;NÃO INFORMADO;SUL;1;SC;0;0;0;1;0;2;0;1;0;0;0;0;0;0;2;1;1;2025-04-29 16:22:43
2024;NÃO INFORMADO;VIÚVO;25 a 29 anos                  ;FEMININO;ENSINO FUNDAMENTAL COMPLETO;NÃO INFORMADO;NÃO INFORMADO;ITAJAÍ;Não;Brasil;NÃO INFORMADO;SUL;1;SC;0;0;0;0;0;1;0;1;0;0;0;0;0;0;1;1;0;2025-04-29 16:22:43
2024;NÃO INFORMADO;VIÚVO;25 a 29 anos                  ;FEMININO;ENSINO FUNDAMENTAL INCOMPLETO;NÃO INFORMADO;NÃO INFORMADO;ITAJAÍ;Não;Brasil;NÃO INFORMADO;SUL;1;SC;0;0;0;1;0;1;0;0;0;0;0;0;0;0;1;0;1;2025-04-29 16:22:43
2024;NÃO INFORMADO;VIÚVO;25 a 29 anos                  ;FEMININO;ENSINO MÉDIO COMPLETO;NÃO INFORMADO;NÃO INFORMADO;ITAJAÍ;Não;Brasil;NÃO INFORMADO;SUL;1;SC;0;0;0;0;0;1;0;1;0;0;0;0;0;0;1;1;0;2025-04-29 16:22:43
2024;NÃO INFORMADO;VIÚVO;25 a 29 anos                  ;FEMININO;ENSINO MÉDIO INCOMPLETO;NÃO INFORMADO;NÃO INFORMADO;ITAJAÍ;Não;Brasil;NÃO INFORMADO;SUL;1;SC;0;0;0;0;0;1;0;1;0;0;0;0;0;0;1;1;0;2025-04-29 16:22:43
2024;NÃO INFORMADO;VIÚVO;25 a 29 anos                  ;FEMININO;SUPERIOR COMPLETO;NÃO INFORMADO;NÃO INFORMADO;ITAJAÍ;Não;Brasil;NÃO INFORMADO;SUL;1;SC;0;0;0;1;0;1;0;0;0;0;0;0;0;0;1;0;1;2025-04-29 16:22:43
2024;NÃO INFORMADO;VIÚVO;25 a 29 anos                  ;MASCULINO;ENSINO MÉDIO INCOMPLETO;NÃO INFORMADO;NÃO INFORMADO;ITAJAÍ;Não;Brasil;NÃO INFORMADO;SUL;1;SC;0;0;0;1;0;1;0;0;0;0;0;0;0;0;1;0;1;2025-04-29 16:22:43
2024;NÃO INFORMADO;VIÚVO;30 a 34 anos                  ;FEMININO;ENSINO FUNDAMENTAL COMPLETO;NÃO INFORMADO;NÃO INFORMADO;ITAJAÍ;Não;Brasil;NÃO INFORMADO;SUL;1;SC;0;0;0;0;0;1;0;1;0;0;0;0;0;0;1;1;0;2025-04-29 16:22:43
2024;NÃO INFORMADO;VIÚVO;30 a 34 anos                  ;FEMININO;ENSINO FUNDAMENTAL INCOMPLETO;NÃO INFORMADO;NÃO INFORMADO;ITAJAÍ;Não;Brasil;NÃO INFORMADO;SUL;1;SC;0;0;0;1;0;2;0;1;0;0;0;0;0;0;2;1;1;2025-04-29 16:22:43
2024;NÃO INFORMADO;VIÚVO;30 a 34 anos                  ;FEMININO;ENSINO MÉDIO COMPLETO;NÃO INFORMADO;NÃO INFORMADO;ITAJAÍ;Não;Brasil;NÃO INFORMADO;SUL;1;SC;0;0;0;2;0;5;0;3;0;0;0;0;0;0;5;3;2;2025-04-29 16:22:43
2024;NÃO INFORMADO;VIÚVO;30 a 34 anos                  ;MASCULINO;ENSINO FUNDAMENTAL COMPLETO;NÃO INFORMADO;NÃO INFORMADO;ITAJAÍ;Não;Brasil;NÃO INFORMADO;SUL;1;SC;0;0;0;1;0;2;0;1;0;0;0;0;0;0;2;1;1;2025-04-29 16:22:43
2024;NÃO INFORMADO;VIÚVO;30 a 34 anos                  ;MASCULINO;ENSINO FUNDAMENTAL INCOMPLETO;NÃO INFORMADO;NÃO INFORMADO;ITAJAÍ;Não;Brasil;NÃO INFORMADO;SUL;1;SC;0;0;0;1;0;1;0;0;0;0;0;0;0;0;1;0;1;2025-04-29 16:22:43
2024;NÃO INFORMADO;VIÚVO;30 a 34 anos                  ;MASCULINO;ENSINO MÉDIO INCOMPLETO;NÃO INFORMADO;NÃO INFORMADO;ITAJAÍ;Não;Brasil;NÃO INFORMADO;SUL;1;SC;0;0;0;1;0;1;0;0;0;0;0;0;0;0;1;0;1;2025-04-29 16:22:43
2024;NÃO INFORMADO;VIÚVO;35 a 39 anos                  ;FEMININO;ENSINO FUNDAMENTAL COMPLETO;NÃO INFORMADO;NÃO INFORMADO;ITAJAÍ;Não;Brasil;NÃO INFORMADO;SUL;1;SC;0;0;0;0;0;1;0;1;0;0;0;0;0;0;1;1;0;2025-04-29 16:22:43
2024;NÃO INFORMADO;VIÚVO;35 a 39 anos                  ;FEMININO;ENSINO FUNDAMENTAL INCOMPLETO;NÃO INFORMADO;NÃO INFORMADO;ITAJAÍ;Não;Brasil;NÃO INFORMADO;SUL;1;SC;0;0;0;0;0;3;0;3;0;0;0;0;0;0;3;3;0;2025-04-29 16:22:43
2024;NÃO INFORMADO;VIÚVO;35 a 39 anos                  ;FEMININO;ENSINO MÉDIO COMPLETO;NÃO INFORMADO;NÃO INFORMADO;ITAJAÍ;Não;Brasil;NÃO INFORMADO;SUL;1;SC;0;0;0;1;0;8;0;7;0;0;0;0;0;0;8;7;1;2025-04-29 16:22:43
2024;NÃO INFORMADO;VIÚVO;35 a 39 anos                  ;FEMININO;ENSINO MÉDIO INCOMPLETO;NÃO INFORMADO;NÃO INFORMADO;ITAJAÍ;Não;Brasil;NÃO INFORMADO;SUL;1;SC;0;0;0;2;0;4;0;2;0;0;0;0;0;0;4;2;2;2025-04-29 16:22:43
2024;NÃO INFORMADO;VIÚVO;35 a 39 anos                  ;FEMININO;SUPERIOR COMPLETO;NÃO INFORMADO;NÃO INFORMADO;ITAJAÍ;Não;Brasil;NÃO INFORMADO;SUL;1;SC;0;0;0;1;0;3;0;2;0;0;0;0;0;0;3;2;1;2025-04-29 16:22:43
2024;NÃO INFORMADO;VIÚVO;35 a 39 anos                  ;FEMININO;SUPERIOR INCOMPLETO;NÃO INFORMADO;NÃO INFORMADO;ITAJAÍ;Não;Brasil;NÃO INFORMADO;SUL;1;SC;0;0;0;0;0;4;0;4;0;0;0;0;0;0;4;4;0;2025-04-29 16:22:43
2024;NÃO INFORMADO;VIÚVO;35 a 39 anos                  ;MASCULINO;ENSINO FUNDAMENTAL INCOMPLETO;NÃO INFORMADO;NÃO INFORMADO;ITAJAÍ;Não;Brasil;NÃO INFORMADO;SUL;1;SC;0;0;0;1;0;1;0;0;0;0;0;0;0;0;1;0;1;2025-04-29 16:22:43
2024;NÃO INFORMADO;VIÚVO;35 a 39 anos                  ;MASCULINO;ENSINO MÉDIO COMPLETO;NÃO INFORMADO;NÃO INFORMADO;ITAJAÍ;Não;Brasil;NÃO INFORMADO;SUL;1;SC;0;0;0;0;0;1;0;1;0;0;0;0;0;0;1;1;0;2025-04-29 16:22:43
2024;NÃO INFORMADO;VIÚVO;35 a 39 anos                  ;MASCULINO;SUPERIOR COMPLETO;NÃO INFORMADO;NÃO INFORMADO;ITAJAÍ;Não;Brasil;NÃO INFORMADO;SUL;1;SC;0;0;0;1;0;2;0;1;0;0;0;0;0;0;2;1;1;2025-04-29 16:22:43
2024;NÃO INFORMADO;VIÚVO;40 a 44 anos                  ;FEMININO;ENSINO FUNDAMENTAL COMPLETO;NÃO INFORMADO;NÃO INFORMADO;ITAJAÍ;Não;Brasil;NÃO INFORMADO;SUL;1;SC;0;0;0;3;0;4;0;1;0;0;0;0;0;0;4;1;3;2025-04-29 16:22:43
2024;NÃO INFORMADO;VIÚVO;40 a 44 anos                  ;FEMININO;ENSINO FUNDAMENTAL INCOMPLETO;NÃO INFORMADO;NÃO INFORMADO;ITAJAÍ;Não;Brasil;NÃO INFORMADO;SUL;1;SC;0;0;0;4;0;10;0;6;0;0;0;0;0;0;10;6;4;2025-04-29 16:22:43
2024;NÃO INFORMADO;VIÚVO;40 a 44 anos                  ;FEMININO;ENSINO MÉDIO COMPLETO;NÃO INFORMADO;NÃO INFORMADO;ITAJAÍ;Não;Brasil;NÃO INFORMADO;SUL;1;SC;0;0;0;1;0;5;0;4;0;0;0;0;0;0;5;4;1;2025-04-29 16:22:43
2024;NÃO INFORMADO;VIÚVO;40 a 44 anos                  ;FEMININO;ENSINO MÉDIO INCOMPLETO;NÃO INFORMADO;NÃO INFORMADO;ITAJAÍ;Não;Brasil;NÃO INFORMADO;SUL;1;SC;0;0;0;0;0;4;0;4;0;0;0;0;0;0;4;4;0;2025-04-29 16:22:43
2024;NÃO INFORMADO;VIÚVO;40 a 44 anos                  ;FEMININO;SUPERIOR COMPLETO;NÃO INFORMADO;NÃO INFORMADO;ITAJAÍ;Não;Brasil;NÃO INFORMADO;SUL;1;SC;0;0;0;2;0;9;0;7;0;0;0;0;0;0;9;7;2;2025-04-29 16:22:43
2024;NÃO INFORMADO;VIÚVO;40 a 44 anos                  ;FEMININO;SUPERIOR INCOMPLETO;NÃO INFORMADO;NÃO INFORMADO;ITAJAÍ;Não;Brasil;NÃO INFORMADO;SUL;1;SC;0;0;0;3;0;11;0;8;0;0;0;0;0;0;11;8;3;2025-04-29 16:22:43
2024;NÃO INFORMADO;VIÚVO;40 a 44 anos                  ;MASCULINO;ENSINO FUNDAMENTAL COMPLETO;NÃO INFORMADO;NÃO INFORMADO;ITAJAÍ;Não;Brasil;NÃO INFORMADO;SUL;1;SC;0;0;0;2;0;2;0;0;0;0;0;0;0;0;2;0;2;2025-04-29 16:22:43
2024;NÃO INFORMADO;VIÚVO;40 a 44 anos                  ;MASCULINO;ENSINO MÉDIO COMPLETO;NÃO INFORMADO;NÃO INFORMADO;ITAJAÍ;Não;Brasil;NÃO INFORMADO;SUL;1;SC;0;0;0;0;0;6;0;6;0;0;0;0;0;0;6;6;0;2025-04-29 16:22:43
2024;NÃO INFORMADO;VIÚVO;40 a 44 anos                  ;MASCULINO;ENSINO MÉDIO INCOMPLETO;NÃO INFORMADO;NÃO INFORMADO;ITAJAÍ;Não;Brasil;NÃO INFORMADO;SUL;1;SC;0;0;0;0;0;2;0;2;0;0;0;0;0;0;2;2;0;2025-04-29 16:22:43
2024;NÃO INFORMADO;VIÚVO;40 a 44 anos                  ;MASCULINO;SUPERIOR COMPLETO;NÃO INFORMADO;NÃO INFORMADO;ITAJAÍ;Não;Brasil;NÃO INFORMADO;SUL;1;SC;0;0;0;0;0;3;0;3;0;0;0;0;0;0;3;3;0;2025-04-29 16:22:43
2024;NÃO INFORMADO;VIÚVO;40 a 44 anos                  ;MASCULINO;SUPERIOR INCOMPLETO;NÃO INFORMADO;NÃO INFORMADO;ITAJAÍ;Não;Brasil;NÃO INFORMADO;SUL;1;SC;0;0;0;1;0;2;0;1;0;0;0;0;0;0;2;1;1;2025-04-29 16:22:43
2024;NÃO INFORMADO;VIÚVO;45 a 49 anos                  ;FEMININO;ENSINO FUNDAMENTAL COMPLETO;NÃO INFORMADO;NÃO INFORMADO;ITAJAÍ;Não;Brasil;NÃO INFORMADO;SUL;1;SC;0;0;0;4;0;14;0;10;0;0;0;0;0;0;14;10;4;2025-04-29 16:22:43
2024;NÃO INFORMADO;VIÚVO;45 a 49 anos                  ;FEMININO;ENSINO FUNDAMENTAL INCOMPLETO;NÃO INFORMADO;NÃO INFORMADO;ITAJAÍ;Não;Brasil;NÃO INFORMADO;SUL;1;SC;0;0;0;4;0;24;0;20;0;0;0;0;0;0;24;20;4;2025-04-29 16:22:43
2024;NÃO INFORMADO;VIÚVO;45 a 49 anos                  ;FEMININO;ENSINO MÉDIO COMPLETO;NÃO INFORMADO;NÃO INFORMADO;ITAJAÍ;Não;Brasil;NÃO INFORMADO;SUL;1;SC;0;0;0;5;0;27;0;22;0;0;0;0;0;0;27;22;5;2025-04-29 16:22:43
2024;NÃO INFORMADO;VIÚVO;45 a 49 anos                  ;FEMININO;ENSINO MÉDIO INCOMPLETO;NÃO INFORMADO;NÃO INFORMADO;ITAJAÍ;Não;Brasil;NÃO INFORMADO;SUL;1;SC;0;0;0;2;0;9;0;7;0;0;0;0;0;0;9;7;2;2025-04-29 16:22:43
2024;NÃO INFORMADO;VIÚVO;45 a 49 anos                  ;FEMININO;SUPERIOR COMPLETO;NÃO INFORMADO;NÃO INFORMADO;ITAJAÍ;Não;Brasil;NÃO INFORMADO;SUL;1;SC;0;0;0;2;0;15;0;13;0;0;0;0;0;0;15;13;2;2025-04-29 16:22:43
2024;NÃO INFORMADO;VIÚVO;45 a 49 anos                  ;FEMININO;SUPERIOR INCOMPLETO;NÃO INFORMADO;NÃO INFORMADO;ITAJAÍ;Não;Brasil;NÃO INFORMADO;SUL;1;SC;0;0;0;0;0;3;0;3;0;0;0;0;0;0;3;3;0;2025-04-29 16:22:43
2024;NÃO INFORMADO;VIÚVO;45 a 49 anos                  ;MASCULINO;ENSINO FUNDAMENTAL COMPLETO;NÃO INFORMADO;NÃO INFORMADO;ITAJAÍ;Não;Brasil;NÃO INFORMADO;SUL;1;SC;0;0;0;0;0;1;0;1;0;0;0;0;0;0;1;1;0;2025-04-29 16:22:43
2024;NÃO INFORMADO;VIÚVO;45 a 49 anos                  ;MASCULINO;ENSINO FUNDAMENTAL INCOMPLETO;NÃO INFORMADO;NÃO INFORMADO;ITAJAÍ;Não;Brasil;NÃO INFORMADO;SUL;1;SC;0;0;0;1;0;9;0;8;0;0;0;0;0;0;9;8;1;2025-04-29 16:22:43
2024;NÃO INFORMADO;VIÚVO;45 a 49 anos                  ;MASCULINO;ENSINO MÉDIO COMPLETO;NÃO INFORMADO;NÃO INFORMADO;ITAJAÍ;Não;Brasil;NÃO INFORMADO;SUL;1;SC;0;0;0;2;0;6;0;4;0;0;0;0;0;0;6;4;2;2025-04-29 16:22:43
2024;NÃO INFORMADO;VIÚVO;45 a 49 anos                  ;MASCULINO;ENSINO MÉDIO INCOMPLETO;NÃO INFORMADO;NÃO INFORMADO;ITAJAÍ;Não;Brasil;NÃO INFORMADO;SUL;1;SC;0;0;0;0;0;1;0;1;0;0;0;0;0;0;1;1;0;2025-04-29 16:22:43
2024;NÃO INFORMADO;VIÚVO;45 a 49 anos                  ;MASCULINO;SUPERIOR COMPLETO;NÃO INFORMADO;NÃO INFORMADO;ITAJAÍ;Não;Brasil;NÃO INFORMADO;SUL;1;SC;0;0;0;1;0;2;0;1;0;0;0;0;0;0;2;1;1;2025-04-29 16:22:43
2024;NÃO INFORMADO;VIÚVO;50 a 54 anos                  ;FEMININO;ANALFABETO;NÃO INFORMADO;NÃO INFORMADO;ITAJAÍ;Não;Brasil;NÃO INFORMADO;SUL;1;SC;0;0;0;0;1;0;1;0;0;0;0;0;0;0;1;1;0;2025-04-29 16:22:43
2024;NÃO INFORMADO;VIÚVO;50 a 54 anos                  ;FEMININO;ENSINO FUNDAMENTAL COMPLETO;NÃO INFORMADO;NÃO INFORMADO;ITAJAÍ;Não;Brasil;NÃO INFORMADO;SUL;1;SC;0;0;0;4;0;18;0;14;0;0;0;0;0;0;18;14;4;2025-04-29 16:22:43
2024;NÃO INFORMADO;VIÚVO;50 a 54 anos                  ;FEMININO;ENSINO FUNDAMENTAL INCOMPLETO;NÃO INFORMADO;NÃO INFORMADO;ITAJAÍ;Não;Brasil;NÃO INFORMADO;SUL;1;SC;0;0;0;9;0;40;0;31;0;0;0;0;0;0;40;31;9;2025-04-29 16:22:43
2024;NÃO INFORMADO;VIÚVO;50 a 54 anos                  ;FEMININO;ENSINO MÉDIO COMPLETO;NÃO INFORMADO;NÃO INFORMADO;ITAJAÍ;Não;Brasil;NÃO INFORMADO;SUL;1;SC;0;0;0;4;0;34;0;30;0;0;0;0;0;0;34;30;4;2025-04-29 16:22:43
2024;NÃO INFORMADO;VIÚVO;50 a 54 anos                  ;FEMININO;ENSINO MÉDIO INCOMPLETO;NÃO INFORMADO;NÃO INFORMADO;ITAJAÍ;Não;Brasil;NÃO INFORMADO;SUL;1;SC;0;0;0;6;0;12;0;6;0;0;0;0;0;0;12;6;6;2025-04-29 16:22:43
2024;NÃO INFORMADO;VIÚVO;50 a 54 anos                  ;FEMININO;LÊ E ESCREVE;NÃO INFORMADO;NÃO INFORMADO;ITAJAÍ;Não;Brasil;NÃO INFORMADO;SUL;1;SC;0;0;0;0;0;4;0;4;0;0;0;0;0;0;4;4;0;2025-04-29 16:22:43
2024;NÃO INFORMADO;VIÚVO;50 a 54 anos                  ;FEMININO;SUPERIOR COMPLETO;NÃO INFORMADO;NÃO INFORMADO;ITAJAÍ;Não;Brasil;NÃO INFORMADO;SUL;1;SC;0;0;0;0;0;21;0;21;0;0;0;0;0;0;21;21;0;2025-04-29 16:22:43
2024;NÃO INFORMADO;VIÚVO;50 a 54 anos                  ;FEMININO;SUPERIOR INCOMPLETO;NÃO INFORMADO;NÃO INFORMADO;ITAJAÍ;Não;Brasil;NÃO INFORMADO;SUL;1;SC;0;0;0;0;0;7;0;7;0;1;1;0;0;0;7;7;0;2025-04-29 16:22:43
2024;NÃO INFORMADO;VIÚVO;50 a 54 anos                  ;MASCULINO;ENSINO FUNDAMENTAL COMPLETO;NÃO INFORMADO;NÃO INFORMADO;ITAJAÍ;Não;Brasil;NÃO INFORMADO;SUL;1;SC;0;0;0;2;0;4;0;2;0;0;0;0;0;0;4;2;2;2025-04-29 16:22:43
2024;NÃO INFORMADO;VIÚVO;50 a 54 anos                  ;MASCULINO;ENSINO FUNDAMENTAL INCOMPLETO;NÃO INFORMADO;NÃO INFORMADO;ITAJAÍ;Não;Brasil;NÃO INFORMADO;SUL;1;SC;0;0;0;0;0;8;0;8;0;1;1;0;0;0;8;8;0;2025-04-29 16:22:43
2024;NÃO INFORMADO;VIÚVO;50 a 54 anos                  ;MASCULINO;ENSINO MÉDIO COMPLETO;NÃO INFORMADO;NÃO INFORMADO;ITAJAÍ;Não;Brasil;NÃO INFORMADO;SUL;1;SC;0;0;0;2;0;7;0;5;0;0;0;0;0;0;7;5;2;2025-04-29 16:22:43
2024;NÃO INFORMADO;VIÚVO;50 a 54 anos                  ;MASCULINO;ENSINO MÉDIO INCOMPLETO;NÃO INFORMADO;NÃO INFORMADO;ITAJAÍ;Não;Brasil;NÃO INFORMADO;SUL;1;SC;0;0;0;0;0;2;0;2;0;0;0;0;0;0;2;2;0;2025-04-29 16:22:43
2024;NÃO INFORMADO;VIÚVO;50 a 54 anos                  ;MASCULINO;LÊ E ESCREVE;NÃO INFORMADO;NÃO INFORMADO;ITAJAÍ;Não;Brasil;NÃO INFORMADO;SUL;1;SC;0;0;0;1;0;3;0;2;0;0;0;0;0;0;3;2;1;2025-04-29 16:22:43
2024;NÃO INFORMADO;VIÚVO;50 a 54 anos                  ;MASCULINO;SUPERIOR COMPLETO;NÃO INFORMADO;NÃO INFORMADO;ITAJAÍ;Não;Brasil;NÃO INFORMADO;SUL;1;SC;0;0;0;0;0;5;0;5;0;0;0;0;0;0;5;5;0;2025-04-29 16:22:43
2024;NÃO INFORMADO;VIÚVO;50 a 54 anos                  ;MASCULINO;SUPERIOR INCOMPLETO;NÃO INFORMADO;NÃO INFORMADO;ITAJAÍ;Não;Brasil;NÃO INFORMADO;SUL;1;SC;0;0;0;0;0;1;0;1;0;0;0;0;0;0;1;1;0;2025-04-29 16:22:43
2024;NÃO INFORMADO;VIÚVO;55 a 59 anos                  ;FEMININO;ANALFABETO;NÃO INFORMADO;NÃO INFORMADO;ITAJAÍ;Não;Brasil;NÃO INFORMADO;SUL;1;SC;0;0;0;0;3;0;2;0;0;0;0;0;0;0;3;2;1;2025-04-29 16:22:43
2024;NÃO INFORMADO;VIÚVO;55 a 59 anos                  ;FEMININO;ENSINO FUNDAMENTAL COMPLETO;NÃO INFORMADO;NÃO INFORMADO;ITAJAÍ;Não;Brasil;NÃO INFORMADO;SUL;1;SC;0;0;0;5;0;46;0;41;0;1;1;0;0;0;46;41;5;2025-04-29 16:22:43
2024;NÃO INFORMADO;VIÚVO;55 a 59 anos                  ;FEMININO;ENSINO FUNDAMENTAL INCOMPLETO;NÃO INFORMADO;NÃO INFORMADO;ITAJAÍ;Não;Brasil;NÃO INFORMADO;SUL;1;SC;0;0;0;17;0;108;0;91;0;1;1;0;0;0;108;91;17;2025-04-29 16:22:43
2024;NÃO INFORMADO;VIÚVO;55 a 59 anos                  ;FEMININO;ENSINO MÉDIO COMPLETO;NÃO INFORMADO;NÃO INFORMADO;ITAJAÍ;Não;Brasil;NÃO INFORMADO;SUL;1;SC;0;0;0;11;0;68;0;57;0;0;0;0;0;0;68;57;11;2025-04-29 16:22:43
2024;NÃO INFORMADO;VIÚVO;55 a 59 anos                  ;FEMININO;ENSINO MÉDIO INCOMPLETO;NÃO INFORMADO;NÃO INFORMADO;ITAJAÍ;Não;Brasil;NÃO INFORMADO;SUL;1;SC;0;0;0;7;0;23;0;16;0;1;1;0;0;0;23;16;7;2025-04-29 16:22:43
2024;NÃO INFORMADO;VIÚVO;55 a 59 anos                  ;FEMININO;LÊ E ESCREVE;NÃO INFORMADO;NÃO INFORMADO;ITAJAÍ;Não;Brasil;NÃO INFORMADO;SUL;1;SC;0;0;0;3;0;17;0;14;0;0;0;0;0;0;17;14;3;2025-04-29 16:22:43
2024;NÃO INFORMADO;VIÚVO;55 a 59 anos                  ;FEMININO;SUPERIOR COMPLETO;NÃO INFORMADO;NÃO INFORMADO;ITAJAÍ;Não;Brasil;NÃO INFORMADO;SUL;1;SC;0;0;0;5;0;43;0;38;0;0;0;0;0;0;43;38;5;2025-04-29 16:22:43
2024;NÃO INFORMADO;VIÚVO;55 a 59 anos                  ;FEMININO;SUPERIOR INCOMPLETO;NÃO INFORMADO;NÃO INFORMADO;ITAJAÍ;Não;Brasil;NÃO INFORMADO;SUL;1;SC;0;0;0;1;0;8;0;7;0;0;0;0;0;0;8;7;1;2025-04-29 16:22:43
2024;NÃO INFORMADO;VIÚVO;55 a 59 anos                  ;MASCULINO;ENSINO FUNDAMENTAL COMPLETO;NÃO INFORMADO;NÃO INFORMADO;ITAJAÍ;Não;Brasil;NÃO INFORMADO;SUL;1;SC;0;0;0;3;0;11;0;8;0;1;1;0;0;0;11;8;3;2025-04-29 16:22:43
2024;NÃO INFORMADO;VIÚVO;55 a 59 anos                  ;MASCULINO;ENSINO FUNDAMENTAL INCOMPLETO;NÃO INFORMADO;NÃO INFORMADO;ITAJAÍ;Não;Brasil;NÃO INFORMADO;SUL;1;SC;0;0;0;5;0;22;0;17;0;0;0;0;0;0;22;17;5;2025-04-29 16:22:43
2024;NÃO INFORMADO;VIÚVO;55 a 59 anos                  ;MASCULINO;ENSINO MÉDIO COMPLETO;NÃO INFORMADO;NÃO INFORMADO;ITAJAÍ;Não;Brasil;NÃO INFORMADO;SUL;1;SC;0;0;0;2;0;19;0;17;0;0;0;0;0;0;19;17;2;2025-04-29 16:22:43
2024;NÃO INFORMADO;VIÚVO;55 a 59 anos                  ;MASCULINO;ENSINO MÉDIO INCOMPLETO;NÃO INFORMADO;NÃO INFORMADO;ITAJAÍ;Não;Brasil;NÃO INFORMADO;SUL;1;SC;0;0;0;0;0;3;0;3;0;0;0;0;0;0;3;3;0;2025-04-29 16:22:43
2024;NÃO INFORMADO;VIÚVO;55 a 59 anos                  ;MASCULINO;LÊ E ESCREVE;NÃO INFORMADO;NÃO INFORMADO;ITAJAÍ;Não;Brasil;NÃO INFORMADO;SUL;1;SC;0;0;0;0;0;1;0;1;0;0;0;0;0;0;1;1;0;2025-04-29 16:22:43
2024;NÃO INFORMADO;VIÚVO;55 a 59 anos                  ;MASCULINO;SUPERIOR COMPLETO;NÃO INFORMADO;NÃO INFORMADO;ITAJAÍ;Não;Brasil;NÃO INFORMADO;SUL;1;SC;0;0;0;2;0;10;0;8;0;0;0;0;0;0;10;8;2;2025-04-29 16:22:43
2024;NÃO INFORMADO;VIÚVO;55 a 59 anos                  ;MASCULINO;SUPERIOR INCOMPLETO;NÃO INFORMADO;NÃO INFORMADO;ITAJAÍ;Não;Brasil;NÃO INFORMADO;SUL;1;SC;0;0;0;0;0;4;0;4;0;0;0;0;0;0;4;4;0;2025-04-29 16:22:43
2024;NÃO INFORMADO;VIÚVO;60 a 64 anos                  ;FEMININO;ANALFABETO;NÃO INFORMADO;NÃO INFORMADO;ITAJAÍ;Não;Brasil;NÃO INFORMADO;SUL;1;SC;1;0;0;0;14;0;11;0;1;0;0;1;0;0;14;11;3;2025-04-29 16:22:43
2024;NÃO INFORMADO;VIÚVO;60 a 64 anos                  ;FEMININO;ENSINO FUNDAMENTAL COMPLETO;NÃO INFORMADO;NÃO INFORMADO;ITAJAÍ;Não;Brasil;NÃO INFORMADO;SUL;1;SC;0;0;0;11;0;94;0;83;0;1;1;0;0;0;94;83;11;2025-04-29 16:22:43
2024;NÃO INFORMADO;VIÚVO;60 a 64 anos                  ;FEMININO;ENSINO FUNDAMENTAL INCOMPLETO;NÃO INFORMADO;NÃO INFORMADO;ITAJAÍ;Não;Brasil;NÃO INFORMADO;SUL;1;SC;0;0;0;35;0;225;0;190;0;2;2;0;0;0;225;190;35;2025-04-29 16:22:43
2024;NÃO INFORMADO;VIÚVO;60 a 64 anos                  ;FEMININO;ENSINO MÉDIO COMPLETO;NÃO INFORMADO;NÃO INFORMADO;ITAJAÍ;Não;Brasil;NÃO INFORMADO;SUL;1;SC;0;0;0;12;0;100;0;88;0;0;0;0;0;0;100;88;12;2025-04-29 16:22:43
2024;NÃO INFORMADO;VIÚVO;60 a 64 anos                  ;FEMININO;ENSINO MÉDIO INCOMPLETO;NÃO INFORMADO;NÃO INFORMADO;ITAJAÍ;Não;Brasil;NÃO INFORMADO;SUL;1;SC;0;0;0;3;0;23;0;20;0;0;0;0;0;0;23;20;3;2025-04-29 16:22:43
2024;NÃO INFORMADO;VIÚVO;60 a 64 anos                  ;FEMININO;LÊ E ESCREVE;NÃO INFORMADO;NÃO INFORMADO;ITAJAÍ;Não;Brasil;NÃO INFORMADO;SUL;1;SC;0;0;0;3;0;31;0;28;0;0;0;0;0;0;31;28;3;2025-04-29 16:22:43
2024;NÃO INFORMADO;VIÚVO;60 a 64 anos                  ;FEMININO;SUPERIOR COMPLETO;NÃO INFORMADO;NÃO INFORMADO;ITAJAÍ;Não;Brasil;NÃO INFORMADO;SUL;1;SC;0;0;0;4;0;43;0;39;0;1;1;0;0;0;43;39;4;2025-04-29 16:22:43
2024;NÃO INFORMADO;VIÚVO;60 a 64 anos                  ;FEMININO;SUPERIOR INCOMPLETO;NÃO INFORMADO;NÃO INFORMADO;ITAJAÍ;Não;Brasil;NÃO INFORMADO;SUL;1;SC;0;0;0;4;0;17;0;13;0;0;0;0;0;0;17;13;4;2025-04-29 16:22:43
2024;NÃO INFORMADO;VIÚVO;60 a 64 anos                  ;MASCULINO;ANALFABETO;NÃO INFORMADO;NÃO INFORMADO;ITAJAÍ;Não;Brasil;NÃO INFORMADO;SUL;1;SC;1;0;0;0;2;0;1;0;1;0;0;1;0;0;2;1;1;2025-04-29 16:22:43
2024;NÃO INFORMADO;VIÚVO;60 a 64 anos                  ;MASCULINO;ENSINO FUNDAMENTAL COMPLETO;NÃO INFORMADO;NÃO INFORMADO;ITAJAÍ;Não;Brasil;NÃO INFORMADO;SUL;1;SC;0;0;0;4;0;17;0;13;0;0;0;0;0;0;17;13;4;2025-04-29 16:22:43
2024;NÃO INFORMADO;VIÚVO;60 a 64 anos                  ;MASCULINO;ENSINO FUNDAMENTAL INCOMPLETO;NÃO INFORMADO;NÃO INFORMADO;ITAJAÍ;Não;Brasil;NÃO INFORMADO;SUL;1;SC;1;0;0;12;0;43;0;31;0;1;0;0;1;0;43;31;12;2025-04-29 16:22:43
2024;NÃO INFORMADO;VIÚVO;60 a 64 anos                  ;MASCULINO;ENSINO MÉDIO COMPLETO;NÃO INFORMADO;NÃO INFORMADO;ITAJAÍ;Não;Brasil;NÃO INFORMADO;SUL;1;SC;1;0;0;2;0;21;0;19;0;1;0;0;1;0;21;19;2;2025-04-29 16:22:43
2024;NÃO INFORMADO;VIÚVO;60 a 64 anos                  ;MASCULINO;ENSINO MÉDIO INCOMPLETO;NÃO INFORMADO;NÃO INFORMADO;ITAJAÍ;Não;Brasil;NÃO INFORMADO;SUL;1;SC;0;0;0;1;0;6;0;5;0;0;0;0;0;0;6;5;1;2025-04-29 16:22:43
2024;NÃO INFORMADO;VIÚVO;60 a 64 anos                  ;MASCULINO;LÊ E ESCREVE;NÃO INFORMADO;NÃO INFORMADO;ITAJAÍ;Não;Brasil;NÃO INFORMADO;SUL;1;SC;0;0;0;1;0;5;0;4;0;0;0;0;0;0;5;4;1;2025-04-29 16:22:43
2024;NÃO INFORMADO;VIÚVO;60 a 64 anos                  ;MASCULINO;SUPERIOR COMPLETO;NÃO INFORMADO;NÃO INFORMADO;ITAJAÍ;Não;Brasil;NÃO INFORMADO;SUL;1;SC;0;0;0;2;0;9;0;7;0;0;0;0;0;0;9;7;2;2025-04-29 16:22:43
2024;NÃO INFORMADO;VIÚVO;60 a 64 anos                  ;MASCULINO;SUPERIOR INCOMPLETO;NÃO INFORMADO;NÃO INFORMADO;ITAJAÍ;Não;Brasil;NÃO INFORMADO;SUL;1;SC;0;0;0;1;0;3;0;2;0;0;0;0;0;0;3;2;1;2025-04-29 16:22:43
2024;NÃO INFORMADO;VIÚVO;65 a 69 anos                  ;FEMININO;ANALFABETO;NÃO INFORMADO;NÃO INFORMADO;ITAJAÍ;Não;Brasil;NÃO INFORMADO;SUL;1;SC;0;0;0;0;21;0;12;0;0;0;0;0;0;0;21;12;9;2025-04-29 16:22:43
2024;NÃO INFORMADO;VIÚVO;65 a 69 anos                  ;FEMININO;ENSINO FUNDAMENTAL COMPLETO;NÃO INFORMADO;NÃO INFORMADO;ITAJAÍ;Não;Brasil;NÃO INFORMADO;SUL;1;SC;2;0;0;12;0;89;0;77;0;5;3;0;2;0;89;77;12;2025-04-29 16:22:43
2024;NÃO INFORMADO;VIÚVO;65 a 69 anos                  ;FEMININO;ENSINO FUNDAMENTAL INCOMPLETO;NÃO INFORMADO;NÃO INFORMADO;ITAJAÍ;Não;Brasil;NÃO INFORMADO;SUL;1;SC;1;0;0;51;0;291;0;240;0;3;2;0;1;0;291;240;51;2025-04-29 16:22:43
2024;NÃO INFORMADO;VIÚVO;65 a 69 anos                  ;FEMININO;ENSINO MÉDIO COMPLETO;NÃO INFORMADO;NÃO INFORMADO;ITAJAÍ;Não;Brasil;NÃO INFORMADO;SUL;1;SC;0;1;0;12;0;117;0;105;0;2;2;0;0;0;117;105;12;2025-04-29 16:22:43
2024;NÃO INFORMADO;VIÚVO;65 a 69 anos                  ;FEMININO;ENSINO MÉDIO INCOMPLETO;NÃO INFORMADO;NÃO INFORMADO;ITAJAÍ;Não;Brasil;NÃO INFORMADO;SUL;1;SC;0;0;0;8;0;31;0;23;0;2;2;0;0;0;31;23;8;2025-04-29 16:22:43
2024;NÃO INFORMADO;VIÚVO;65 a 69 anos                  ;FEMININO;LÊ E ESCREVE;NÃO INFORMADO;NÃO INFORMADO;ITAJAÍ;Não;Brasil;NÃO INFORMADO;SUL;1;SC;0;0;0;6;0;52;0;46;0;0;0;0;0;0;52;46;6;2025-04-29 16:22:43
2024;NÃO INFORMADO;VIÚVO;65 a 69 anos                  ;FEMININO;SUPERIOR COMPLETO;NÃO INFORMADO;NÃO INFORMADO;ITAJAÍ;Não;Brasil;NÃO INFORMADO;SUL;1;SC;0;0;0;10;0;74;0;64;0;0;0;0;0;0;74;64;10;2025-04-29 16:22:43
2024;NÃO INFORMADO;VIÚVO;65 a 69 anos                  ;FEMININO;SUPERIOR INCOMPLETO;NÃO INFORMADO;NÃO INFORMADO;ITAJAÍ;Não;Brasil;NÃO INFORMADO;SUL;1;SC;0;0;0;3;0;16;0;13;0;0;0;0;0;0;16;13;3;2025-04-29 16:22:43
2024;NÃO INFORMADO;VIÚVO;65 a 69 anos                  ;MASCULINO;ANALFABETO;NÃO INFORMADO;NÃO INFORMADO;ITAJAÍ;Não;Brasil;NÃO INFORMADO;SUL;1;SC;0;0;0;0;2;0;1;0;0;0;0;0;0;0;2;1;1;2025-04-29 16:22:43
2024;NÃO INFORMADO;VIÚVO;65 a 69 anos                  ;MASCULINO;ENSINO FUNDAMENTAL COMPLETO;NÃO INFORMADO;NÃO INFORMADO;ITAJAÍ;Não;Brasil;NÃO INFORMADO;SUL;1;SC;0;0;0;4;0;18;0;14;0;0;0;0;0;0;18;14;4;2025-04-29 16:22:43
2024;NÃO INFORMADO;VIÚVO;65 a 69 anos                  ;MASCULINO;ENSINO FUNDAMENTAL INCOMPLETO;NÃO INFORMADO;NÃO INFORMADO;ITAJAÍ;Não;Brasil;NÃO INFORMADO;SUL;1;SC;0;0;0;14;0;54;0;40;0;1;1;0;0;0;54;40;14;2025-04-29 16:22:43
2024;NÃO INFORMADO;VIÚVO;65 a 69 anos                  ;MASCULINO;ENSINO MÉDIO COMPLETO;NÃO INFORMADO;NÃO INFORMADO;ITAJAÍ;Não;Brasil;NÃO INFORMADO;SUL;1;SC;1;0;0;5;0;25;0;20;0;1;0;0;1;0;25;20;5;2025-04-29 16:22:43
2024;NÃO INFORMADO;VIÚVO;65 a 69 anos                  ;MASCULINO;ENSINO MÉDIO INCOMPLETO;NÃO INFORMADO;NÃO INFORMADO;ITAJAÍ;Não;Brasil;NÃO INFORMADO;SUL;1;SC;0;0;0;0;0;6;0;6;0;0;0;0;0;0;6;6;0;2025-04-29 16:22:43
2024;NÃO INFORMADO;VIÚVO;65 a 69 anos                  ;MASCULINO;LÊ E ESCREVE;NÃO INFORMADO;NÃO INFORMADO;ITAJAÍ;Não;Brasil;NÃO INFORMADO;SUL;1;SC;0;0;0;1;0;15;0;14;0;0;0;0;0;0;15;14;1;2025-04-29 16:22:43
2024;NÃO INFORMADO;VIÚVO;65 a 69 anos                  ;MASCULINO;SUPERIOR COMPLETO;NÃO INFORMADO;NÃO INFORMADO;ITAJAÍ;Não;Brasil;NÃO INFORMADO;SUL;1;SC;0;0;0;2;0;11;0;9;0;0;0;0;0;0;11;9;2;2025-04-29 16:22:43
2024;NÃO INFORMADO;VIÚVO;65 a 69 anos                  ;MASCULINO;SUPERIOR INCOMPLETO;NÃO INFORMADO;NÃO INFORMADO;ITAJAÍ;Não;Brasil;NÃO INFORMADO;SUL;1;SC;0;0;0;2;0;10;0;8;0;0;0;0;0;0;10;8;2;2025-04-29 16:22:43
2024;NÃO INFORMADO;VIÚVO;70 a 74 anos                  ;FEMININO;ANALFABETO;NÃO INFORMADO;NÃO INFORMADO;ITAJAÍ;Não;Brasil;NÃO INFORMADO;SUL;1;SC;0;0;0;0;30;0;14;0;2;0;2;0;0;0;30;14;16;2025-04-29 16:22:43
2024;NÃO INFORMADO;VIÚVO;70 a 74 anos                  ;FEMININO;ENSINO FUNDAMENTAL COMPLETO;NÃO INFORMADO;NÃO INFORMADO;ITAJAÍ;Não;Brasil;NÃO INFORMADO;SUL;1;SC;2;0;0;0;77;0;49;0;2;0;0;2;0;0;77;49;28;2025-04-29 16:22:43
2024;NÃO INFORMADO;VIÚVO;70 a 74 anos                  ;FEMININO;ENSINO FUNDAMENTAL INCOMPLETO;NÃO INFORMADO;NÃO INFORMADO;ITAJAÍ;Não;Brasil;NÃO INFORMADO;SUL;1;SC;3;0;0;0;329;0;191;0;7;0;4;3;0;0;329;191;138;2025-04-29 16:22:43
2024;NÃO INFORMADO;VIÚVO;70 a 74 anos                  ;FEMININO;ENSINO MÉDIO COMPLETO;NÃO INFORMADO;NÃO INFORMADO;ITAJAÍ;Não;Brasil;NÃO INFORMADO;SUL;1;SC;0;0;0;0;88;0;56;0;0;0;0;0;0;0;88;56;32;2025-04-29 16:22:43
2024;NÃO INFORMADO;VIÚVO;70 a 74 anos                  ;FEMININO;ENSINO MÉDIO INCOMPLETO;NÃO INFORMADO;NÃO INFORMADO;ITAJAÍ;Não;Brasil;NÃO INFORMADO;SUL;1;SC;0;0;0;0;32;0;23;0;0;0;0;0;0;0;32;23;9;2025-04-29 16:22:43
2024;NÃO INFORMADO;VIÚVO;70 a 74 anos                  ;FEMININO;LÊ E ESCREVE;NÃO INFORMADO;NÃO INFORMADO;ITAJAÍ;Não;Brasil;NÃO INFORMADO;SUL;1;SC;0;0;0;0;95;0;54;0;0;0;0;0;0;0;95;54;41;2025-04-29 16:22:43
2024;NÃO INFORMADO;VIÚVO;70 a 74 anos                  ;FEMININO;SUPERIOR COMPLETO;NÃO INFORMADO;NÃO INFORMADO;ITAJAÍ;Não;Brasil;NÃO INFORMADO;SUL;1;SC;0;0;0;0;64;0;52;0;0;0;0;0;0;0;64;52;12;2025-04-29 16:22:43
2024;NÃO INFORMADO;VIÚVO;70 a 74 anos                  ;FEMININO;SUPERIOR INCOMPLETO;NÃO INFORMADO;NÃO INFORMADO;ITAJAÍ;Não;Brasil;NÃO INFORMADO;SUL;1;SC;0;0;0;0;8;0;6;0;1;0;1;0;0;0;8;6;2;2025-04-29 16:22:43
2024;NÃO INFORMADO;VIÚVO;70 a 74 anos                  ;MASCULINO;ANALFABETO;NÃO INFORMADO;NÃO INFORMADO;ITAJAÍ;Não;Brasil;NÃO INFORMADO;SUL;1;SC;0;0;0;0;2;0;2;0;0;0;0;0;0;0;2;2;0;2025-04-29 16:22:43
2024;NÃO INFORMADO;VIÚVO;70 a 74 anos                  ;MASCULINO;ENSINO FUNDAMENTAL COMPLETO;NÃO INFORMADO;NÃO INFORMADO;ITAJAÍ;Não;Brasil;NÃO INFORMADO;SUL;1;SC;1;0;0;0;20;0;10;0;1;0;0;1;0;0;20;10;10;2025-04-29 16:22:43
2024;NÃO INFORMADO;VIÚVO;70 a 74 anos                  ;MASCULINO;ENSINO FUNDAMENTAL INCOMPLETO;NÃO INFORMADO;NÃO INFORMADO;ITAJAÍ;Não;Brasil;NÃO INFORMADO;SUL;1;SC;1;0;0;0;58;0;37;0;2;0;1;1;0;0;58;37;21;2025-04-29 16:22:43
2024;NÃO INFORMADO;VIÚVO;70 a 74 anos                  ;MASCULINO;ENSINO MÉDIO COMPLETO;NÃO INFORMADO;NÃO INFORMADO;ITAJAÍ;Não;Brasil;NÃO INFORMADO;SUL;1;SC;1;0;0;0;19;0;13;0;1;0;0;1;0;0;19;13;6;2025-04-29 16:22:43
2024;NÃO INFORMADO;VIÚVO;70 a 74 anos                  ;MASCULINO;ENSINO MÉDIO INCOMPLETO;NÃO INFORMADO;NÃO INFORMADO;ITAJAÍ;Não;Brasil;NÃO INFORMADO;SUL;1;SC;0;0;0;0;6;0;2;0;0;0;0;0;0;0;6;2;4;2025-04-29 16:22:43
2024;NÃO INFORMADO;VIÚVO;70 a 74 anos                  ;MASCULINO;LÊ E ESCREVE;NÃO INFORMADO;NÃO INFORMADO;ITAJAÍ;Não;Brasil;NÃO INFORMADO;SUL;1;SC;1;0;0;0;22;0;16;0;1;0;0;1;0;0;22;16;6;2025-04-29 16:22:43
2024;NÃO INFORMADO;VIÚVO;70 a 74 anos                  ;MASCULINO;SUPERIOR COMPLETO;NÃO INFORMADO;NÃO INFORMADO;ITAJAÍ;Não;Brasil;NÃO INFORMADO;SUL;1;SC;0;0;0;0;10;0;8;0;0;0;0;0;0;0;10;8;2;2025-04-29 16:22:43
2024;NÃO INFORMADO;VIÚVO;70 a 74 anos                  ;MASCULINO;SUPERIOR INCOMPLETO;NÃO INFORMADO;NÃO INFORMADO;ITAJAÍ;Não;Brasil;NÃO INFORMADO;SUL;1;SC;0;0;0;0;10;0;7;0;0;0;0;0;0;0;10;7;3;2025-04-29 16:22:43
2024;NÃO INFORMADO;VIÚVO;75 a 79 anos                  ;FEMININO;ANALFABETO;NÃO INFORMADO;NÃO INFORMADO;ITAJAÍ;Não;Brasil;NÃO INFORMADO;SUL;1;SC;2;0;0;0;27;0;5;0;2;0;0;2;0;0;27;5;22;2025-04-29 16:22:43
2024;NÃO INFORMADO;VIÚVO;75 a 79 anos                  ;FEMININO;ENSINO FUNDAMENTAL COMPLETO;NÃO INFORMADO;NÃO INFORMADO;ITAJAÍ;Não;Brasil;NÃO INFORMADO;SUL;1;SC;1;0;0;0;56;0;35;0;2;0;1;1;0;0;56;35;21;2025-04-29 16:22:43
2024;NÃO INFORMADO;VIÚVO;75 a 79 anos                  ;FEMININO;ENSINO FUNDAMENTAL INCOMPLETO;NÃO INFORMADO;NÃO INFORMADO;ITAJAÍ;Não;Brasil;NÃO INFORMADO;SUL;1;SC;8;0;0;0;246;0;119;0;9;0;1;8;0;0;246;119;127;2025-04-29 16:22:43
2024;NÃO INFORMADO;VIÚVO;75 a 79 anos                  ;FEMININO;ENSINO MÉDIO COMPLETO;NÃO INFORMADO;NÃO INFORMADO;ITAJAÍ;Não;Brasil;NÃO INFORMADO;SUL;1;SC;0;0;0;0;65;0;44;0;2;0;2;0;0;0;65;44;21;2025-04-29 16:22:43
2024;NÃO INFORMADO;VIÚVO;75 a 79 anos                  ;FEMININO;ENSINO MÉDIO INCOMPLETO;NÃO INFORMADO;NÃO INFORMADO;ITAJAÍ;Não;Brasil;NÃO INFORMADO;SUL;1;SC;0;0;0;0;7;0;6;0;0;0;0;0;0;0;7;6;1;2025-04-29 16:22:43
2024;NÃO INFORMADO;VIÚVO;75 a 79 anos                  ;FEMININO;LÊ E ESCREVE;NÃO INFORMADO;NÃO INFORMADO;ITAJAÍ;Não;Brasil;NÃO INFORMADO;SUL;1;SC;0;0;0;0;68;0;34;0;1;0;1;0;0;0;68;34;34;2025-04-29 16:22:43
2024;NÃO INFORMADO;VIÚVO;75 a 79 anos                  ;FEMININO;SUPERIOR COMPLETO;NÃO INFORMADO;NÃO INFORMADO;ITAJAÍ;Não;Brasil;NÃO INFORMADO;SUL;1;SC;0;0;0;0;37;0;29;0;1;0;1;0;0;0;37;29;8;2025-04-29 16:22:43
2024;NÃO INFORMADO;VIÚVO;75 a 79 anos                  ;FEMININO;SUPERIOR INCOMPLETO;NÃO INFORMADO;NÃO INFORMADO;ITAJAÍ;Não;Brasil;NÃO INFORMADO;SUL;1;SC;1;0;0;0;9;0;7;0;1;0;0;1;0;0;9;7;2;2025-04-29 16:22:43
2024;NÃO INFORMADO;VIÚVO;75 a 79 anos                  ;MASCULINO;ANALFABETO;NÃO INFORMADO;NÃO INFORMADO;ITAJAÍ;Não;Brasil;NÃO INFORMADO;SUL;1;SC;0;0;0;0;1;0;0;0;0;0;0;0;0;0;1;0;1;2025-04-29 16:22:43
2024;NÃO INFORMADO;VIÚVO;75 a 79 anos                  ;MASCULINO;ENSINO FUNDAMENTAL COMPLETO;NÃO INFORMADO;NÃO INFORMADO;ITAJAÍ;Não;Brasil;NÃO INFORMADO;SUL;1;SC;0;0;0;0;7;0;5;0;0;0;0;0;0;0;7;5;2;2025-04-29 16:22:43
2024;NÃO INFORMADO;VIÚVO;75 a 79 anos                  ;MASCULINO;ENSINO FUNDAMENTAL INCOMPLETO;NÃO INFORMADO;NÃO INFORMADO;ITAJAÍ;Não;Brasil;NÃO INFORMADO;SUL;1;SC;0;0;0;0;30;0;16;0;0;0;0;0;0;0;30;16;14;2025-04-29 16:22:43
2024;NÃO INFORMADO;VIÚVO;75 a 79 anos                  ;MASCULINO;ENSINO MÉDIO COMPLETO;NÃO INFORMADO;NÃO INFORMADO;ITAJAÍ;Não;Brasil;NÃO INFORMADO;SUL;1;SC;1;0;0;0;5;0;2;0;1;0;0;1;0;0;5;2;3;2025-04-29 16:22:43
2024;NÃO INFORMADO;VIÚVO;75 a 79 anos                  ;MASCULINO;ENSINO MÉDIO INCOMPLETO;NÃO INFORMADO;NÃO INFORMADO;ITAJAÍ;Não;Brasil;NÃO INFORMADO;SUL;1;SC;0;0;0;0;3;0;0;0;0;0;0;0;0;0;3;0;3;2025-04-29 16:22:43
2024;NÃO INFORMADO;VIÚVO;75 a 79 anos                  ;MASCULINO;LÊ E ESCREVE;NÃO INFORMADO;NÃO INFORMADO;ITAJAÍ;Não;Brasil;NÃO INFORMADO;SUL;1;SC;0;0;0;0;12;0;7;0;0;0;0;0;0;0;12;7;5;2025-04-29 16:22:43
2024;NÃO INFORMADO;VIÚVO;75 a 79 anos                  ;MASCULINO;SUPERIOR COMPLETO;NÃO INFORMADO;NÃO INFORMADO;ITAJAÍ;Não;Brasil;NÃO INFORMADO;SUL;1;SC;0;0;0;0;8;0;8;0;1;0;1;0;0;0;8;8;0;2025-04-29 16:22:43
2024;NÃO INFORMADO;VIÚVO;75 a 79 anos                  ;MASCULINO;SUPERIOR INCOMPLETO;NÃO INFORMADO;NÃO INFORMADO;ITAJAÍ;Não;Brasil;NÃO INFORMADO;SUL;1;SC;1;0;0;0;4;0;2;0;1;0;0;1;0;0;4;2;2;2025-04-29 16:22:43
2024;NÃO INFORMADO;VIÚVO;80 a 84 anos                  ;FEMININO;ANALFABETO;NÃO INFORMADO;NÃO INFORMADO;ITAJAÍ;Não;Brasil;NÃO INFORMADO;SUL;1;SC;1;0;0;0;12;0;2;0;1;0;0;1;0;0;12;2;10;2025-04-29 16:22:43
2024;NÃO INFORMADO;VIÚVO;80 a 84 anos                  ;FEMININO;ENSINO FUNDAMENTAL COMPLETO;NÃO INFORMADO;NÃO INFORMADO;ITAJAÍ;Não;Brasil;NÃO INFORMADO;SUL;1;SC;1;0;0;0;35;0;17;0;1;0;0;1;0;0;35;17;18;2025-04-29 16:22:43
2024;NÃO INFORMADO;VIÚVO;80 a 84 anos                  ;FEMININO;ENSINO FUNDAMENTAL INCOMPLETO;NÃO INFORMADO;NÃO INFORMADO;ITAJAÍ;Não;Brasil;NÃO INFORMADO;SUL;1;SC;4;0;0;0;109;0;56;0;5;0;1;4;0;0;109;56;53;2025-04-29 16:22:43
2024;NÃO INFORMADO;VIÚVO;80 a 84 anos                  ;FEMININO;ENSINO MÉDIO COMPLETO;NÃO INFORMADO;NÃO INFORMADO;ITAJAÍ;Não;Brasil;NÃO INFORMADO;SUL;1;SC;0;0;0;0;31;0;21;0;1;0;1;0;0;0;31;21;10;2025-04-29 16:22:43
2024;NÃO INFORMADO;VIÚVO;80 a 84 anos                  ;FEMININO;ENSINO MÉDIO INCOMPLETO;NÃO INFORMADO;NÃO INFORMADO;ITAJAÍ;Não;Brasil;NÃO INFORMADO;SUL;1;SC;0;0;0;0;4;0;2;0;0;0;0;0;0;0;4;2;2;2025-04-29 16:22:43
2024;NÃO INFORMADO;VIÚVO;80 a 84 anos                  ;FEMININO;LÊ E ESCREVE;NÃO INFORMADO;NÃO INFORMADO;ITAJAÍ;Não;Brasil;NÃO INFORMADO;SUL;1;SC;2;0;0;0;30;0;9;0;2;0;0;2;0;0;30;9;21;2025-04-29 16:22:43
2024;NÃO INFORMADO;VIÚVO;80 a 84 anos                  ;FEMININO;SUPERIOR COMPLETO;NÃO INFORMADO;NÃO INFORMADO;ITAJAÍ;Não;Brasil;NÃO INFORMADO;SUL;1;SC;0;0;0;0;15;0;7;0;0;0;0;0;0;0;15;7;8;2025-04-29 16:22:43
2024;NÃO INFORMADO;VIÚVO;80 a 84 anos                  ;FEMININO;SUPERIOR INCOMPLETO;NÃO INFORMADO;NÃO INFORMADO;ITAJAÍ;Não;Brasil;NÃO INFORMADO;SUL;1;SC;0;0;0;0;3;0;1;0;0;0;0;0;0;0;3;1;2;2025-04-29 16:22:43
2024;NÃO INFORMADO;VIÚVO;80 a 84 anos                  ;MASCULINO;ANALFABETO;NÃO INFORMADO;NÃO INFORMADO;ITAJAÍ;Não;Brasil;NÃO INFORMADO;SUL;1;SC;0;0;0;0;2;0;1;0;0;0;0;0;0;0;2;1;1;2025-04-29 16:22:43
2024;NÃO INFORMADO;VIÚVO;80 a 84 anos                  ;MASCULINO;ENSINO FUNDAMENTAL COMPLETO;NÃO INFORMADO;NÃO INFORMADO;ITAJAÍ;Não;Brasil;NÃO INFORMADO;SUL;1;SC;0;0;0;0;1;0;0;0;0;0;0;0;0;0;1;0;1;2025-04-29 16:22:43
2024;NÃO INFORMADO;VIÚVO;80 a 84 anos                  ;MASCULINO;ENSINO FUNDAMENTAL INCOMPLETO;NÃO INFORMADO;NÃO INFORMADO;ITAJAÍ;Não;Brasil;NÃO INFORMADO;SUL;1;SC;0;0;0;0;14;0;10;0;0;0;0;0;0;0;14;10;4;2025-04-29 16:22:43
2024;NÃO INFORMADO;VIÚVO;80 a 84 anos                  ;MASCULINO;ENSINO MÉDIO COMPLETO;NÃO INFORMADO;NÃO INFORMADO;ITAJAÍ;Não;Brasil;NÃO INFORMADO;SUL;1;SC;0;0;0;0;9;0;7;0;1;0;1;0;0;0;9;7;2;2025-04-29 16:22:43
2024;NÃO INFORMADO;VIÚVO;80 a 84 anos                  ;MASCULINO;ENSINO MÉDIO INCOMPLETO;NÃO INFORMADO;NÃO INFORMADO;ITAJAÍ;Não;Brasil;NÃO INFORMADO;SUL;1;SC;0;0;0;0;2;0;2;0;1;0;1;0;0;0;2;2;0;2025-04-29 16:22:43
2024;NÃO INFORMADO;VIÚVO;80 a 84 anos                  ;MASCULINO;LÊ E ESCREVE;NÃO INFORMADO;NÃO INFORMADO;ITAJAÍ;Não;Brasil;NÃO INFORMADO;SUL;1;SC;0;0;0;0;4;0;2;0;0;0;0;0;0;0;4;2;2;2025-04-29 16:22:43
2024;NÃO INFORMADO;VIÚVO;80 a 84 anos                  ;MASCULINO;SUPERIOR COMPLETO;NÃO INFORMADO;NÃO INFORMADO;ITAJAÍ;Não;Brasil;NÃO INFORMADO;SUL;1;SC;0;0;0;0;2;0;2;0;0;0;0;0;0;0;2;2;0;2025-04-29 16:22:43
2024;NÃO INFORMADO;VIÚVO;80 a 84 anos                  ;MASCULINO;SUPERIOR INCOMPLETO;NÃO INFORMADO;NÃO INFORMADO;ITAJAÍ;Não;Brasil;NÃO INFORMADO;SUL;1;SC;1;0;0;0;3;0;0;0;1;0;0;1;0;0;3;0;3;2025-04-29 16:22:43
2024;NÃO INFORMADO;VIÚVO;85 a 89 anos                  ;FEMININO;ANALFABETO;NÃO INFORMADO;NÃO INFORMADO;ITAJAÍ;Não;Brasil;NÃO INFORMADO;SUL;1;SC;0;0;0;0;5;0;1;0;0;0;0;0;0;0;5;1;4;2025-04-29 16:22:43
2024;NÃO INFORMADO;VIÚVO;85 a 89 anos                  ;FEMININO;ENSINO FUNDAMENTAL COMPLETO;NÃO INFORMADO;NÃO INFORMADO;ITAJAÍ;Não;Brasil;NÃO INFORMADO;SUL;1;SC;1;0;0;0;17;0;8;0;2;0;1;1;0;0;17;8;9;2025-04-29 16:22:43
2024;NÃO INFORMADO;VIÚVO;85 a 89 anos                  ;FEMININO;ENSINO FUNDAMENTAL INCOMPLETO;NÃO INFORMADO;NÃO INFORMADO;ITAJAÍ;Não;Brasil;NÃO INFORMADO;SUL;1;SC;0;0;0;0;47;0;23;0;1;0;1;0;0;0;47;23;24;2025-04-29 16:22:43
2024;NÃO INFORMADO;VIÚVO;85 a 89 anos                  ;FEMININO;ENSINO MÉDIO COMPLETO;NÃO INFORMADO;NÃO INFORMADO;ITAJAÍ;Não;Brasil;NÃO INFORMADO;SUL;1;SC;0;0;0;0;13;0;7;0;1;0;1;0;0;0;13;7;6;2025-04-29 16:22:43
2024;NÃO INFORMADO;VIÚVO;85 a 89 anos                  ;FEMININO;ENSINO MÉDIO INCOMPLETO;NÃO INFORMADO;NÃO INFORMADO;ITAJAÍ;Não;Brasil;NÃO INFORMADO;SUL;1;SC;0;0;0;0;2;0;0;0;0;0;0;0;0;0;2;0;2;2025-04-29 16:22:43
2024;NÃO INFORMADO;VIÚVO;85 a 89 anos                  ;FEMININO;LÊ E ESCREVE;NÃO INFORMADO;NÃO INFORMADO;ITAJAÍ;Não;Brasil;NÃO INFORMADO;SUL;1;SC;0;0;0;0;12;0;7;0;0;0;0;0;0;0;12;7;5;2025-04-29 16:22:43
2024;NÃO INFORMADO;VIÚVO;85 a 89 anos                  ;FEMININO;SUPERIOR COMPLETO;NÃO INFORMADO;NÃO INFORMADO;ITAJAÍ;Não;Brasil;NÃO INFORMADO;SUL;1;SC;0;0;0;0;12;0;9;0;1;0;1;0;0;0;12;9;3;2025-04-29 16:22:43
2024;NÃO INFORMADO;VIÚVO;85 a 89 anos                  ;MASCULINO;ENSINO FUNDAMENTAL COMPLETO;NÃO INFORMADO;NÃO INFORMADO;ITAJAÍ;Não;Brasil;NÃO INFORMADO;SUL;1;SC;0;0;0;0;5;0;3;0;0;0;0;0;0;0;5;3;2;2025-04-29 16:22:43
2024;NÃO INFORMADO;VIÚVO;85 a 89 anos                  ;MASCULINO;ENSINO FUNDAMENTAL INCOMPLETO;NÃO INFORMADO;NÃO INFORMADO;ITAJAÍ;Não;Brasil;NÃO INFORMADO;SUL;1;SC;0;0;0;0;7;0;4;0;0;0;0;0;0;0;7;4;3;2025-04-29 16:22:43
2024;NÃO INFORMADO;VIÚVO;85 a 89 anos                  ;MASCULINO;ENSINO MÉDIO COMPLETO;NÃO INFORMADO;NÃO INFORMADO;ITAJAÍ;Não;Brasil;NÃO INFORMADO;SUL;1;SC;0;0;0;0;3;0;1;0;0;0;0;0;0;0;3;1;2;2025-04-29 16:22:43
2024;NÃO INFORMADO;VIÚVO;85 a 89 anos                  ;MASCULINO;ENSINO MÉDIO INCOMPLETO;NÃO INFORMADO;NÃO INFORMADO;ITAJAÍ;Não;Brasil;NÃO INFORMADO;SUL;1;SC;0;0;0;0;1;0;0;0;0;0;0;0;0;0;1;0;1;2025-04-29 16:22:43
2024;NÃO INFORMADO;VIÚVO;85 a 89 anos                  ;MASCULINO;LÊ E ESCREVE;NÃO INFORMADO;NÃO INFORMADO;ITAJAÍ;Não;Brasil;NÃO INFORMADO;SUL;1;SC;0;0;0;0;3;0;2;0;0;0;0;0;0;0;3;2;1;2025-04-29 16:22:43
2024;NÃO INFORMADO;VIÚVO;90 a 94 anos                  ;FEMININO;ENSINO FUNDAMENTAL COMPLETO;NÃO INFORMADO;NÃO INFORMADO;ITAJAÍ;Não;Brasil;NÃO INFORMADO;SUL;1;SC;0;0;0;0;2;0;1;0;0;0;0;0;0;0;2;1;1;2025-04-29 16:22:43
2024;NÃO INFORMADO;VIÚVO;90 a 94 anos                  ;FEMININO;ENSINO FUNDAMENTAL INCOMPLETO;NÃO INFORMADO;NÃO INFORMADO;ITAJAÍ;Não;Brasil;NÃO INFORMADO;SUL;1;SC;0;0;0;0;12;0;5;0;0;0;0;0;0;0;12;5;7;2025-04-29 16:22:43
2024;NÃO INFORMADO;VIÚVO;90 a 94 anos                  ;FEMININO;ENSINO MÉDIO COMPLETO;NÃO INFORMADO;NÃO INFORMADO;ITAJAÍ;Não;Brasil;NÃO INFORMADO;SUL;1;SC;0;0;0;0;4;0;0;0;0;0;0;0;0;0;4;0;4;2025-04-29 16:22:43
2024;NÃO INFORMADO;VIÚVO;90 a 94 anos                  ;FEMININO;ENSINO MÉDIO INCOMPLETO;NÃO INFORMADO;NÃO INFORMADO;ITAJAÍ;Não;Brasil;NÃO INFORMADO;SUL;1;SC;0;0;0;0;2;0;1;0;0;0;0;0;0;0;2;1;1;2025-04-29 16:22:43
2024;NÃO INFORMADO;VIÚVO;90 a 94 anos                  ;FEMININO;LÊ E ESCREVE;NÃO INFORMADO;NÃO INFORMADO;ITAJAÍ;Não;Brasil;NÃO INFORMADO;SUL;1;SC;0;0;0;0;7;0;2;0;0;0;0;0;0;0;7;2;5;2025-04-29 16:22:43
2024;NÃO INFORMADO;VIÚVO;90 a 94 anos                  ;FEMININO;SUPERIOR COMPLETO;NÃO INFORMADO;NÃO INFORMADO;ITAJAÍ;Não;Brasil;NÃO INFORMADO;SUL;1;SC;0;0;0;0;6;0;2;0;0;0;0;0;0;0;6;2;4;2025-04-29 16:22:43
2024;NÃO INFORMADO;VIÚVO;90 a 94 anos                  ;MASCULINO;ENSINO FUNDAMENTAL INCOMPLETO;NÃO INFORMADO;NÃO INFORMADO;ITAJAÍ;Não;Brasil;NÃO INFORMADO;SUL;1;SC;0;0;0;0;4;0;3;0;0;0;0;0;0;0;4;3;1;2025-04-29 16:22:43
2024;NÃO INFORMADO;VIÚVO;90 a 94 anos                  ;MASCULINO;ENSINO MÉDIO COMPLETO;NÃO INFORMADO;NÃO INFORMADO;ITAJAÍ;Não;Brasil;NÃO INFORMADO;SUL;1;SC;0;0;0;0;1;0;1;0;0;0;0;0;0;0;1;1;0;2025-04-29 16:22:43
2024;NÃO INFORMADO;VIÚVO;90 a 94 anos                  ;MASCULINO;ENSINO MÉDIO INCOMPLETO;NÃO INFORMADO;NÃO INFORMADO;ITAJAÍ;Não;Brasil;NÃO INFORMADO;SUL;1;SC;0;0;0;0;1;0;1;0;0;0;0;0;0;0;1;1;0;2025-04-29 16:22:43
2024;NÃO INFORMADO;VIÚVO;90 a 94 anos                  ;MASCULINO;LÊ E ESCREVE;NÃO INFORMADO;NÃO INFORMADO;ITAJAÍ;Não;Brasil;NÃO INFORMADO;SUL;1;SC;0;0;0;0;2;0;0;0;0;0;0;0;0;0;2;0;2;2025-04-29 16:22:43
2024;NÃO INFORMADO;VIÚVO;90 a 94 anos                  ;MASCULINO;SUPERIOR COMPLETO;NÃO INFORMADO;NÃO INFORMADO;ITAJAÍ;Não;Brasil;NÃO INFORMADO;SUL;1;SC;0;0;0;0;1;0;0;0;0;0;0;0;0;0;1;0;1;2025-04-29 16:22:43
2024;NÃO INFORMADO;VIÚVO;95 a 99 anos                  ;FEMININO;ANALFABETO;NÃO INFORMADO;NÃO INFORMADO;ITAJAÍ;Não;Brasil;NÃO INFORMADO;SUL;1;SC;0;0;0;0;1;0;0;0;0;0;0;0;0;0;1;0;1;2025-04-29 16:22:43
2024;NÃO INFORMADO;VIÚVO;95 a 99 anos                  ;FEMININO;ENSINO FUNDAMENTAL COMPLETO;NÃO INFORMADO;NÃO INFORMADO;ITAJAÍ;Não;Brasil;NÃO INFORMADO;SUL;1;SC;0;0;0;0;2;0;1;0;0;0;0;0;0;0;2;1;1;2025-04-29 16:22:43
2024;NÃO INFORMADO;VIÚVO;95 a 99 anos                  ;FEMININO;ENSINO FUNDAMENTAL INCOMPLETO;NÃO INFORMADO;NÃO INFORMADO;ITAJAÍ;Não;Brasil;NÃO INFORMADO;SUL;1;SC;0;0;0;0;2;0;1;0;0;0;0;0;0;0;2;1;1;2025-04-29 16:22:43
2024;NÃO INFORMADO;VIÚVO;95 a 99 anos                  ;FEMININO;ENSINO MÉDIO COMPLETO;NÃO INFORMADO;NÃO INFORMADO;ITAJAÍ;Não;Brasil;NÃO INFORMADO;SUL;1;SC;0;0;0;0;1;0;0;0;0;0;0;0;0;0;1;0;1;2025-04-29 16:22:43
2024;NÃO INFORMADO;VIÚVO;95 a 99 anos                  ;FEMININO;SUPERIOR COMPLETO;NÃO INFORMADO;NÃO INFORMADO;ITAJAÍ;Não;Brasil;NÃO INFORMADO;SUL;1;SC;0;0;0;0;2;0;0;0;0;0;0;0;0;0;2;0;2;2025-04-29 16:22:43
2024;NÃO INFORMADO;VIÚVO;95 a 99 anos                  ;MASCULINO;LÊ E ESCREVE;NÃO INFORMADO;NÃO INFORMADO;ITAJAÍ;Não;Brasil;NÃO INFORMADO;SUL;1;SC;0;0;0;0;1;0;0;0;0;0;0;0;0;0;1;0;1;2025-04-29 16:22:43
2024;NÃO INFORMADO;VIÚVO;95 a 99 anos                  ;MASCULINO;SUPERIOR COMPLETO;NÃO INFORMADO;NÃO INFORMADO;ITAJAÍ;Não;Brasil;NÃO INFORMADO;SUL;1;SC;0;0;0;0;1;0;0;0;0;0;0;0;0;0;1;0;1;2025-04-29 16:22:43
2024;Parda;CASADO;18 anos                       ;FEMININO;ENSINO MÉDIO INCOMPLETO;Cisgênero;NÃO;ITAJAÍ;Não;Brasil;NÃO;SUL;1;SC;0;0;0;1;0;2;0;1;0;0;0;0;0;0;2;1;1;2025-04-29 16:22:43
2024;Parda;CASADO;18 anos                       ;FEMININO;SUPERIOR INCOMPLETO;Cisgênero;NÃO;ITAJAÍ;Não;Brasil;NÃO;SUL;1;SC;0;0;0;0;0;1;0;1;0;0;0;0;0;0;1;1;0;2025-04-29 16:22:43
2024;Parda;CASADO;19 anos                       ;FEMININO;ENSINO MÉDIO COMPLETO;Cisgênero;NÃO;ITAJAÍ;Não;Brasil;NÃO;SUL;1;SC;0;0;0;1;0;1;0;0;0;0;0;0;0;0;1;0;1;2025-04-29 16:22:43
2024;Parda;CASADO;19 anos                       ;FEMININO;ENSINO MÉDIO INCOMPLETO;Cisgênero;NÃO;ITAJAÍ;Não;Brasil;NÃO;SUL;1;SC;0;0;0;0;0;1;0;1;0;0;0;0;0;0;1;1;0;2025-04-29 16:22:43
2024;Parda;CASADO;19 anos                       ;MASCULINO;ENSINO FUNDAMENTAL INCOMPLETO;Cisgênero;NÃO;ITAJAÍ;Não;Brasil;NÃO;SUL;1;SC;0;0;0;1;0;1;0;0;0;0;0;0;0;0;1;0;1;2025-04-29 16:22:43
2024;Parda;CASADO;20 anos                       ;FEMININO;ENSINO MÉDIO INCOMPLETO;Cisgênero;NÃO;ITAJAÍ;Não;Brasil;NÃO;SUL;1;SC;0;0;0;3;0;5;0;2;0;0;0;0;0;0;5;2;3;2025-04-29 16:22:43
2024;Parda;CASADO;20 anos                       ;FEMININO;SUPERIOR INCOMPLETO;Cisgênero;NÃO;ITAJAÍ;Não;Brasil;NÃO;SUL;1;SC;0;0;0;0;0;2;0;2;0;0;0;0;0;0;2;2;0;2025-04-29 16:22:43
2024;Parda;CASADO;21 a 24 anos                  ;FEMININO;ENSINO FUNDAMENTAL COMPLETO;Cisgênero;NÃO;ITAJAÍ;Não;Brasil;NÃO;SUL;1;SC;0;0;0;0;0;1;0;1;0;1;1;0;0;0;1;1;0;2025-04-29 16:22:43
2024;Parda;CASADO;21 a 24 anos                  ;FEMININO;ENSINO MÉDIO COMPLETO;Cisgênero;NÃO;ITAJAÍ;Não;Brasil;NÃO;SUL;1;SC;0;0;0;4;0;8;0;4;0;0;0;0;0;0;8;4;4;2025-04-29 16:22:43
2024;Parda;CASADO;21 a 24 anos                  ;FEMININO;ENSINO MÉDIO COMPLETO;Prefere não informar;NÃO;ITAJAÍ;Não;Brasil;NÃO;SUL;1;SC;0;0;0;0;0;1;0;1;0;0;0;0;0;0;1;1;0;2025-04-29 16:22:43
2024;Parda;CASADO;21 a 24 anos                  ;FEMININO;ENSINO MÉDIO INCOMPLETO;Cisgênero;NÃO;ITAJAÍ;Não;Brasil;NÃO;SUL;1;SC;0;0;0;0;0;2;0;2;0;0;0;0;0;0;2;2;0;2025-04-29 16:22:43
2024;Parda;CASADO;21 a 24 anos                  ;FEMININO;ENSINO MÉDIO INCOMPLETO;Cisgênero;SIM;ITAJAÍ;Não;Brasil;NÃO;SUL;1;SC;0;0;0;1;0;1;0;0;0;0;0;0;0;0;1;0;1;2025-04-29 16:22:43
2024;Parda;CASADO;21 a 24 anos                  ;FEMININO;ENSINO MÉDIO INCOMPLETO;Prefere não informar;NÃO;ITAJAÍ;Não;Brasil;NÃO;SUL;1;SC;0;0;0;0;0;1;0;1;0;0;0;0;0;0;1;1;0;2025-04-29 16:22:43
2024;Parda;CASADO;21 a 24 anos                  ;FEMININO;SUPERIOR COMPLETO;Cisgênero;NÃO;ITAJAÍ;Não;Brasil;NÃO;SUL;1;SC;0;0;0;2;0;6;0;4;0;0;0;0;0;0;6;4;2;2025-04-29 16:22:43
2024;Parda;CASADO;21 a 24 anos                  ;FEMININO;SUPERIOR INCOMPLETO;Cisgênero;NÃO;ITAJAÍ;Não;Brasil;NÃO;SUL;1;SC;0;0;0;0;0;3;0;3;0;0;0;0;0;0;3;3;0;2025-04-29 16:22:43
2024;Parda;CASADO;21 a 24 anos                  ;MASCULINO;ENSINO FUNDAMENTAL COMPLETO;Cisgênero;NÃO;ITAJAÍ;Não;Brasil;NÃO;SUL;1;SC;0;0;0;0;0;1;0;1;0;0;0;0;0;0;1;1;0;2025-04-29 16:22:43
2024;Parda;CASADO;21 a 24 anos                  ;MASCULINO;ENSINO FUNDAMENTAL COMPLETO;Prefere não informar;SIM;ITAJAÍ;Não;Brasil;NÃO;SUL;1;SC;0;0;0;1;0;1;0;0;0;0;0;0;0;0;1;0;1;2025-04-29 16:22:43
2024;Parda;CASADO;21 a 24 anos                  ;MASCULINO;ENSINO FUNDAMENTAL INCOMPLETO;Cisgênero;NÃO;ITAJAÍ;Não;Brasil;NÃO;SUL;1;SC;0;0;0;1;0;2;0;1;0;0;0;0;0;0;2;1;1;2025-04-29 16:22:43
2024;Parda;CASADO;21 a 24 anos                  ;MASCULINO;ENSINO MÉDIO COMPLETO;Cisgênero;NÃO;ITAJAÍ;Não;Brasil;NÃO;SUL;1;SC;0;0;0;2;0;5;0;3;0;0;0;0;0;0;5;3;2;2025-04-29 16:22:43
2024;Parda;CASADO;21 a 24 anos                  ;MASCULINO;ENSINO MÉDIO INCOMPLETO;Cisgênero;NÃO;ITAJAÍ;Não;Brasil;NÃO;SUL;1;SC;0;0;0;0;0;1;0;1;0;0;0;0;0;0;1;1;0;2025-04-29 16:22:43
2024;Parda;CASADO;21 a 24 anos                  ;MASCULINO;SUPERIOR INCOMPLETO;Cisgênero;NÃO;ITAJAÍ;Não;Brasil;NÃO;SUL;1;SC;0;0;0;1;0;1;0;0;0;0;0;0;0;0;1;0;1;2025-04-29 16:22:43
2024;Parda;CASADO;25 a 29 anos                  ;FEMININO;ENSINO FUNDAMENTAL INCOMPLETO;Cisgênero;NÃO;ITAJAÍ;Não;Brasil;NÃO;SUL;1;SC;0;0;0;1;0;3;0;2;0;0;0;0;0;0;3;2;1;2025-04-29 16:22:43
2024;Parda;CASADO;25 a 29 anos                  ;FEMININO;ENSINO MÉDIO COMPLETO;Cisgênero;NÃO;ITAJAÍ;Não;Brasil;NÃO;SUL;1;SC;0;0;0;6;0;41;0;35;0;0;0;0;0;0;41;35;6;2025-04-29 16:22:43
2024;Parda;CASADO;25 a 29 anos                  ;FEMININO;ENSINO MÉDIO COMPLETO;Cisgênero;SIM;ITAJAÍ;Não;Brasil;NÃO;SUL;1;SC;0;0;0;0;0;1;0;1;0;0;0;0;0;0;1;1;0;2025-04-29 16:22:43
2024;Parda;CASADO;25 a 29 anos                  ;FEMININO;ENSINO MÉDIO COMPLETO;Prefere não informar;NÃO;ITAJAÍ;Não;Brasil;NÃO;SUL;1;SC;0;0;0;2;0;7;0;5;0;0;0;0;0;0;7;5;2;2025-04-29 16:22:43
2024;Parda;CASADO;25 a 29 anos                  ;FEMININO;ENSINO MÉDIO INCOMPLETO;Cisgênero;NÃO;ITAJAÍ;Não;Brasil;NÃO;SUL;1;SC;0;0;0;4;0;10;0;6;0;0;0;0;0;0;10;6;4;2025-04-29 16:22:43
2024;Parda;CASADO;25 a 29 anos                  ;FEMININO;ENSINO MÉDIO INCOMPLETO;Prefere não informar;NÃO;ITAJAÍ;Não;Brasil;NÃO;SUL;1;SC;0;0;0;1;0;2;0;1;0;0;0;0;0;0;2;1;1;2025-04-29 16:22:43
2024;Parda;CASADO;25 a 29 anos                  ;FEMININO;SUPERIOR COMPLETO;Cisgênero;NÃO;ITAJAÍ;Não;Brasil;NÃO;SUL;1;SC;1;0;0;2;0;15;0;13;0;1;0;0;1;0;15;13;2;2025-04-29 16:22:43
2024;Parda;CASADO;25 a 29 anos                  ;FEMININO;SUPERIOR INCOMPLETO;Cisgênero;NÃO;ITAJAÍ;Não;Brasil;NÃO;SUL;1;SC;0;0;0;0;0;14;0;14;0;0;0;0;0;0;14;14;0;2025-04-29 16:22:43
2024;Parda;CASADO;25 a 29 anos                  ;FEMININO;SUPERIOR INCOMPLETO;Cisgênero;SIM;ITAJAÍ;Não;Brasil;NÃO;SUL;1;SC;0;0;0;0;0;1;0;1;0;0;0;0;0;0;1;1;0;2025-04-29 16:22:43
2024;Parda;CASADO;25 a 29 anos                  ;FEMININO;SUPERIOR INCOMPLETO;Prefere não informar;NÃO;ITAJAÍ;Não;Brasil;NÃO;SUL;1;SC;0;0;0;1;0;1;0;0;0;0;0;0;0;0;1;0;1;2025-04-29 16:22:43
2024;Parda;CASADO;25 a 29 anos                  ;MASCULINO;ENSINO FUNDAMENTAL COMPLETO;Cisgênero;NÃO;ITAJAÍ;Não;Brasil;NÃO;SUL;1;SC;0;0;0;0;0;3;0;3;0;0;0;0;0;0;3;3;0;2025-04-29 16:22:43
2024;Parda;CASADO;25 a 29 anos                  ;MASCULINO;ENSINO FUNDAMENTAL INCOMPLETO;Cisgênero;NÃO;ITAJAÍ;Não;Brasil;NÃO;SUL;1;SC;0;0;0;0;0;3;0;3;0;0;0;0;0;0;3;3;0;2025-04-29 16:22:43
2024;Parda;CASADO;25 a 29 anos                  ;MASCULINO;ENSINO FUNDAMENTAL INCOMPLETO;Prefere não informar;NÃO;ITAJAÍ;Não;Brasil;NÃO;SUL;1;SC;0;0;0;1;0;1;0;0;0;0;0;0;0;0;1;0;1;2025-04-29 16:22:43
2024;Parda;CASADO;25 a 29 anos                  ;MASCULINO;ENSINO MÉDIO COMPLETO;Cisgênero;NÃO;ITAJAÍ;Não;Brasil;NÃO;SUL;1;SC;0;0;0;4;0;22;0;18;0;0;0;0;0;0;22;18;4;2025-04-29 16:22:43
2024;Parda;CASADO;25 a 29 anos                  ;MASCULINO;ENSINO MÉDIO COMPLETO;Prefere não informar;NÃO;ITAJAÍ;Não;Brasil;NÃO;SUL;1;SC;0;0;0;2;0;4;0;2;0;0;0;0;0;0;4;2;2;2025-04-29 16:22:43
2024;Parda;CASADO;25 a 29 anos                  ;MASCULINO;ENSINO MÉDIO INCOMPLETO;Cisgênero;NÃO;ITAJAÍ;Não;Brasil;NÃO;SUL;1;SC;0;0;0;1;0;4;0;3;0;0;0;0;0;0;4;3;1;2025-04-29 16:22:43
2024;Parda;CASADO;25 a 29 anos                  ;MASCULINO;SUPERIOR COMPLETO;Cisgênero;NÃO;ITAJAÍ;Não;Brasil;NÃO;SUL;1;SC;0;0;0;1;0;2;0;1;0;0;0;0;0;0;2;1;1;2025-04-29 16:22:43
2024;Parda;CASADO;25 a 29 anos                  ;MASCULINO;SUPERIOR INCOMPLETO;Cisgênero;NÃO;ITAJAÍ;Não;Brasil;NÃO;SUL;1;SC;0;0;0;1;0;5;0;4;0;0;0;0;0;0;5;4;1;2025-04-29 16:22:43
2024;Parda;CASADO;25 a 29 anos                  ;MASCULINO;SUPERIOR INCOMPLETO;Cisgênero;SIM;ITAJAÍ;Não;Brasil;NÃO;SUL;1;SC;0;0;0;0;0;1;0;1;0;0;0;0;0;0;1;1;0;2025-04-29 16:22:43
2024;Parda;CASADO;30 a 34 anos                  ;FEMININO;ENSINO FUNDAMENTAL COMPLETO;Cisgênero;NÃO;ITAJAÍ;Não;Brasil;NÃO;SUL;1;SC;0;0;0;1;0;2;0;1;0;0;0;0;0;0;2;1;1;2025-04-29 16:22:43
2024;Parda;CASADO;30 a 34 anos                  ;FEMININO;ENSINO FUNDAMENTAL COMPLETO;Prefere não informar;NÃO;ITAJAÍ;Não;Brasil;NÃO;SUL;1;SC;0;0;0;0;0;1;0;1;0;0;0;0;0;0;1;1;0;2025-04-29 16:22:43
2024;Parda;CASADO;30 a 34 anos                  ;FEMININO;ENSINO FUNDAMENTAL INCOMPLETO;Cisgênero;NÃO;ITAJAÍ;Não;Brasil;NÃO;SUL;1;SC;0;0;0;0;0;3;0;3;0;0;0;0;0;0;3;3;0;2025-04-29 16:22:43
2024;Parda;CASADO;30 a 34 anos                  ;FEMININO;ENSINO FUNDAMENTAL INCOMPLETO;Prefere não informar;NÃO;ITAJAÍ;Não;Brasil;NÃO;SUL;1;SC;0;0;0;0;0;1;0;1;0;0;0;0;0;0;1;1;0;2025-04-29 16:22:43
2024;Parda;CASADO;30 a 34 anos                  ;FEMININO;ENSINO MÉDIO COMPLETO;Cisgênero;NÃO;ITAJAÍ;Não;Brasil;NÃO;SUL;1;SC;0;0;0;6;0;41;0;35;0;0;0;0;0;0;41;35;6;2025-04-29 16:22:43
2024;Parda;CASADO;30 a 34 anos                  ;FEMININO;ENSINO MÉDIO COMPLETO;Prefere não informar;NÃO;ITAJAÍ;Não;Brasil;NÃO;SUL;1;SC;0;0;0;1;0;4;0;3;0;0;0;0;0;0;4;3;1;2025-04-29 16:22:43
2024;Parda;CASADO;30 a 34 anos                  ;FEMININO;ENSINO MÉDIO INCOMPLETO;Cisgênero;NÃO;ITAJAÍ;Não;Brasil;NÃO;SUL;1;SC;0;0;0;1;0;9;0;8;0;0;0;0;0;0;9;8;1;2025-04-29 16:22:43
2024;Parda;CASADO;30 a 34 anos                  ;FEMININO;ENSINO MÉDIO INCOMPLETO;Prefere não informar;NÃO;ITAJAÍ;Não;Brasil;NÃO;SUL;1;SC;0;0;0;1;0;4;0;3;0;0;0;0;0;0;4;3;1;2025-04-29 16:22:43
2024;Parda;CASADO;30 a 34 anos                  ;FEMININO;SUPERIOR COMPLETO;Cisgênero;NÃO;ITAJAÍ;Não;Brasil;NÃO;SUL;1;SC;0;0;0;8;0;26;0;18;0;0;0;0;0;0;26;18;8;2025-04-29 16:22:43
2024;Parda;CASADO;30 a 34 anos                  ;FEMININO;SUPERIOR COMPLETO;Prefere não informar;NÃO;ITAJAÍ;Não;Brasil;NÃO;SUL;1;SC;0;0;0;0;0;2;0;2;0;0;0;0;0;0;2;2;0;2025-04-29 16:22:43
2024;Parda;CASADO;30 a 34 anos                  ;FEMININO;SUPERIOR INCOMPLETO;Cisgênero;NÃO;ITAJAÍ;Não;Brasil;NÃO;SUL;1;SC;0;0;0;1;0;11;0;10;0;0;0;0;0;0;11;10;1;2025-04-29 16:22:43
2024;Parda;CASADO;30 a 34 anos                  ;FEMININO;SUPERIOR INCOMPLETO;Cisgênero;SIM;ITAJAÍ;Não;Brasil;NÃO;SUL;1;SC;0;0;0;0;0;1;0;1;0;0;0;0;0;0;1;1;0;2025-04-29 16:22:43
2024;Parda;CASADO;30 a 34 anos                  ;FEMININO;SUPERIOR INCOMPLETO;Prefere não informar;NÃO;ITAJAÍ;Não;Brasil;NÃO;SUL;1;SC;0;0;0;0;0;2;0;2;0;0;0;0;0;0;2;2;0;2025-04-29 16:22:43
2024;Parda;CASADO;30 a 34 anos                  ;MASCULINO;ENSINO FUNDAMENTAL COMPLETO;Cisgênero;NÃO;ITAJAÍ;Não;Brasil;NÃO;SUL;1;SC;0;0;0;1;0;2;0;1;0;0;0;0;0;0;2;1;1;2025-04-29 16:22:43
2024;Parda;CASADO;30 a 34 anos                  ;MASCULINO;ENSINO FUNDAMENTAL COMPLETO;Prefere não informar;NÃO;ITAJAÍ;Não;Brasil;NÃO;SUL;1;SC;0;0;0;0;0;1;0;1;0;0;0;0;0;0;1;1;0;2025-04-29 16:22:43
2024;Parda;CASADO;30 a 34 anos                  ;MASCULINO;ENSINO FUNDAMENTAL INCOMPLETO;Cisgênero;NÃO;ITAJAÍ;Não;Brasil;NÃO;SUL;1;SC;0;0;0;6;0;18;0;12;0;0;0;0;0;0;18;12;6;2025-04-29 16:22:43
2024;Parda;CASADO;30 a 34 anos                  ;MASCULINO;ENSINO MÉDIO COMPLETO;Cisgênero;NÃO;ITAJAÍ;Não;Brasil;NÃO;SUL;1;SC;0;1;0;4;0;28;0;24;0;1;1;0;0;0;28;24;4;2025-04-29 16:22:43
2024;Parda;CASADO;30 a 34 anos                  ;MASCULINO;ENSINO MÉDIO COMPLETO;Cisgênero;SIM;ITAJAÍ;Não;Brasil;NÃO;SUL;1;SC;0;0;0;1;0;1;0;0;0;0;0;0;0;0;1;0;1;2025-04-29 16:22:43
2024;Parda;CASADO;30 a 34 anos                  ;MASCULINO;ENSINO MÉDIO COMPLETO;Prefere não informar;NÃO;ITAJAÍ;Não;Brasil;NÃO;SUL;1;SC;0;0;0;1;0;2;0;1;0;0;0;0;0;0;2;1;1;2025-04-29 16:22:43
2024;Parda;CASADO;30 a 34 anos                  ;MASCULINO;ENSINO MÉDIO INCOMPLETO;Cisgênero;NÃO;ITAJAÍ;Não;Brasil;NÃO;SUL;1;SC;0;0;0;3;0;15;0;12;0;0;0;0;0;0;15;12;3;2025-04-29 16:22:43
2024;Parda;CASADO;30 a 34 anos                  ;MASCULINO;SUPERIOR COMPLETO;Cisgênero;NÃO;ITAJAÍ;Não;Brasil;NÃO;SUL;1;SC;0;0;0;2;0;13;0;11;0;0;0;0;0;0;13;11;2;2025-04-29 16:22:43
2024;Parda;CASADO;30 a 34 anos                  ;MASCULINO;SUPERIOR COMPLETO;Prefere não informar;NÃO;ITAJAÍ;Não;Brasil;NÃO;SUL;1;SC;0;0;0;0;0;1;0;1;0;0;0;0;0;0;1;1;0;2025-04-29 16:22:43
2024;Parda;CASADO;30 a 34 anos                  ;MASCULINO;SUPERIOR INCOMPLETO;Cisgênero;NÃO;ITAJAÍ;Não;Brasil;NÃO;SUL;1;SC;0;0;0;2;0;9;0;7;0;0;0;0;0;0;9;7;2;2025-04-29 16:22:43
2024;Parda;CASADO;35 a 39 anos                  ;FEMININO;ENSINO FUNDAMENTAL COMPLETO;Cisgênero;NÃO;ITAJAÍ;Não;Brasil;NÃO;SUL;1;SC;0;0;0;1;0;5;0;4;0;0;0;0;0;0;5;4;1;2025-04-29 16:22:43
2024;Parda;CASADO;35 a 39 anos                  ;FEMININO;ENSINO FUNDAMENTAL INCOMPLETO;Cisgênero;NÃO;ITAJAÍ;Não;Brasil;NÃO;SUL;1;SC;0;0;0;0;0;4;0;4;0;0;0;0;0;0;4;4;0;2025-04-29 16:22:43
2024;Parda;CASADO;35 a 39 anos                  ;FEMININO;ENSINO FUNDAMENTAL INCOMPLETO;Prefere não informar;NÃO;ITAJAÍ;Não;Brasil;NÃO;SUL;1;SC;0;0;0;0;0;1;0;1;0;0;0;0;0;0;1;1;0;2025-04-29 16:22:43
2024;Parda;CASADO;35 a 39 anos                  ;FEMININO;ENSINO MÉDIO COMPLETO;Cisgênero;NÃO;ITAJAÍ;Não;Brasil;NÃO;SUL;1;SC;0;0;0;8;0;35;0;27;0;0;0;0;0;0;35;27;8;2025-04-29 16:22:43
2024;Parda;CASADO;35 a 39 anos                  ;FEMININO;ENSINO MÉDIO COMPLETO;Prefere não informar;NÃO;ITAJAÍ;Não;Brasil;NÃO;SUL;1;SC;0;0;0;0;0;7;0;7;0;0;0;0;0;0;7;7;0;2025-04-29 16:22:43
2024;Parda;CASADO;35 a 39 anos                  ;FEMININO;ENSINO MÉDIO INCOMPLETO;Cisgênero;NÃO;ITAJAÍ;Não;Brasil;NÃO;SUL;1;SC;0;0;0;1;0;7;0;6;0;0;0;0;0;0;7;6;1;2025-04-29 16:22:43
2024;Parda;CASADO;35 a 39 anos                  ;FEMININO;SUPERIOR COMPLETO;Cisgênero;NÃO;ITAJAÍ;Não;Brasil;NÃO;SUL;1;SC;0;0;0;2;0;23;0;21;0;0;0;0;0;0;23;21;2;2025-04-29 16:22:43
2024;Parda;CASADO;35 a 39 anos                  ;FEMININO;SUPERIOR COMPLETO;Prefere não informar;NÃO;ITAJAÍ;Não;Brasil;NÃO;SUL;1;SC;0;0;0;0;0;1;0;1;0;0;0;0;0;0;1;1;0;2025-04-29 16:22:43
2024;Parda;CASADO;35 a 39 anos                  ;FEMININO;SUPERIOR COMPLETO;Transgênero;NÃO;ITAJAÍ;Não;Brasil;NÃO;SUL;1;SC;0;0;0;0;0;1;0;1;0;0;0;0;0;0;1;1;0;2025-04-29 16:22:43
2024;Parda;CASADO;35 a 39 anos                  ;FEMININO;SUPERIOR INCOMPLETO;Cisgênero;NÃO;ITAJAÍ;Não;Brasil;NÃO;SUL;1;SC;0;0;0;2;0;22;0;20;0;1;1;0;0;0;22;20;2;2025-04-29 16:22:43
2024;Parda;CASADO;35 a 39 anos                  ;FEMININO;SUPERIOR INCOMPLETO;Prefere não informar;NÃO;ITAJAÍ;Não;Brasil;NÃO;SUL;1;SC;0;0;0;0;0;2;0;2;0;0;0;0;0;0;2;2;0;2025-04-29 16:22:43
2024;Parda;CASADO;35 a 39 anos                  ;MASCULINO;ENSINO FUNDAMENTAL COMPLETO;Cisgênero;NÃO;ITAJAÍ;Não;Brasil;NÃO;SUL;1;SC;0;0;0;2;0;7;0;5;0;0;0;0;0;0;7;5;2;2025-04-29 16:22:43
2024;Parda;CASADO;35 a 39 anos                  ;MASCULINO;ENSINO FUNDAMENTAL COMPLETO;Cisgênero;SIM;ITAJAÍ;Não;Brasil;NÃO;SUL;1;SC;0;0;0;0;0;1;0;1;0;0;0;0;0;0;1;1;0;2025-04-29 16:22:43
2024;Parda;CASADO;35 a 39 anos                  ;MASCULINO;ENSINO FUNDAMENTAL INCOMPLETO;Cisgênero;NÃO;ITAJAÍ;Não;Brasil;NÃO;SUL;1;SC;0;0;0;1;0;8;0;7;0;0;0;0;0;0;8;7;1;2025-04-29 16:22:43
2024;Parda;CASADO;35 a 39 anos                  ;MASCULINO;ENSINO MÉDIO COMPLETO;Cisgênero;NÃO;ITAJAÍ;Não;Brasil;NÃO;SUL;1;SC;0;0;0;9;0;37;0;28;0;1;1;0;0;0;37;28;9;2025-04-29 16:22:43
2024;Parda;CASADO;35 a 39 anos                  ;MASCULINO;ENSINO MÉDIO COMPLETO;Prefere não informar;NÃO;ITAJAÍ;Não;Brasil;NÃO;SUL;1;SC;0;0;0;0;0;2;0;2;0;0;0;0;0;0;2;2;0;2025-04-29 16:22:43
2024;Parda;CASADO;35 a 39 anos                  ;MASCULINO;ENSINO MÉDIO COMPLETO;Prefere não informar;SIM;ITAJAÍ;Não;Brasil;NÃO;SUL;1;SC;0;0;0;1;0;1;0;0;0;0;0;0;0;0;1;0;1;2025-04-29 16:22:43
2024;Parda;CASADO;35 a 39 anos                  ;MASCULINO;ENSINO MÉDIO INCOMPLETO;Cisgênero;NÃO;ITAJAÍ;Não;Brasil;NÃO;SUL;1;SC;0;0;0;5;0;13;0;8;0;0;0;0;0;0;13;8;5;2025-04-29 16:22:43
2024;Parda;CASADO;35 a 39 anos                  ;MASCULINO;SUPERIOR COMPLETO;Cisgênero;NÃO;ITAJAÍ;Não;Brasil;NÃO;SUL;1;SC;0;0;0;2;0;14;0;12;0;0;0;0;0;0;14;12;2;2025-04-29 16:22:43
2024;Parda;CASADO;35 a 39 anos                  ;MASCULINO;SUPERIOR COMPLETO;Prefere não informar;NÃO;ITAJAÍ;Não;Brasil;NÃO;SUL;1;SC;0;0;0;1;0;1;0;0;0;0;0;0;0;0;1;0;1;2025-04-29 16:22:43
2024;Parda;CASADO;35 a 39 anos                  ;MASCULINO;SUPERIOR INCOMPLETO;Cisgênero;NÃO;ITAJAÍ;Não;Brasil;NÃO;SUL;1;SC;0;0;0;2;0;7;0;5;0;0;0;0;0;0;7;5;2;2025-04-29 16:22:43
2024;Parda;CASADO;35 a 39 anos                  ;MASCULINO;SUPERIOR INCOMPLETO;Prefere não informar;SIM;ITAJAÍ;Não;Brasil;NÃO;SUL;1;SC;0;0;0;1;0;1;0;0;0;0;0;0;0;0;1;0;1;2025-04-29 16:22:43
2024;Parda;CASADO;40 a 44 anos                  ;FEMININO;ENSINO FUNDAMENTAL COMPLETO;Cisgênero;NÃO;ITAJAÍ;Não;Brasil;NÃO;SUL;1;SC;0;0;0;0;0;5;0;5;0;0;0;0;0;0;5;5;0;2025-04-29 16:22:43
2024;Parda;CASADO;40 a 44 anos                  ;FEMININO;ENSINO FUNDAMENTAL COMPLETO;Prefere não informar;SIM;ITAJAÍ;Não;Brasil;NÃO;SUL;1;SC;0;0;0;0;0;1;0;1;0;0;0;0;0;0;1;1;0;2025-04-29 16:22:43
2024;Parda;CASADO;40 a 44 anos                  ;FEMININO;ENSINO FUNDAMENTAL INCOMPLETO;Cisgênero;NÃO;ITAJAÍ;Não;Brasil;NÃO;SUL;1;SC;0;0;0;3;0;15;0;12;0;0;0;0;0;0;15;12;3;2025-04-29 16:22:43
2024;Parda;CASADO;40 a 44 anos                  ;FEMININO;ENSINO FUNDAMENTAL INCOMPLETO;Prefere não informar;NÃO;ITAJAÍ;Não;Brasil;NÃO;SUL;1;SC;0;0;0;0;0;1;0;1;0;0;0;0;0;0;1;1;0;2025-04-29 16:22:43
2024;Parda;CASADO;40 a 44 anos                  ;FEMININO;ENSINO MÉDIO COMPLETO;Cisgênero;NÃO;ITAJAÍ;Não;Brasil;NÃO;SUL;1;SC;0;0;0;10;0;39;0;29;0;0;0;0;0;0;39;29;10;2025-04-29 16:22:43
2024;Parda;CASADO;40 a 44 anos                  ;FEMININO;ENSINO MÉDIO COMPLETO;Prefere não informar;NÃO;ITAJAÍ;Não;Brasil;NÃO;SUL;1;SC;0;0;0;2;0;5;0;3;0;0;0;0;0;0;5;3;2;2025-04-29 16:22:43
2024;Parda;CASADO;40 a 44 anos                  ;FEMININO;ENSINO MÉDIO INCOMPLETO;Cisgênero;NÃO;ITAJAÍ;Não;Brasil;NÃO;SUL;1;SC;0;0;0;1;0;5;0;4;0;0;0;0;0;0;5;4;1;2025-04-29 16:22:43
2024;Parda;CASADO;40 a 44 anos                  ;FEMININO;ENSINO MÉDIO INCOMPLETO;Prefere não informar;NÃO;ITAJAÍ;Não;Brasil;NÃO;SUL;1;SC;0;0;0;0;0;1;0;1;0;0;0;0;0;0;1;1;0;2025-04-29 16:22:43
2024;Parda;CASADO;40 a 44 anos                  ;FEMININO;LÊ E ESCREVE;Cisgênero;NÃO;ITAJAÍ;Não;Brasil;NÃO;SUL;1;SC;0;0;0;1;0;1;0;0;0;0;0;0;0;0;1;0;1;2025-04-29 16:22:43
2024;Parda;CASADO;40 a 44 anos                  ;FEMININO;SUPERIOR COMPLETO;Cisgênero;NÃO;ITAJAÍ;Não;Brasil;NÃO;SUL;1;SC;0;0;0;1;0;25;0;24;0;0;0;0;0;0;25;24;1;2025-04-29 16:22:43
2024;Parda;CASADO;40 a 44 anos                  ;FEMININO;SUPERIOR COMPLETO;Prefere não informar;NÃO;ITAJAÍ;Não;Brasil;NÃO;SUL;1;SC;0;0;0;0;0;1;0;1;0;0;0;0;0;0;1;1;0;2025-04-29 16:22:43
2024;Parda;CASADO;40 a 44 anos                  ;FEMININO;SUPERIOR INCOMPLETO;Cisgênero;NÃO;ITAJAÍ;Não;Brasil;NÃO;SUL;1;SC;0;0;0;3;0;8;0;5;0;0;0;0;0;0;8;5;3;2025-04-29 16:22:43
2024;Parda;CASADO;40 a 44 anos                  ;FEMININO;SUPERIOR INCOMPLETO;Prefere não informar;NÃO;ITAJAÍ;Não;Brasil;NÃO;SUL;1;SC;0;0;0;0;0;1;0;1;0;0;0;0;0;0;1;1;0;2025-04-29 16:22:43
2024;Parda;CASADO;40 a 44 anos                  ;MASCULINO;ANALFABETO;Cisgênero;NÃO;ITAJAÍ;Não;Brasil;NÃO;SUL;1;SC;0;0;0;0;1;0;1;0;0;0;0;0;0;0;1;1;0;2025-04-29 16:22:43
2024;Parda;CASADO;40 a 44 anos                  ;MASCULINO;ENSINO FUNDAMENTAL COMPLETO;Cisgênero;NÃO;ITAJAÍ;Não;Brasil;NÃO;SUL;1;SC;0;0;0;1;0;4;0;3;0;0;0;0;0;0;4;3;1;2025-04-29 16:22:43
2024;Parda;CASADO;40 a 44 anos                  ;MASCULINO;ENSINO FUNDAMENTAL COMPLETO;Cisgênero;SIM;ITAJAÍ;Não;Brasil;NÃO;SUL;1;SC;0;0;0;2;0;2;0;0;0;0;0;0;0;0;2;0;2;2025-04-29 16:22:43
2024;Parda;CASADO;40 a 44 anos                  ;MASCULINO;ENSINO FUNDAMENTAL COMPLETO;Prefere não informar;NÃO;ITAJAÍ;Não;Brasil;NÃO;SUL;1;SC;0;0;0;0;0;2;0;2;0;0;0;0;0;0;2;2;0;2025-04-29 16:22:43
2024;Parda;CASADO;40 a 44 anos                  ;MASCULINO;ENSINO FUNDAMENTAL INCOMPLETO;Cisgênero;NÃO;ITAJAÍ;Não;Brasil;NÃO;SUL;1;SC;1;0;0;3;0;18;0;15;0;1;0;0;1;0;18;15;3;2025-04-29 16:22:43
2024;Parda;CASADO;40 a 44 anos                  ;MASCULINO;ENSINO FUNDAMENTAL INCOMPLETO;Prefere não informar;NÃO;ITAJAÍ;Não;Brasil;NÃO;SUL;1;SC;0;0;0;0;0;2;0;2;0;0;0;0;0;0;2;2;0;2025-04-29 16:22:43
2024;Parda;CASADO;40 a 44 anos                  ;MASCULINO;ENSINO MÉDIO COMPLETO;Cisgênero;NÃO;ITAJAÍ;Não;Brasil;NÃO;SUL;1;SC;0;0;0;7;0;42;0;35;0;0;0;0;0;0;42;35;7;2025-04-29 16:22:43
2024;Parda;CASADO;40 a 44 anos                  ;MASCULINO;ENSINO MÉDIO COMPLETO;Cisgênero;SIM;ITAJAÍ;Não;Brasil;NÃO;SUL;1;SC;0;0;0;0;0;1;0;1;0;0;0;0;0;0;1;1;0;2025-04-29 16:22:43
2024;Parda;CASADO;40 a 44 anos                  ;MASCULINO;ENSINO MÉDIO COMPLETO;Prefere não informar;NÃO;ITAJAÍ;Não;Brasil;NÃO;SUL;1;SC;0;0;0;2;0;4;0;2;0;0;0;0;0;0;4;2;2;2025-04-29 16:22:43
2024;Parda;CASADO;40 a 44 anos                  ;MASCULINO;ENSINO MÉDIO INCOMPLETO;Cisgênero;NÃO;ITAJAÍ;Não;Brasil;NÃO;SUL;1;SC;0;0;0;1;0;9;0;8;0;1;1;0;0;0;9;8;1;2025-04-29 16:22:43
2024;Parda;CASADO;40 a 44 anos                  ;MASCULINO;ENSINO MÉDIO INCOMPLETO;Prefere não informar;NÃO;ITAJAÍ;Não;Brasil;NÃO;SUL;1;SC;0;0;0;0;0;1;0;1;0;0;0;0;0;0;1;1;0;2025-04-29 16:22:43
2024;Parda;CASADO;40 a 44 anos                  ;MASCULINO;SUPERIOR COMPLETO;Cisgênero;NÃO;ITAJAÍ;Não;Brasil;NÃO;SUL;1;SC;0;0;0;3;0;18;0;15;0;0;0;0;0;0;18;15;3;2025-04-29 16:22:43
2024;Parda;CASADO;40 a 44 anos                  ;MASCULINO;SUPERIOR COMPLETO;Prefere não informar;NÃO;ITAJAÍ;Não;Brasil;NÃO;SUL;1;SC;0;0;0;1;0;2;0;1;0;0;0;0;0;0;2;1;1;2025-04-29 16:22:43
2024;Parda;CASADO;40 a 44 anos                  ;MASCULINO;SUPERIOR INCOMPLETO;Cisgênero;NÃO;ITAJAÍ;Não;Brasil;NÃO;SUL;1;SC;0;0;0;0;0;12;0;12;0;0;0;0;0;0;12;12;0;2025-04-29 16:22:43
2024;Parda;CASADO;40 a 44 anos                  ;MASCULINO;SUPERIOR INCOMPLETO;Prefere não informar;NÃO;ITAJAÍ;Não;Brasil;NÃO;SUL;1;SC;0;0;0;0;0;1;0;1;0;0;0;0;0;0;1;1;0;2025-04-29 16:22:43
2024;Parda;CASADO;45 a 49 anos                  ;FEMININO;ANALFABETO;Cisgênero;NÃO;ITAJAÍ;Não;Brasil;NÃO;SUL;1;SC;0;0;0;0;1;0;1;0;0;0;0;0;0;0;1;1;0;2025-04-29 16:22:43
2024;Parda;CASADO;45 a 49 anos                  ;FEMININO;ENSINO FUNDAMENTAL COMPLETO;Cisgênero;NÃO;ITAJAÍ;Não;Brasil;NÃO;SUL;1;SC;0;0;0;1;0;2;0;1;0;0;0;0;0;0;2;1;1;2025-04-29 16:22:43
2024;Parda;CASADO;45 a 49 anos                  ;FEMININO;ENSINO FUNDAMENTAL COMPLETO;Prefere não informar;NÃO;ITAJAÍ;Não;Brasil;NÃO;SUL;1;SC;0;0;0;0;0;1;0;1;0;0;0;0;0;0;1;1;0;2025-04-29 16:22:43
2024;Parda;CASADO;45 a 49 anos                  ;FEMININO;ENSINO FUNDAMENTAL INCOMPLETO;Cisgênero;NÃO;ITAJAÍ;Não;Brasil;NÃO;SUL;1;SC;0;0;0;1;0;10;0;9;0;0;0;0;0;0;10;9;1;2025-04-29 16:22:43
2024;Parda;CASADO;45 a 49 anos                  ;FEMININO;ENSINO FUNDAMENTAL INCOMPLETO;Prefere não informar;NÃO;ITAJAÍ;Não;Brasil;NÃO;SUL;1;SC;0;0;0;0;0;1;0;1;0;0;0;0;0;0;1;1;0;2025-04-29 16:22:43
2024;Parda;CASADO;45 a 49 anos                  ;FEMININO;ENSINO MÉDIO COMPLETO;Cisgênero;NÃO;ITAJAÍ;Não;Brasil;NÃO;SUL;1;SC;0;0;0;5;0;20;0;15;0;0;0;0;0;0;20;15;5;2025-04-29 16:22:43
2024;Parda;CASADO;45 a 49 anos                  ;FEMININO;ENSINO MÉDIO COMPLETO;Cisgênero;SIM;ITAJAÍ;Não;Brasil;NÃO;SUL;1;SC;0;0;0;0;0;1;0;1;0;0;0;0;0;0;1;1;0;2025-04-29 16:22:43
2024;Parda;CASADO;45 a 49 anos                  ;FEMININO;ENSINO MÉDIO INCOMPLETO;Cisgênero;NÃO;ITAJAÍ;Não;Brasil;NÃO;SUL;1;SC;0;0;0;1;0;5;0;4;0;0;0;0;0;0;5;4;1;2025-04-29 16:22:43
2024;Parda;CASADO;45 a 49 anos                  ;FEMININO;ENSINO MÉDIO INCOMPLETO;Prefere não informar;NÃO;ITAJAÍ;Não;Brasil;NÃO;SUL;1;SC;0;0;0;0;0;1;0;1;0;0;0;0;0;0;1;1;0;2025-04-29 16:22:43
2024;Parda;CASADO;45 a 49 anos                  ;FEMININO;LÊ E ESCREVE;Cisgênero;NÃO;ITAJAÍ;Não;Brasil;NÃO;SUL;1;SC;0;0;0;1;0;3;0;2;0;0;0;0;0;0;3;2;1;2025-04-29 16:22:43
2024;Parda;CASADO;45 a 49 anos                  ;FEMININO;LÊ E ESCREVE;Prefere não informar;NÃO;ITAJAÍ;Não;Brasil;NÃO;SUL;1;SC;0;0;0;1;0;1;0;0;0;0;0;0;0;0;1;0;1;2025-04-29 16:22:43
2024;Parda;CASADO;45 a 49 anos                  ;FEMININO;SUPERIOR COMPLETO;Cisgênero;NÃO;ITAJAÍ;Não;Brasil;NÃO;SUL;1;SC;0;0;0;0;0;16;0;16;0;0;0;0;0;0;16;16;0;2025-04-29 16:22:43
2024;Parda;CASADO;45 a 49 anos                  ;FEMININO;SUPERIOR COMPLETO;Prefere não informar;NÃO;ITAJAÍ;Não;Brasil;NÃO;SUL;1;SC;0;0;0;0;0;1;0;1;0;0;0;0;0;0;1;1;0;2025-04-29 16:22:43
2024;Parda;CASADO;45 a 49 anos                  ;FEMININO;SUPERIOR INCOMPLETO;Cisgênero;NÃO;ITAJAÍ;Não;Brasil;NÃO;SUL;1;SC;0;0;0;0;0;2;0;2;0;0;0;0;0;0;2;2;0;2025-04-29 16:22:43
2024;Parda;CASADO;45 a 49 anos                  ;FEMININO;SUPERIOR INCOMPLETO;Prefere não informar;NÃO;ITAJAÍ;Não;Brasil;NÃO;SUL;1;SC;0;0;0;0;0;1;0;1;0;0;0;0;0;0;1;1;0;2025-04-29 16:22:43
2024;Parda;CASADO;45 a 49 anos                  ;MASCULINO;ENSINO FUNDAMENTAL COMPLETO;Cisgênero;NÃO;ITAJAÍ;Não;Brasil;NÃO;SUL;1;SC;1;0;0;1;0;12;0;11;0;1;0;0;1;0;12;11;1;2025-04-29 16:22:43
2024;Parda;CASADO;45 a 49 anos                  ;MASCULINO;ENSINO FUNDAMENTAL INCOMPLETO;Cisgênero;NÃO;ITAJAÍ;Não;Brasil;NÃO;SUL;1;SC;0;0;0;1;0;13;0;12;0;1;1;0;0;0;13;12;1;2025-04-29 16:22:43
2024;Parda;CASADO;45 a 49 anos                  ;MASCULINO;ENSINO FUNDAMENTAL INCOMPLETO;Cisgênero;SIM;ITAJAÍ;Não;Brasil;NÃO;SUL;1;SC;0;0;0;0;0;1;0;1;0;0;0;0;0;0;1;1;0;2025-04-29 16:22:43
2024;Parda;CASADO;45 a 49 anos                  ;MASCULINO;ENSINO FUNDAMENTAL INCOMPLETO;Prefere não informar;NÃO;ITAJAÍ;Não;Brasil;NÃO;SUL;1;SC;0;0;0;0;0;1;0;1;0;0;0;0;0;0;1;1;0;2025-04-29 16:22:43
2024;Parda;CASADO;45 a 49 anos                  ;MASCULINO;ENSINO MÉDIO COMPLETO;Cisgênero;NÃO;ITAJAÍ;Não;Brasil;NÃO;SUL;1;SC;0;0;0;4;0;29;0;25;0;1;1;0;0;0;29;25;4;2025-04-29 16:22:43
2024;Parda;CASADO;45 a 49 anos                  ;MASCULINO;ENSINO MÉDIO COMPLETO;Cisgênero;SIM;ITAJAÍ;Não;Brasil;NÃO;SUL;1;SC;0;0;0;0;0;1;0;1;0;0;0;0;0;0;1;1;0;2025-04-29 16:22:43
2024;Parda;CASADO;45 a 49 anos                  ;MASCULINO;ENSINO MÉDIO COMPLETO;Prefere não informar;NÃO;ITAJAÍ;Não;Brasil;NÃO;SUL;1;SC;0;0;0;0;0;4;0;4;0;0;0;0;0;0;4;4;0;2025-04-29 16:22:43
2024;Parda;CASADO;45 a 49 anos                  ;MASCULINO;ENSINO MÉDIO INCOMPLETO;Cisgênero;NÃO;ITAJAÍ;Não;Brasil;NÃO;SUL;1;SC;0;0;0;0;0;7;0;7;0;0;0;0;0;0;7;7;0;2025-04-29 16:22:43
2024;Parda;CASADO;45 a 49 anos                  ;MASCULINO;ENSINO MÉDIO INCOMPLETO;Prefere não informar;NÃO;ITAJAÍ;Não;Brasil;NÃO;SUL;1;SC;0;0;0;0;0;1;0;1;0;0;0;0;0;0;1;1;0;2025-04-29 16:22:43
2024;Parda;CASADO;45 a 49 anos                  ;MASCULINO;LÊ E ESCREVE;Prefere não informar;NÃO;ITAJAÍ;Não;Brasil;NÃO;SUL;1;SC;0;0;0;0;0;1;0;1;0;0;0;0;0;0;1;1;0;2025-04-29 16:22:43
2024;Parda;CASADO;45 a 49 anos                  ;MASCULINO;SUPERIOR COMPLETO;Cisgênero;NÃO;ITAJAÍ;Não;Brasil;NÃO;SUL;1;SC;0;0;0;1;0;11;0;10;0;0;0;0;0;0;11;10;1;2025-04-29 16:22:43
2024;Parda;CASADO;45 a 49 anos                  ;MASCULINO;SUPERIOR COMPLETO;Prefere não informar;NÃO;ITAJAÍ;Não;Brasil;NÃO;SUL;1;SC;0;0;0;0;0;1;0;1;0;0;0;0;0;0;1;1;0;2025-04-29 16:22:43
2024;Parda;CASADO;45 a 49 anos                  ;MASCULINO;SUPERIOR INCOMPLETO;Cisgênero;NÃO;ITAJAÍ;Não;Brasil;NÃO;SUL;1;SC;0;0;0;0;0;4;0;4;0;0;0;0;0;0;4;4;0;2025-04-29 16:22:43
2024;Parda;CASADO;45 a 49 anos                  ;MASCULINO;SUPERIOR INCOMPLETO;Prefere não informar;NÃO;ITAJAÍ;Não;Brasil;NÃO;SUL;1;SC;0;0;0;0;0;1;0;1;0;0;0;0;0;0;1;1;0;2025-04-29 16:22:43
2024;Parda;CASADO;50 a 54 anos                  ;FEMININO;ANALFABETO;Cisgênero;NÃO;ITAJAÍ;Não;Brasil;NÃO;SUL;1;SC;0;0;0;0;2;0;1;0;0;0;0;0;0;0;2;1;1;2025-04-29 16:22:43
2024;Parda;CASADO;50 a 54 anos                  ;FEMININO;ENSINO FUNDAMENTAL COMPLETO;Cisgênero;NÃO;ITAJAÍ;Não;Brasil;NÃO;SUL;1;SC;0;0;0;1;0;7;0;6;0;0;0;0;0;0;7;6;1;2025-04-29 16:22:43
2024;Parda;CASADO;50 a 54 anos                  ;FEMININO;ENSINO FUNDAMENTAL INCOMPLETO;Cisgênero;NÃO;ITAJAÍ;Não;Brasil;NÃO;SUL;1;SC;0;0;0;1;0;10;0;9;0;0;0;0;0;0;10;9;1;2025-04-29 16:22:43
2024;Parda;CASADO;50 a 54 anos                  ;FEMININO;ENSINO FUNDAMENTAL INCOMPLETO;Prefere não informar;NÃO;ITAJAÍ;Não;Brasil;NÃO;SUL;1;SC;0;0;0;1;0;1;0;0;0;0;0;0;0;0;1;0;1;2025-04-29 16:22:43
2024;Parda;CASADO;50 a 54 anos                  ;FEMININO;ENSINO MÉDIO COMPLETO;Cisgênero;NÃO;ITAJAÍ;Não;Brasil;NÃO;SUL;1;SC;0;0;0;1;0;17;0;16;0;0;0;0;0;0;17;16;1;2025-04-29 16:22:43
2024;Parda;CASADO;50 a 54 anos                  ;FEMININO;ENSINO MÉDIO INCOMPLETO;Cisgênero;NÃO;ITAJAÍ;Não;Brasil;NÃO;SUL;1;SC;0;0;0;0;0;1;0;1;0;0;0;0;0;0;1;1;0;2025-04-29 16:22:43
2024;Parda;CASADO;50 a 54 anos                  ;FEMININO;ENSINO MÉDIO INCOMPLETO;Cisgênero;SIM;ITAJAÍ;Não;Brasil;NÃO;SUL;1;SC;0;0;0;1;0;1;0;0;0;0;0;0;0;0;1;0;1;2025-04-29 16:22:43
2024;Parda;CASADO;50 a 54 anos                  ;FEMININO;LÊ E ESCREVE;Cisgênero;NÃO;ITAJAÍ;Não;Brasil;NÃO;SUL;1;SC;0;0;0;1;0;1;0;0;0;0;0;0;0;0;1;0;1;2025-04-29 16:22:43
2024;Parda;CASADO;50 a 54 anos                  ;FEMININO;SUPERIOR COMPLETO;Cisgênero;NÃO;ITAJAÍ;Não;Brasil;NÃO;SUL;1;SC;0;0;0;0;0;3;0;3;0;0;0;0;0;0;3;3;0;2025-04-29 16:22:43
2024;Parda;CASADO;50 a 54 anos                  ;FEMININO;SUPERIOR COMPLETO;Cisgênero;SIM;ITAJAÍ;Não;Brasil;NÃO;SUL;1;SC;0;0;0;0;0;1;0;1;0;0;0;0;0;0;1;1;0;2025-04-29 16:22:43
2024;Parda;CASADO;50 a 54 anos                  ;FEMININO;SUPERIOR COMPLETO;Prefere não informar;NÃO;ITAJAÍ;Não;Brasil;NÃO;SUL;1;SC;0;0;0;0;0;1;0;1;0;0;0;0;0;0;1;1;0;2025-04-29 16:22:43
2024;Parda;CASADO;50 a 54 anos                  ;FEMININO;SUPERIOR INCOMPLETO;Cisgênero;NÃO;ITAJAÍ;Não;Brasil;NÃO;SUL;1;SC;0;0;0;0;0;1;0;1;0;0;0;0;0;0;1;1;0;2025-04-29 16:22:43
2024;Parda;CASADO;50 a 54 anos                  ;MASCULINO;ENSINO FUNDAMENTAL COMPLETO;Cisgênero;NÃO;ITAJAÍ;Não;Brasil;NÃO;SUL;1;SC;0;0;0;0;0;2;0;2;0;0;0;0;0;0;2;2;0;2025-04-29 16:22:43
2024;Parda;CASADO;50 a 54 anos                  ;MASCULINO;ENSINO FUNDAMENTAL INCOMPLETO;Cisgênero;NÃO;ITAJAÍ;Não;Brasil;NÃO;SUL;1;SC;0;0;0;0;0;15;0;15;0;1;1;0;0;0;15;15;0;2025-04-29 16:22:43
2024;Parda;CASADO;50 a 54 anos                  ;MASCULINO;ENSINO MÉDIO COMPLETO;Cisgênero;NÃO;ITAJAÍ;Não;Brasil;NÃO;SUL;1;SC;0;0;0;6;0;19;0;13;0;0;0;0;0;0;19;13;6;2025-04-29 16:22:43
2024;Parda;CASADO;50 a 54 anos                  ;MASCULINO;ENSINO MÉDIO COMPLETO;Prefere não informar;NÃO;ITAJAÍ;Não;Brasil;NÃO;SUL;1;SC;0;0;0;0;0;1;0;1;0;0;0;0;0;0;1;1;0;2025-04-29 16:22:43
2024;Parda;CASADO;50 a 54 anos                  ;MASCULINO;ENSINO MÉDIO INCOMPLETO;Cisgênero;NÃO;ITAJAÍ;Não;Brasil;NÃO;SUL;1;SC;0;0;0;1;0;3;0;2;0;1;1;0;0;0;3;2;1;2025-04-29 16:22:43
2024;Parda;CASADO;50 a 54 anos                  ;MASCULINO;LÊ E ESCREVE;Cisgênero;NÃO;ITAJAÍ;Não;Brasil;NÃO;SUL;1;SC;0;0;0;0;0;1;0;1;0;0;0;0;0;0;1;1;0;2025-04-29 16:22:43
2024;Parda;CASADO;50 a 54 anos                  ;MASCULINO;SUPERIOR COMPLETO;Cisgênero;NÃO;ITAJAÍ;Não;Brasil;NÃO;SUL;1;SC;0;0;0;2;0;4;0;2;0;0;0;0;0;0;4;2;2;2025-04-29 16:22:43
2024;Parda;CASADO;50 a 54 anos                  ;MASCULINO;SUPERIOR COMPLETO;Prefere não informar;NÃO;ITAJAÍ;Não;Brasil;NÃO;SUL;1;SC;0;0;0;0;0;1;0;1;0;0;0;0;0;0;1;1;0;2025-04-29 16:22:43
2024;Parda;CASADO;50 a 54 anos                  ;MASCULINO;SUPERIOR INCOMPLETO;Cisgênero;NÃO;ITAJAÍ;Não;Brasil;NÃO;SUL;1;SC;0;0;0;0;0;2;0;2;0;0;0;0;0;0;2;2;0;2025-04-29 16:22:43
2024;Parda;CASADO;55 a 59 anos                  ;FEMININO;ENSINO FUNDAMENTAL COMPLETO;Cisgênero;NÃO;ITAJAÍ;Não;Brasil;NÃO;SUL;1;SC;0;0;0;0;0;4;0;4;0;0;0;0;0;0;4;4;0;2025-04-29 16:22:43
2024;Parda;CASADO;55 a 59 anos                  ;FEMININO;ENSINO FUNDAMENTAL COMPLETO;Prefere não informar;NÃO;ITAJAÍ;Não;Brasil;NÃO;SUL;1;SC;0;0;0;0;0;1;0;1;0;0;0;0;0;0;1;1;0;2025-04-29 16:22:43
2024;Parda;CASADO;55 a 59 anos                  ;FEMININO;ENSINO FUNDAMENTAL INCOMPLETO;Cisgênero;NÃO;ITAJAÍ;Não;Brasil;NÃO;SUL;1;SC;0;0;0;4;0;14;0;10;0;0;0;0;0;0;14;10;4;2025-04-29 16:22:43
2024;Parda;CASADO;55 a 59 anos                  ;FEMININO;ENSINO FUNDAMENTAL INCOMPLETO;Prefere não informar;NÃO;ITAJAÍ;Não;Brasil;NÃO;SUL;1;SC;0;0;0;0;0;1;0;1;0;0;0;0;0;0;1;1;0;2025-04-29 16:22:43
2024;Parda;CASADO;55 a 59 anos                  ;FEMININO;ENSINO MÉDIO COMPLETO;Cisgênero;NÃO;ITAJAÍ;Não;Brasil;NÃO;SUL;1;SC;0;0;0;1;0;11;0;10;0;0;0;0;0;0;11;10;1;2025-04-29 16:22:43
2024;Parda;CASADO;55 a 59 anos                  ;FEMININO;ENSINO MÉDIO COMPLETO;Prefere não informar;NÃO;ITAJAÍ;Não;Brasil;NÃO;SUL;1;SC;0;0;0;0;0;1;0;1;0;0;0;0;0;0;1;1;0;2025-04-29 16:22:43
2024;Parda;CASADO;55 a 59 anos                  ;FEMININO;ENSINO MÉDIO COMPLETO;Prefere não informar;SIM;ITAJAÍ;Não;Brasil;NÃO;SUL;1;SC;0;0;0;0;0;1;0;1;0;0;0;0;0;0;1;1;0;2025-04-29 16:22:43
2024;Parda;CASADO;55 a 59 anos                  ;FEMININO;ENSINO MÉDIO INCOMPLETO;Cisgênero;NÃO;ITAJAÍ;Não;Brasil;NÃO;SUL;1;SC;0;0;0;1;0;2;0;1;0;0;0;0;0;0;2;1;1;2025-04-29 16:22:43
2024;Parda;CASADO;55 a 59 anos                  ;FEMININO;LÊ E ESCREVE;Cisgênero;NÃO;ITAJAÍ;Não;Brasil;NÃO;SUL;1;SC;0;0;0;0;0;1;0;1;0;0;0;0;0;0;1;1;0;2025-04-29 16:22:43
2024;Parda;CASADO;55 a 59 anos                  ;FEMININO;SUPERIOR COMPLETO;Cisgênero;NÃO;ITAJAÍ;Não;Brasil;NÃO;SUL;1;SC;0;0;0;0;0;3;0;3;0;0;0;0;0;0;3;3;0;2025-04-29 16:22:43
2024;Parda;CASADO;55 a 59 anos                  ;FEMININO;SUPERIOR COMPLETO;Prefere não informar;NÃO;ITAJAÍ;Não;Brasil;NÃO;SUL;1;SC;0;0;0;0;0;3;0;3;0;0;0;0;0;0;3;3;0;2025-04-29 16:22:43
2024;Parda;CASADO;55 a 59 anos                  ;FEMININO;SUPERIOR INCOMPLETO;Cisgênero;NÃO;ITAJAÍ;Não;Brasil;NÃO;SUL;1;SC;0;0;0;0;0;1;0;1;0;0;0;0;0;0;1;1;0;2025-04-29 16:22:43
2024;Parda;CASADO;55 a 59 anos                  ;MASCULINO;ENSINO FUNDAMENTAL COMPLETO;Cisgênero;NÃO;ITAJAÍ;Não;Brasil;NÃO;SUL;1;SC;1;0;0;3;0;9;0;6;0;1;0;0;1;0;9;6;3;2025-04-29 16:22:43
2024;Parda;CASADO;55 a 59 anos                  ;MASCULINO;ENSINO FUNDAMENTAL INCOMPLETO;Cisgênero;NÃO;ITAJAÍ;Não;Brasil;NÃO;SUL;1;SC;0;0;0;5;0;11;0;6;0;0;0;0;0;0;11;6;5;2025-04-29 16:22:43
2024;Parda;CASADO;55 a 59 anos                  ;MASCULINO;ENSINO FUNDAMENTAL INCOMPLETO;Prefere não informar;NÃO;ITAJAÍ;Não;Brasil;NÃO;SUL;1;SC;0;0;0;0;0;1;0;1;0;0;0;0;0;0;1;1;0;2025-04-29 16:22:43
2024;Parda;CASADO;55 a 59 anos                  ;MASCULINO;ENSINO MÉDIO COMPLETO;Cisgênero;NÃO;ITAJAÍ;Não;Brasil;NÃO;SUL;1;SC;0;0;0;1;0;7;0;6;0;0;0;0;0;0;7;6;1;2025-04-29 16:22:43
2024;Parda;CASADO;55 a 59 anos                  ;MASCULINO;ENSINO MÉDIO COMPLETO;Prefere não informar;NÃO;ITAJAÍ;Não;Brasil;NÃO;SUL;1;SC;0;0;0;1;0;2;0;1;0;0;0;0;0;0;2;1;1;2025-04-29 16:22:43
2024;Parda;CASADO;55 a 59 anos                  ;MASCULINO;ENSINO MÉDIO INCOMPLETO;Cisgênero;NÃO;ITAJAÍ;Não;Brasil;NÃO;SUL;1;SC;0;0;0;1;0;3;0;2;0;0;0;0;0;0;3;2;1;2025-04-29 16:22:43
2024;Parda;CASADO;55 a 59 anos                  ;MASCULINO;LÊ E ESCREVE;Cisgênero;NÃO;ITAJAÍ;Não;Brasil;NÃO;SUL;1;SC;0;0;0;1;0;2;0;1;0;0;0;0;0;0;2;1;1;2025-04-29 16:22:43
2024;Parda;CASADO;55 a 59 anos                  ;MASCULINO;SUPERIOR COMPLETO;Cisgênero;NÃO;ITAJAÍ;Não;Brasil;NÃO;SUL;1;SC;0;0;0;0;0;6;0;6;0;1;1;0;0;0;6;6;0;2025-04-29 16:22:43
2024;Parda;CASADO;55 a 59 anos                  ;MASCULINO;SUPERIOR INCOMPLETO;Cisgênero;NÃO;ITAJAÍ;Não;Brasil;NÃO;SUL;1;SC;0;0;0;1;0;1;0;0;0;0;0;0;0;0;1;0;1;2025-04-29 16:22:43
2024;Parda;CASADO;60 a 64 anos                  ;FEMININO;ENSINO FUNDAMENTAL INCOMPLETO;Cisgênero;NÃO;ITAJAÍ;Não;Brasil;NÃO;SUL;1;SC;0;0;0;1;0;7;0;6;0;0;0;0;0;0;7;6;1;2025-04-29 16:22:43
2024;Parda;CASADO;60 a 64 anos                  ;FEMININO;ENSINO FUNDAMENTAL INCOMPLETO;Prefere não informar;NÃO;ITAJAÍ;Não;Brasil;NÃO;SUL;1;SC;0;0;0;0;0;1;0;1;0;0;0;0;0;0;1;1;0;2025-04-29 16:22:43
2024;Parda;CASADO;60 a 64 anos                  ;FEMININO;ENSINO MÉDIO COMPLETO;Cisgênero;NÃO;ITAJAÍ;Não;Brasil;NÃO;SUL;1;SC;0;0;0;0;0;2;0;2;0;0;0;0;0;0;2;2;0;2025-04-29 16:22:43
2024;Parda;CASADO;60 a 64 anos                  ;FEMININO;ENSINO MÉDIO INCOMPLETO;Cisgênero;NÃO;ITAJAÍ;Não;Brasil;NÃO;SUL;1;SC;0;0;0;0;0;1;0;1;0;0;0;0;0;0;1;1;0;2025-04-29 16:22:43
2024;Parda;CASADO;60 a 64 anos                  ;FEMININO;SUPERIOR COMPLETO;Cisgênero;NÃO;ITAJAÍ;Não;Brasil;NÃO;SUL;1;SC;0;0;0;1;0;1;0;0;0;0;0;0;0;0;1;0;1;2025-04-29 16:22:43
2024;Parda;CASADO;60 a 64 anos                  ;MASCULINO;ANALFABETO;Cisgênero;NÃO;ITAJAÍ;Não;Brasil;NÃO;SUL;1;SC;0;0;0;0;2;0;2;0;0;0;0;0;0;0;2;2;0;2025-04-29 16:22:43
2024;Parda;CASADO;60 a 64 anos                  ;MASCULINO;ENSINO FUNDAMENTAL COMPLETO;Cisgênero;NÃO;ITAJAÍ;Não;Brasil;NÃO;SUL;1;SC;0;0;0;0;0;2;0;2;0;0;0;0;0;0;2;2;0;2025-04-29 16:22:43
2024;Parda;CASADO;60 a 64 anos                  ;MASCULINO;ENSINO FUNDAMENTAL INCOMPLETO;Cisgênero;NÃO;ITAJAÍ;Não;Brasil;NÃO;SUL;1;SC;0;0;0;3;0;12;0;9;0;1;1;0;0;0;12;9;3;2025-04-29 16:22:43
2024;Parda;CASADO;60 a 64 anos                  ;MASCULINO;ENSINO FUNDAMENTAL INCOMPLETO;Prefere não informar;NÃO;ITAJAÍ;Não;Brasil;NÃO;SUL;1;SC;0;0;0;1;0;1;0;0;0;0;0;0;0;0;1;0;1;2025-04-29 16:22:43
2024;Parda;CASADO;60 a 64 anos                  ;MASCULINO;ENSINO MÉDIO COMPLETO;Cisgênero;NÃO;ITAJAÍ;Não;Brasil;NÃO;SUL;1;SC;0;0;0;1;0;8;0;7;0;0;0;0;0;0;8;7;1;2025-04-29 16:22:43
2024;Parda;CASADO;60 a 64 anos                  ;MASCULINO;ENSINO MÉDIO COMPLETO;Prefere não informar;NÃO;ITAJAÍ;Não;Brasil;NÃO;SUL;1;SC;0;0;0;0;0;1;0;1;0;0;0;0;0;0;1;1;0;2025-04-29 16:22:43
2024;Parda;CASADO;60 a 64 anos                  ;MASCULINO;ENSINO MÉDIO INCOMPLETO;Cisgênero;NÃO;ITAJAÍ;Não;Brasil;NÃO;SUL;1;SC;0;0;0;0;0;1;0;1;0;0;0;0;0;0;1;1;0;2025-04-29 16:22:43
2024;Parda;CASADO;60 a 64 anos                  ;MASCULINO;LÊ E ESCREVE;Cisgênero;NÃO;ITAJAÍ;Não;Brasil;NÃO;SUL;1;SC;0;0;0;0;0;1;0;1;0;0;0;0;0;0;1;1;0;2025-04-29 16:22:43
2024;Parda;CASADO;60 a 64 anos                  ;MASCULINO;SUPERIOR COMPLETO;Cisgênero;NÃO;ITAJAÍ;Não;Brasil;NÃO;SUL;1;SC;0;0;0;0;0;1;0;1;0;0;0;0;0;0;1;1;0;2025-04-29 16:22:43
2024;Parda;CASADO;65 a 69 anos                  ;FEMININO;ENSINO FUNDAMENTAL COMPLETO;Cisgênero;NÃO;ITAJAÍ;Não;Brasil;NÃO;SUL;1;SC;0;0;0;0;0;3;0;3;0;0;0;0;0;0;3;3;0;2025-04-29 16:22:43
2024;Parda;CASADO;65 a 69 anos                  ;FEMININO;ENSINO FUNDAMENTAL INCOMPLETO;Cisgênero;NÃO;ITAJAÍ;Não;Brasil;NÃO;SUL;1;SC;0;0;0;0;0;3;0;3;0;0;0;0;0;0;3;3;0;2025-04-29 16:22:43
2024;Parda;CASADO;65 a 69 anos                  ;FEMININO;ENSINO MÉDIO INCOMPLETO;Cisgênero;NÃO;ITAJAÍ;Não;Brasil;NÃO;SUL;1;SC;0;0;0;0;0;1;0;1;0;0;0;0;0;0;1;1;0;2025-04-29 16:22:43
2024;Parda;CASADO;65 a 69 anos                  ;FEMININO;LÊ E ESCREVE;Cisgênero;NÃO;ITAJAÍ;Não;Brasil;NÃO;SUL;1;SC;0;0;0;1;0;2;0;1;0;0;0;0;0;0;2;1;1;2025-04-29 16:22:43
2024;Parda;CASADO;65 a 69 anos                  ;FEMININO;SUPERIOR COMPLETO;Cisgênero;NÃO;ITAJAÍ;Não;Brasil;NÃO;SUL;1;SC;0;0;0;0;0;1;0;1;0;0;0;0;0;0;1;1;0;2025-04-29 16:22:43
2024;Parda;CASADO;65 a 69 anos                  ;MASCULINO;ENSINO FUNDAMENTAL INCOMPLETO;Cisgênero;NÃO;ITAJAÍ;Não;Brasil;NÃO;SUL;1;SC;0;0;0;1;0;2;0;1;0;0;0;0;0;0;2;1;1;2025-04-29 16:22:43
2024;Parda;CASADO;65 a 69 anos                  ;MASCULINO;ENSINO MÉDIO COMPLETO;Cisgênero;NÃO;ITAJAÍ;Não;Brasil;NÃO;SUL;1;SC;0;0;0;0;0;3;0;3;0;0;0;0;0;0;3;3;0;2025-04-29 16:22:43
2024;Parda;CASADO;65 a 69 anos                  ;MASCULINO;ENSINO MÉDIO COMPLETO;Prefere não informar;NÃO;ITAJAÍ;Não;Brasil;NÃO;SUL;1;SC;0;0;0;0;0;1;0;1;0;0;0;0;0;0;1;1;0;2025-04-29 16:22:43
2024;Parda;CASADO;65 a 69 anos                  ;MASCULINO;ENSINO MÉDIO INCOMPLETO;Cisgênero;NÃO;ITAJAÍ;Não;Brasil;NÃO;SUL;1;SC;0;0;0;0;0;1;0;1;0;0;0;0;0;0;1;1;0;2025-04-29 16:22:43
2024;Parda;CASADO;65 a 69 anos                  ;MASCULINO;LÊ E ESCREVE;Cisgênero;NÃO;ITAJAÍ;Não;Brasil;NÃO;SUL;1;SC;0;0;0;0;0;2;0;2;0;0;0;0;0;0;2;2;0;2025-04-29 16:22:43
2024;Parda;CASADO;65 a 69 anos                  ;MASCULINO;SUPERIOR COMPLETO;Cisgênero;NÃO;ITAJAÍ;Não;Brasil;NÃO;SUL;1;SC;0;0;0;0;0;2;0;2;0;0;0;0;0;0;2;2;0;2025-04-29 16:22:43
2024;Parda;CASADO;70 a 74 anos                  ;FEMININO;ANALFABETO;Cisgênero;NÃO;ITAJAÍ;Não;Brasil;NÃO;SUL;1;SC;0;0;0;0;1;0;1;0;0;0;0;0;0;0;1;1;0;2025-04-29 16:22:43
2024;Parda;CASADO;70 a 74 anos                  ;FEMININO;ENSINO FUNDAMENTAL COMPLETO;Cisgênero;NÃO;ITAJAÍ;Não;Brasil;NÃO;SUL;1;SC;0;0;0;0;1;0;0;0;0;0;0;0;0;0;1;0;1;2025-04-29 16:22:43
2024;Parda;CASADO;70 a 74 anos                  ;FEMININO;ENSINO MÉDIO COMPLETO;Cisgênero;NÃO;ITAJAÍ;Não;Brasil;NÃO;SUL;1;SC;0;0;0;0;1;0;1;0;0;0;0;0;0;0;1;1;0;2025-04-29 16:22:43
2024;Parda;CASADO;70 a 74 anos                  ;MASCULINO;ENSINO FUNDAMENTAL INCOMPLETO;Cisgênero;NÃO;ITAJAÍ;Não;Brasil;NÃO;SUL;1;SC;0;0;0;0;1;0;0;0;0;0;0;0;0;0;1;0;1;2025-04-29 16:22:43
2024;Parda;CASADO;70 a 74 anos                  ;MASCULINO;ENSINO MÉDIO COMPLETO;Cisgênero;NÃO;ITAJAÍ;Não;Brasil;NÃO;SUL;1;SC;0;0;0;0;2;0;1;0;1;0;1;0;0;0;2;1;1;2025-04-29 16:22:43
2024;Parda;CASADO;70 a 74 anos                  ;MASCULINO;LÊ E ESCREVE;Cisgênero;NÃO;ITAJAÍ;Não;Brasil;NÃO;SUL;1;SC;0;0;0;0;1;0;1;0;1;0;1;0;0;0;1;1;0;2025-04-29 16:22:43
2024;Parda;CASADO;70 a 74 anos                  ;MASCULINO;SUPERIOR COMPLETO;Cisgênero;NÃO;ITAJAÍ;Não;Brasil;NÃO;SUL;1;SC;0;0;0;0;2;0;2;0;0;0;0;0;0;0;2;2;0;2025-04-29 16:22:43
2024;Parda;CASADO;75 a 79 anos                  ;MASCULINO;ENSINO FUNDAMENTAL INCOMPLETO;Cisgênero;NÃO;ITAJAÍ;Não;Brasil;NÃO;SUL;1;SC;0;0;0;0;1;0;1;0;0;0;0;0;0;0;1;1;0;2025-04-29 16:22:43
2024;Parda;CASADO;80 a 84 anos                  ;MASCULINO;ENSINO FUNDAMENTAL INCOMPLETO;Cisgênero;NÃO;ITAJAÍ;Não;Brasil;NÃO;SUL;1;SC;0;0;0;0;1;0;1;0;0;0;0;0;0;0;1;1;0;2025-04-29 16:22:43
2024;Parda;DIVORCIADO;21 a 24 anos                  ;FEMININO;ENSINO MÉDIO COMPLETO;Cisgênero;NÃO;ITAJAÍ;Não;Brasil;NÃO;SUL;1;SC;0;0;0;1;0;2;0;1;0;0;0;0;0;0;2;1;1;2025-04-29 16:22:43
2024;Parda;DIVORCIADO;25 a 29 anos                  ;FEMININO;ENSINO FUNDAMENTAL INCOMPLETO;Prefere não informar;NÃO;ITAJAÍ;Não;Brasil;NÃO;SUL;1;SC;0;0;0;0;0;1;0;1;0;0;0;0;0;0;1;1;0;2025-04-29 16:22:43
2024;Parda;DIVORCIADO;25 a 29 anos                  ;FEMININO;ENSINO MÉDIO COMPLETO;Cisgênero;NÃO;ITAJAÍ;Não;Brasil;NÃO;SUL;1;SC;0;0;0;0;0;3;0;3;0;0;0;0;0;0;3;3;0;2025-04-29 16:22:43
2024;Parda;DIVORCIADO;25 a 29 anos                  ;FEMININO;ENSINO MÉDIO COMPLETO;Prefere não informar;NÃO;ITAJAÍ;Não;Brasil;NÃO;SUL;1;SC;0;0;0;1;0;1;0;0;0;0;0;0;0;0;1;0;1;2025-04-29 16:22:43
2024;Parda;DIVORCIADO;25 a 29 anos                  ;FEMININO;ENSINO MÉDIO INCOMPLETO;Prefere não informar;NÃO;ITAJAÍ;Não;Brasil;NÃO;SUL;1;SC;0;0;0;1;0;1;0;0;0;0;0;0;0;0;1;0;1;2025-04-29 16:22:43
2024;Parda;DIVORCIADO;25 a 29 anos                  ;FEMININO;SUPERIOR COMPLETO;Cisgênero;NÃO;ITAJAÍ;Não;Brasil;NÃO;SUL;1;SC;0;0;0;2;0;2;0;0;0;0;0;0;0;0;2;0;2;2025-04-29 16:22:43
2024;Parda;DIVORCIADO;25 a 29 anos                  ;FEMININO;SUPERIOR INCOMPLETO;Prefere não informar;NÃO;ITAJAÍ;Não;Brasil;NÃO;SUL;1;SC;0;0;0;0;0;1;0;1;0;0;0;0;0;0;1;1;0;2025-04-29 16:22:43
2024;Parda;DIVORCIADO;25 a 29 anos                  ;MASCULINO;ENSINO MÉDIO COMPLETO;Cisgênero;NÃO;ITAJAÍ;Não;Brasil;NÃO;SUL;1;SC;0;0;0;1;0;2;0;1;0;0;0;0;0;0;2;1;1;2025-04-29 16:22:43
2024;Parda;DIVORCIADO;25 a 29 anos                  ;MASCULINO;ENSINO MÉDIO INCOMPLETO;Cisgênero;NÃO;ITAJAÍ;Não;Brasil;NÃO;SUL;1;SC;0;0;0;0;0;1;0;1;0;0;0;0;0;0;1;1;0;2025-04-29 16:22:43
2024;Parda;DIVORCIADO;30 a 34 anos                  ;FEMININO;ENSINO FUNDAMENTAL COMPLETO;Prefere não informar;NÃO;ITAJAÍ;Não;Brasil;NÃO;SUL;1;SC;0;0;0;0;0;1;0;1;0;0;0;0;0;0;1;1;0;2025-04-29 16:22:43
2024;Parda;DIVORCIADO;30 a 34 anos                  ;FEMININO;ENSINO FUNDAMENTAL INCOMPLETO;Cisgênero;NÃO;ITAJAÍ;Não;Brasil;NÃO;SUL;1;SC;0;0;0;2;0;2;0;0;0;0;0;0;0;0;2;0;2;2025-04-29 16:22:43
2024;Parda;DIVORCIADO;30 a 34 anos                  ;FEMININO;ENSINO MÉDIO COMPLETO;Cisgênero;NÃO;ITAJAÍ;Não;Brasil;NÃO;SUL;1;SC;0;0;0;1;0;4;0;3;0;0;0;0;0;0;4;3;1;2025-04-29 16:22:43
2024;Parda;DIVORCIADO;30 a 34 anos                  ;FEMININO;ENSINO MÉDIO COMPLETO;Prefere não informar;NÃO;ITAJAÍ;Não;Brasil;NÃO;SUL;1;SC;0;0;0;0;0;2;0;2;0;0;0;0;0;0;2;2;0;2025-04-29 16:22:43
2024;Parda;DIVORCIADO;30 a 34 anos                  ;FEMININO;SUPERIOR COMPLETO;Cisgênero;NÃO;ITAJAÍ;Não;Brasil;NÃO;SUL;1;SC;0;0;0;2;0;8;0;6;0;1;1;0;0;0;8;6;2;2025-04-29 16:22:43
2024;Parda;DIVORCIADO;30 a 34 anos                  ;FEMININO;SUPERIOR INCOMPLETO;Cisgênero;NÃO;ITAJAÍ;Não;Brasil;NÃO;SUL;1;SC;0;0;0;1;0;5;0;4;0;0;0;0;0;0;5;4;1;2025-04-29 16:22:43
2024;Parda;DIVORCIADO;30 a 34 anos                  ;MASCULINO;ENSINO FUNDAMENTAL INCOMPLETO;Cisgênero;NÃO;ITAJAÍ;Não;Brasil;NÃO;SUL;1;SC;0;0;0;1;0;1;0;0;0;0;0;0;0;0;1;0;1;2025-04-29 16:22:43
2024;Parda;DIVORCIADO;30 a 34 anos                  ;MASCULINO;ENSINO MÉDIO COMPLETO;Cisgênero;NÃO;ITAJAÍ;Não;Brasil;NÃO;SUL;1;SC;0;0;0;2;0;5;0;3;0;0;0;0;0;0;5;3;2;2025-04-29 16:22:43
2024;Parda;DIVORCIADO;30 a 34 anos                  ;MASCULINO;ENSINO MÉDIO INCOMPLETO;Cisgênero;NÃO;ITAJAÍ;Não;Brasil;NÃO;SUL;1;SC;0;0;0;1;0;2;0;1;0;0;0;0;0;0;2;1;1;2025-04-29 16:22:43
2024;Parda;DIVORCIADO;30 a 34 anos                  ;MASCULINO;SUPERIOR COMPLETO;Prefere não informar;NÃO;ITAJAÍ;Não;Brasil;NÃO;SUL;1;SC;0;0;0;0;0;1;0;1;0;0;0;0;0;0;1;1;0;2025-04-29 16:22:43
2024;Parda;DIVORCIADO;35 a 39 anos                  ;FEMININO;ENSINO FUNDAMENTAL COMPLETO;Cisgênero;NÃO;ITAJAÍ;Não;Brasil;NÃO;SUL;1;SC;0;0;0;0;0;1;0;1;0;1;1;0;0;0;1;1;0;2025-04-29 16:22:43
2024;Parda;DIVORCIADO;35 a 39 anos                  ;FEMININO;ENSINO FUNDAMENTAL INCOMPLETO;Cisgênero;NÃO;ITAJAÍ;Não;Brasil;NÃO;SUL;1;SC;0;0;0;0;0;2;0;2;0;0;0;0;0;0;2;2;0;2025-04-29 16:22:43
2024;Parda;DIVORCIADO;35 a 39 anos                  ;FEMININO;ENSINO MÉDIO COMPLETO;Cisgênero;NÃO;ITAJAÍ;Não;Brasil;NÃO;SUL;1;SC;0;0;0;1;0;9;0;8;0;0;0;0;0;0;9;8;1;2025-04-29 16:22:43
2024;Parda;DIVORCIADO;35 a 39 anos                  ;FEMININO;ENSINO MÉDIO COMPLETO;Prefere não informar;NÃO;ITAJAÍ;Não;Brasil;NÃO;SUL;1;SC;0;0;0;0;0;1;0;1;0;0;0;0;0;0;1;1;0;2025-04-29 16:22:43
2024;Parda;DIVORCIADO;35 a 39 anos                  ;FEMININO;ENSINO MÉDIO INCOMPLETO;Cisgênero;NÃO;ITAJAÍ;Não;Brasil;NÃO;SUL;1;SC;0;0;0;0;0;3;0;3;0;0;0;0;0;0;3;3;0;2025-04-29 16:22:43
2024;Parda;DIVORCIADO;35 a 39 anos                  ;FEMININO;SUPERIOR COMPLETO;Cisgênero;NÃO;ITAJAÍ;Não;Brasil;NÃO;SUL;1;SC;0;0;0;2;0;6;0;4;0;0;0;0;0;0;6;4;2;2025-04-29 16:22:43
2024;Parda;DIVORCIADO;35 a 39 anos                  ;FEMININO;SUPERIOR INCOMPLETO;Cisgênero;NÃO;ITAJAÍ;Não;Brasil;NÃO;SUL;1;SC;0;0;0;1;0;3;0;2;0;0;0;0;0;0;3;2;1;2025-04-29 16:22:43
2024;Parda;DIVORCIADO;35 a 39 anos                  ;FEMININO;SUPERIOR INCOMPLETO;Prefere não informar;NÃO;ITAJAÍ;Não;Brasil;NÃO;SUL;1;SC;0;0;0;0;0;1;0;1;0;1;1;0;0;0;1;1;0;2025-04-29 16:22:43
2024;Parda;DIVORCIADO;35 a 39 anos                  ;MASCULINO;ENSINO MÉDIO COMPLETO;Cisgênero;NÃO;ITAJAÍ;Não;Brasil;NÃO;SUL;1;SC;0;0;0;2;0;4;0;2;0;0;0;0;0;0;4;2;2;2025-04-29 16:22:43
2024;Parda;DIVORCIADO;35 a 39 anos                  ;MASCULINO;ENSINO MÉDIO COMPLETO;Prefere não informar;NÃO;ITAJAÍ;Não;Brasil;NÃO;SUL;1;SC;0;0;0;0;0;1;0;1;0;0;0;0;0;0;1;1;0;2025-04-29 16:22:43
2024;Parda;DIVORCIADO;35 a 39 anos                  ;MASCULINO;ENSINO MÉDIO INCOMPLETO;Prefere não informar;NÃO;ITAJAÍ;Não;Brasil;NÃO;SUL;1;SC;0;0;0;0;0;1;0;1;0;0;0;0;0;0;1;1;0;2025-04-29 16:22:43
2024;Parda;DIVORCIADO;35 a 39 anos                  ;MASCULINO;SUPERIOR COMPLETO;Cisgênero;NÃO;ITAJAÍ;Não;Brasil;NÃO;SUL;1;SC;0;0;0;0;0;3;0;3;0;0;0;0;0;0;3;3;0;2025-04-29 16:22:43
2024;Parda;DIVORCIADO;35 a 39 anos                  ;MASCULINO;SUPERIOR INCOMPLETO;Cisgênero;NÃO;ITAJAÍ;Não;Brasil;NÃO;SUL;1;SC;0;0;0;0;0;1;0;1;0;0;0;0;0;0;1;1;0;2025-04-29 16:22:43
2024;Parda;DIVORCIADO;40 a 44 anos                  ;FEMININO;ENSINO FUNDAMENTAL COMPLETO;Cisgênero;NÃO;ITAJAÍ;Não;Brasil;NÃO;SUL;1;SC;0;0;0;1;0;1;0;0;0;0;0;0;0;0;1;0;1;2025-04-29 16:22:43
2024;Parda;DIVORCIADO;40 a 44 anos                  ;FEMININO;ENSINO FUNDAMENTAL INCOMPLETO;Cisgênero;NÃO;ITAJAÍ;Não;Brasil;NÃO;SUL;1;SC;0;0;0;1;0;5;0;4;0;1;1;0;0;0;5;4;1;2025-04-29 16:22:43
2024;Parda;DIVORCIADO;40 a 44 anos                  ;FEMININO;ENSINO MÉDIO COMPLETO;Cisgênero;NÃO;ITAJAÍ;Não;Brasil;NÃO;SUL;1;SC;0;0;0;1;0;7;0;6;0;0;0;0;0;0;7;6;1;2025-04-29 16:22:43
2024;Parda;DIVORCIADO;40 a 44 anos                  ;FEMININO;ENSINO MÉDIO INCOMPLETO;Cisgênero;NÃO;ITAJAÍ;Não;Brasil;NÃO;SUL;1;SC;0;0;0;0;0;2;0;2;0;1;1;0;0;0;2;2;0;2025-04-29 16:22:43
2024;Parda;DIVORCIADO;40 a 44 anos                  ;FEMININO;SUPERIOR COMPLETO;Cisgênero;NÃO;ITAJAÍ;Não;Brasil;NÃO;SUL;1;SC;0;0;0;0;0;5;0;5;0;0;0;0;0;0;5;5;0;2025-04-29 16:22:43
2024;Parda;DIVORCIADO;40 a 44 anos                  ;FEMININO;SUPERIOR COMPLETO;Prefere não informar;NÃO;ITAJAÍ;Não;Brasil;NÃO;SUL;1;SC;0;0;0;1;0;1;0;0;0;0;0;0;0;0;1;0;1;2025-04-29 16:22:43
2024;Parda;DIVORCIADO;40 a 44 anos                  ;MASCULINO;ENSINO FUNDAMENTAL COMPLETO;Cisgênero;NÃO;ITAJAÍ;Não;Brasil;NÃO;SUL;1;SC;0;0;0;1;0;2;0;1;0;0;0;0;0;0;2;1;1;2025-04-29 16:22:43
2024;Parda;DIVORCIADO;40 a 44 anos                  ;MASCULINO;ENSINO FUNDAMENTAL INCOMPLETO;Cisgênero;NÃO;ITAJAÍ;Não;Brasil;NÃO;SUL;1;SC;0;0;0;1;0;3;0;2;0;0;0;0;0;0;3;2;1;2025-04-29 16:22:43
2024;Parda;DIVORCIADO;40 a 44 anos                  ;MASCULINO;ENSINO MÉDIO COMPLETO;Cisgênero;NÃO;ITAJAÍ;Não;Brasil;NÃO;SUL;1;SC;0;0;0;2;0;7;0;5;0;0;0;0;0;0;7;5;2;2025-04-29 16:22:43
2024;Parda;DIVORCIADO;40 a 44 anos                  ;MASCULINO;ENSINO MÉDIO COMPLETO;Prefere não informar;NÃO;ITAJAÍ;Não;Brasil;NÃO;SUL;1;SC;0;0;0;1;0;1;0;0;0;0;0;0;0;0;1;0;1;2025-04-29 16:22:43
2024;Parda;DIVORCIADO;40 a 44 anos                  ;MASCULINO;ENSINO MÉDIO INCOMPLETO;Cisgênero;NÃO;ITAJAÍ;Não;Brasil;NÃO;SUL;1;SC;0;0;0;0;0;1;0;1;0;0;0;0;0;0;1;1;0;2025-04-29 16:22:43
2024;Parda;DIVORCIADO;40 a 44 anos                  ;MASCULINO;LÊ E ESCREVE;Cisgênero;NÃO;ITAJAÍ;Não;Brasil;NÃO;SUL;1;SC;0;0;0;0;0;1;0;1;0;0;0;0;0;0;1;1;0;2025-04-29 16:22:43
2024;Parda;DIVORCIADO;40 a 44 anos                  ;MASCULINO;SUPERIOR COMPLETO;Cisgênero;NÃO;ITAJAÍ;Não;Brasil;NÃO;SUL;1;SC;0;0;0;0;0;1;0;1;0;0;0;0;0;0;1;1;0;2025-04-29 16:22:43
2024;Parda;DIVORCIADO;40 a 44 anos                  ;MASCULINO;SUPERIOR COMPLETO;Prefere não informar;NÃO;ITAJAÍ;Não;Brasil;NÃO;SUL;1;SC;0;0;0;1;0;1;0;0;0;0;0;0;0;0;1;0;1;2025-04-29 16:22:43
2024;Parda;DIVORCIADO;40 a 44 anos                  ;MASCULINO;SUPERIOR INCOMPLETO;Cisgênero;NÃO;ITAJAÍ;Não;Brasil;NÃO;SUL;1;SC;0;0;0;0;0;2;0;2;0;0;0;0;0;0;2;2;0;2025-04-29 16:22:43
2024;Parda;DIVORCIADO;45 a 49 anos                  ;FEMININO;ENSINO FUNDAMENTAL COMPLETO;Cisgênero;NÃO;ITAJAÍ;Não;Brasil;NÃO;SUL;1;SC;0;0;0;0;0;1;0;1;0;0;0;0;0;0;1;1;0;2025-04-29 16:22:43
2024;Parda;DIVORCIADO;45 a 49 anos                  ;FEMININO;ENSINO FUNDAMENTAL INCOMPLETO;Cisgênero;NÃO;ITAJAÍ;Não;Brasil;NÃO;SUL;1;SC;0;0;0;1;0;1;0;0;0;0;0;0;0;0;1;0;1;2025-04-29 16:22:43
2024;Parda;DIVORCIADO;45 a 49 anos                  ;FEMININO;ENSINO MÉDIO COMPLETO;Cisgênero;NÃO;ITAJAÍ;Não;Brasil;NÃO;SUL;1;SC;0;0;0;2;0;9;0;7;0;0;0;0;0;0;9;7;2;2025-04-29 16:22:43
2024;Parda;DIVORCIADO;45 a 49 anos                  ;FEMININO;ENSINO MÉDIO INCOMPLETO;Cisgênero;NÃO;ITAJAÍ;Não;Brasil;NÃO;SUL;1;SC;0;0;0;1;0;4;0;3;0;1;1;0;0;0;4;3;1;2025-04-29 16:22:43
2024;Parda;DIVORCIADO;45 a 49 anos                  ;FEMININO;SUPERIOR COMPLETO;Cisgênero;NÃO;ITAJAÍ;Não;Brasil;NÃO;SUL;1;SC;0;0;0;4;0;11;0;7;0;0;0;0;0;0;11;7;4;2025-04-29 16:22:43
2024;Parda;DIVORCIADO;45 a 49 anos                  ;FEMININO;SUPERIOR INCOMPLETO;Cisgênero;NÃO;ITAJAÍ;Não;Brasil;NÃO;SUL;1;SC;0;0;0;0;0;1;0;1;0;0;0;0;0;0;1;1;0;2025-04-29 16:22:43
2024;Parda;DIVORCIADO;45 a 49 anos                  ;MASCULINO;ENSINO FUNDAMENTAL COMPLETO;Cisgênero;NÃO;ITAJAÍ;Não;Brasil;NÃO;SUL;1;SC;0;0;0;0;0;1;0;1;0;0;0;0;0;0;1;1;0;2025-04-29 16:22:43
2024;Parda;DIVORCIADO;45 a 49 anos                  ;MASCULINO;ENSINO FUNDAMENTAL INCOMPLETO;Cisgênero;NÃO;ITAJAÍ;Não;Brasil;NÃO;SUL;1;SC;0;0;0;1;0;3;0;2;0;0;0;0;0;0;3;2;1;2025-04-29 16:22:43
2024;Parda;DIVORCIADO;45 a 49 anos                  ;MASCULINO;ENSINO MÉDIO COMPLETO;Cisgênero;NÃO;ITAJAÍ;Não;Brasil;NÃO;SUL;1;SC;0;0;0;2;0;9;0;7;0;0;0;0;0;0;9;7;2;2025-04-29 16:22:43
2024;Parda;DIVORCIADO;45 a 49 anos                  ;MASCULINO;ENSINO MÉDIO COMPLETO;Prefere não informar;NÃO;ITAJAÍ;Não;Brasil;NÃO;SUL;1;SC;0;0;0;0;0;1;0;1;0;0;0;0;0;0;1;1;0;2025-04-29 16:22:43
2024;Parda;DIVORCIADO;45 a 49 anos                  ;MASCULINO;SUPERIOR COMPLETO;Cisgênero;NÃO;ITAJAÍ;Não;Brasil;NÃO;SUL;1;SC;0;0;0;0;0;3;0;3;0;0;0;0;0;0;3;3;0;2025-04-29 16:22:43
2024;Parda;DIVORCIADO;45 a 49 anos                  ;MASCULINO;SUPERIOR INCOMPLETO;Cisgênero;NÃO;ITAJAÍ;Não;Brasil;NÃO;SUL;1;SC;0;0;0;1;0;2;0;1;0;0;0;0;0;0;2;1;1;2025-04-29 16:22:43
2024;Parda;DIVORCIADO;50 a 54 anos                  ;FEMININO;ENSINO FUNDAMENTAL INCOMPLETO;Cisgênero;NÃO;ITAJAÍ;Não;Brasil;NÃO;SUL;1;SC;0;0;0;0;0;5;0;5;0;0;0;0;0;0;5;5;0;2025-04-29 16:22:43
2024;Parda;DIVORCIADO;50 a 54 anos                  ;FEMININO;ENSINO FUNDAMENTAL INCOMPLETO;Prefere não informar;NÃO;ITAJAÍ;Não;Brasil;NÃO;SUL;1;SC;0;0;0;1;0;1;0;0;0;0;0;0;0;0;1;0;1;2025-04-29 16:22:43
2024;Parda;DIVORCIADO;50 a 54 anos                  ;FEMININO;ENSINO MÉDIO COMPLETO;Cisgênero;NÃO;ITAJAÍ;Não;Brasil;NÃO;SUL;1;SC;0;0;0;1;0;8;0;7;0;0;0;0;0;0;8;7;1;2025-04-29 16:22:43
2024;Parda;DIVORCIADO;50 a 54 anos                  ;FEMININO;ENSINO MÉDIO INCOMPLETO;Cisgênero;NÃO;ITAJAÍ;Não;Brasil;NÃO;SUL;1;SC;0;0;0;0;0;2;0;2;0;0;0;0;0;0;2;2;0;2025-04-29 16:22:43
2024;Parda;DIVORCIADO;50 a 54 anos                  ;FEMININO;SUPERIOR INCOMPLETO;Cisgênero;NÃO;ITAJAÍ;Não;Brasil;NÃO;SUL;1;SC;0;0;0;1;0;3;0;2;0;0;0;0;0;0;3;2;1;2025-04-29 16:22:43
2024;Parda;DIVORCIADO;50 a 54 anos                  ;MASCULINO;ENSINO FUNDAMENTAL INCOMPLETO;Cisgênero;NÃO;ITAJAÍ;Não;Brasil;NÃO;SUL;1;SC;0;0;0;1;0;6;0;5;0;0;0;0;0;0;6;5;1;2025-04-29 16:22:43
2024;Parda;DIVORCIADO;50 a 54 anos                  ;MASCULINO;ENSINO MÉDIO COMPLETO;Cisgênero;NÃO;ITAJAÍ;Não;Brasil;NÃO;SUL;1;SC;0;0;0;0;0;1;0;1;0;0;0;0;0;0;1;1;0;2025-04-29 16:22:43
2024;Parda;DIVORCIADO;50 a 54 anos                  ;MASCULINO;ENSINO MÉDIO COMPLETO;Prefere não informar;NÃO;ITAJAÍ;Não;Brasil;NÃO;SUL;1;SC;0;0;0;1;0;1;0;0;0;0;0;0;0;0;1;0;1;2025-04-29 16:22:43
2024;Parda;DIVORCIADO;50 a 54 anos                  ;MASCULINO;ENSINO MÉDIO INCOMPLETO;Cisgênero;NÃO;ITAJAÍ;Não;Brasil;NÃO;SUL;1;SC;0;0;0;1;0;2;0;1;0;0;0;0;0;0;2;1;1;2025-04-29 16:22:43
2024;Parda;DIVORCIADO;50 a 54 anos                  ;MASCULINO;SUPERIOR COMPLETO;Prefere não informar;NÃO;ITAJAÍ;Não;Brasil;NÃO;SUL;1;SC;0;0;0;0;0;1;0;1;0;0;0;0;0;0;1;1;0;2025-04-29 16:22:43
2024;Parda;DIVORCIADO;55 a 59 anos                  ;FEMININO;ENSINO FUNDAMENTAL INCOMPLETO;Cisgênero;NÃO;ITAJAÍ;Não;Brasil;NÃO;SUL;1;SC;0;0;0;0;0;1;0;1;0;0;0;0;0;0;1;1;0;2025-04-29 16:22:43
2024;Parda;DIVORCIADO;55 a 59 anos                  ;FEMININO;ENSINO MÉDIO COMPLETO;Cisgênero;NÃO;ITAJAÍ;Não;Brasil;NÃO;SUL;1;SC;0;0;0;0;0;3;0;3;0;0;0;0;0;0;3;3;0;2025-04-29 16:22:43
2024;Parda;DIVORCIADO;55 a 59 anos                  ;FEMININO;LÊ E ESCREVE;Cisgênero;NÃO;ITAJAÍ;Não;Brasil;NÃO;SUL;1;SC;0;0;0;0;0;1;0;1;0;0;0;0;0;0;1;1;0;2025-04-29 16:22:43
2024;Parda;DIVORCIADO;55 a 59 anos                  ;FEMININO;SUPERIOR COMPLETO;Cisgênero;NÃO;ITAJAÍ;Não;Brasil;NÃO;SUL;1;SC;0;0;0;1;0;6;0;5;0;0;0;0;0;0;6;5;1;2025-04-29 16:22:43
2024;Parda;DIVORCIADO;55 a 59 anos                  ;FEMININO;SUPERIOR INCOMPLETO;Cisgênero;NÃO;ITAJAÍ;Não;Brasil;NÃO;SUL;1;SC;0;0;0;0;0;1;0;1;0;0;0;0;0;0;1;1;0;2025-04-29 16:22:43
2024;Parda;DIVORCIADO;55 a 59 anos                  ;MASCULINO;ENSINO FUNDAMENTAL COMPLETO;Cisgênero;NÃO;ITAJAÍ;Não;Brasil;NÃO;SUL;1;SC;0;0;0;1;0;1;0;0;0;0;0;0;0;0;1;0;1;2025-04-29 16:22:43
2024;Parda;DIVORCIADO;55 a 59 anos                  ;MASCULINO;ENSINO FUNDAMENTAL COMPLETO;Prefere não informar;NÃO;ITAJAÍ;Não;Brasil;NÃO;SUL;1;SC;0;0;0;0;0;1;0;1;0;0;0;0;0;0;1;1;0;2025-04-29 16:22:43
2024;Parda;DIVORCIADO;55 a 59 anos                  ;MASCULINO;ENSINO FUNDAMENTAL INCOMPLETO;Cisgênero;NÃO;ITAJAÍ;Não;Brasil;NÃO;SUL;1;SC;1;0;0;1;0;2;0;1;0;1;0;0;1;0;2;1;1;2025-04-29 16:22:43
2024;Parda;DIVORCIADO;55 a 59 anos                  ;MASCULINO;ENSINO MÉDIO COMPLETO;Cisgênero;NÃO;ITAJAÍ;Não;Brasil;NÃO;SUL;1;SC;0;0;0;0;0;5;0;5;0;0;0;0;0;0;5;5;0;2025-04-29 16:22:43
2024;Parda;DIVORCIADO;55 a 59 anos                  ;MASCULINO;SUPERIOR INCOMPLETO;Cisgênero;NÃO;ITAJAÍ;Não;Brasil;NÃO;SUL;1;SC;0;0;0;0;0;2;0;2;0;0;0;0;0;0;2;2;0;2025-04-29 16:22:43
2024;Parda;DIVORCIADO;60 a 64 anos                  ;FEMININO;ENSINO FUNDAMENTAL COMPLETO;Cisgênero;NÃO;ITAJAÍ;Não;Brasil;NÃO;SUL;1;SC;0;0;0;0;0;1;0;1;0;0;0;0;0;0;1;1;0;2025-04-29 16:22:43
2024;Parda;DIVORCIADO;60 a 64 anos                  ;FEMININO;ENSINO FUNDAMENTAL INCOMPLETO;Cisgênero;NÃO;ITAJAÍ;Não;Brasil;NÃO;SUL;1;SC;0;0;0;1;0;3;0;2;0;0;0;0;0;0;3;2;1;2025-04-29 16:22:43
2024;Parda;DIVORCIADO;60 a 64 anos                  ;FEMININO;ENSINO MÉDIO COMPLETO;Cisgênero;NÃO;ITAJAÍ;Não;Brasil;NÃO;SUL;1;SC;0;0;0;1;0;3;0;2;0;0;0;0;0;0;3;2;1;2025-04-29 16:22:43
2024;Parda;DIVORCIADO;60 a 64 anos                  ;FEMININO;ENSINO MÉDIO INCOMPLETO;Cisgênero;NÃO;ITAJAÍ;Não;Brasil;NÃO;SUL;1;SC;0;0;0;0;0;2;0;2;0;0;0;0;0;0;2;2;0;2025-04-29 16:22:43
2024;Parda;DIVORCIADO;60 a 64 anos                  ;FEMININO;SUPERIOR COMPLETO;Cisgênero;NÃO;ITAJAÍ;Não;Brasil;NÃO;SUL;1;SC;0;0;0;0;0;1;0;1;0;0;0;0;0;0;1;1;0;2025-04-29 16:22:43
2024;Parda;DIVORCIADO;60 a 64 anos                  ;MASCULINO;ENSINO FUNDAMENTAL COMPLETO;Cisgênero;NÃO;ITAJAÍ;Não;Brasil;NÃO;SUL;1;SC;0;0;0;0;0;1;0;1;0;0;0;0;0;0;1;1;0;2025-04-29 16:22:43
2024;Parda;DIVORCIADO;60 a 64 anos                  ;MASCULINO;ENSINO FUNDAMENTAL INCOMPLETO;Cisgênero;NÃO;ITAJAÍ;Não;Brasil;NÃO;SUL;1;SC;0;0;0;0;0;1;0;1;0;0;0;0;0;0;1;1;0;2025-04-29 16:22:43
2024;Parda;DIVORCIADO;60 a 64 anos                  ;MASCULINO;ENSINO MÉDIO COMPLETO;Cisgênero;NÃO;ITAJAÍ;Não;Brasil;NÃO;SUL;1;SC;0;0;0;0;0;1;0;1;0;0;0;0;0;0;1;1;0;2025-04-29 16:22:43
2024;Parda;DIVORCIADO;60 a 64 anos                  ;MASCULINO;ENSINO MÉDIO INCOMPLETO;Prefere não informar;NÃO;ITAJAÍ;Não;Brasil;NÃO;SUL;1;SC;0;0;0;1;0;1;0;0;0;0;0;0;0;0;1;0;1;2025-04-29 16:22:43
2024;Parda;DIVORCIADO;65 a 69 anos                  ;FEMININO;ENSINO FUNDAMENTAL COMPLETO;Prefere não informar;NÃO;ITAJAÍ;Não;Brasil;NÃO;SUL;1;SC;0;0;0;0;0;1;0;1;0;0;0;0;0;0;1;1;0;2025-04-29 16:22:43
2024;Parda;DIVORCIADO;65 a 69 anos                  ;FEMININO;ENSINO FUNDAMENTAL INCOMPLETO;Cisgênero;NÃO;ITAJAÍ;Não;Brasil;NÃO;SUL;1;SC;0;0;0;1;0;1;0;0;0;0;0;0;0;0;1;0;1;2025-04-29 16:22:43
2024;Parda;DIVORCIADO;65 a 69 anos                  ;FEMININO;ENSINO MÉDIO COMPLETO;Cisgênero;NÃO;ITAJAÍ;Não;Brasil;NÃO;SUL;1;SC;0;0;0;1;0;1;0;0;0;0;0;0;0;0;1;0;1;2025-04-29 16:22:43
2024;Parda;DIVORCIADO;65 a 69 anos                  ;MASCULINO;ENSINO FUNDAMENTAL COMPLETO;Cisgênero;NÃO;ITAJAÍ;Não;Brasil;NÃO;SUL;1;SC;0;0;0;0;0;2;0;2;0;0;0;0;0;0;2;2;0;2025-04-29 16:22:43
2024;Parda;DIVORCIADO;65 a 69 anos                  ;MASCULINO;LÊ E ESCREVE;Cisgênero;NÃO;ITAJAÍ;Não;Brasil;NÃO;SUL;1;SC;0;0;0;0;0;1;0;1;0;0;0;0;0;0;1;1;0;2025-04-29 16:22:43
2024;Parda;DIVORCIADO;65 a 69 anos                  ;MASCULINO;SUPERIOR INCOMPLETO;Cisgênero;NÃO;ITAJAÍ;Não;Brasil;NÃO;SUL;1;SC;0;0;0;0;0;1;0;1;0;0;0;0;0;0;1;1;0;2025-04-29 16:22:43
2024;Parda;DIVORCIADO;70 a 74 anos                  ;MASCULINO;ANALFABETO;Cisgênero;NÃO;ITAJAÍ;Não;Brasil;NÃO;SUL;1;SC;0;0;0;0;1;0;0;0;0;0;0;0;0;0;1;0;1;2025-04-29 16:22:43
2024;Parda;DIVORCIADO;70 a 74 anos                  ;MASCULINO;ENSINO FUNDAMENTAL INCOMPLETO;Cisgênero;NÃO;ITAJAÍ;Não;Brasil;NÃO;SUL;1;SC;0;0;0;0;1;0;1;0;0;0;0;0;0;0;1;1;0;2025-04-29 16:22:43
2024;Parda;DIVORCIADO;70 a 74 anos                  ;MASCULINO;SUPERIOR COMPLETO;Cisgênero;NÃO;ITAJAÍ;Não;Brasil;NÃO;SUL;1;SC;0;0;0;0;1;0;1;0;0;0;0;0;0;0;1;1;0;2025-04-29 16:22:43
2024;Parda;SEPARADO JUDICIALMENTE;21 a 24 anos                  ;FEMININO;ENSINO MÉDIO COMPLETO;Cisgênero;NÃO;ITAJAÍ;Não;Brasil;NÃO;SUL;1;SC;0;0;0;0;0;1;0;1;0;0;0;0;0;0;1;1;0;2025-04-29 16:22:43
2024;Parda;SEPARADO JUDICIALMENTE;21 a 24 anos                  ;FEMININO;ENSINO MÉDIO INCOMPLETO;Cisgênero;NÃO;ITAJAÍ;Não;Brasil;NÃO;SUL;1;SC;0;0;0;1;0;1;0;0;0;0;0;0;0;0;1;0;1;2025-04-29 16:22:43
2024;Parda;SEPARADO JUDICIALMENTE;30 a 34 anos                  ;FEMININO;ENSINO MÉDIO COMPLETO;Cisgênero;NÃO;ITAJAÍ;Não;Brasil;NÃO;SUL;1;SC;0;0;0;0;0;1;0;1;0;0;0;0;0;0;1;1;0;2025-04-29 16:22:43
2024;Parda;SEPARADO JUDICIALMENTE;35 a 39 anos                  ;FEMININO;SUPERIOR COMPLETO;Prefere não informar;NÃO;ITAJAÍ;Não;Brasil;NÃO;SUL;1;SC;0;0;0;0;0;1;0;1;0;0;0;0;0;0;1;1;0;2025-04-29 16:22:43
2024;Parda;SEPARADO JUDICIALMENTE;40 a 44 anos                  ;FEMININO;ENSINO FUNDAMENTAL INCOMPLETO;Prefere não informar;NÃO;ITAJAÍ;Não;Brasil;NÃO;SUL;1;SC;0;0;0;0;0;1;0;1;0;0;0;0;0;0;1;1;0;2025-04-29 16:22:43
2024;Parda;SEPARADO JUDICIALMENTE;40 a 44 anos                  ;FEMININO;ENSINO MÉDIO COMPLETO;Cisgênero;NÃO;ITAJAÍ;Não;Brasil;NÃO;SUL;1;SC;0;0;0;1;0;1;0;0;0;0;0;0;0;0;1;0;1;2025-04-29 16:22:43
2024;Parda;SEPARADO JUDICIALMENTE;40 a 44 anos                  ;FEMININO;SUPERIOR COMPLETO;Cisgênero;NÃO;ITAJAÍ;Não;Brasil;NÃO;SUL;1;SC;0;0;0;0;0;1;0;1;0;0;0;0;0;0;1;1;0;2025-04-29 16:22:43
2024;Parda;SEPARADO JUDICIALMENTE;40 a 44 anos                  ;FEMININO;SUPERIOR INCOMPLETO;Cisgênero;NÃO;ITAJAÍ;Não;Brasil;NÃO;SUL;1;SC;0;0;0;1;0;1;0;0;0;0;0;0;0;0;1;0;1;2025-04-29 16:22:43
2024;Parda;SEPARADO JUDICIALMENTE;40 a 44 anos                  ;MASCULINO;SUPERIOR COMPLETO;Cisgênero;NÃO;ITAJAÍ;Não;Brasil;NÃO;SUL;1;SC;0;0;0;1;0;1;0;0;0;0;0;0;0;0;1;0;1;2025-04-29 16:22:43
2024;Parda;SEPARADO JUDICIALMENTE;45 a 49 anos                  ;FEMININO;SUPERIOR COMPLETO;Cisgênero;NÃO;ITAJAÍ;Não;Brasil;NÃO;SUL;1;SC;0;0;0;0;0;1;0;1;0;0;0;0;0;0;1;1;0;2025-04-29 16:22:43
2024;Parda;SEPARADO JUDICIALMENTE;45 a 49 anos                  ;MASCULINO;SUPERIOR COMPLETO;Cisgênero;NÃO;ITAJAÍ;Não;Brasil;NÃO;SUL;1;SC;0;0;0;0;0;1;0;1;0;0;0;0;0;0;1;1;0;2025-04-29 16:22:43
2024;Parda;SEPARADO JUDICIALMENTE;50 a 54 anos                  ;FEMININO;ENSINO FUNDAMENTAL INCOMPLETO;Cisgênero;NÃO;ITAJAÍ;Não;Brasil;NÃO;SUL;1;SC;0;0;0;1;0;2;0;1;0;0;0;0;0;0;2;1;1;2025-04-29 16:22:43
2024;Parda;SEPARADO JUDICIALMENTE;50 a 54 anos                  ;FEMININO;SUPERIOR INCOMPLETO;Cisgênero;NÃO;ITAJAÍ;Não;Brasil;NÃO;SUL;1;SC;0;0;0;0;0;1;0;1;0;0;0;0;0;0;1;1;0;2025-04-29 16:22:43
2024;Parda;SEPARADO JUDICIALMENTE;55 a 59 anos                  ;FEMININO;ENSINO FUNDAMENTAL INCOMPLETO;Cisgênero;NÃO;ITAJAÍ;Não;Brasil;NÃO;SUL;1;SC;0;0;0;1;0;2;0;1;0;0;0;0;0;0;2;1;1;2025-04-29 16:22:43
2024;Parda;SEPARADO JUDICIALMENTE;55 a 59 anos                  ;MASCULINO;ENSINO MÉDIO COMPLETO;Cisgênero;NÃO;ITAJAÍ;Não;Brasil;NÃO;SUL;1;SC;0;0;0;0;0;1;0;1;0;0;0;0;0;0;1;1;0;2025-04-29 16:22:43
2024;Parda;SEPARADO JUDICIALMENTE;60 a 64 anos                  ;FEMININO;ENSINO FUNDAMENTAL COMPLETO;Cisgênero;NÃO;ITAJAÍ;Não;Brasil;NÃO;SUL;1;SC;0;0;0;1;0;1;0;0;0;0;0;0;0;0;1;0;1;2025-04-29 16:22:43
2024;Parda;SEPARADO JUDICIALMENTE;60 a 64 anos                  ;FEMININO;ENSINO FUNDAMENTAL INCOMPLETO;Cisgênero;NÃO;ITAJAÍ;Não;Brasil;NÃO;SUL;1;SC;0;0;0;0;0;1;0;1;0;0;0;0;0;0;1;1;0;2025-04-29 16:22:43
2024;Parda;SOLTEIRO;16 anos                       ;FEMININO;ENSINO FUNDAMENTAL COMPLETO;Cisgênero;NÃO;ITAJAÍ;Não;Brasil;NÃO;SUL;1;SC;0;0;0;0;1;0;1;0;0;0;0;0;0;0;1;1;0;2025-04-29 16:22:43
2024;Parda;SOLTEIRO;16 anos                       ;FEMININO;ENSINO FUNDAMENTAL INCOMPLETO;Cisgênero;NÃO;ITAJAÍ;Não;Brasil;NÃO;SUL;1;SC;0;0;0;0;4;0;4;0;0;0;0;0;0;0;4;4;0;2025-04-29 16:22:43
2024;Parda;SOLTEIRO;16 anos                       ;FEMININO;ENSINO MÉDIO COMPLETO;Cisgênero;NÃO;ITAJAÍ;Não;Brasil;NÃO;SUL;1;SC;0;0;0;0;1;0;1;0;0;0;0;0;0;0;1;1;0;2025-04-29 16:22:43
2024;Parda;SOLTEIRO;16 anos                       ;FEMININO;ENSINO MÉDIO INCOMPLETO;Cisgênero;NÃO;ITAJAÍ;Não;Brasil;NÃO;SUL;1;SC;0;0;0;0;29;0;26;0;0;0;0;0;0;0;29;26;3;2025-04-29 16:22:43
2024;Parda;SOLTEIRO;16 anos                       ;FEMININO;ENSINO MÉDIO INCOMPLETO;Cisgênero;SIM;ITAJAÍ;Não;Brasil;NÃO;SUL;1;SC;0;0;0;0;1;0;1;0;0;0;0;0;0;0;1;1;0;2025-04-29 16:22:43
2024;Parda;SOLTEIRO;16 anos                       ;MASCULINO;ANALFABETO;Cisgênero;NÃO;ITAJAÍ;Não;Brasil;NÃO;SUL;1;SC;1;0;0;0;1;0;0;0;1;0;0;1;0;0;1;0;1;2025-04-29 16:22:43
2024;Parda;SOLTEIRO;16 anos                       ;MASCULINO;ENSINO FUNDAMENTAL COMPLETO;Cisgênero;NÃO;ITAJAÍ;Não;Brasil;NÃO;SUL;1;SC;0;0;0;0;2;0;1;0;0;0;0;0;0;0;2;1;1;2025-04-29 16:22:43
2024;Parda;SOLTEIRO;16 anos                       ;MASCULINO;ENSINO FUNDAMENTAL INCOMPLETO;Cisgênero;NÃO;ITAJAÍ;Não;Brasil;NÃO;SUL;1;SC;0;0;0;0;4;0;3;0;0;0;0;0;0;0;4;3;1;2025-04-29 16:22:43
2024;Parda;SOLTEIRO;16 anos                       ;MASCULINO;ENSINO MÉDIO INCOMPLETO;Cisgênero;NÃO;ITAJAÍ;Não;Brasil;NÃO;SUL;1;SC;0;0;0;0;28;0;22;0;0;0;0;0;0;0;28;22;6;2025-04-29 16:22:43
2024;Parda;SOLTEIRO;17 anos                       ;FEMININO;ENSINO FUNDAMENTAL INCOMPLETO;Cisgênero;NÃO;ITAJAÍ;Não;Brasil;NÃO;SUL;1;SC;0;0;0;0;1;0;0;0;0;0;0;0;0;0;1;0;1;2025-04-29 16:22:43
2024;Parda;SOLTEIRO;17 anos                       ;FEMININO;ENSINO MÉDIO COMPLETO;Cisgênero;NÃO;ITAJAÍ;Não;Brasil;NÃO;SUL;1;SC;0;0;0;0;2;0;2;0;0;0;0;0;0;0;2;2;0;2025-04-29 16:22:43
2024;Parda;SOLTEIRO;17 anos                       ;FEMININO;ENSINO MÉDIO INCOMPLETO;Cisgênero;NÃO;ITAJAÍ;Não;Brasil;NÃO;SUL;1;SC;0;0;0;0;56;0;39;0;0;0;0;0;0;0;56;39;17;2025-04-29 16:22:43
2024;Parda;SOLTEIRO;17 anos                       ;FEMININO;ENSINO MÉDIO INCOMPLETO;Prefere não informar;NÃO;ITAJAÍ;Não;Brasil;NÃO;SUL;1;SC;0;0;0;0;1;0;1;0;0;0;0;0;0;0;1;1;0;2025-04-29 16:22:43
2024;Parda;SOLTEIRO;17 anos                       ;FEMININO;SUPERIOR INCOMPLETO;Cisgênero;NÃO;ITAJAÍ;Não;Brasil;NÃO;SUL;1;SC;0;0;0;0;2;0;0;0;0;0;0;0;0;0;2;0;2;2025-04-29 16:22:43
2024;Parda;SOLTEIRO;17 anos                       ;MASCULINO;ENSINO FUNDAMENTAL COMPLETO;Cisgênero;NÃO;ITAJAÍ;Não;Brasil;NÃO;SUL;1;SC;0;0;0;0;1;0;0;0;0;0;0;0;0;0;1;0;1;2025-04-29 16:22:43
2024;Parda;SOLTEIRO;17 anos                       ;MASCULINO;ENSINO FUNDAMENTAL INCOMPLETO;Cisgênero;NÃO;ITAJAÍ;Não;Brasil;NÃO;SUL;1;SC;1;0;0;0;4;0;2;0;1;0;0;1;0;0;4;2;2;2025-04-29 16:22:43
2024;Parda;SOLTEIRO;17 anos                       ;MASCULINO;ENSINO MÉDIO COMPLETO;Cisgênero;NÃO;ITAJAÍ;Não;Brasil;NÃO;SUL;1;SC;0;0;0;0;2;0;1;0;0;0;0;0;0;0;2;1;1;2025-04-29 16:22:43
2024;Parda;SOLTEIRO;17 anos                       ;MASCULINO;ENSINO MÉDIO INCOMPLETO;Cisgênero;NÃO;ITAJAÍ;Não;Brasil;NÃO;SUL;1;SC;0;0;0;0;68;0;44;0;1;0;1;0;0;0;68;44;24;2025-04-29 16:22:43
2024;Parda;SOLTEIRO;17 anos                       ;MASCULINO;ENSINO MÉDIO INCOMPLETO;Prefere não informar;NÃO;ITAJAÍ;Não;Brasil;NÃO;SUL;1;SC;0;0;0;0;4;0;3;0;0;0;0;0;0;0;4;3;1;2025-04-29 16:22:43
2024;Parda;SOLTEIRO;17 anos                       ;MASCULINO;ENSINO MÉDIO INCOMPLETO;Transgênero;NÃO;ITAJAÍ;Sim;Brasil;NÃO;SUL;1;SC;0;0;0;0;1;0;0;0;0;0;0;0;0;1;1;0;1;2025-04-29 16:22:43
2024;Parda;SOLTEIRO;18 anos                       ;FEMININO;ANALFABETO;Cisgênero;NÃO;ITAJAÍ;Não;Brasil;NÃO;SUL;1;SC;1;0;0;0;1;0;0;0;1;0;0;1;0;0;1;0;1;2025-04-29 16:22:43
2024;Parda;SOLTEIRO;18 anos                       ;FEMININO;ENSINO FUNDAMENTAL COMPLETO;Cisgênero;NÃO;ITAJAÍ;Não;Brasil;NÃO;SUL;1;SC;0;0;0;3;0;3;0;0;0;0;0;0;0;0;3;0;3;2025-04-29 16:22:43
2024;Parda;SOLTEIRO;18 anos                       ;FEMININO;ENSINO FUNDAMENTAL INCOMPLETO;Cisgênero;NÃO;ITAJAÍ;Não;Brasil;NÃO;SUL;1;SC;0;0;0;1;0;3;0;2;0;0;0;0;0;0;3;2;1;2025-04-29 16:22:43
2024;Parda;SOLTEIRO;18 anos                       ;FEMININO;ENSINO MÉDIO COMPLETO;Cisgênero;NÃO;ITAJAÍ;Não;Brasil;NÃO;SUL;1;SC;0;0;0;5;0;20;0;15;0;0;0;0;0;0;20;15;5;2025-04-29 16:22:43
2024;Parda;SOLTEIRO;18 anos                       ;FEMININO;ENSINO MÉDIO COMPLETO;Prefere não informar;NÃO;ITAJAÍ;Não;Brasil;NÃO;SUL;1;SC;0;0;0;1;0;2;0;1;0;0;0;0;0;0;2;1;1;2025-04-29 16:22:43
2024;Parda;SOLTEIRO;18 anos                       ;FEMININO;ENSINO MÉDIO INCOMPLETO;Cisgênero;NÃO;ITAJAÍ;Não;Brasil;NÃO;SUL;1;SC;1;0;0;14;0;64;0;50;0;1;0;0;1;0;64;50;14;2025-04-29 16:22:43
2024;Parda;SOLTEIRO;18 anos                       ;FEMININO;ENSINO MÉDIO INCOMPLETO;Prefere não informar;NÃO;ITAJAÍ;Não;Brasil;NÃO;SUL;1;SC;0;0;0;1;0;3;0;2;0;0;0;0;0;0;3;2;1;2025-04-29 16:22:43
2024;Parda;SOLTEIRO;18 anos                       ;FEMININO;SUPERIOR INCOMPLETO;Cisgênero;NÃO;ITAJAÍ;Não;Brasil;NÃO;SUL;1;SC;0;0;0;2;0;9;0;7;0;0;0;0;0;0;9;7;2;2025-04-29 16:22:43
2024;Parda;SOLTEIRO;18 anos                       ;MASCULINO;ENSINO FUNDAMENTAL COMPLETO;Cisgênero;NÃO;ITAJAÍ;Não;Brasil;NÃO;SUL;1;SC;0;0;0;3;0;5;0;2;0;0;0;0;0;0;5;2;3;2025-04-29 16:22:43
2024;Parda;SOLTEIRO;18 anos                       ;MASCULINO;ENSINO FUNDAMENTAL INCOMPLETO;Cisgênero;NÃO;ITAJAÍ;Não;Brasil;NÃO;SUL;1;SC;1;1;0;6;0;13;0;7;0;1;0;0;1;0;13;7;6;2025-04-29 16:22:43
2024;Parda;SOLTEIRO;18 anos                       ;MASCULINO;ENSINO FUNDAMENTAL INCOMPLETO;Transgênero;NÃO;ITAJAÍ;Não;Brasil;NÃO;SUL;1;SC;0;0;0;1;0;1;0;0;0;0;0;0;0;0;1;0;1;2025-04-29 16:22:43
2024;Parda;SOLTEIRO;18 anos                       ;MASCULINO;ENSINO MÉDIO COMPLETO;Cisgênero;NÃO;ITAJAÍ;Não;Brasil;NÃO;SUL;1;SC;0;0;0;8;0;35;0;27;0;2;2;0;0;0;35;27;8;2025-04-29 16:22:43
2024;Parda;SOLTEIRO;18 anos                       ;MASCULINO;ENSINO MÉDIO COMPLETO;Prefere não informar;NÃO;ITAJAÍ;Não;Brasil;NÃO;SUL;1;SC;0;0;0;0;0;2;0;2;0;0;0;0;0;0;2;2;0;2025-04-29 16:22:43
2024;Parda;SOLTEIRO;18 anos                       ;MASCULINO;ENSINO MÉDIO INCOMPLETO;Cisgênero;NÃO;ITAJAÍ;Não;Brasil;NÃO;SUL;1;SC;1;0;0;29;0;111;0;82;0;2;1;0;1;0;111;82;29;2025-04-29 16:22:43
2024;Parda;SOLTEIRO;18 anos                       ;MASCULINO;ENSINO MÉDIO INCOMPLETO;Prefere não informar;NÃO;ITAJAÍ;Não;Brasil;NÃO;SUL;1;SC;0;0;0;2;0;5;0;3;0;0;0;0;0;0;5;3;2;2025-04-29 16:22:43
2024;Parda;SOLTEIRO;18 anos                       ;MASCULINO;ENSINO MÉDIO INCOMPLETO;Transgênero;NÃO;ITAJAÍ;Não;Brasil;NÃO;SUL;1;SC;0;0;0;0;0;1;0;1;0;0;0;0;0;0;1;1;0;2025-04-29 16:22:43
2024;Parda;SOLTEIRO;18 anos                       ;MASCULINO;SUPERIOR INCOMPLETO;Cisgênero;NÃO;ITAJAÍ;Não;Brasil;NÃO;SUL;1;SC;0;0;0;1;0;9;0;8;0;1;1;0;0;0;9;8;1;2025-04-29 16:22:43
2024;Parda;SOLTEIRO;19 anos                       ;FEMININO;ENSINO FUNDAMENTAL COMPLETO;Cisgênero;NÃO;ITAJAÍ;Não;Brasil;NÃO;SUL;1;SC;0;0;0;3;0;5;0;2;0;0;0;0;0;0;5;2;3;2025-04-29 16:22:43
2024;Parda;SOLTEIRO;19 anos                       ;FEMININO;ENSINO FUNDAMENTAL INCOMPLETO;Cisgênero;NÃO;ITAJAÍ;Não;Brasil;NÃO;SUL;1;SC;0;0;0;2;0;5;0;3;0;0;0;0;0;0;5;3;2;2025-04-29 16:22:43
2024;Parda;SOLTEIRO;19 anos                       ;FEMININO;ENSINO FUNDAMENTAL INCOMPLETO;Prefere não informar;NÃO;ITAJAÍ;Não;Brasil;NÃO;SUL;1;SC;0;0;0;1;0;1;0;0;0;0;0;0;0;0;1;0;1;2025-04-29 16:22:43
2024;Parda;SOLTEIRO;19 anos                       ;FEMININO;ENSINO FUNDAMENTAL INCOMPLETO;Transgênero;NÃO;ITAJAÍ;Não;Brasil;NÃO;SUL;1;SC;0;0;0;1;0;1;0;0;0;0;0;0;0;0;1;0;1;2025-04-29 16:22:43
2024;Parda;SOLTEIRO;19 anos                       ;FEMININO;ENSINO MÉDIO COMPLETO;Cisgênero;NÃO;ITAJAÍ;Não;Brasil;NÃO;SUL;1;SC;1;0;0;20;0;63;0;43;0;2;1;0;1;0;63;43;20;2025-04-29 16:22:43
2024;Parda;SOLTEIRO;19 anos                       ;FEMININO;ENSINO MÉDIO COMPLETO;Prefere não informar;NÃO;ITAJAÍ;Não;Brasil;NÃO;SUL;1;SC;0;0;0;2;0;4;0;2;0;0;0;0;0;0;4;2;2;2025-04-29 16:22:43
2024;Parda;SOLTEIRO;19 anos                       ;FEMININO;ENSINO MÉDIO INCOMPLETO;Cisgênero;NÃO;ITAJAÍ;Não;Brasil;NÃO;SUL;1;SC;0;0;0;28;0;76;0;48;0;0;0;0;0;0;76;48;28;2025-04-29 16:22:43
2024;Parda;SOLTEIRO;19 anos                       ;FEMININO;ENSINO MÉDIO INCOMPLETO;Prefere não informar;NÃO;ITAJAÍ;Não;Brasil;NÃO;SUL;1;SC;0;0;0;4;0;6;0;2;0;0;0;0;0;0;6;2;4;2025-04-29 16:22:43
2024;Parda;SOLTEIRO;19 anos                       ;FEMININO;ENSINO MÉDIO INCOMPLETO;Transgênero;NÃO;ITAJAÍ;Não;Brasil;NÃO;SUL;1;SC;0;0;0;0;0;1;0;1;0;0;0;0;0;0;1;1;0;2025-04-29 16:22:43
2024;Parda;SOLTEIRO;19 anos                       ;FEMININO;SUPERIOR INCOMPLETO;Cisgênero;NÃO;ITAJAÍ;Não;Brasil;NÃO;SUL;1;SC;0;0;0;9;0;22;0;13;0;0;0;0;0;0;22;13;9;2025-04-29 16:22:43
2024;Parda;SOLTEIRO;19 anos                       ;FEMININO;SUPERIOR INCOMPLETO;Prefere não informar;NÃO;ITAJAÍ;Não;Brasil;NÃO;SUL;1;SC;0;0;0;0;0;2;0;2;0;0;0;0;0;0;2;2;0;2025-04-29 16:22:43
2024;Parda;SOLTEIRO;19 anos                       ;MASCULINO;ENSINO FUNDAMENTAL COMPLETO;Cisgênero;NÃO;ITAJAÍ;Não;Brasil;NÃO;SUL;1;SC;0;0;0;7;0;10;0;3;0;0;0;0;0;0;10;3;7;2025-04-29 16:22:43
2024;Parda;SOLTEIRO;19 anos                       ;MASCULINO;ENSINO FUNDAMENTAL INCOMPLETO;Cisgênero;NÃO;ITAJAÍ;Não;Brasil;NÃO;SUL;1;SC;0;0;0;14;0;21;0;7;0;0;0;0;0;0;21;7;14;2025-04-29 16:22:43
2024;Parda;SOLTEIRO;19 anos                       ;MASCULINO;ENSINO FUNDAMENTAL INCOMPLETO;Prefere não informar;NÃO;ITAJAÍ;Não;Brasil;NÃO;SUL;1;SC;0;0;0;1;0;2;0;1;0;0;0;0;0;0;2;1;1;2025-04-29 16:22:43
2024;Parda;SOLTEIRO;19 anos                       ;MASCULINO;ENSINO MÉDIO COMPLETO;Cisgênero;NÃO;ITAJAÍ;Não;Brasil;NÃO;SUL;1;SC;0;0;0;17;0;58;0;41;0;0;0;0;0;0;58;41;17;2025-04-29 16:22:43
2024;Parda;SOLTEIRO;19 anos                       ;MASCULINO;ENSINO MÉDIO COMPLETO;Prefere não informar;NÃO;ITAJAÍ;Não;Brasil;NÃO;SUL;1;SC;0;0;0;1;0;4;0;3;0;0;0;0;0;0;4;3;1;2025-04-29 16:22:43
2024;Parda;SOLTEIRO;19 anos                       ;MASCULINO;ENSINO MÉDIO COMPLETO;Transgênero;NÃO;ITAJAÍ;Não;Brasil;NÃO;SUL;1;SC;0;0;0;1;0;1;0;0;0;0;0;0;0;0;1;0;1;2025-04-29 16:22:43
2024;Parda;SOLTEIRO;19 anos                       ;MASCULINO;ENSINO MÉDIO COMPLETO;Transgênero;NÃO;ITAJAÍ;Sim;Brasil;NÃO;SUL;1;SC;0;0;0;1;0;1;0;0;0;0;0;0;0;1;1;0;1;2025-04-29 16:22:43
2024;Parda;SOLTEIRO;19 anos                       ;MASCULINO;ENSINO MÉDIO INCOMPLETO;Cisgênero;NÃO;ITAJAÍ;Não;Brasil;NÃO;SUL;1;SC;0;0;0;45;0;106;0;61;0;3;3;0;0;0;106;61;45;2025-04-29 16:22:43
2024;Parda;SOLTEIRO;19 anos                       ;MASCULINO;ENSINO MÉDIO INCOMPLETO;Prefere não informar;NÃO;ITAJAÍ;Não;Brasil;NÃO;SUL;1;SC;0;0;0;3;0;6;0;3;0;0;0;0;0;0;6;3;3;2025-04-29 16:22:43
2024;Parda;SOLTEIRO;19 anos                       ;MASCULINO;SUPERIOR COMPLETO;Cisgênero;NÃO;ITAJAÍ;Não;Brasil;NÃO;SUL;1;SC;0;0;0;1;0;1;0;0;0;0;0;0;0;0;1;0;1;2025-04-29 16:22:43
2024;Parda;SOLTEIRO;19 anos                       ;MASCULINO;SUPERIOR INCOMPLETO;Cisgênero;NÃO;ITAJAÍ;Não;Brasil;NÃO;SUL;1;SC;0;0;0;1;0;8;0;7;0;0;0;0;0;0;8;7;1;2025-04-29 16:22:43
2024;Parda;SOLTEIRO;20 anos                       ;FEMININO;ENSINO FUNDAMENTAL COMPLETO;Cisgênero;NÃO;ITAJAÍ;Não;Brasil;NÃO;SUL;1;SC;0;0;0;4;0;7;0;3;0;0;0;0;0;0;7;3;4;2025-04-29 16:22:43
2024;Parda;SOLTEIRO;20 anos                       ;FEMININO;ENSINO FUNDAMENTAL INCOMPLETO;Cisgênero;NÃO;ITAJAÍ;Não;Brasil;NÃO;SUL;1;SC;0;0;0;4;0;12;0;8;0;1;1;0;0;0;12;8;4;2025-04-29 16:22:43
2024;Parda;SOLTEIRO;20 anos                       ;FEMININO;ENSINO FUNDAMENTAL INCOMPLETO;Prefere não informar;NÃO;ITAJAÍ;Não;Brasil;NÃO;SUL;1;SC;0;0;0;1;0;1;0;0;0;0;0;0;0;0;1;0;1;2025-04-29 16:22:43
2024;Parda;SOLTEIRO;20 anos                       ;FEMININO;ENSINO FUNDAMENTAL INCOMPLETO;Transgênero;NÃO;ITAJAÍ;Não;Brasil;NÃO;SUL;1;SC;0;0;0;0;0;1;0;1;0;0;0;0;0;0;1;1;0;2025-04-29 16:22:43
2024;Parda;SOLTEIRO;20 anos                       ;FEMININO;ENSINO MÉDIO COMPLETO;Cisgênero;NÃO;ITAJAÍ;Não;Brasil;NÃO;SUL;1;SC;0;0;0;11;0;48;0;37;0;0;0;0;0;0;48;37;11;2025-04-29 16:22:43
2024;Parda;SOLTEIRO;20 anos                       ;FEMININO;ENSINO MÉDIO COMPLETO;Cisgênero;SIM;ITAJAÍ;Não;Brasil;NÃO;SUL;1;SC;0;0;0;1;0;2;0;1;0;0;0;0;0;0;2;1;1;2025-04-29 16:22:43
2024;Parda;SOLTEIRO;20 anos                       ;FEMININO;ENSINO MÉDIO COMPLETO;Prefere não informar;NÃO;ITAJAÍ;Não;Brasil;NÃO;SUL;1;SC;0;0;0;2;0;5;0;3;0;0;0;0;0;0;5;3;2;2025-04-29 16:22:43
2024;Parda;SOLTEIRO;20 anos                       ;FEMININO;ENSINO MÉDIO INCOMPLETO;Cisgênero;NÃO;ITAJAÍ;Não;Brasil;NÃO;SUL;1;SC;0;0;0;21;0;40;0;19;0;0;0;0;0;0;40;19;21;2025-04-29 16:22:43
2024;Parda;SOLTEIRO;20 anos                       ;FEMININO;ENSINO MÉDIO INCOMPLETO;Prefere não informar;NÃO;ITAJAÍ;Não;Brasil;NÃO;SUL;1;SC;0;0;0;2;0;3;0;1;0;0;0;0;0;0;3;1;2;2025-04-29 16:22:43
2024;Parda;SOLTEIRO;20 anos                       ;FEMININO;SUPERIOR INCOMPLETO;Cisgênero;NÃO;ITAJAÍ;Não;Brasil;NÃO;SUL;1;SC;0;1;0;5;0;18;0;13;0;0;0;0;0;0;18;13;5;2025-04-29 16:22:43
2024;Parda;SOLTEIRO;20 anos                       ;MASCULINO;ENSINO FUNDAMENTAL COMPLETO;Cisgênero;NÃO;ITAJAÍ;Não;Brasil;NÃO;SUL;1;SC;0;0;0;2;0;5;0;3;0;0;0;0;0;0;5;3;2;2025-04-29 16:22:43
2024;Parda;SOLTEIRO;20 anos                       ;MASCULINO;ENSINO FUNDAMENTAL INCOMPLETO;Cisgênero;NÃO;ITAJAÍ;Não;Brasil;NÃO;SUL;1;SC;0;0;0;9;0;13;0;4;0;0;0;0;0;0;13;4;9;2025-04-29 16:22:43
2024;Parda;SOLTEIRO;20 anos                       ;MASCULINO;ENSINO FUNDAMENTAL INCOMPLETO;Prefere não informar;NÃO;ITAJAÍ;Não;Brasil;NÃO;SUL;1;SC;0;0;0;1;0;1;0;0;0;0;0;0;0;0;1;0;1;2025-04-29 16:22:43
2024;Parda;SOLTEIRO;20 anos                       ;MASCULINO;ENSINO MÉDIO COMPLETO;Cisgênero;NÃO;ITAJAÍ;Não;Brasil;NÃO;SUL;1;SC;0;0;0;21;0;49;0;28;0;2;2;0;0;0;49;28;21;2025-04-29 16:22:43
2024;Parda;SOLTEIRO;20 anos                       ;MASCULINO;ENSINO MÉDIO COMPLETO;Cisgênero;SIM;ITAJAÍ;Não;Brasil;NÃO;SUL;1;SC;0;0;0;0;0;1;0;1;0;0;0;0;0;0;1;1;0;2025-04-29 16:22:43
2024;Parda;SOLTEIRO;20 anos                       ;MASCULINO;ENSINO MÉDIO INCOMPLETO;Cisgênero;NÃO;ITAJAÍ;Não;Brasil;NÃO;SUL;1;SC;0;0;0;31;0;48;0;17;0;0;0;0;0;0;48;17;31;2025-04-29 16:22:43
2024;Parda;SOLTEIRO;20 anos                       ;MASCULINO;ENSINO MÉDIO INCOMPLETO;Prefere não informar;NÃO;ITAJAÍ;Não;Brasil;NÃO;SUL;1;SC;0;0;0;4;0;4;0;0;0;0;0;0;0;0;4;0;4;2025-04-29 16:22:43
2024;Parda;SOLTEIRO;20 anos                       ;MASCULINO;SUPERIOR COMPLETO;Cisgênero;NÃO;ITAJAÍ;Não;Brasil;NÃO;SUL;1;SC;0;0;0;1;0;2;0;1;0;0;0;0;0;0;2;1;1;2025-04-29 16:22:43
2024;Parda;SOLTEIRO;20 anos                       ;MASCULINO;SUPERIOR INCOMPLETO;Cisgênero;NÃO;ITAJAÍ;Não;Brasil;NÃO;SUL;1;SC;0;0;0;1;0;7;0;6;0;0;0;0;0;0;7;6;1;2025-04-29 16:22:43
2024;Parda;SOLTEIRO;21 a 24 anos                  ;FEMININO;ANALFABETO;Cisgênero;NÃO;ITAJAÍ;Não;Brasil;NÃO;SUL;1;SC;0;0;0;0;1;0;1;0;0;0;0;0;0;0;1;1;0;2025-04-29 16:22:43
2024;Parda;SOLTEIRO;21 a 24 anos                  ;FEMININO;ENSINO FUNDAMENTAL COMPLETO;Cisgênero;NÃO;ITAJAÍ;Não;Brasil;NÃO;SUL;1;SC;0;0;0;9;0;11;0;2;0;0;0;0;0;0;11;2;9;2025-04-29 16:22:43
2024;Parda;SOLTEIRO;21 a 24 anos                  ;FEMININO;ENSINO FUNDAMENTAL COMPLETO;Transgênero;NÃO;ITAJAÍ;Sim;Brasil;NÃO;SUL;1;SC;0;0;0;1;0;1;0;0;0;0;0;0;0;1;1;0;1;2025-04-29 16:22:43
2024;Parda;SOLTEIRO;21 a 24 anos                  ;FEMININO;ENSINO FUNDAMENTAL INCOMPLETO;Cisgênero;NÃO;ITAJAÍ;Não;Brasil;NÃO;SUL;1;SC;0;0;0;10;0;17;0;7;0;0;0;0;0;0;17;7;10;2025-04-29 16:22:43
2024;Parda;SOLTEIRO;21 a 24 anos                  ;FEMININO;ENSINO FUNDAMENTAL INCOMPLETO;Prefere não informar;NÃO;ITAJAÍ;Não;Brasil;NÃO;SUL;1;SC;0;0;0;4;0;6;0;2;0;0;0;0;0;0;6;2;4;2025-04-29 16:22:43
2024;Parda;SOLTEIRO;21 a 24 anos                  ;FEMININO;ENSINO MÉDIO COMPLETO;Cisgênero;NÃO;ITAJAÍ;Não;Brasil;NÃO;SUL;1;SC;0;0;0;38;0;78;0;40;0;0;0;0;0;0;78;40;38;2025-04-29 16:22:43
2024;Parda;SOLTEIRO;21 a 24 anos                  ;FEMININO;ENSINO MÉDIO COMPLETO;Cisgênero;SIM;ITAJAÍ;Não;Brasil;NÃO;SUL;1;SC;0;0;0;2;0;2;0;0;0;0;0;0;0;0;2;0;2;2025-04-29 16:22:43
2024;Parda;SOLTEIRO;21 a 24 anos                  ;FEMININO;ENSINO MÉDIO COMPLETO;Prefere não informar;NÃO;ITAJAÍ;Não;Brasil;NÃO;SUL;1;SC;0;0;0;2;0;5;0;3;0;0;0;0;0;0;5;3;2;2025-04-29 16:22:43
2024;Parda;SOLTEIRO;21 a 24 anos                  ;FEMININO;ENSINO MÉDIO INCOMPLETO;Cisgênero;NÃO;ITAJAÍ;Não;Brasil;NÃO;SUL;1;SC;0;0;0;26;0;53;0;27;0;0;0;0;0;0;53;27;26;2025-04-29 16:22:43
2024;Parda;SOLTEIRO;21 a 24 anos                  ;FEMININO;ENSINO MÉDIO INCOMPLETO;Cisgênero;SIM;ITAJAÍ;Não;Brasil;NÃO;SUL;1;SC;0;0;0;2;0;3;0;1;0;0;0;0;0;0;3;1;2;2025-04-29 16:22:43
2024;Parda;SOLTEIRO;21 a 24 anos                  ;FEMININO;ENSINO MÉDIO INCOMPLETO;Prefere não informar;NÃO;ITAJAÍ;Não;Brasil;NÃO;SUL;1;SC;0;0;0;3;0;9;0;6;0;0;0;0;0;0;9;6;3;2025-04-29 16:22:43
2024;Parda;SOLTEIRO;21 a 24 anos                  ;FEMININO;SUPERIOR COMPLETO;Cisgênero;NÃO;ITAJAÍ;Não;Brasil;NÃO;SUL;1;SC;0;0;0;3;0;5;0;2;0;0;0;0;0;0;5;2;3;2025-04-29 16:22:43
2024;Parda;SOLTEIRO;21 a 24 anos                  ;FEMININO;SUPERIOR COMPLETO;Prefere não informar;NÃO;ITAJAÍ;Não;Brasil;NÃO;SUL;1;SC;0;0;0;1;0;1;0;0;0;0;0;0;0;0;1;0;1;2025-04-29 16:22:43
2024;Parda;SOLTEIRO;21 a 24 anos                  ;FEMININO;SUPERIOR INCOMPLETO;Cisgênero;NÃO;ITAJAÍ;Não;Brasil;NÃO;SUL;1;SC;0;1;0;11;0;30;0;19;0;0;0;0;0;0;30;19;11;2025-04-29 16:22:43
2024;Parda;SOLTEIRO;21 a 24 anos                  ;FEMININO;SUPERIOR INCOMPLETO;Cisgênero;SIM;ITAJAÍ;Não;Brasil;NÃO;SUL;1;SC;0;0;0;1;0;1;0;0;0;0;0;0;0;0;1;0;1;2025-04-29 16:22:43
2024;Parda;SOLTEIRO;21 a 24 anos                  ;FEMININO;SUPERIOR INCOMPLETO;Cisgênero;SIM;ITAJAÍ;Não;Brasil;SIM;SUL;1;SC;0;0;0;1;0;1;0;0;0;0;0;0;0;0;1;0;1;2025-04-29 16:22:43
2024;Parda;SOLTEIRO;21 a 24 anos                  ;FEMININO;SUPERIOR INCOMPLETO;Prefere não informar;NÃO;ITAJAÍ;Não;Brasil;NÃO;SUL;1;SC;0;0;0;0;0;1;0;1;0;0;0;0;0;0;1;1;0;2025-04-29 16:22:43
2024;Parda;SOLTEIRO;21 a 24 anos                  ;MASCULINO;ENSINO FUNDAMENTAL COMPLETO;Cisgênero;NÃO;ITAJAÍ;Não;Brasil;NÃO;SUL;1;SC;0;0;0;10;0;19;0;9;0;0;0;0;0;0;19;9;10;2025-04-29 16:22:43
2024;Parda;SOLTEIRO;21 a 24 anos                  ;MASCULINO;ENSINO FUNDAMENTAL COMPLETO;Prefere não informar;NÃO;ITAJAÍ;Não;Brasil;NÃO;SUL;1;SC;0;0;0;1;0;1;0;0;0;0;0;0;0;0;1;0;1;2025-04-29 16:22:43
2024;Parda;SOLTEIRO;21 a 24 anos                  ;MASCULINO;ENSINO FUNDAMENTAL INCOMPLETO;Cisgênero;NÃO;ITAJAÍ;Não;Brasil;NÃO;SUL;1;SC;0;1;0;27;0;37;0;10;0;0;0;0;0;0;37;10;27;2025-04-29 16:22:43
2024;Parda;SOLTEIRO;21 a 24 anos                  ;MASCULINO;ENSINO FUNDAMENTAL INCOMPLETO;Prefere não informar;NÃO;ITAJAÍ;Não;Brasil;NÃO;SUL;1;SC;0;0;0;1;0;2;0;1;0;0;0;0;0;0;2;1;1;2025-04-29 16:22:43
2024;Parda;SOLTEIRO;21 a 24 anos                  ;MASCULINO;ENSINO MÉDIO COMPLETO;Cisgênero;NÃO;ITAJAÍ;Não;Brasil;NÃO;SUL;1;SC;1;0;0;47;0;108;0;61;0;1;0;0;1;0;108;61;47;2025-04-29 16:22:43
2024;Parda;SOLTEIRO;21 a 24 anos                  ;MASCULINO;ENSINO MÉDIO COMPLETO;Cisgênero;SIM;ITAJAÍ;Não;Brasil;NÃO;SUL;1;SC;0;0;0;1;0;1;0;0;0;0;0;0;0;0;1;0;1;2025-04-29 16:22:43
2024;Parda;SOLTEIRO;21 a 24 anos                  ;MASCULINO;ENSINO MÉDIO COMPLETO;Prefere não informar;NÃO;ITAJAÍ;Não;Brasil;NÃO;SUL;1;SC;0;0;0;3;0;7;0;4;0;0;0;0;0;0;7;4;3;2025-04-29 16:22:43
2024;Parda;SOLTEIRO;21 a 24 anos                  ;MASCULINO;ENSINO MÉDIO COMPLETO;Prefere não informar;SIM;ITAJAÍ;Não;Brasil;NÃO;SUL;1;SC;0;0;0;1;0;2;0;1;0;0;0;0;0;0;2;1;1;2025-04-29 16:22:43
2024;Parda;SOLTEIRO;21 a 24 anos                  ;MASCULINO;ENSINO MÉDIO INCOMPLETO;Cisgênero;NÃO;ITAJAÍ;Não;Brasil;NÃO;SUL;1;SC;0;2;0;46;0;79;0;33;0;0;0;0;0;0;79;33;46;2025-04-29 16:22:43
2024;Parda;SOLTEIRO;21 a 24 anos                  ;MASCULINO;ENSINO MÉDIO INCOMPLETO;Cisgênero;SIM;ITAJAÍ;Não;Brasil;NÃO;SUL;1;SC;0;0;0;1;0;2;0;1;0;0;0;0;0;0;2;1;1;2025-04-29 16:22:43
2024;Parda;SOLTEIRO;21 a 24 anos                  ;MASCULINO;ENSINO MÉDIO INCOMPLETO;Prefere não informar;NÃO;ITAJAÍ;Não;Brasil;NÃO;SUL;1;SC;0;0;0;6;0;11;0;5;0;0;0;0;0;0;11;5;6;2025-04-29 16:22:43
2024;Parda;SOLTEIRO;21 a 24 anos                  ;MASCULINO;ENSINO MÉDIO INCOMPLETO;Prefere não informar;SIM;ITAJAÍ;Não;Brasil;NÃO;SUL;1;SC;0;0;0;1;0;1;0;0;0;0;0;0;0;0;1;0;1;2025-04-29 16:22:43
2024;Parda;SOLTEIRO;21 a 24 anos                  ;MASCULINO;ENSINO MÉDIO INCOMPLETO;Transgênero;NÃO;ITAJAÍ;Não;Brasil;NÃO;SUL;1;SC;0;0;0;0;0;1;0;1;0;0;0;0;0;0;1;1;0;2025-04-29 16:22:43
2024;Parda;SOLTEIRO;21 a 24 anos                  ;MASCULINO;LÊ E ESCREVE;Cisgênero;NÃO;ITAJAÍ;Não;Brasil;NÃO;SUL;1;SC;0;0;0;2;0;2;0;0;0;0;0;0;0;0;2;0;2;2025-04-29 16:22:43
2024;Parda;SOLTEIRO;21 a 24 anos                  ;MASCULINO;LÊ E ESCREVE;Cisgênero;SIM;ITAJAÍ;Não;Brasil;NÃO;SUL;1;SC;0;0;0;1;0;1;0;0;0;0;0;0;0;0;1;0;1;2025-04-29 16:22:43
2024;Parda;SOLTEIRO;21 a 24 anos                  ;MASCULINO;SUPERIOR COMPLETO;Cisgênero;NÃO;ITAJAÍ;Não;Brasil;NÃO;SUL;1;SC;0;0;0;1;0;2;0;1;0;0;0;0;0;0;2;1;1;2025-04-29 16:22:43
2024;Parda;SOLTEIRO;21 a 24 anos                  ;MASCULINO;SUPERIOR INCOMPLETO;Cisgênero;NÃO;ITAJAÍ;Não;Brasil;NÃO;SUL;1;SC;0;0;0;7;0;24;0;17;0;0;0;0;0;0;24;17;7;2025-04-29 16:22:43
2024;Parda;SOLTEIRO;21 a 24 anos                  ;MASCULINO;SUPERIOR INCOMPLETO;Cisgênero;SIM;ITAJAÍ;Não;Brasil;NÃO;SUL;1;SC;0;0;0;0;0;2;0;2;0;0;0;0;0;0;2;2;0;2025-04-29 16:22:43
2024;Parda;SOLTEIRO;21 a 24 anos                  ;MASCULINO;SUPERIOR INCOMPLETO;Prefere não informar;NÃO;ITAJAÍ;Não;Brasil;NÃO;SUL;1;SC;0;0;0;0;0;3;0;3;0;1;1;0;0;0;3;3;0;2025-04-29 16:22:43
2024;Parda;SOLTEIRO;25 a 29 anos                  ;FEMININO;ENSINO FUNDAMENTAL COMPLETO;Cisgênero;NÃO;ITAJAÍ;Não;Brasil;NÃO;SUL;1;SC;0;0;0;5;0;11;0;6;0;0;0;0;0;0;11;6;5;2025-04-29 16:22:43
2024;Parda;SOLTEIRO;25 a 29 anos                  ;FEMININO;ENSINO FUNDAMENTAL COMPLETO;Prefere não informar;NÃO;ITAJAÍ;Não;Brasil;NÃO;SUL;1;SC;0;0;0;0;0;1;0;1;0;0;0;0;0;0;1;1;0;2025-04-29 16:22:43
2024;Parda;SOLTEIRO;25 a 29 anos                  ;FEMININO;ENSINO FUNDAMENTAL COMPLETO;Prefere não informar;SIM;ITAJAÍ;Não;Brasil;NÃO;SUL;1;SC;0;0;0;1;0;1;0;0;0;0;0;0;0;0;1;0;1;2025-04-29 16:22:43
2024;Parda;SOLTEIRO;25 a 29 anos                  ;FEMININO;ENSINO FUNDAMENTAL COMPLETO;Transgênero;NÃO;ITAJAÍ;Não;Brasil;NÃO;SUL;1;SC;0;0;0;1;0;1;0;0;0;0;0;0;0;0;1;0;1;2025-04-29 16:22:43
2024;Parda;SOLTEIRO;25 a 29 anos                  ;FEMININO;ENSINO FUNDAMENTAL INCOMPLETO;Cisgênero;NÃO;ITAJAÍ;Não;Brasil;NÃO;SUL;1;SC;0;0;0;17;0;26;0;9;0;0;0;0;0;0;26;9;17;2025-04-29 16:22:43
2024;Parda;SOLTEIRO;25 a 29 anos                  ;FEMININO;ENSINO FUNDAMENTAL INCOMPLETO;Prefere não informar;NÃO;ITAJAÍ;Não;Brasil;NÃO;SUL;1;SC;0;0;0;1;0;3;0;2;0;0;0;0;0;0;3;2;1;2025-04-29 16:22:43
2024;Parda;SOLTEIRO;25 a 29 anos                  ;FEMININO;ENSINO FUNDAMENTAL INCOMPLETO;Prefere não informar;SIM;ITAJAÍ;Não;Brasil;NÃO;SUL;1;SC;0;0;0;0;0;1;0;1;0;0;0;0;0;0;1;1;0;2025-04-29 16:22:43
2024;Parda;SOLTEIRO;25 a 29 anos                  ;FEMININO;ENSINO MÉDIO COMPLETO;Cisgênero;NÃO;ITAJAÍ;Não;Brasil;NÃO;SUL;1;SC;0;0;0;28;0;84;0;56;0;1;1;0;0;0;84;56;28;2025-04-29 16:22:43
2024;Parda;SOLTEIRO;25 a 29 anos                  ;FEMININO;ENSINO MÉDIO COMPLETO;Cisgênero;SIM;ITAJAÍ;Não;Brasil;NÃO;SUL;1;SC;0;0;0;0;0;1;0;1;0;0;0;0;0;0;1;1;0;2025-04-29 16:22:43
2024;Parda;SOLTEIRO;25 a 29 anos                  ;FEMININO;ENSINO MÉDIO COMPLETO;Prefere não informar;NÃO;ITAJAÍ;Não;Brasil;NÃO;SUL;1;SC;0;0;0;4;0;7;0;3;0;0;0;0;0;0;7;3;4;2025-04-29 16:22:43
2024;Parda;SOLTEIRO;25 a 29 anos                  ;FEMININO;ENSINO MÉDIO COMPLETO;Prefere não informar;SIM;ITAJAÍ;Não;Brasil;NÃO;SUL;1;SC;0;0;0;1;0;2;0;1;0;0;0;0;0;0;2;1;1;2025-04-29 16:22:43
2024;Parda;SOLTEIRO;25 a 29 anos                  ;FEMININO;ENSINO MÉDIO INCOMPLETO;Cisgênero;NÃO;ITAJAÍ;Não;Brasil;NÃO;SUL;1;SC;0;0;0;9;0;38;0;29;0;0;0;0;0;0;38;29;9;2025-04-29 16:22:43
2024;Parda;SOLTEIRO;25 a 29 anos                  ;FEMININO;ENSINO MÉDIO INCOMPLETO;Cisgênero;SIM;ITAJAÍ;Não;Brasil;NÃO;SUL;1;SC;0;0;0;1;0;1;0;0;0;0;0;0;0;0;1;0;1;2025-04-29 16:22:43
2024;Parda;SOLTEIRO;25 a 29 anos                  ;FEMININO;ENSINO MÉDIO INCOMPLETO;Prefere não informar;NÃO;ITAJAÍ;Não;Brasil;NÃO;SUL;1;SC;0;0;0;3;0;5;0;2;0;0;0;0;0;0;5;2;3;2025-04-29 16:22:43
2024;Parda;SOLTEIRO;25 a 29 anos                  ;FEMININO;ENSINO MÉDIO INCOMPLETO;Prefere não informar;SIM;ITAJAÍ;Não;Brasil;NÃO;SUL;1;SC;1;0;0;1;0;1;0;0;0;1;0;0;1;0;1;0;1;2025-04-29 16:22:43
2024;Parda;SOLTEIRO;25 a 29 anos                  ;FEMININO;SUPERIOR COMPLETO;Cisgênero;NÃO;ITAJAÍ;Não;Brasil;NÃO;SUL;1;SC;0;0;0;2;0;17;0;15;0;1;1;0;0;0;17;15;2;2025-04-29 16:22:43
2024;Parda;SOLTEIRO;25 a 29 anos                  ;FEMININO;SUPERIOR COMPLETO;Prefere não informar;NÃO;ITAJAÍ;Não;Brasil;NÃO;SUL;1;SC;0;0;0;1;0;5;0;4;0;0;0;0;0;0;5;4;1;2025-04-29 16:22:43
2024;Parda;SOLTEIRO;25 a 29 anos                  ;FEMININO;SUPERIOR INCOMPLETO;Cisgênero;NÃO;ITAJAÍ;Não;Brasil;NÃO;SUL;1;SC;0;0;0;3;0;31;0;28;0;1;1;0;0;0;31;28;3;2025-04-29 16:22:43
2024;Parda;SOLTEIRO;25 a 29 anos                  ;FEMININO;SUPERIOR INCOMPLETO;Prefere não informar;NÃO;ITAJAÍ;Não;Brasil;NÃO;SUL;1;SC;0;0;0;0;0;2;0;2;0;0;0;0;0;0;2;2;0;2025-04-29 16:22:43
2024;Parda;SOLTEIRO;25 a 29 anos                  ;MASCULINO;ANALFABETO;Cisgênero;NÃO;ITAJAÍ;Não;Brasil;NÃO;SUL;1;SC;1;0;0;0;2;0;1;0;2;0;1;1;0;0;2;1;1;2025-04-29 16:22:43
2024;Parda;SOLTEIRO;25 a 29 anos                  ;MASCULINO;ANALFABETO;Prefere não informar;NÃO;ITAJAÍ;Não;Brasil;NÃO;SUL;1;SC;0;0;0;0;1;0;0;0;0;0;0;0;0;0;1;0;1;2025-04-29 16:22:43
2024;Parda;SOLTEIRO;25 a 29 anos                  ;MASCULINO;ENSINO FUNDAMENTAL COMPLETO;Cisgênero;NÃO;ITAJAÍ;Não;Brasil;NÃO;SUL;1;SC;0;0;0;10;0;15;0;5;0;0;0;0;0;0;15;5;10;2025-04-29 16:22:43
2024;Parda;SOLTEIRO;25 a 29 anos                  ;MASCULINO;ENSINO FUNDAMENTAL COMPLETO;Prefere não informar;NÃO;ITAJAÍ;Não;Brasil;NÃO;SUL;1;SC;0;0;0;1;0;2;0;1;0;0;0;0;0;0;2;1;1;2025-04-29 16:22:43
2024;Parda;SOLTEIRO;25 a 29 anos                  ;MASCULINO;ENSINO FUNDAMENTAL INCOMPLETO;Cisgênero;NÃO;ITAJAÍ;Não;Brasil;NÃO;SUL;1;SC;0;0;0;10;0;21;0;11;0;0;0;0;0;0;21;11;10;2025-04-29 16:22:43
2024;Parda;SOLTEIRO;25 a 29 anos                  ;MASCULINO;ENSINO FUNDAMENTAL INCOMPLETO;Prefere não informar;NÃO;ITAJAÍ;Não;Brasil;NÃO;SUL;1;SC;0;0;0;2;0;8;0;6;0;0;0;0;0;0;8;6;2;2025-04-29 16:22:43
2024;Parda;SOLTEIRO;25 a 29 anos                  ;MASCULINO;ENSINO FUNDAMENTAL INCOMPLETO;Prefere não informar;SIM;ITAJAÍ;Não;Brasil;NÃO;SUL;1;SC;0;0;0;1;0;1;0;0;0;0;0;0;0;0;1;0;1;2025-04-29 16:22:43
2024;Parda;SOLTEIRO;25 a 29 anos                  ;MASCULINO;ENSINO MÉDIO COMPLETO;Cisgênero;NÃO;ITAJAÍ;Não;Brasil;NÃO;SUL;1;SC;0;0;0;26;0;74;0;48;0;0;0;0;0;0;74;48;26;2025-04-29 16:22:43
2024;Parda;SOLTEIRO;25 a 29 anos                  ;MASCULINO;ENSINO MÉDIO COMPLETO;Cisgênero;SIM;ITAJAÍ;Não;Brasil;NÃO;SUL;1;SC;0;0;0;0;0;3;0;3;0;0;0;0;0;0;3;3;0;2025-04-29 16:22:43
2024;Parda;SOLTEIRO;25 a 29 anos                  ;MASCULINO;ENSINO MÉDIO COMPLETO;Prefere não informar;NÃO;ITAJAÍ;Não;Brasil;NÃO;SUL;1;SC;0;0;0;2;0;5;0;3;0;0;0;0;0;0;5;3;2;2025-04-29 16:22:43
2024;Parda;SOLTEIRO;25 a 29 anos                  ;MASCULINO;ENSINO MÉDIO COMPLETO;Transgênero;NÃO;ITAJAÍ;Não;Brasil;NÃO;SUL;1;SC;0;0;0;1;0;1;0;0;0;0;0;0;0;0;1;0;1;2025-04-29 16:22:43
2024;Parda;SOLTEIRO;25 a 29 anos                  ;MASCULINO;ENSINO MÉDIO INCOMPLETO;Cisgênero;NÃO;ITAJAÍ;Não;Brasil;NÃO;SUL;1;SC;1;0;0;18;0;44;0;26;0;1;0;0;1;0;44;26;18;2025-04-29 16:22:43
2024;Parda;SOLTEIRO;25 a 29 anos                  ;MASCULINO;ENSINO MÉDIO INCOMPLETO;Cisgênero;SIM;ITAJAÍ;Não;Brasil;NÃO;SUL;1;SC;0;0;0;0;0;1;0;1;0;0;0;0;0;0;1;1;0;2025-04-29 16:22:43
2024;Parda;SOLTEIRO;25 a 29 anos                  ;MASCULINO;ENSINO MÉDIO INCOMPLETO;Prefere não informar;NÃO;ITAJAÍ;Não;Brasil;NÃO;SUL;1;SC;0;0;0;2;0;6;0;4;0;0;0;0;0;0;6;4;2;2025-04-29 16:22:43
2024;Parda;SOLTEIRO;25 a 29 anos                  ;MASCULINO;ENSINO MÉDIO INCOMPLETO;Transgênero;NÃO;ITAJAÍ;Não;Brasil;NÃO;SUL;1;SC;0;0;0;0;0;1;0;1;0;0;0;0;0;0;1;1;0;2025-04-29 16:22:43
2024;Parda;SOLTEIRO;25 a 29 anos                  ;MASCULINO;LÊ E ESCREVE;Prefere não informar;SIM;ITAJAÍ;Não;Brasil;NÃO;SUL;1;SC;0;0;0;0;0;1;0;1;0;0;0;0;0;0;1;1;0;2025-04-29 16:22:43
2024;Parda;SOLTEIRO;25 a 29 anos                  ;MASCULINO;SUPERIOR COMPLETO;Cisgênero;NÃO;ITAJAÍ;Não;Brasil;NÃO;SUL;1;SC;0;0;0;5;0;13;0;8;0;0;0;0;0;0;13;8;5;2025-04-29 16:22:43
2024;Parda;SOLTEIRO;25 a 29 anos                  ;MASCULINO;SUPERIOR COMPLETO;Prefere não informar;NÃO;ITAJAÍ;Não;Brasil;NÃO;SUL;1;SC;0;0;0;0;0;1;0;1;0;0;0;0;0;0;1;1;0;2025-04-29 16:22:43
2024;Parda;SOLTEIRO;25 a 29 anos                  ;MASCULINO;SUPERIOR INCOMPLETO;Cisgênero;NÃO;ITAJAÍ;Não;Brasil;NÃO;SUL;1;SC;0;0;0;6;0;19;0;13;0;0;0;0;0;0;19;13;6;2025-04-29 16:22:43
2024;Parda;SOLTEIRO;30 a 34 anos                  ;FEMININO;ANALFABETO;Cisgênero;NÃO;ITAJAÍ;Não;Brasil;NÃO;SUL;1;SC;0;0;0;0;1;0;1;0;1;0;1;0;0;0;1;1;0;2025-04-29 16:22:43
2024;Parda;SOLTEIRO;30 a 34 anos                  ;FEMININO;ENSINO FUNDAMENTAL COMPLETO;Cisgênero;NÃO;ITAJAÍ;Não;Brasil;NÃO;SUL;1;SC;0;0;0;1;0;9;0;8;0;0;0;0;0;0;9;8;1;2025-04-29 16:22:43
2024;Parda;SOLTEIRO;30 a 34 anos                  ;FEMININO;ENSINO FUNDAMENTAL COMPLETO;Prefere não informar;NÃO;ITAJAÍ;Não;Brasil;NÃO;SUL;1;SC;0;0;0;1;0;2;0;1;0;0;0;0;0;0;2;1;1;2025-04-29 16:22:43
2024;Parda;SOLTEIRO;30 a 34 anos                  ;FEMININO;ENSINO FUNDAMENTAL COMPLETO;Prefere não informar;SIM;ITAJAÍ;Não;Brasil;NÃO;SUL;1;SC;0;0;0;0;0;1;0;1;0;0;0;0;0;0;1;1;0;2025-04-29 16:22:43
2024;Parda;SOLTEIRO;30 a 34 anos                  ;FEMININO;ENSINO FUNDAMENTAL INCOMPLETO;Cisgênero;NÃO;ITAJAÍ;Não;Brasil;NÃO;SUL;1;SC;0;0;0;5;0;17;0;12;0;0;0;0;0;0;17;12;5;2025-04-29 16:22:43
2024;Parda;SOLTEIRO;30 a 34 anos                  ;FEMININO;ENSINO FUNDAMENTAL INCOMPLETO;Cisgênero;SIM;ITAJAÍ;Não;Brasil;NÃO;SUL;1;SC;0;0;0;0;0;1;0;1;0;0;0;0;0;0;1;1;0;2025-04-29 16:22:43
2024;Parda;SOLTEIRO;30 a 34 anos                  ;FEMININO;ENSINO FUNDAMENTAL INCOMPLETO;Prefere não informar;NÃO;ITAJAÍ;Não;Brasil;NÃO;SUL;1;SC;0;0;0;1;0;1;0;0;0;0;0;0;0;0;1;0;1;2025-04-29 16:22:43
2024;Parda;SOLTEIRO;30 a 34 anos                  ;FEMININO;ENSINO MÉDIO COMPLETO;Cisgênero;NÃO;ITAJAÍ;Não;Brasil;NÃO;SUL;1;SC;0;0;0;16;0;63;0;47;0;2;2;0;0;0;63;47;16;2025-04-29 16:22:43
2024;Parda;SOLTEIRO;30 a 34 anos                  ;FEMININO;ENSINO MÉDIO COMPLETO;Cisgênero;SIM;ITAJAÍ;Não;Brasil;NÃO;SUL;1;SC;0;0;0;0;0;3;0;3;0;0;0;0;0;0;3;3;0;2025-04-29 16:22:43
2024;Parda;SOLTEIRO;30 a 34 anos                  ;FEMININO;ENSINO MÉDIO COMPLETO;Prefere não informar;NÃO;ITAJAÍ;Não;Brasil;NÃO;SUL;1;SC;0;0;0;1;0;7;0;6;0;0;0;0;0;0;7;6;1;2025-04-29 16:22:43
2024;Parda;SOLTEIRO;30 a 34 anos                  ;FEMININO;ENSINO MÉDIO COMPLETO;Prefere não informar;SIM;ITAJAÍ;Não;Brasil;NÃO;SUL;1;SC;0;0;0;1;0;1;0;0;0;0;0;0;0;0;1;0;1;2025-04-29 16:22:43
2024;Parda;SOLTEIRO;30 a 34 anos                  ;FEMININO;ENSINO MÉDIO INCOMPLETO;Cisgênero;NÃO;ITAJAÍ;Não;Brasil;NÃO;SUL;1;SC;0;0;0;3;0;22;0;19;0;0;0;0;0;0;22;19;3;2025-04-29 16:22:43
2024;Parda;SOLTEIRO;30 a 34 anos                  ;FEMININO;ENSINO MÉDIO INCOMPLETO;Cisgênero;SIM;ITAJAÍ;Não;Brasil;NÃO;SUL;1;SC;0;0;0;1;0;1;0;0;0;0;0;0;0;0;1;0;1;2025-04-29 16:22:43
2024;Parda;SOLTEIRO;30 a 34 anos                  ;FEMININO;ENSINO MÉDIO INCOMPLETO;Prefere não informar;NÃO;ITAJAÍ;Não;Brasil;NÃO;SUL;1;SC;0;0;0;1;0;4;0;3;0;0;0;0;0;0;4;3;1;2025-04-29 16:22:43
2024;Parda;SOLTEIRO;30 a 34 anos                  ;FEMININO;SUPERIOR COMPLETO;Cisgênero;NÃO;ITAJAÍ;Não;Brasil;NÃO;SUL;1;SC;0;0;0;8;0;28;0;20;0;1;1;0;0;0;28;20;8;2025-04-29 16:22:43
2024;Parda;SOLTEIRO;30 a 34 anos                  ;FEMININO;SUPERIOR COMPLETO;Prefere não informar;NÃO;ITAJAÍ;Não;Brasil;NÃO;SUL;1;SC;0;0;0;1;0;5;0;4;0;0;0;0;0;0;5;4;1;2025-04-29 16:22:43
2024;Parda;SOLTEIRO;30 a 34 anos                  ;FEMININO;SUPERIOR COMPLETO;Prefere não informar;SIM;ITAJAÍ;Não;Brasil;NÃO;SUL;1;SC;0;0;0;0;0;1;0;1;0;0;0;0;0;0;1;1;0;2025-04-29 16:22:43
2024;Parda;SOLTEIRO;30 a 34 anos                  ;FEMININO;SUPERIOR INCOMPLETO;Cisgênero;NÃO;ITAJAÍ;Não;Brasil;NÃO;SUL;1;SC;0;0;0;2;0;16;0;14;0;0;0;0;0;0;16;14;2;2025-04-29 16:22:43
2024;Parda;SOLTEIRO;30 a 34 anos                  ;FEMININO;SUPERIOR INCOMPLETO;Prefere não informar;NÃO;ITAJAÍ;Não;Brasil;NÃO;SUL;1;SC;0;0;0;0;0;3;0;3;0;0;0;0;0;0;3;3;0;2025-04-29 16:22:43
2024;Parda;SOLTEIRO;30 a 34 anos                  ;MASCULINO;ENSINO FUNDAMENTAL COMPLETO;Cisgênero;NÃO;ITAJAÍ;Não;Brasil;NÃO;SUL;1;SC;0;0;0;3;0;12;0;9;0;0;0;0;0;0;12;9;3;2025-04-29 16:22:43
2024;Parda;SOLTEIRO;30 a 34 anos                  ;MASCULINO;ENSINO FUNDAMENTAL COMPLETO;Cisgênero;SIM;ITAJAÍ;Não;Brasil;NÃO;SUL;1;SC;0;0;0;0;0;1;0;1;0;0;0;0;0;0;1;1;0;2025-04-29 16:22:43
2024;Parda;SOLTEIRO;30 a 34 anos                  ;MASCULINO;ENSINO FUNDAMENTAL COMPLETO;Prefere não informar;NÃO;ITAJAÍ;Não;Brasil;NÃO;SUL;1;SC;0;0;0;0;0;1;0;1;0;0;0;0;0;0;1;1;0;2025-04-29 16:22:43
2024;Parda;SOLTEIRO;30 a 34 anos                  ;MASCULINO;ENSINO FUNDAMENTAL INCOMPLETO;Cisgênero;NÃO;ITAJAÍ;Não;Brasil;NÃO;SUL;1;SC;0;0;0;14;0;35;0;21;0;1;1;0;0;0;35;21;14;2025-04-29 16:22:43
2024;Parda;SOLTEIRO;30 a 34 anos                  ;MASCULINO;ENSINO FUNDAMENTAL INCOMPLETO;Prefere não informar;NÃO;ITAJAÍ;Não;Brasil;NÃO;SUL;1;SC;0;0;0;2;0;4;0;2;0;0;0;0;0;0;4;2;2;2025-04-29 16:22:43
2024;Parda;SOLTEIRO;30 a 34 anos                  ;MASCULINO;ENSINO MÉDIO COMPLETO;Cisgênero;NÃO;ITAJAÍ;Não;Brasil;NÃO;SUL;1;SC;1;0;0;23;0;78;0;55;0;2;1;0;1;0;78;55;23;2025-04-29 16:22:43
2024;Parda;SOLTEIRO;30 a 34 anos                  ;MASCULINO;ENSINO MÉDIO COMPLETO;Cisgênero;SIM;ITAJAÍ;Não;Brasil;NÃO;SUL;1;SC;0;0;0;0;0;1;0;1;0;0;0;0;0;0;1;1;0;2025-04-29 16:22:43
2024;Parda;SOLTEIRO;30 a 34 anos                  ;MASCULINO;ENSINO MÉDIO COMPLETO;Prefere não informar;NÃO;ITAJAÍ;Não;Brasil;NÃO;SUL;1;SC;0;0;0;1;0;5;0;4;0;0;0;0;0;0;5;4;1;2025-04-29 16:22:43
2024;Parda;SOLTEIRO;30 a 34 anos                  ;MASCULINO;ENSINO MÉDIO INCOMPLETO;Cisgênero;NÃO;ITAJAÍ;Não;Brasil;NÃO;SUL;1;SC;0;1;0;18;0;35;0;17;0;1;1;0;0;0;35;17;18;2025-04-29 16:22:43
2024;Parda;SOLTEIRO;30 a 34 anos                  ;MASCULINO;ENSINO MÉDIO INCOMPLETO;Prefere não informar;NÃO;ITAJAÍ;Não;Brasil;NÃO;SUL;1;SC;0;0;0;0;0;3;0;3;0;0;0;0;0;0;3;3;0;2025-04-29 16:22:43
2024;Parda;SOLTEIRO;30 a 34 anos                  ;MASCULINO;ENSINO MÉDIO INCOMPLETO;Transgênero;NÃO;ITAJAÍ;Não;Brasil;NÃO;SUL;1;SC;0;0;0;1;0;1;0;0;0;0;0;0;0;0;1;0;1;2025-04-29 16:22:43
2024;Parda;SOLTEIRO;30 a 34 anos                  ;MASCULINO;LÊ E ESCREVE;Cisgênero;NÃO;ITAJAÍ;Não;Brasil;NÃO;SUL;1;SC;0;0;0;1;0;2;0;1;0;0;0;0;0;0;2;1;1;2025-04-29 16:22:43
2024;Parda;SOLTEIRO;30 a 34 anos                  ;MASCULINO;SUPERIOR COMPLETO;Cisgênero;NÃO;ITAJAÍ;Não;Brasil;NÃO;SUL;1;SC;0;0;0;2;0;19;0;17;0;1;1;0;0;0;19;17;2;2025-04-29 16:22:43
2024;Parda;SOLTEIRO;30 a 34 anos                  ;MASCULINO;SUPERIOR COMPLETO;Cisgênero;SIM;ITAJAÍ;Não;Brasil;NÃO;SUL;1;SC;0;0;0;1;0;1;0;0;0;0;0;0;0;0;1;0;1;2025-04-29 16:22:43
2024;Parda;SOLTEIRO;30 a 34 anos                  ;MASCULINO;SUPERIOR COMPLETO;Prefere não informar;NÃO;ITAJAÍ;Não;Brasil;NÃO;SUL;1;SC;0;0;0;1;0;2;0;1;0;0;0;0;0;0;2;1;1;2025-04-29 16:22:43
2024;Parda;SOLTEIRO;30 a 34 anos                  ;MASCULINO;SUPERIOR INCOMPLETO;Cisgênero;NÃO;ITAJAÍ;Não;Brasil;NÃO;SUL;1;SC;0;0;0;4;0;17;0;13;0;0;0;0;0;0;17;13;4;2025-04-29 16:22:43
2024;Parda;SOLTEIRO;30 a 34 anos                  ;MASCULINO;SUPERIOR INCOMPLETO;Cisgênero;SIM;ITAJAÍ;Não;Brasil;NÃO;SUL;1;SC;0;0;0;0;0;1;0;1;0;0;0;0;0;0;1;1;0;2025-04-29 16:22:43
2024;Parda;SOLTEIRO;30 a 34 anos                  ;MASCULINO;SUPERIOR INCOMPLETO;Prefere não informar;NÃO;ITAJAÍ;Não;Brasil;NÃO;SUL;1;SC;0;0;0;1;0;2;0;1;0;0;0;0;0;0;2;1;1;2025-04-29 16:22:43
2024;Parda;SOLTEIRO;35 a 39 anos                  ;FEMININO;ANALFABETO;Cisgênero;NÃO;ITAJAÍ;Não;Brasil;NÃO;SUL;1;SC;0;0;0;0;2;0;1;0;0;0;0;0;0;0;2;1;1;2025-04-29 16:22:43
2024;Parda;SOLTEIRO;35 a 39 anos                  ;FEMININO;ENSINO FUNDAMENTAL COMPLETO;Cisgênero;NÃO;ITAJAÍ;Não;Brasil;NÃO;SUL;1;SC;0;0;0;3;0;7;0;4;0;0;0;0;0;0;7;4;3;2025-04-29 16:22:43
2024;Parda;SOLTEIRO;35 a 39 anos                  ;FEMININO;ENSINO FUNDAMENTAL COMPLETO;Prefere não informar;NÃO;ITAJAÍ;Não;Brasil;NÃO;SUL;1;SC;0;0;0;1;0;1;0;0;0;0;0;0;0;0;1;0;1;2025-04-29 16:22:43
2024;Parda;SOLTEIRO;35 a 39 anos                  ;FEMININO;ENSINO FUNDAMENTAL INCOMPLETO;Cisgênero;NÃO;ITAJAÍ;Não;Brasil;NÃO;SUL;1;SC;0;0;0;5;0;17;0;12;0;2;2;0;0;0;17;12;5;2025-04-29 16:22:43
2024;Parda;SOLTEIRO;35 a 39 anos                  ;FEMININO;ENSINO FUNDAMENTAL INCOMPLETO;Prefere não informar;NÃO;ITAJAÍ;Não;Brasil;NÃO;SUL;1;SC;0;0;0;1;0;3;0;2;0;0;0;0;0;0;3;2;1;2025-04-29 16:22:43
2024;Parda;SOLTEIRO;35 a 39 anos                  ;FEMININO;ENSINO MÉDIO COMPLETO;Cisgênero;NÃO;ITAJAÍ;Não;Brasil;NÃO;SUL;1;SC;0;0;0;12;0;45;0;33;0;0;0;0;0;0;45;33;12;2025-04-29 16:22:43
2024;Parda;SOLTEIRO;35 a 39 anos                  ;FEMININO;ENSINO MÉDIO COMPLETO;Cisgênero;SIM;ITAJAÍ;Não;Brasil;NÃO;SUL;1;SC;0;0;0;0;0;1;0;1;0;0;0;0;0;0;1;1;0;2025-04-29 16:22:43
2024;Parda;SOLTEIRO;35 a 39 anos                  ;FEMININO;ENSINO MÉDIO COMPLETO;Prefere não informar;NÃO;ITAJAÍ;Não;Brasil;NÃO;SUL;1;SC;0;0;0;2;0;5;0;3;0;0;0;0;0;0;5;3;2;2025-04-29 16:22:43
2024;Parda;SOLTEIRO;35 a 39 anos                  ;FEMININO;ENSINO MÉDIO COMPLETO;Transgênero;NÃO;ITAJAÍ;Não;Brasil;NÃO;SUL;1;SC;0;0;0;0;0;1;0;1;0;0;0;0;0;0;1;1;0;2025-04-29 16:22:43
2024;Parda;SOLTEIRO;35 a 39 anos                  ;FEMININO;ENSINO MÉDIO INCOMPLETO;Cisgênero;NÃO;ITAJAÍ;Não;Brasil;NÃO;SUL;1;SC;0;0;0;6;0;15;0;9;0;0;0;0;0;0;15;9;6;2025-04-29 16:22:43
2024;Parda;SOLTEIRO;35 a 39 anos                  ;FEMININO;ENSINO MÉDIO INCOMPLETO;Prefere não informar;NÃO;ITAJAÍ;Não;Brasil;NÃO;SUL;1;SC;0;0;0;0;0;4;0;4;0;0;0;0;0;0;4;4;0;2025-04-29 16:22:43
2024;Parda;SOLTEIRO;35 a 39 anos                  ;FEMININO;SUPERIOR COMPLETO;Cisgênero;NÃO;ITAJAÍ;Não;Brasil;NÃO;SUL;1;SC;0;0;0;1;0;24;0;23;0;0;0;0;0;0;24;23;1;2025-04-29 16:22:43
2024;Parda;SOLTEIRO;35 a 39 anos                  ;FEMININO;SUPERIOR COMPLETO;Prefere não informar;NÃO;ITAJAÍ;Não;Brasil;NÃO;SUL;1;SC;0;0;0;1;0;2;0;1;0;0;0;0;0;0;2;1;1;2025-04-29 16:22:43
2024;Parda;SOLTEIRO;35 a 39 anos                  ;FEMININO;SUPERIOR INCOMPLETO;Cisgênero;NÃO;ITAJAÍ;Não;Brasil;NÃO;SUL;1;SC;0;0;0;0;0;11;0;11;0;1;1;0;0;0;11;11;0;2025-04-29 16:22:43
2024;Parda;SOLTEIRO;35 a 39 anos                  ;FEMININO;SUPERIOR INCOMPLETO;Prefere não informar;NÃO;ITAJAÍ;Não;Brasil;NÃO;SUL;1;SC;0;0;0;0;0;2;0;2;0;0;0;0;0;0;2;2;0;2025-04-29 16:22:43
2024;Parda;SOLTEIRO;35 a 39 anos                  ;MASCULINO;ENSINO FUNDAMENTAL COMPLETO;Cisgênero;NÃO;ITAJAÍ;Não;Brasil;NÃO;SUL;1;SC;0;0;0;4;0;10;0;6;0;0;0;0;0;0;10;6;4;2025-04-29 16:22:43
2024;Parda;SOLTEIRO;35 a 39 anos                  ;MASCULINO;ENSINO FUNDAMENTAL COMPLETO;Prefere não informar;NÃO;ITAJAÍ;Não;Brasil;NÃO;SUL;1;SC;0;0;0;0;0;1;0;1;0;0;0;0;0;0;1;1;0;2025-04-29 16:22:43
2024;Parda;SOLTEIRO;35 a 39 anos                  ;MASCULINO;ENSINO FUNDAMENTAL INCOMPLETO;Cisgênero;NÃO;ITAJAÍ;Não;Brasil;NÃO;SUL;1;SC;1;1;0;10;0;26;0;16;0;2;1;0;1;0;26;16;10;2025-04-29 16:22:43
2024;Parda;SOLTEIRO;35 a 39 anos                  ;MASCULINO;ENSINO FUNDAMENTAL INCOMPLETO;Prefere não informar;NÃO;ITAJAÍ;Não;Brasil;NÃO;SUL;1;SC;0;0;0;2;0;3;0;1;0;0;0;0;0;0;3;1;2;2025-04-29 16:22:43
2024;Parda;SOLTEIRO;35 a 39 anos                  ;MASCULINO;ENSINO FUNDAMENTAL INCOMPLETO;Prefere não informar;SIM;ITAJAÍ;Não;Brasil;NÃO;SUL;1;SC;0;0;0;0;0;1;0;1;0;0;0;0;0;0;1;1;0;2025-04-29 16:22:43
2024;Parda;SOLTEIRO;35 a 39 anos                  ;MASCULINO;ENSINO MÉDIO COMPLETO;Cisgênero;NÃO;ITAJAÍ;Não;Brasil;NÃO;SUL;1;SC;1;1;0;28;0;62;0;34;0;1;0;0;1;0;62;34;28;2025-04-29 16:22:43
2024;Parda;SOLTEIRO;35 a 39 anos                  ;MASCULINO;ENSINO MÉDIO COMPLETO;Cisgênero;SIM;ITAJAÍ;Não;Brasil;NÃO;SUL;1;SC;0;0;0;0;0;1;0;1;0;0;0;0;0;0;1;1;0;2025-04-29 16:22:43
2024;Parda;SOLTEIRO;35 a 39 anos                  ;MASCULINO;ENSINO MÉDIO COMPLETO;Prefere não informar;NÃO;ITAJAÍ;Não;Brasil;NÃO;SUL;1;SC;0;0;0;3;0;5;0;2;0;0;0;0;0;0;5;2;3;2025-04-29 16:22:43
2024;Parda;SOLTEIRO;35 a 39 anos                  ;MASCULINO;ENSINO MÉDIO INCOMPLETO;Cisgênero;NÃO;ITAJAÍ;Não;Brasil;NÃO;SUL;1;SC;0;0;0;7;0;21;0;14;0;0;0;0;0;0;21;14;7;2025-04-29 16:22:43
2024;Parda;SOLTEIRO;35 a 39 anos                  ;MASCULINO;ENSINO MÉDIO INCOMPLETO;Cisgênero;SIM;ITAJAÍ;Não;Brasil;NÃO;SUL;1;SC;0;0;0;0;0;3;0;3;0;0;0;0;0;0;3;3;0;2025-04-29 16:22:43
2024;Parda;SOLTEIRO;35 a 39 anos                  ;MASCULINO;ENSINO MÉDIO INCOMPLETO;Prefere não informar;NÃO;ITAJAÍ;Não;Brasil;NÃO;SUL;1;SC;0;0;0;1;0;1;0;0;0;0;0;0;0;0;1;0;1;2025-04-29 16:22:43
2024;Parda;SOLTEIRO;35 a 39 anos                  ;MASCULINO;SUPERIOR COMPLETO;Cisgênero;NÃO;ITAJAÍ;Não;Brasil;NÃO;SUL;1;SC;0;0;0;3;0;13;0;10;0;0;0;0;0;0;13;10;3;2025-04-29 16:22:43
2024;Parda;SOLTEIRO;35 a 39 anos                  ;MASCULINO;SUPERIOR COMPLETO;Prefere não informar;NÃO;ITAJAÍ;Não;Brasil;NÃO;SUL;1;SC;0;0;0;0;0;5;0;5;0;0;0;0;0;0;5;5;0;2025-04-29 16:22:43
2024;Parda;SOLTEIRO;35 a 39 anos                  ;MASCULINO;SUPERIOR COMPLETO;Prefere não informar;SIM;ITAJAÍ;Não;Brasil;NÃO;SUL;1;SC;0;0;0;0;0;1;0;1;0;0;0;0;0;0;1;1;0;2025-04-29 16:22:43
2024;Parda;SOLTEIRO;35 a 39 anos                  ;MASCULINO;SUPERIOR COMPLETO;Transgênero;NÃO;ITAJAÍ;Não;Brasil;NÃO;SUL;1;SC;0;0;0;0;0;1;0;1;0;0;0;0;0;0;1;1;0;2025-04-29 16:22:43
2024;Parda;SOLTEIRO;35 a 39 anos                  ;MASCULINO;SUPERIOR INCOMPLETO;Cisgênero;NÃO;ITAJAÍ;Não;Brasil;NÃO;SUL;1;SC;0;0;0;1;0;4;0;3;0;0;0;0;0;0;4;3;1;2025-04-29 16:22:43
2024;Parda;SOLTEIRO;35 a 39 anos                  ;MASCULINO;SUPERIOR INCOMPLETO;Prefere não informar;NÃO;ITAJAÍ;Não;Brasil;NÃO;SUL;1;SC;0;0;0;0;0;3;0;3;0;0;0;0;0;0;3;3;0;2025-04-29 16:22:43
2024;Parda;SOLTEIRO;40 a 44 anos                  ;FEMININO;ENSINO FUNDAMENTAL COMPLETO;Cisgênero;NÃO;ITAJAÍ;Não;Brasil;NÃO;SUL;1;SC;0;0;0;1;0;3;0;2;0;0;0;0;0;0;3;2;1;2025-04-29 16:22:43
2024;Parda;SOLTEIRO;40 a 44 anos                  ;FEMININO;ENSINO FUNDAMENTAL INCOMPLETO;Cisgênero;NÃO;ITAJAÍ;Não;Brasil;NÃO;SUL;1;SC;0;0;0;7;0;21;0;14;0;1;1;0;0;0;21;14;7;2025-04-29 16:22:43
2024;Parda;SOLTEIRO;40 a 44 anos                  ;FEMININO;ENSINO FUNDAMENTAL INCOMPLETO;Prefere não informar;NÃO;ITAJAÍ;Não;Brasil;NÃO;SUL;1;SC;0;0;0;1;0;1;0;0;0;0;0;0;0;0;1;0;1;2025-04-29 16:22:43
2024;Parda;SOLTEIRO;40 a 44 anos                  ;FEMININO;ENSINO MÉDIO COMPLETO;Cisgênero;NÃO;ITAJAÍ;Não;Brasil;NÃO;SUL;1;SC;0;0;0;10;0;43;0;33;0;0;0;0;0;0;43;33;10;2025-04-29 16:22:43
2024;Parda;SOLTEIRO;40 a 44 anos                  ;FEMININO;ENSINO MÉDIO COMPLETO;Prefere não informar;NÃO;ITAJAÍ;Não;Brasil;NÃO;SUL;1;SC;0;0;0;1;0;1;0;0;0;0;0;0;0;0;1;0;1;2025-04-29 16:22:43
2024;Parda;SOLTEIRO;40 a 44 anos                  ;FEMININO;ENSINO MÉDIO INCOMPLETO;Cisgênero;NÃO;ITAJAÍ;Não;Brasil;NÃO;SUL;1;SC;0;0;0;8;0;17;0;9;0;0;0;0;0;0;17;9;8;2025-04-29 16:22:43
2024;Parda;SOLTEIRO;40 a 44 anos                  ;FEMININO;ENSINO MÉDIO INCOMPLETO;Cisgênero;SIM;ITAJAÍ;Não;Brasil;NÃO;SUL;1;SC;0;0;0;0;0;1;0;1;0;0;0;0;0;0;1;1;0;2025-04-29 16:22:43
2024;Parda;SOLTEIRO;40 a 44 anos                  ;FEMININO;ENSINO MÉDIO INCOMPLETO;Prefere não informar;NÃO;ITAJAÍ;Não;Brasil;NÃO;SUL;1;SC;0;0;0;1;0;3;0;2;0;0;0;0;0;0;3;2;1;2025-04-29 16:22:43
2024;Parda;SOLTEIRO;40 a 44 anos                  ;FEMININO;LÊ E ESCREVE;Cisgênero;NÃO;ITAJAÍ;Não;Brasil;NÃO;SUL;1;SC;0;0;0;0;0;2;0;2;0;0;0;0;0;0;2;2;0;2025-04-29 16:22:43
2024;Parda;SOLTEIRO;40 a 44 anos                  ;FEMININO;LÊ E ESCREVE;Prefere não informar;NÃO;ITAJAÍ;Não;Brasil;NÃO;SUL;1;SC;0;0;0;0;0;1;0;1;0;0;0;0;0;0;1;1;0;2025-04-29 16:22:43
2024;Parda;SOLTEIRO;40 a 44 anos                  ;FEMININO;LÊ E ESCREVE;Prefere não informar;SIM;ITAJAÍ;Não;Brasil;SIM;SUL;1;SC;0;0;0;0;0;1;0;1;0;0;0;0;0;0;1;1;0;2025-04-29 16:22:43
2024;Parda;SOLTEIRO;40 a 44 anos                  ;FEMININO;SUPERIOR COMPLETO;Cisgênero;NÃO;ITAJAÍ;Não;Brasil;NÃO;SUL;1;SC;0;0;0;5;0;12;0;7;0;0;0;0;0;0;12;7;5;2025-04-29 16:22:43
2024;Parda;SOLTEIRO;40 a 44 anos                  ;FEMININO;SUPERIOR COMPLETO;Prefere não informar;NÃO;ITAJAÍ;Não;Brasil;NÃO;SUL;1;SC;0;0;0;0;0;2;0;2;0;0;0;0;0;0;2;2;0;2025-04-29 16:22:43
2024;Parda;SOLTEIRO;40 a 44 anos                  ;FEMININO;SUPERIOR INCOMPLETO;Cisgênero;NÃO;ITAJAÍ;Não;Brasil;NÃO;SUL;1;SC;0;0;0;3;0;11;0;8;0;0;0;0;0;0;11;8;3;2025-04-29 16:22:43
2024;Parda;SOLTEIRO;40 a 44 anos                  ;FEMININO;SUPERIOR INCOMPLETO;Prefere não informar;NÃO;ITAJAÍ;Não;Brasil;NÃO;SUL;1;SC;0;0;0;0;0;1;0;1;0;0;0;0;0;0;1;1;0;2025-04-29 16:22:43
2024;Parda;SOLTEIRO;40 a 44 anos                  ;MASCULINO;ANALFABETO;Cisgênero;NÃO;ITAJAÍ;Não;Brasil;NÃO;SUL;1;SC;0;0;0;0;1;0;1;0;0;0;0;0;0;0;1;1;0;2025-04-29 16:22:43
2024;Parda;SOLTEIRO;40 a 44 anos                  ;MASCULINO;ENSINO FUNDAMENTAL COMPLETO;Cisgênero;NÃO;ITAJAÍ;Não;Brasil;NÃO;SUL;1;SC;0;0;0;7;0;9;0;2;0;0;0;0;0;0;9;2;7;2025-04-29 16:22:43
2024;Parda;SOLTEIRO;40 a 44 anos                  ;MASCULINO;ENSINO FUNDAMENTAL COMPLETO;Prefere não informar;NÃO;ITAJAÍ;Não;Brasil;NÃO;SUL;1;SC;0;0;0;0;0;1;0;1;0;0;0;0;0;0;1;1;0;2025-04-29 16:22:43
2024;Parda;SOLTEIRO;40 a 44 anos                  ;MASCULINO;ENSINO FUNDAMENTAL INCOMPLETO;Cisgênero;NÃO;ITAJAÍ;Não;Brasil;NÃO;SUL;1;SC;1;0;0;10;0;27;0;17;0;3;2;0;1;0;27;17;10;2025-04-29 16:22:43
2024;Parda;SOLTEIRO;40 a 44 anos                  ;MASCULINO;ENSINO FUNDAMENTAL INCOMPLETO;Prefere não informar;NÃO;ITAJAÍ;Não;Brasil;NÃO;SUL;1;SC;0;0;0;1;0;4;0;3;0;0;0;0;0;0;4;3;1;2025-04-29 16:22:43
2024;Parda;SOLTEIRO;40 a 44 anos                  ;MASCULINO;ENSINO MÉDIO COMPLETO;Cisgênero;NÃO;ITAJAÍ;Não;Brasil;NÃO;SUL;1;SC;0;0;0;13;0;28;0;15;0;0;0;0;0;0;28;15;13;2025-04-29 16:22:43
2024;Parda;SOLTEIRO;40 a 44 anos                  ;MASCULINO;ENSINO MÉDIO COMPLETO;Cisgênero;SIM;ITAJAÍ;Não;Brasil;NÃO;SUL;1;SC;0;0;0;0;0;1;0;1;0;0;0;0;0;0;1;1;0;2025-04-29 16:22:43
2024;Parda;SOLTEIRO;40 a 44 anos                  ;MASCULINO;ENSINO MÉDIO COMPLETO;Prefere não informar;NÃO;ITAJAÍ;Não;Brasil;NÃO;SUL;1;SC;0;0;0;2;0;4;0;2;0;0;0;0;0;0;4;2;2;2025-04-29 16:22:43
2024;Parda;SOLTEIRO;40 a 44 anos                  ;MASCULINO;ENSINO MÉDIO COMPLETO;Prefere não informar;SIM;ITAJAÍ;Não;Brasil;NÃO;SUL;1;SC;0;0;0;1;0;1;0;0;0;0;0;0;0;0;1;0;1;2025-04-29 16:22:43
2024;Parda;SOLTEIRO;40 a 44 anos                  ;MASCULINO;ENSINO MÉDIO INCOMPLETO;Cisgênero;NÃO;ITAJAÍ;Não;Brasil;NÃO;SUL;1;SC;0;0;0;4;0;14;0;10;0;0;0;0;0;0;14;10;4;2025-04-29 16:22:43
2024;Parda;SOLTEIRO;40 a 44 anos                  ;MASCULINO;ENSINO MÉDIO INCOMPLETO;Prefere não informar;NÃO;ITAJAÍ;Não;Brasil;NÃO;SUL;1;SC;0;0;0;0;0;1;0;1;0;0;0;0;0;0;1;1;0;2025-04-29 16:22:43
2024;Parda;SOLTEIRO;40 a 44 anos                  ;MASCULINO;LÊ E ESCREVE;Cisgênero;NÃO;ITAJAÍ;Não;Brasil;NÃO;SUL;1;SC;0;0;0;1;0;1;0;0;0;0;0;0;0;0;1;0;1;2025-04-29 16:22:43
2024;Parda;SOLTEIRO;40 a 44 anos                  ;MASCULINO;SUPERIOR COMPLETO;Cisgênero;NÃO;ITAJAÍ;Não;Brasil;NÃO;SUL;1;SC;0;0;0;1;0;12;0;11;0;0;0;0;0;0;12;11;1;2025-04-29 16:22:43
2024;Parda;SOLTEIRO;40 a 44 anos                  ;MASCULINO;SUPERIOR COMPLETO;Cisgênero;SIM;ITAJAÍ;Não;Brasil;NÃO;SUL;1;SC;0;0;0;0;0;1;0;1;0;0;0;0;0;0;1;1;0;2025-04-29 16:22:43
2024;Parda;SOLTEIRO;40 a 44 anos                  ;MASCULINO;SUPERIOR COMPLETO;Prefere não informar;NÃO;ITAJAÍ;Não;Brasil;NÃO;SUL;1;SC;0;0;0;1;0;1;0;0;0;0;0;0;0;0;1;0;1;2025-04-29 16:22:43
2024;Parda;SOLTEIRO;40 a 44 anos                  ;MASCULINO;SUPERIOR INCOMPLETO;Cisgênero;NÃO;ITAJAÍ;Não;Brasil;NÃO;SUL;1;SC;0;0;0;2;0;6;0;4;0;0;0;0;0;0;6;4;2;2025-04-29 16:22:43
2024;Parda;SOLTEIRO;40 a 44 anos                  ;MASCULINO;SUPERIOR INCOMPLETO;Prefere não informar;NÃO;ITAJAÍ;Não;Brasil;NÃO;SUL;1;SC;0;0;0;1;0;2;0;1;0;0;0;0;0;0;2;1;1;2025-04-29 16:22:43
2024;Parda;SOLTEIRO;45 a 49 anos                  ;FEMININO;ANALFABETO;Cisgênero;NÃO;ITAJAÍ;Não;Brasil;NÃO;SUL;1;SC;0;0;0;0;6;0;3;0;0;0;0;0;0;0;6;3;3;2025-04-29 16:22:43
2024;Parda;SOLTEIRO;45 a 49 anos                  ;FEMININO;ENSINO FUNDAMENTAL COMPLETO;Cisgênero;NÃO;ITAJAÍ;Não;Brasil;NÃO;SUL;1;SC;0;0;0;2;0;5;0;3;0;0;0;0;0;0;5;3;2;2025-04-29 16:22:43
2024;Parda;SOLTEIRO;45 a 49 anos                  ;FEMININO;ENSINO FUNDAMENTAL INCOMPLETO;Cisgênero;NÃO;ITAJAÍ;Não;Brasil;NÃO;SUL;1;SC;0;0;0;4;0;15;0;11;0;1;1;0;0;0;15;11;4;2025-04-29 16:22:43
2024;Parda;SOLTEIRO;45 a 49 anos                  ;FEMININO;ENSINO FUNDAMENTAL INCOMPLETO;Prefere não informar;NÃO;ITAJAÍ;Não;Brasil;NÃO;SUL;1;SC;0;0;0;1;0;3;0;2;0;0;0;0;0;0;3;2;1;2025-04-29 16:22:43
2024;Parda;SOLTEIRO;45 a 49 anos                  ;FEMININO;ENSINO MÉDIO COMPLETO;Cisgênero;NÃO;ITAJAÍ;Não;Brasil;NÃO;SUL;1;SC;0;0;0;4;0;24;0;20;0;0;0;0;0;0;24;20;4;2025-04-29 16:22:43
2024;Parda;SOLTEIRO;45 a 49 anos                  ;FEMININO;ENSINO MÉDIO COMPLETO;Cisgênero;SIM;ITAJAÍ;Não;Brasil;NÃO;SUL;1;SC;0;0;0;0;0;2;0;2;0;0;0;0;0;0;2;2;0;2025-04-29 16:22:43
2024;Parda;SOLTEIRO;45 a 49 anos                  ;FEMININO;ENSINO MÉDIO COMPLETO;Prefere não informar;NÃO;ITAJAÍ;Não;Brasil;NÃO;SUL;1;SC;0;0;0;1;0;3;0;2;0;0;0;0;0;0;3;2;1;2025-04-29 16:22:43
2024;Parda;SOLTEIRO;45 a 49 anos                  ;FEMININO;ENSINO MÉDIO INCOMPLETO;Cisgênero;NÃO;ITAJAÍ;Não;Brasil;NÃO;SUL;1;SC;0;0;0;1;0;6;0;5;0;0;0;0;0;0;6;5;1;2025-04-29 16:22:43
2024;Parda;SOLTEIRO;45 a 49 anos                  ;FEMININO;ENSINO MÉDIO INCOMPLETO;Prefere não informar;NÃO;ITAJAÍ;Não;Brasil;NÃO;SUL;1;SC;0;0;0;0;0;2;0;2;0;0;0;0;0;0;2;2;0;2025-04-29 16:22:43
2024;Parda;SOLTEIRO;45 a 49 anos                  ;FEMININO;ENSINO MÉDIO INCOMPLETO;Prefere não informar;SIM;ITAJAÍ;Não;Brasil;NÃO;SUL;1;SC;0;0;0;1;0;1;0;0;0;0;0;0;0;0;1;0;1;2025-04-29 16:22:43
2024;Parda;SOLTEIRO;45 a 49 anos                  ;FEMININO;LÊ E ESCREVE;Cisgênero;NÃO;ITAJAÍ;Não;Brasil;NÃO;SUL;1;SC;0;0;0;0;0;1;0;1;0;0;0;0;0;0;1;1;0;2025-04-29 16:22:43
2024;Parda;SOLTEIRO;45 a 49 anos                  ;FEMININO;SUPERIOR COMPLETO;Cisgênero;NÃO;ITAJAÍ;Não;Brasil;NÃO;SUL;1;SC;0;0;0;0;0;3;0;3;0;0;0;0;0;0;3;3;0;2025-04-29 16:22:43
2024;Parda;SOLTEIRO;45 a 49 anos                  ;FEMININO;SUPERIOR COMPLETO;Prefere não informar;NÃO;ITAJAÍ;Não;Brasil;NÃO;SUL;1;SC;0;0;0;0;0;2;0;2;0;0;0;0;0;0;2;2;0;2025-04-29 16:22:43
2024;Parda;SOLTEIRO;45 a 49 anos                  ;FEMININO;SUPERIOR INCOMPLETO;Cisgênero;NÃO;ITAJAÍ;Não;Brasil;NÃO;SUL;1;SC;0;0;0;1;0;5;0;4;0;0;0;0;0;0;5;4;1;2025-04-29 16:22:43
2024;Parda;SOLTEIRO;45 a 49 anos                  ;FEMININO;SUPERIOR INCOMPLETO;Prefere não informar;NÃO;ITAJAÍ;Não;Brasil;NÃO;SUL;1;SC;0;0;0;0;0;1;0;1;0;0;0;0;0;0;1;1;0;2025-04-29 16:22:43
2024;Parda;SOLTEIRO;45 a 49 anos                  ;MASCULINO;ANALFABETO;Cisgênero;NÃO;ITAJAÍ;Não;Brasil;NÃO;SUL;1;SC;0;0;0;0;1;0;1;0;0;0;0;0;0;0;1;1;0;2025-04-29 16:22:43
2024;Parda;SOLTEIRO;45 a 49 anos                  ;MASCULINO;ENSINO FUNDAMENTAL COMPLETO;Cisgênero;NÃO;ITAJAÍ;Não;Brasil;NÃO;SUL;1;SC;0;0;0;1;0;5;0;4;0;0;0;0;0;0;5;4;1;2025-04-29 16:22:43
2024;Parda;SOLTEIRO;45 a 49 anos                  ;MASCULINO;ENSINO FUNDAMENTAL INCOMPLETO;Cisgênero;NÃO;ITAJAÍ;Não;Brasil;NÃO;SUL;1;SC;0;0;0;12;0;28;0;16;0;0;0;0;0;0;28;16;12;2025-04-29 16:22:43
2024;Parda;SOLTEIRO;45 a 49 anos                  ;MASCULINO;ENSINO FUNDAMENTAL INCOMPLETO;Prefere não informar;SIM;ITAJAÍ;Não;Brasil;NÃO;SUL;1;SC;0;0;0;0;0;1;0;1;0;0;0;0;0;0;1;1;0;2025-04-29 16:22:43
2024;Parda;SOLTEIRO;45 a 49 anos                  ;MASCULINO;ENSINO MÉDIO COMPLETO;Cisgênero;NÃO;ITAJAÍ;Não;Brasil;NÃO;SUL;1;SC;0;0;0;3;0;26;0;23;0;1;1;0;0;0;26;23;3;2025-04-29 16:22:43
2024;Parda;SOLTEIRO;45 a 49 anos                  ;MASCULINO;ENSINO MÉDIO COMPLETO;Prefere não informar;NÃO;ITAJAÍ;Não;Brasil;NÃO;SUL;1;SC;0;0;0;1;0;3;0;2;0;0;0;0;0;0;3;2;1;2025-04-29 16:22:43
2024;Parda;SOLTEIRO;45 a 49 anos                  ;MASCULINO;ENSINO MÉDIO INCOMPLETO;Cisgênero;NÃO;ITAJAÍ;Não;Brasil;NÃO;SUL;1;SC;0;0;0;1;0;4;0;3;0;0;0;0;0;0;4;3;1;2025-04-29 16:22:43
2024;Parda;SOLTEIRO;45 a 49 anos                  ;MASCULINO;ENSINO MÉDIO INCOMPLETO;Cisgênero;SIM;ITAJAÍ;Não;Brasil;NÃO;SUL;1;SC;0;0;0;1;0;1;0;0;0;0;0;0;0;0;1;0;1;2025-04-29 16:22:43
2024;Parda;SOLTEIRO;45 a 49 anos                  ;MASCULINO;LÊ E ESCREVE;Cisgênero;NÃO;ITAJAÍ;Não;Brasil;NÃO;SUL;1;SC;0;0;0;0;0;1;0;1;0;0;0;0;0;0;1;1;0;2025-04-29 16:22:43
2024;Parda;SOLTEIRO;45 a 49 anos                  ;MASCULINO;LÊ E ESCREVE;Prefere não informar;NÃO;ITAJAÍ;Não;Brasil;NÃO;SUL;1;SC;0;0;0;1;0;1;0;0;0;0;0;0;0;0;1;0;1;2025-04-29 16:22:43
2024;Parda;SOLTEIRO;45 a 49 anos                  ;MASCULINO;SUPERIOR COMPLETO;Cisgênero;NÃO;ITAJAÍ;Não;Brasil;NÃO;SUL;1;SC;0;0;0;1;0;7;0;6;0;0;0;0;0;0;7;6;1;2025-04-29 16:22:43
2024;Parda;SOLTEIRO;45 a 49 anos                  ;MASCULINO;SUPERIOR COMPLETO;Prefere não informar;NÃO;ITAJAÍ;Não;Brasil;NÃO;SUL;1;SC;0;0;0;1;0;2;0;1;0;0;0;0;0;0;2;1;1;2025-04-29 16:22:43
2024;Parda;SOLTEIRO;45 a 49 anos                  ;MASCULINO;SUPERIOR INCOMPLETO;Cisgênero;NÃO;ITAJAÍ;Não;Brasil;NÃO;SUL;1;SC;0;0;0;1;0;6;0;5;0;0;0;0;0;0;6;5;1;2025-04-29 16:22:43
2024;Parda;SOLTEIRO;50 a 54 anos                  ;FEMININO;ANALFABETO;Cisgênero;NÃO;ITAJAÍ;Não;Brasil;NÃO;SUL;1;SC;0;0;0;0;4;0;1;0;0;0;0;0;0;0;4;1;3;2025-04-29 16:22:43
2024;Parda;SOLTEIRO;50 a 54 anos                  ;FEMININO;ENSINO FUNDAMENTAL COMPLETO;Cisgênero;NÃO;ITAJAÍ;Não;Brasil;NÃO;SUL;1;SC;0;0;0;1;0;5;0;4;0;0;0;0;0;0;5;4;1;2025-04-29 16:22:43
2024;Parda;SOLTEIRO;50 a 54 anos                  ;FEMININO;ENSINO FUNDAMENTAL INCOMPLETO;Cisgênero;NÃO;ITAJAÍ;Não;Brasil;NÃO;SUL;1;SC;0;0;0;5;0;11;0;6;0;0;0;0;0;0;11;6;5;2025-04-29 16:22:43
2024;Parda;SOLTEIRO;50 a 54 anos                  ;FEMININO;ENSINO FUNDAMENTAL INCOMPLETO;Prefere não informar;NÃO;ITAJAÍ;Não;Brasil;NÃO;SUL;1;SC;0;0;0;0;0;1;0;1;0;0;0;0;0;0;1;1;0;2025-04-29 16:22:43
2024;Parda;SOLTEIRO;50 a 54 anos                  ;FEMININO;ENSINO MÉDIO COMPLETO;Cisgênero;NÃO;ITAJAÍ;Não;Brasil;NÃO;SUL;1;SC;0;0;0;2;0;10;0;8;0;0;0;0;0;0;10;8;2;2025-04-29 16:22:43
2024;Parda;SOLTEIRO;50 a 54 anos                  ;FEMININO;ENSINO MÉDIO COMPLETO;Prefere não informar;NÃO;ITAJAÍ;Não;Brasil;NÃO;SUL;1;SC;0;0;0;0;0;1;0;1;0;0;0;0;0;0;1;1;0;2025-04-29 16:22:43
2024;Parda;SOLTEIRO;50 a 54 anos                  ;FEMININO;ENSINO MÉDIO INCOMPLETO;Cisgênero;NÃO;ITAJAÍ;Não;Brasil;NÃO;SUL;1;SC;0;0;0;0;0;5;0;5;0;0;0;0;0;0;5;5;0;2025-04-29 16:22:43
2024;Parda;SOLTEIRO;50 a 54 anos                  ;FEMININO;SUPERIOR COMPLETO;Cisgênero;NÃO;ITAJAÍ;Não;Brasil;NÃO;SUL;1;SC;0;0;0;0;0;3;0;3;0;0;0;0;0;0;3;3;0;2025-04-29 16:22:43
2024;Parda;SOLTEIRO;50 a 54 anos                  ;FEMININO;SUPERIOR INCOMPLETO;Cisgênero;NÃO;ITAJAÍ;Não;Brasil;NÃO;SUL;1;SC;0;0;0;0;0;1;0;1;0;0;0;0;0;0;1;1;0;2025-04-29 16:22:43
2024;Parda;SOLTEIRO;50 a 54 anos                  ;MASCULINO;ENSINO FUNDAMENTAL COMPLETO;Cisgênero;NÃO;ITAJAÍ;Não;Brasil;NÃO;SUL;1;SC;0;0;0;2;0;8;0;6;0;0;0;0;0;0;8;6;2;2025-04-29 16:22:43
2024;Parda;SOLTEIRO;50 a 54 anos                  ;MASCULINO;ENSINO FUNDAMENTAL INCOMPLETO;Cisgênero;NÃO;ITAJAÍ;Não;Brasil;NÃO;SUL;1;SC;1;0;0;4;0;13;0;9;0;1;0;0;1;0;13;9;4;2025-04-29 16:22:43
2024;Parda;SOLTEIRO;50 a 54 anos                  ;MASCULINO;ENSINO MÉDIO COMPLETO;Cisgênero;NÃO;ITAJAÍ;Não;Brasil;NÃO;SUL;1;SC;0;0;0;0;0;7;0;7;0;0;0;0;0;0;7;7;0;2025-04-29 16:22:43
2024;Parda;SOLTEIRO;50 a 54 anos                  ;MASCULINO;ENSINO MÉDIO COMPLETO;Prefere não informar;SIM;ITAJAÍ;Não;Brasil;NÃO;SUL;1;SC;0;0;0;0;0;2;0;2;0;0;0;0;0;0;2;2;0;2025-04-29 16:22:43
2024;Parda;SOLTEIRO;50 a 54 anos                  ;MASCULINO;ENSINO MÉDIO INCOMPLETO;Cisgênero;NÃO;ITAJAÍ;Não;Brasil;NÃO;SUL;1;SC;0;0;0;0;0;4;0;4;0;0;0;0;0;0;4;4;0;2025-04-29 16:22:43
2024;Parda;SOLTEIRO;50 a 54 anos                  ;MASCULINO;ENSINO MÉDIO INCOMPLETO;Cisgênero;SIM;ITAJAÍ;Não;Brasil;NÃO;SUL;1;SC;0;0;0;1;0;2;0;1;0;0;0;0;0;0;2;1;1;2025-04-29 16:22:43
2024;Parda;SOLTEIRO;50 a 54 anos                  ;MASCULINO;LÊ E ESCREVE;Cisgênero;NÃO;ITAJAÍ;Não;Brasil;NÃO;SUL;1;SC;0;0;0;0;0;1;0;1;0;0;0;0;0;0;1;1;0;2025-04-29 16:22:43
2024;Parda;SOLTEIRO;50 a 54 anos                  ;MASCULINO;SUPERIOR COMPLETO;Cisgênero;NÃO;ITAJAÍ;Não;Brasil;NÃO;SUL;1;SC;0;0;0;0;0;4;0;4;0;0;0;0;0;0;4;4;0;2025-04-29 16:22:43
2024;Parda;SOLTEIRO;50 a 54 anos                  ;MASCULINO;SUPERIOR INCOMPLETO;Cisgênero;NÃO;ITAJAÍ;Não;Brasil;NÃO;SUL;1;SC;0;0;0;0;0;1;0;1;0;0;0;0;0;0;1;1;0;2025-04-29 16:22:43
2024;Parda;SOLTEIRO;55 a 59 anos                  ;FEMININO;ENSINO FUNDAMENTAL COMPLETO;Cisgênero;NÃO;ITAJAÍ;Não;Brasil;NÃO;SUL;1;SC;0;0;0;0;0;1;0;1;0;0;0;0;0;0;1;1;0;2025-04-29 16:22:43
2024;Parda;SOLTEIRO;55 a 59 anos                  ;FEMININO;ENSINO FUNDAMENTAL COMPLETO;Prefere não informar;NÃO;ITAJAÍ;Não;Brasil;NÃO;SUL;1;SC;0;0;0;0;0;1;0;1;0;0;0;0;0;0;1;1;0;2025-04-29 16:22:43
2024;Parda;SOLTEIRO;55 a 59 anos                  ;FEMININO;ENSINO FUNDAMENTAL INCOMPLETO;Cisgênero;NÃO;ITAJAÍ;Não;Brasil;NÃO;SUL;1;SC;0;0;0;0;0;5;0;5;0;0;0;0;0;0;5;5;0;2025-04-29 16:22:43
2024;Parda;SOLTEIRO;55 a 59 anos                  ;FEMININO;ENSINO MÉDIO COMPLETO;Cisgênero;NÃO;ITAJAÍ;Não;Brasil;NÃO;SUL;1;SC;0;0;0;1;0;5;0;4;0;0;0;0;0;0;5;4;1;2025-04-29 16:22:43
2024;Parda;SOLTEIRO;55 a 59 anos                  ;FEMININO;ENSINO MÉDIO COMPLETO;Prefere não informar;NÃO;ITAJAÍ;Não;Brasil;NÃO;SUL;1;SC;0;0;0;0;0;1;0;1;0;0;0;0;0;0;1;1;0;2025-04-29 16:22:43
2024;Parda;SOLTEIRO;55 a 59 anos                  ;FEMININO;ENSINO MÉDIO INCOMPLETO;Cisgênero;NÃO;ITAJAÍ;Não;Brasil;NÃO;SUL;1;SC;0;0;0;1;0;6;0;5;0;0;0;0;0;0;6;5;1;2025-04-29 16:22:43
2024;Parda;SOLTEIRO;55 a 59 anos                  ;FEMININO;LÊ E ESCREVE;Cisgênero;NÃO;ITAJAÍ;Não;Brasil;NÃO;SUL;1;SC;0;0;0;0;0;2;0;2;0;0;0;0;0;0;2;2;0;2025-04-29 16:22:43
2024;Parda;SOLTEIRO;55 a 59 anos                  ;FEMININO;SUPERIOR COMPLETO;Cisgênero;NÃO;ITAJAÍ;Não;Brasil;NÃO;SUL;1;SC;0;0;0;0;0;1;0;1;0;0;0;0;0;0;1;1;0;2025-04-29 16:22:43
2024;Parda;SOLTEIRO;55 a 59 anos                  ;FEMININO;SUPERIOR INCOMPLETO;Cisgênero;NÃO;ITAJAÍ;Não;Brasil;NÃO;SUL;1;SC;0;0;0;0;0;1;0;1;0;0;0;0;0;0;1;1;0;2025-04-29 16:22:43
2024;Parda;SOLTEIRO;55 a 59 anos                  ;MASCULINO;ANALFABETO;Cisgênero;NÃO;ITAJAÍ;Não;Brasil;NÃO;SUL;1;SC;0;0;0;0;2;0;1;0;0;0;0;0;0;0;2;1;1;2025-04-29 16:22:43
2024;Parda;SOLTEIRO;55 a 59 anos                  ;MASCULINO;ENSINO FUNDAMENTAL COMPLETO;Cisgênero;NÃO;ITAJAÍ;Não;Brasil;NÃO;SUL;1;SC;0;0;0;2;0;2;0;0;0;0;0;0;0;0;2;0;2;2025-04-29 16:22:43
2024;Parda;SOLTEIRO;55 a 59 anos                  ;MASCULINO;ENSINO FUNDAMENTAL COMPLETO;Prefere não informar;NÃO;ITAJAÍ;Não;Brasil;NÃO;SUL;1;SC;0;0;0;0;0;1;0;1;0;0;0;0;0;0;1;1;0;2025-04-29 16:22:43
2024;Parda;SOLTEIRO;55 a 59 anos                  ;MASCULINO;ENSINO FUNDAMENTAL INCOMPLETO;Cisgênero;NÃO;ITAJAÍ;Não;Brasil;NÃO;SUL;1;SC;0;0;0;4;0;10;0;6;0;0;0;0;0;0;10;6;4;2025-04-29 16:22:43
2024;Parda;SOLTEIRO;55 a 59 anos                  ;MASCULINO;ENSINO FUNDAMENTAL INCOMPLETO;Prefere não informar;NÃO;ITAJAÍ;Não;Brasil;NÃO;SUL;1;SC;0;0;0;0;0;2;0;2;0;1;1;0;0;0;2;2;0;2025-04-29 16:22:43
2024;Parda;SOLTEIRO;55 a 59 anos                  ;MASCULINO;ENSINO MÉDIO COMPLETO;Cisgênero;NÃO;ITAJAÍ;Não;Brasil;NÃO;SUL;1;SC;1;0;0;3;0;4;0;1;0;1;0;0;1;0;4;1;3;2025-04-29 16:22:43
2024;Parda;SOLTEIRO;55 a 59 anos                  ;MASCULINO;ENSINO MÉDIO INCOMPLETO;Cisgênero;NÃO;ITAJAÍ;Não;Brasil;NÃO;SUL;1;SC;0;0;0;0;0;2;0;2;0;0;0;0;0;0;2;2;0;2025-04-29 16:22:43
2024;Parda;SOLTEIRO;55 a 59 anos                  ;MASCULINO;LÊ E ESCREVE;Cisgênero;NÃO;ITAJAÍ;Não;Brasil;NÃO;SUL;1;SC;0;0;0;1;0;4;0;3;0;0;0;0;0;0;4;3;1;2025-04-29 16:22:43
2024;Parda;SOLTEIRO;55 a 59 anos                  ;MASCULINO;SUPERIOR COMPLETO;Cisgênero;NÃO;ITAJAÍ;Não;Brasil;NÃO;SUL;1;SC;0;0;0;0;0;1;0;1;0;0;0;0;0;0;1;1;0;2025-04-29 16:22:43
2024;Parda;SOLTEIRO;60 a 64 anos                  ;FEMININO;ENSINO FUNDAMENTAL INCOMPLETO;Cisgênero;NÃO;ITAJAÍ;Não;Brasil;NÃO;SUL;1;SC;1;0;0;1;0;7;0;6;0;1;0;0;1;0;7;6;1;2025-04-29 16:22:43
2024;Parda;SOLTEIRO;60 a 64 anos                  ;FEMININO;ENSINO FUNDAMENTAL INCOMPLETO;Prefere não informar;NÃO;ITAJAÍ;Não;Brasil;NÃO;SUL;1;SC;0;0;0;0;0;1;0;1;0;0;0;0;0;0;1;1;0;2025-04-29 16:22:43
2024;Parda;SOLTEIRO;60 a 64 anos                  ;FEMININO;ENSINO MÉDIO COMPLETO;Cisgênero;NÃO;ITAJAÍ;Não;Brasil;NÃO;SUL;1;SC;0;0;0;0;0;1;0;1;0;0;0;0;0;0;1;1;0;2025-04-29 16:22:43
2024;Parda;SOLTEIRO;60 a 64 anos                  ;FEMININO;ENSINO MÉDIO COMPLETO;Prefere não informar;NÃO;ITAJAÍ;Não;Brasil;NÃO;SUL;1;SC;0;0;0;0;0;1;0;1;0;0;0;0;0;0;1;1;0;2025-04-29 16:22:43
2024;Parda;SOLTEIRO;60 a 64 anos                  ;FEMININO;ENSINO MÉDIO INCOMPLETO;Cisgênero;NÃO;ITAJAÍ;Não;Brasil;NÃO;SUL;1;SC;0;0;0;1;0;1;0;0;0;0;0;0;0;0;1;0;1;2025-04-29 16:22:43
2024;Parda;SOLTEIRO;60 a 64 anos                  ;FEMININO;LÊ E ESCREVE;Cisgênero;NÃO;ITAJAÍ;Não;Brasil;NÃO;SUL;1;SC;0;0;0;0;0;2;0;2;0;0;0;0;0;0;2;2;0;2025-04-29 16:22:43
2024;Parda;SOLTEIRO;60 a 64 anos                  ;FEMININO;SUPERIOR INCOMPLETO;Cisgênero;NÃO;ITAJAÍ;Não;Brasil;NÃO;SUL;1;SC;0;0;0;0;0;1;0;1;0;0;0;0;0;0;1;1;0;2025-04-29 16:22:43
2024;Parda;SOLTEIRO;60 a 64 anos                  ;MASCULINO;ANALFABETO;Cisgênero;NÃO;ITAJAÍ;Não;Brasil;NÃO;SUL;1;SC;0;0;0;0;1;0;1;0;0;0;0;0;0;0;1;1;0;2025-04-29 16:22:43
2024;Parda;SOLTEIRO;60 a 64 anos                  ;MASCULINO;ENSINO FUNDAMENTAL COMPLETO;Cisgênero;NÃO;ITAJAÍ;Não;Brasil;NÃO;SUL;1;SC;0;0;0;0;0;3;0;3;0;0;0;0;0;0;3;3;0;2025-04-29 16:22:43
2024;Parda;SOLTEIRO;60 a 64 anos                  ;MASCULINO;ENSINO FUNDAMENTAL INCOMPLETO;Cisgênero;NÃO;ITAJAÍ;Não;Brasil;NÃO;SUL;1;SC;0;0;0;2;0;4;0;2;0;0;0;0;0;0;4;2;2;2025-04-29 16:22:43
2024;Parda;SOLTEIRO;60 a 64 anos                  ;MASCULINO;ENSINO MÉDIO INCOMPLETO;Cisgênero;NÃO;ITAJAÍ;Não;Brasil;NÃO;SUL;1;SC;0;0;0;0;0;1;0;1;0;0;0;0;0;0;1;1;0;2025-04-29 16:22:43
2024;Parda;SOLTEIRO;60 a 64 anos                  ;MASCULINO;SUPERIOR COMPLETO;Cisgênero;NÃO;ITAJAÍ;Não;Brasil;NÃO;SUL;1;SC;1;0;0;1;0;1;0;0;0;1;0;0;1;0;1;0;1;2025-04-29 16:22:43
2024;Parda;SOLTEIRO;65 a 69 anos                  ;FEMININO;ENSINO FUNDAMENTAL COMPLETO;Cisgênero;NÃO;ITAJAÍ;Não;Brasil;NÃO;SUL;1;SC;0;0;0;1;0;2;0;1;0;0;0;0;0;0;2;1;1;2025-04-29 16:22:43
2024;Parda;SOLTEIRO;65 a 69 anos                  ;FEMININO;ENSINO FUNDAMENTAL INCOMPLETO;Cisgênero;NÃO;ITAJAÍ;Não;Brasil;NÃO;SUL;1;SC;0;0;0;1;0;1;0;0;0;0;0;0;0;0;1;0;1;2025-04-29 16:22:43
2024;Parda;SOLTEIRO;65 a 69 anos                  ;FEMININO;ENSINO FUNDAMENTAL INCOMPLETO;Prefere não informar;NÃO;ITAJAÍ;Não;Brasil;NÃO;SUL;1;SC;0;0;0;0;0;1;0;1;0;0;0;0;0;0;1;1;0;2025-04-29 16:22:43
2024;Parda;SOLTEIRO;65 a 69 anos                  ;FEMININO;SUPERIOR COMPLETO;Cisgênero;NÃO;ITAJAÍ;Não;Brasil;NÃO;SUL;1;SC;0;0;0;0;0;1;0;1;0;0;0;0;0;0;1;1;0;2025-04-29 16:22:43
2024;Parda;SOLTEIRO;65 a 69 anos                  ;MASCULINO;ANALFABETO;Cisgênero;NÃO;ITAJAÍ;Não;Brasil;NÃO;SUL;1;SC;0;0;0;0;1;0;1;0;0;0;0;0;0;0;1;1;0;2025-04-29 16:22:43
2024;Parda;SOLTEIRO;65 a 69 anos                  ;MASCULINO;ENSINO FUNDAMENTAL INCOMPLETO;Cisgênero;NÃO;ITAJAÍ;Não;Brasil;NÃO;SUL;1;SC;0;0;0;0;0;1;0;1;0;0;0;0;0;0;1;1;0;2025-04-29 16:22:43
2024;Parda;SOLTEIRO;65 a 69 anos                  ;MASCULINO;ENSINO FUNDAMENTAL INCOMPLETO;Prefere não informar;NÃO;ITAJAÍ;Não;Brasil;NÃO;SUL;1;SC;0;0;0;0;0;1;0;1;0;0;0;0;0;0;1;1;0;2025-04-29 16:22:43
2024;Parda;SOLTEIRO;70 a 74 anos                  ;FEMININO;ENSINO MÉDIO COMPLETO;Cisgênero;NÃO;ITAJAÍ;Não;Brasil;NÃO;SUL;1;SC;0;0;0;0;1;0;1;0;0;0;0;0;0;0;1;1;0;2025-04-29 16:22:43
2024;Parda;SOLTEIRO;70 a 74 anos                  ;FEMININO;SUPERIOR COMPLETO;Cisgênero;NÃO;ITAJAÍ;Não;Brasil;NÃO;SUL;1;SC;0;0;0;0;1;0;1;0;0;0;0;0;0;0;1;1;0;2025-04-29 16:22:43
2024;Parda;SOLTEIRO;70 a 74 anos                  ;MASCULINO;ENSINO MÉDIO COMPLETO;Cisgênero;NÃO;ITAJAÍ;Não;Brasil;NÃO;SUL;1;SC;0;0;0;0;1;0;1;0;0;0;0;0;0;0;1;1;0;2025-04-29 16:22:43
2024;Parda;VIÚVO;18 anos                       ;MASCULINO;ENSINO FUNDAMENTAL INCOMPLETO;Cisgênero;NÃO;ITAJAÍ;Não;Brasil;NÃO;SUL;1;SC;0;0;0;1;0;1;0;0;0;0;0;0;0;0;1;0;1;2025-04-29 16:22:43
2024;Parda;VIÚVO;25 a 29 anos                  ;FEMININO;ENSINO MÉDIO COMPLETO;Cisgênero;NÃO;ITAJAÍ;Não;Brasil;NÃO;SUL;1;SC;0;0;0;1;0;1;0;0;0;0;0;0;0;0;1;0;1;2025-04-29 16:22:43
2024;Parda;VIÚVO;30 a 34 anos                  ;FEMININO;ENSINO MÉDIO COMPLETO;Cisgênero;NÃO;ITAJAÍ;Não;Brasil;NÃO;SUL;1;SC;0;0;0;0;0;2;0;2;0;0;0;0;0;0;2;2;0;2025-04-29 16:22:43
2024;Parda;VIÚVO;30 a 34 anos                  ;FEMININO;SUPERIOR COMPLETO;Cisgênero;NÃO;ITAJAÍ;Não;Brasil;NÃO;SUL;1;SC;0;0;0;0;0;1;0;1;0;0;0;0;0;0;1;1;0;2025-04-29 16:22:43
2024;Parda;VIÚVO;30 a 34 anos                  ;FEMININO;SUPERIOR INCOMPLETO;Prefere não informar;NÃO;ITAJAÍ;Não;Brasil;NÃO;SUL;1;SC;0;0;0;0;0;1;0;1;0;0;0;0;0;0;1;1;0;2025-04-29 16:22:43
2024;Parda;VIÚVO;35 a 39 anos                  ;MASCULINO;ENSINO MÉDIO COMPLETO;Cisgênero;NÃO;ITAJAÍ;Não;Brasil;NÃO;SUL;1;SC;0;0;0;0;0;1;0;1;0;0;0;0;0;0;1;1;0;2025-04-29 16:22:43
2024;Parda;VIÚVO;40 a 44 anos                  ;FEMININO;ENSINO FUNDAMENTAL COMPLETO;Cisgênero;NÃO;ITAJAÍ;Não;Brasil;NÃO;SUL;1;SC;0;0;0;1;0;1;0;0;0;0;0;0;0;0;1;0;1;2025-04-29 16:22:43
2024;Parda;VIÚVO;40 a 44 anos                  ;FEMININO;ENSINO FUNDAMENTAL INCOMPLETO;Cisgênero;NÃO;ITAJAÍ;Não;Brasil;NÃO;SUL;1;SC;0;0;0;0;0;1;0;1;0;1;1;0;0;0;1;1;0;2025-04-29 16:22:43
2024;Parda;VIÚVO;40 a 44 anos                  ;FEMININO;ENSINO MÉDIO COMPLETO;Cisgênero;NÃO;ITAJAÍ;Não;Brasil;NÃO;SUL;1;SC;0;0;0;0;0;1;0;1;0;0;0;0;0;0;1;1;0;2025-04-29 16:22:43
2024;Parda;VIÚVO;40 a 44 anos                  ;FEMININO;LÊ E ESCREVE;Cisgênero;NÃO;ITAJAÍ;Não;Brasil;NÃO;SUL;1;SC;0;0;0;1;0;1;0;0;0;0;0;0;0;0;1;0;1;2025-04-29 16:22:43
2024;Parda;VIÚVO;40 a 44 anos                  ;FEMININO;SUPERIOR INCOMPLETO;Cisgênero;NÃO;ITAJAÍ;Não;Brasil;NÃO;SUL;1;SC;0;0;0;1;0;1;0;0;0;0;0;0;0;0;1;0;1;2025-04-29 16:22:43
2024;Parda;VIÚVO;45 a 49 anos                  ;FEMININO;ENSINO MÉDIO COMPLETO;Cisgênero;NÃO;ITAJAÍ;Não;Brasil;NÃO;SUL;1;SC;0;0;0;1;0;1;0;0;0;0;0;0;0;0;1;0;1;2025-04-29 16:22:43
2024;Parda;VIÚVO;45 a 49 anos                  ;MASCULINO;ENSINO MÉDIO COMPLETO;Cisgênero;NÃO;ITAJAÍ;Não;Brasil;NÃO;SUL;1;SC;0;0;0;0;0;1;0;1;0;0;0;0;0;0;1;1;0;2025-04-29 16:22:43
2024;Parda;VIÚVO;50 a 54 anos                  ;FEMININO;ENSINO FUNDAMENTAL INCOMPLETO;Cisgênero;NÃO;ITAJAÍ;Não;Brasil;NÃO;SUL;1;SC;0;0;0;0;0;3;0;3;0;0;0;0;0;0;3;3;0;2025-04-29 16:22:43
2024;Parda;VIÚVO;50 a 54 anos                  ;FEMININO;ENSINO MÉDIO COMPLETO;Cisgênero;NÃO;ITAJAÍ;Não;Brasil;NÃO;SUL;1;SC;0;0;0;0;0;4;0;4;0;0;0;0;0;0;4;4;0;2025-04-29 16:22:43
2024;Parda;VIÚVO;50 a 54 anos                  ;FEMININO;ENSINO MÉDIO INCOMPLETO;Cisgênero;NÃO;ITAJAÍ;Não;Brasil;NÃO;SUL;1;SC;0;0;0;1;0;1;0;0;0;0;0;0;0;0;1;0;1;2025-04-29 16:22:43
2024;Parda;VIÚVO;55 a 59 anos                  ;FEMININO;ENSINO FUNDAMENTAL COMPLETO;Cisgênero;NÃO;ITAJAÍ;Não;Brasil;NÃO;SUL;1;SC;0;0;0;0;0;1;0;1;0;0;0;0;0;0;1;1;0;2025-04-29 16:22:43
2024;Parda;VIÚVO;55 a 59 anos                  ;FEMININO;ENSINO FUNDAMENTAL INCOMPLETO;Cisgênero;NÃO;ITAJAÍ;Não;Brasil;NÃO;SUL;1;SC;0;0;0;0;0;3;0;3;0;0;0;0;0;0;3;3;0;2025-04-29 16:22:43
2024;Parda;VIÚVO;55 a 59 anos                  ;FEMININO;ENSINO MÉDIO COMPLETO;Cisgênero;NÃO;ITAJAÍ;Não;Brasil;NÃO;SUL;1;SC;0;0;0;1;0;1;0;0;0;0;0;0;0;0;1;0;1;2025-04-29 16:22:43
2024;Parda;VIÚVO;55 a 59 anos                  ;MASCULINO;ANALFABETO;Cisgênero;NÃO;ITAJAÍ;Não;Brasil;NÃO;SUL;1;SC;0;0;0;0;1;0;1;0;0;0;0;0;0;0;1;1;0;2025-04-29 16:22:43
2024;Parda;VIÚVO;55 a 59 anos                  ;MASCULINO;ENSINO FUNDAMENTAL INCOMPLETO;Cisgênero;NÃO;ITAJAÍ;Não;Brasil;NÃO;SUL;1;SC;0;0;0;0;0;1;0;1;0;0;0;0;0;0;1;1;0;2025-04-29 16:22:43
2024;Parda;VIÚVO;60 a 64 anos                  ;FEMININO;ANALFABETO;Cisgênero;NÃO;ITAJAÍ;Não;Brasil;NÃO;SUL;1;SC;0;0;0;0;1;0;0;0;0;0;0;0;0;0;1;0;1;2025-04-29 16:22:43
2024;Parda;VIÚVO;60 a 64 anos                  ;FEMININO;ENSINO FUNDAMENTAL INCOMPLETO;Cisgênero;NÃO;ITAJAÍ;Não;Brasil;NÃO;SUL;1;SC;0;0;0;1;0;2;0;1;0;0;0;0;0;0;2;1;1;2025-04-29 16:22:43
2024;Parda;VIÚVO;60 a 64 anos                  ;FEMININO;ENSINO FUNDAMENTAL INCOMPLETO;Prefere não informar;NÃO;ITAJAÍ;Não;Brasil;NÃO;SUL;1;SC;0;0;0;0;0;1;0;1;0;0;0;0;0;0;1;1;0;2025-04-29 16:22:43
2024;Parda;VIÚVO;60 a 64 anos                  ;FEMININO;ENSINO MÉDIO COMPLETO;Cisgênero;NÃO;ITAJAÍ;Não;Brasil;NÃO;SUL;1;SC;0;0;0;0;0;2;0;2;0;0;0;0;0;0;2;2;0;2025-04-29 16:22:43
2024;Parda;VIÚVO;60 a 64 anos                  ;FEMININO;LÊ E ESCREVE;Cisgênero;NÃO;ITAJAÍ;Não;Brasil;NÃO;SUL;1;SC;0;0;0;0;0;2;0;2;0;0;0;0;0;0;2;2;0;2025-04-29 16:22:43
2024;Parda;VIÚVO;60 a 64 anos                  ;MASCULINO;ENSINO FUNDAMENTAL INCOMPLETO;Cisgênero;NÃO;ITAJAÍ;Não;Brasil;NÃO;SUL;1;SC;0;0;0;0;0;1;0;1;0;0;0;0;0;0;1;1;0;2025-04-29 16:22:43
2024;Parda;VIÚVO;60 a 64 anos                  ;MASCULINO;LÊ E ESCREVE;Cisgênero;NÃO;ITAJAÍ;Não;Brasil;NÃO;SUL;1;SC;0;0;0;1;0;1;0;0;0;0;0;0;0;0;1;0;1;2025-04-29 16:22:43
2024;Parda;VIÚVO;65 a 69 anos                  ;FEMININO;ENSINO FUNDAMENTAL INCOMPLETO;Cisgênero;NÃO;ITAJAÍ;Não;Brasil;NÃO;SUL;1;SC;0;0;0;0;0;3;0;3;0;0;0;0;0;0;3;3;0;2025-04-29 16:22:43
2024;Parda;VIÚVO;65 a 69 anos                  ;FEMININO;ENSINO MÉDIO COMPLETO;Prefere não informar;NÃO;ITAJAÍ;Não;Brasil;NÃO;SUL;1;SC;0;0;0;1;0;1;0;0;0;0;0;0;0;0;1;0;1;2025-04-29 16:22:43
2024;Parda;VIÚVO;65 a 69 anos                  ;FEMININO;LÊ E ESCREVE;Prefere não informar;NÃO;ITAJAÍ;Não;Brasil;NÃO;SUL;1;SC;0;0;0;0;0;1;0;1;0;0;0;0;0;0;1;1;0;2025-04-29 16:22:43
2024;Parda;VIÚVO;65 a 69 anos                  ;MASCULINO;ENSINO FUNDAMENTAL INCOMPLETO;Cisgênero;NÃO;ITAJAÍ;Não;Brasil;NÃO;SUL;1;SC;0;0;0;0;0;1;0;1;0;0;0;0;0;0;1;1;0;2025-04-29 16:22:43
2024;Parda;VIÚVO;65 a 69 anos                  ;MASCULINO;ENSINO MÉDIO INCOMPLETO;Cisgênero;NÃO;ITAJAÍ;Não;Brasil;NÃO;SUL;1;SC;0;0;0;0;0;1;0;1;0;0;0;0;0;0;1;1;0;2025-04-29 16:22:43
2024;Parda;VIÚVO;70 a 74 anos                  ;FEMININO;ANALFABETO;Cisgênero;NÃO;ITAJAÍ;Não;Brasil;NÃO;SUL;1;SC;0;0;0;0;1;0;1;0;0;0;0;0;0;0;1;1;0;2025-04-29 16:22:43
2024;Parda;VIÚVO;70 a 74 anos                  ;FEMININO;ENSINO FUNDAMENTAL COMPLETO;Cisgênero;NÃO;ITAJAÍ;Não;Brasil;NÃO;SUL;1;SC;0;0;0;0;1;0;1;0;0;0;0;0;0;0;1;1;0;2025-04-29 16:22:43
2024;Parda;VIÚVO;70 a 74 anos                  ;FEMININO;ENSINO MÉDIO COMPLETO;Cisgênero;NÃO;ITAJAÍ;Não;Brasil;NÃO;SUL;1;SC;0;0;0;0;1;0;1;0;0;0;0;0;0;0;1;1;0;2025-04-29 16:22:43
2024;Parda;VIÚVO;75 a 79 anos                  ;FEMININO;ANALFABETO;Cisgênero;NÃO;ITAJAÍ;Não;Brasil;NÃO;SUL;1;SC;0;0;0;0;1;0;1;0;0;0;0;0;0;0;1;1;0;2025-04-29 16:22:43
2024;Parda;VIÚVO;75 a 79 anos                  ;MASCULINO;ENSINO MÉDIO COMPLETO;Cisgênero;NÃO;ITAJAÍ;Não;Brasil;NÃO;SUL;1;SC;0;0;0;0;1;0;0;0;0;0;0;0;0;0;1;0;1;2025-04-29 16:22:43
2024;Preta;CASADO;19 anos                       ;FEMININO;ENSINO MÉDIO INCOMPLETO;Cisgênero;NÃO;ITAJAÍ;Não;Brasil;NÃO;SUL;1;SC;0;0;0;1;0;1;0;0;0;0;0;0;0;0;1;0;1;2025-04-29 16:22:43
2024;Preta;CASADO;20 anos                       ;FEMININO;ENSINO MÉDIO COMPLETO;Cisgênero;NÃO;ITAJAÍ;Não;Brasil;NÃO;SUL;1;SC;0;0;0;0;0;1;0;1;0;0;0;0;0;0;1;1;0;2025-04-29 16:22:43
2024;Preta;CASADO;20 anos                       ;MASCULINO;ENSINO MÉDIO COMPLETO;Cisgênero;NÃO;ITAJAÍ;Não;Brasil;NÃO;SUL;1;SC;0;0;0;0;0;1;0;1;0;0;0;0;0;0;1;1;0;2025-04-29 16:22:43
2024;Preta;CASADO;21 a 24 anos                  ;FEMININO;ENSINO FUNDAMENTAL COMPLETO;Cisgênero;NÃO;ITAJAÍ;Não;Brasil;NÃO;SUL;1;SC;0;0;0;1;0;1;0;0;0;0;0;0;0;0;1;0;1;2025-04-29 16:22:43
2024;Preta;CASADO;21 a 24 anos                  ;FEMININO;ENSINO FUNDAMENTAL INCOMPLETO;Prefere não informar;SIM;ITAJAÍ;Não;Brasil;NÃO;SUL;1;SC;0;0;0;1;0;1;0;0;0;0;0;0;0;0;1;0;1;2025-04-29 16:22:43
2024;Preta;CASADO;21 a 24 anos                  ;FEMININO;ENSINO MÉDIO COMPLETO;Cisgênero;NÃO;ITAJAÍ;Não;Brasil;NÃO;SUL;1;SC;0;0;0;0;0;1;0;1;0;0;0;0;0;0;1;1;0;2025-04-29 16:22:43
2024;Preta;CASADO;21 a 24 anos                  ;FEMININO;ENSINO MÉDIO INCOMPLETO;Cisgênero;NÃO;ITAJAÍ;Não;Brasil;NÃO;SUL;1;SC;0;0;0;0;0;1;0;1;0;0;0;0;0;0;1;1;0;2025-04-29 16:22:43
2024;Preta;CASADO;21 a 24 anos                  ;FEMININO;SUPERIOR INCOMPLETO;Cisgênero;NÃO;ITAJAÍ;Não;Brasil;NÃO;SUL;1;SC;0;0;0;1;0;2;0;1;0;0;0;0;0;0;2;1;1;2025-04-29 16:22:43
2024;Preta;CASADO;21 a 24 anos                  ;MASCULINO;ENSINO MÉDIO COMPLETO;Cisgênero;NÃO;ITAJAÍ;Não;Brasil;NÃO;SUL;1;SC;0;0;0;1;0;1;0;0;0;0;0;0;0;0;1;0;1;2025-04-29 16:22:43
2024;Preta;CASADO;21 a 24 anos                  ;MASCULINO;ENSINO MÉDIO INCOMPLETO;Cisgênero;NÃO;ITAJAÍ;Não;Brasil;NÃO;SUL;1;SC;0;0;0;0;0;1;0;1;0;0;0;0;0;0;1;1;0;2025-04-29 16:22:43
2024;Preta;CASADO;25 a 29 anos                  ;FEMININO;ENSINO FUNDAMENTAL COMPLETO;Cisgênero;NÃO;ITAJAÍ;Não;Brasil;NÃO;SUL;1;SC;0;0;0;0;0;1;0;1;0;0;0;0;0;0;1;1;0;2025-04-29 16:22:43
2024;Preta;CASADO;25 a 29 anos                  ;FEMININO;ENSINO FUNDAMENTAL INCOMPLETO;Cisgênero;NÃO;ITAJAÍ;Não;Brasil;NÃO;SUL;1;SC;0;0;0;0;0;2;0;2;0;0;0;0;0;0;2;2;0;2025-04-29 16:22:43
2024;Preta;CASADO;25 a 29 anos                  ;FEMININO;ENSINO FUNDAMENTAL INCOMPLETO;Prefere não informar;SIM;ITAJAÍ;Não;Brasil;NÃO;SUL;1;SC;0;0;0;0;0;1;0;1;0;0;0;0;0;0;1;1;0;2025-04-29 16:22:43
2024;Preta;CASADO;25 a 29 anos                  ;FEMININO;ENSINO MÉDIO COMPLETO;Cisgênero;NÃO;ITAJAÍ;Não;Brasil;NÃO;SUL;1;SC;0;0;0;1;0;10;0;9;0;0;0;0;0;0;10;9;1;2025-04-29 16:22:43
2024;Preta;CASADO;25 a 29 anos                  ;FEMININO;ENSINO MÉDIO INCOMPLETO;Cisgênero;NÃO;ITAJAÍ;Não;Brasil;NÃO;SUL;1;SC;0;0;0;0;0;2;0;2;0;0;0;0;0;0;2;2;0;2025-04-29 16:22:43
2024;Preta;CASADO;25 a 29 anos                  ;FEMININO;ENSINO MÉDIO INCOMPLETO;Prefere não informar;NÃO;ITAJAÍ;Não;Brasil;NÃO;SUL;1;SC;0;0;0;0;0;1;0;1;0;0;0;0;0;0;1;1;0;2025-04-29 16:22:43
2024;Preta;CASADO;25 a 29 anos                  ;FEMININO;SUPERIOR COMPLETO;Cisgênero;NÃO;ITAJAÍ;Não;Brasil;NÃO;SUL;1;SC;0;0;0;0;0;3;0;3;0;0;0;0;0;0;3;3;0;2025-04-29 16:22:43
2024;Preta;CASADO;25 a 29 anos                  ;FEMININO;SUPERIOR INCOMPLETO;Cisgênero;NÃO;ITAJAÍ;Não;Brasil;NÃO;SUL;1;SC;0;0;0;0;0;1;0;1;0;0;0;0;0;0;1;1;0;2025-04-29 16:22:43
2024;Preta;CASADO;25 a 29 anos                  ;MASCULINO;ENSINO FUNDAMENTAL INCOMPLETO;Cisgênero;NÃO;ITAJAÍ;Não;Brasil;NÃO;SUL;1;SC;0;0;0;0;0;1;0;1;0;0;0;0;0;0;1;1;0;2025-04-29 16:22:43
2024;Preta;CASADO;25 a 29 anos                  ;MASCULINO;ENSINO FUNDAMENTAL INCOMPLETO;Prefere não informar;NÃO;ITAJAÍ;Não;Brasil;NÃO;SUL;1;SC;0;0;0;0;0;1;0;1;0;0;0;0;0;0;1;1;0;2025-04-29 16:22:43
2024;Preta;CASADO;25 a 29 anos                  ;MASCULINO;ENSINO MÉDIO COMPLETO;Cisgênero;NÃO;ITAJAÍ;Não;Brasil;NÃO;SUL;1;SC;0;0;0;3;0;9;0;6;0;0;0;0;0;0;9;6;3;2025-04-29 16:22:43
2024;Preta;CASADO;30 a 34 anos                  ;FEMININO;ENSINO FUNDAMENTAL COMPLETO;Cisgênero;NÃO;ITAJAÍ;Não;Brasil;NÃO;SUL;1;SC;0;0;0;0;0;1;0;1;0;0;0;0;0;0;1;1;0;2025-04-29 16:22:43
2024;Preta;CASADO;30 a 34 anos                  ;FEMININO;ENSINO FUNDAMENTAL INCOMPLETO;Cisgênero;NÃO;ITAJAÍ;Não;Brasil;NÃO;SUL;1;SC;0;0;0;1;0;2;0;1;0;0;0;0;0;0;2;1;1;2025-04-29 16:22:43
2024;Preta;CASADO;30 a 34 anos                  ;FEMININO;ENSINO MÉDIO COMPLETO;Cisgênero;NÃO;ITAJAÍ;Não;Brasil;NÃO;SUL;1;SC;0;0;0;2;0;11;0;9;0;0;0;0;0;0;11;9;2;2025-04-29 16:22:43
2024;Preta;CASADO;30 a 34 anos                  ;FEMININO;ENSINO MÉDIO INCOMPLETO;Cisgênero;NÃO;ITAJAÍ;Não;Brasil;NÃO;SUL;1;SC;0;0;0;2;0;3;0;1;0;0;0;0;0;0;3;1;2;2025-04-29 16:22:43
2024;Preta;CASADO;30 a 34 anos                  ;FEMININO;ENSINO MÉDIO INCOMPLETO;Transgênero;NÃO;ITAJAÍ;Não;Brasil;NÃO;SUL;1;SC;0;0;0;1;0;1;0;0;0;0;0;0;0;0;1;0;1;2025-04-29 16:22:43
2024;Preta;CASADO;30 a 34 anos                  ;FEMININO;SUPERIOR COMPLETO;Cisgênero;NÃO;ITAJAÍ;Não;Brasil;NÃO;SUL;1;SC;0;0;0;3;0;11;0;8;0;1;1;0;0;0;11;8;3;2025-04-29 16:22:43
2024;Preta;CASADO;30 a 34 anos                  ;FEMININO;SUPERIOR INCOMPLETO;Cisgênero;NÃO;ITAJAÍ;Não;Brasil;NÃO;SUL;1;SC;0;0;0;2;0;7;0;5;0;0;0;0;0;0;7;5;2;2025-04-29 16:22:43
2024;Preta;CASADO;30 a 34 anos                  ;FEMININO;SUPERIOR INCOMPLETO;Prefere não informar;NÃO;ITAJAÍ;Não;Brasil;NÃO;SUL;1;SC;0;0;0;0;0;1;0;1;0;0;0;0;0;0;1;1;0;2025-04-29 16:22:43
2024;Preta;CASADO;30 a 34 anos                  ;MASCULINO;ENSINO FUNDAMENTAL COMPLETO;Cisgênero;NÃO;ITAJAÍ;Não;Brasil;NÃO;SUL;1;SC;0;0;0;0;0;1;0;1;0;0;0;0;0;0;1;1;0;2025-04-29 16:22:43
2024;Preta;CASADO;30 a 34 anos                  ;MASCULINO;ENSINO FUNDAMENTAL INCOMPLETO;Cisgênero;NÃO;ITAJAÍ;Não;Brasil;NÃO;SUL;1;SC;0;0;0;0;0;2;0;2;0;0;0;0;0;0;2;2;0;2025-04-29 16:22:43
2024;Preta;CASADO;30 a 34 anos                  ;MASCULINO;ENSINO MÉDIO COMPLETO;Cisgênero;NÃO;ITAJAÍ;Não;Brasil;NÃO;SUL;1;SC;0;0;0;5;0;14;0;9;0;0;0;0;0;0;14;9;5;2025-04-29 16:22:43
2024;Preta;CASADO;30 a 34 anos                  ;MASCULINO;ENSINO MÉDIO INCOMPLETO;Cisgênero;NÃO;ITAJAÍ;Não;Brasil;NÃO;SUL;1;SC;0;0;0;0;0;3;0;3;0;0;0;0;0;0;3;3;0;2025-04-29 16:22:43
2024;Preta;CASADO;30 a 34 anos                  ;MASCULINO;SUPERIOR COMPLETO;Cisgênero;NÃO;ITAJAÍ;Não;Brasil;NÃO;SUL;1;SC;0;0;0;0;0;1;0;1;0;0;0;0;0;0;1;1;0;2025-04-29 16:22:43
2024;Preta;CASADO;30 a 34 anos                  ;MASCULINO;SUPERIOR INCOMPLETO;Cisgênero;NÃO;ITAJAÍ;Não;Brasil;NÃO;SUL;1;SC;0;0;0;0;0;8;0;8;0;0;0;0;0;0;8;8;0;2025-04-29 16:22:43
2024;Preta;CASADO;35 a 39 anos                  ;FEMININO;ENSINO FUNDAMENTAL COMPLETO;Cisgênero;NÃO;ITAJAÍ;Não;Brasil;NÃO;SUL;1;SC;0;0;0;0;0;1;0;1;0;0;0;0;0;0;1;1;0;2025-04-29 16:22:43
2024;Preta;CASADO;35 a 39 anos                  ;FEMININO;ENSINO FUNDAMENTAL INCOMPLETO;Cisgênero;NÃO;ITAJAÍ;Não;Brasil;NÃO;SUL;1;SC;0;0;0;0;0;3;0;3;0;0;0;0;0;0;3;3;0;2025-04-29 16:22:43
2024;Preta;CASADO;35 a 39 anos                  ;FEMININO;ENSINO MÉDIO COMPLETO;Cisgênero;NÃO;ITAJAÍ;Não;Brasil;NÃO;SUL;1;SC;0;0;0;2;0;20;0;18;0;0;0;0;0;0;20;18;2;2025-04-29 16:22:43
2024;Preta;CASADO;35 a 39 anos                  ;FEMININO;ENSINO MÉDIO COMPLETO;Cisgênero;SIM;ITAJAÍ;Não;Brasil;NÃO;SUL;1;SC;0;0;0;0;0;1;0;1;0;0;0;0;0;0;1;1;0;2025-04-29 16:22:43
2024;Preta;CASADO;35 a 39 anos                  ;FEMININO;ENSINO MÉDIO INCOMPLETO;Cisgênero;NÃO;ITAJAÍ;Não;Brasil;NÃO;SUL;1;SC;0;0;0;0;0;4;0;4;0;0;0;0;0;0;4;4;0;2025-04-29 16:22:43
2024;Preta;CASADO;35 a 39 anos                  ;FEMININO;SUPERIOR COMPLETO;Cisgênero;NÃO;ITAJAÍ;Não;Brasil;NÃO;SUL;1;SC;0;0;0;1;0;9;0;8;0;0;0;0;0;0;9;8;1;2025-04-29 16:22:43
2024;Preta;CASADO;35 a 39 anos                  ;FEMININO;SUPERIOR COMPLETO;Prefere não informar;NÃO;ITAJAÍ;Não;Brasil;NÃO;SUL;1;SC;0;0;0;0;0;1;0;1;0;0;0;0;0;0;1;1;0;2025-04-29 16:22:43
2024;Preta;CASADO;35 a 39 anos                  ;FEMININO;SUPERIOR INCOMPLETO;Cisgênero;NÃO;ITAJAÍ;Não;Brasil;NÃO;SUL;1;SC;0;0;0;0;0;3;0;3;0;0;0;0;0;0;3;3;0;2025-04-29 16:22:43
2024;Preta;CASADO;35 a 39 anos                  ;MASCULINO;ENSINO FUNDAMENTAL COMPLETO;Cisgênero;NÃO;ITAJAÍ;Não;Brasil;NÃO;SUL;1;SC;0;0;0;0;0;2;0;2;0;0;0;0;0;0;2;2;0;2025-04-29 16:22:43
2024;Preta;CASADO;35 a 39 anos                  ;MASCULINO;ENSINO FUNDAMENTAL INCOMPLETO;Cisgênero;NÃO;ITAJAÍ;Não;Brasil;NÃO;SUL;1;SC;0;0;0;0;0;3;0;3;0;0;0;0;0;0;3;3;0;2025-04-29 16:22:43
2024;Preta;CASADO;35 a 39 anos                  ;MASCULINO;ENSINO MÉDIO COMPLETO;Cisgênero;NÃO;ITAJAÍ;Não;Brasil;NÃO;SUL;1;SC;0;0;0;5;0;13;0;8;0;0;0;0;0;0;13;8;5;2025-04-29 16:22:43
2024;Preta;CASADO;35 a 39 anos                  ;MASCULINO;ENSINO MÉDIO INCOMPLETO;Cisgênero;NÃO;ITAJAÍ;Não;Brasil;NÃO;SUL;1;SC;0;0;0;0;0;3;0;3;0;0;0;0;0;0;3;3;0;2025-04-29 16:22:43
2024;Preta;CASADO;35 a 39 anos                  ;MASCULINO;ENSINO MÉDIO INCOMPLETO;Prefere não informar;NÃO;ITAJAÍ;Não;Brasil;NÃO;SUL;1;SC;0;0;0;1;0;1;0;0;0;0;0;0;0;0;1;0;1;2025-04-29 16:22:43
2024;Preta;CASADO;35 a 39 anos                  ;MASCULINO;SUPERIOR COMPLETO;Cisgênero;NÃO;ITAJAÍ;Não;Brasil;NÃO;SUL;1;SC;0;0;0;1;0;6;0;5;0;0;0;0;0;0;6;5;1;2025-04-29 16:22:43
2024;Preta;CASADO;35 a 39 anos                  ;MASCULINO;SUPERIOR COMPLETO;Prefere não informar;NÃO;ITAJAÍ;Não;Brasil;NÃO;SUL;1;SC;0;0;0;0;0;1;0;1;0;0;0;0;0;0;1;1;0;2025-04-29 16:22:43
2024;Preta;CASADO;35 a 39 anos                  ;MASCULINO;SUPERIOR INCOMPLETO;Cisgênero;NÃO;ITAJAÍ;Não;Brasil;NÃO;SUL;1;SC;0;0;0;1;0;3;0;2;0;0;0;0;0;0;3;2;1;2025-04-29 16:22:43
2024;Preta;CASADO;40 a 44 anos                  ;FEMININO;ENSINO FUNDAMENTAL COMPLETO;Cisgênero;NÃO;ITAJAÍ;Não;Brasil;NÃO;SUL;1;SC;0;0;0;1;0;1;0;0;0;0;0;0;0;0;1;0;1;2025-04-29 16:22:43
2024;Preta;CASADO;40 a 44 anos                  ;FEMININO;ENSINO FUNDAMENTAL INCOMPLETO;Cisgênero;NÃO;ITAJAÍ;Não;Brasil;NÃO;SUL;1;SC;0;0;0;0;0;3;0;3;0;0;0;0;0;0;3;3;0;2025-04-29 16:22:43
2024;Preta;CASADO;40 a 44 anos                  ;FEMININO;ENSINO MÉDIO COMPLETO;Cisgênero;NÃO;ITAJAÍ;Não;Brasil;NÃO;SUL;1;SC;0;0;0;3;0;14;0;11;0;0;0;0;0;0;14;11;3;2025-04-29 16:22:43
2024;Preta;CASADO;40 a 44 anos                  ;FEMININO;ENSINO MÉDIO COMPLETO;Prefere não informar;NÃO;ITAJAÍ;Não;Brasil;NÃO;SUL;1;SC;0;0;0;0;0;1;0;1;0;0;0;0;0;0;1;1;0;2025-04-29 16:22:43
2024;Preta;CASADO;40 a 44 anos                  ;FEMININO;ENSINO MÉDIO INCOMPLETO;Cisgênero;NÃO;ITAJAÍ;Não;Brasil;NÃO;SUL;1;SC;0;0;0;1;0;1;0;0;0;0;0;0;0;0;1;0;1;2025-04-29 16:22:43
2024;Preta;CASADO;40 a 44 anos                  ;FEMININO;SUPERIOR COMPLETO;Cisgênero;NÃO;ITAJAÍ;Não;Brasil;NÃO;SUL;1;SC;0;0;0;0;0;5;0;5;0;0;0;0;0;0;5;5;0;2025-04-29 16:22:43
2024;Preta;CASADO;40 a 44 anos                  ;FEMININO;SUPERIOR INCOMPLETO;Cisgênero;NÃO;ITAJAÍ;Não;Brasil;NÃO;SUL;1;SC;0;0;0;0;0;1;0;1;0;0;0;0;0;0;1;1;0;2025-04-29 16:22:43
2024;Preta;CASADO;40 a 44 anos                  ;MASCULINO;ENSINO FUNDAMENTAL COMPLETO;Cisgênero;NÃO;ITAJAÍ;Não;Brasil;NÃO;SUL;1;SC;0;0;0;2;0;3;0;1;0;0;0;0;0;0;3;1;2;2025-04-29 16:22:43
2024;Preta;CASADO;40 a 44 anos                  ;MASCULINO;ENSINO FUNDAMENTAL INCOMPLETO;Cisgênero;NÃO;ITAJAÍ;Não;Brasil;NÃO;SUL;1;SC;0;0;0;2;0;5;0;3;0;0;0;0;0;0;5;3;2;2025-04-29 16:22:43
2024;Preta;CASADO;40 a 44 anos                  ;MASCULINO;ENSINO MÉDIO COMPLETO;Cisgênero;NÃO;ITAJAÍ;Não;Brasil;NÃO;SUL;1;SC;0;0;0;1;0;10;0;9;0;0;0;0;0;0;10;9;1;2025-04-29 16:22:43
2024;Preta;CASADO;40 a 44 anos                  ;MASCULINO;ENSINO MÉDIO COMPLETO;Prefere não informar;NÃO;ITAJAÍ;Não;Brasil;NÃO;SUL;1;SC;0;0;0;1;0;1;0;0;0;0;0;0;0;0;1;0;1;2025-04-29 16:22:43
2024;Preta;CASADO;40 a 44 anos                  ;MASCULINO;ENSINO MÉDIO INCOMPLETO;Cisgênero;NÃO;ITAJAÍ;Não;Brasil;NÃO;SUL;1;SC;0;0;0;0;0;4;0;4;0;0;0;0;0;0;4;4;0;2025-04-29 16:22:43
2024;Preta;CASADO;40 a 44 anos                  ;MASCULINO;SUPERIOR COMPLETO;Cisgênero;NÃO;ITAJAÍ;Não;Brasil;NÃO;SUL;1;SC;0;0;0;0;0;8;0;8;0;0;0;0;0;0;8;8;0;2025-04-29 16:22:43
2024;Preta;CASADO;40 a 44 anos                  ;MASCULINO;SUPERIOR COMPLETO;Prefere não informar;NÃO;ITAJAÍ;Não;Brasil;NÃO;SUL;1;SC;0;0;0;0;0;2;0;2;0;0;0;0;0;0;2;2;0;2025-04-29 16:22:43
2024;Preta;CASADO;40 a 44 anos                  ;MASCULINO;SUPERIOR INCOMPLETO;Cisgênero;NÃO;ITAJAÍ;Não;Brasil;NÃO;SUL;1;SC;0;0;0;0;0;1;0;1;0;0;0;0;0;0;1;1;0;2025-04-29 16:22:43
2024;Preta;CASADO;40 a 44 anos                  ;MASCULINO;SUPERIOR INCOMPLETO;Cisgênero;SIM;ITAJAÍ;Não;Brasil;NÃO;SUL;1;SC;0;0;0;0;0;1;0;1;0;0;0;0;0;0;1;1;0;2025-04-29 16:22:43
2024;Preta;CASADO;45 a 49 anos                  ;FEMININO;ENSINO FUNDAMENTAL INCOMPLETO;Cisgênero;NÃO;ITAJAÍ;Não;Brasil;NÃO;SUL;1;SC;0;0;0;0;0;1;0;1;0;0;0;0;0;0;1;1;0;2025-04-29 16:22:43
2024;Preta;CASADO;45 a 49 anos                  ;FEMININO;ENSINO MÉDIO COMPLETO;Cisgênero;NÃO;ITAJAÍ;Não;Brasil;NÃO;SUL;1;SC;0;0;0;3;0;14;0;11;0;0;0;0;0;0;14;11;3;2025-04-29 16:22:43
2024;Preta;CASADO;45 a 49 anos                  ;FEMININO;ENSINO MÉDIO COMPLETO;Prefere não informar;NÃO;ITAJAÍ;Não;Brasil;NÃO;SUL;1;SC;0;0;0;0;0;1;0;1;0;0;0;0;0;0;1;1;0;2025-04-29 16:22:43
2024;Preta;CASADO;45 a 49 anos                  ;FEMININO;ENSINO MÉDIO INCOMPLETO;Cisgênero;NÃO;ITAJAÍ;Não;Brasil;NÃO;SUL;1;SC;0;0;0;0;0;1;0;1;0;0;0;0;0;0;1;1;0;2025-04-29 16:22:43
2024;Preta;CASADO;45 a 49 anos                  ;FEMININO;SUPERIOR COMPLETO;Cisgênero;NÃO;ITAJAÍ;Não;Brasil;NÃO;SUL;1;SC;0;0;0;1;0;3;0;2;0;0;0;0;0;0;3;2;1;2025-04-29 16:22:43
2024;Preta;CASADO;45 a 49 anos                  ;FEMININO;SUPERIOR COMPLETO;Prefere não informar;NÃO;ITAJAÍ;Não;Brasil;NÃO;SUL;1;SC;0;0;0;0;0;1;0;1;0;0;0;0;0;0;1;1;0;2025-04-29 16:22:43
2024;Preta;CASADO;45 a 49 anos                  ;FEMININO;SUPERIOR INCOMPLETO;Cisgênero;NÃO;ITAJAÍ;Não;Brasil;NÃO;SUL;1;SC;0;0;0;2;0;3;0;1;0;0;0;0;0;0;3;1;2;2025-04-29 16:22:43
2024;Preta;CASADO;45 a 49 anos                  ;MASCULINO;ANALFABETO;Cisgênero;NÃO;ITAJAÍ;Não;Brasil;NÃO;SUL;1;SC;0;0;0;0;1;0;1;0;0;0;0;0;0;0;1;1;0;2025-04-29 16:22:43
2024;Preta;CASADO;45 a 49 anos                  ;MASCULINO;ENSINO FUNDAMENTAL COMPLETO;Cisgênero;NÃO;ITAJAÍ;Não;Brasil;NÃO;SUL;1;SC;0;0;0;1;0;3;0;2;0;0;0;0;0;0;3;2;1;2025-04-29 16:22:43
2024;Preta;CASADO;45 a 49 anos                  ;MASCULINO;ENSINO FUNDAMENTAL INCOMPLETO;Cisgênero;NÃO;ITAJAÍ;Não;Brasil;NÃO;SUL;1;SC;0;0;0;1;0;5;0;4;0;0;0;0;0;0;5;4;1;2025-04-29 16:22:43
2024;Preta;CASADO;45 a 49 anos                  ;MASCULINO;ENSINO MÉDIO COMPLETO;Cisgênero;NÃO;ITAJAÍ;Não;Brasil;NÃO;SUL;1;SC;0;0;0;3;0;15;0;12;0;0;0;0;0;0;15;12;3;2025-04-29 16:22:43
2024;Preta;CASADO;45 a 49 anos                  ;MASCULINO;ENSINO MÉDIO COMPLETO;Cisgênero;SIM;ITAJAÍ;Não;Brasil;NÃO;SUL;1;SC;0;0;0;1;0;1;0;0;0;0;0;0;0;0;1;0;1;2025-04-29 16:22:43
2024;Preta;CASADO;45 a 49 anos                  ;MASCULINO;ENSINO MÉDIO COMPLETO;Prefere não informar;NÃO;ITAJAÍ;Não;Brasil;NÃO;SUL;1;SC;0;0;0;1;0;1;0;0;0;0;0;0;0;0;1;0;1;2025-04-29 16:22:43
2024;Preta;CASADO;45 a 49 anos                  ;MASCULINO;ENSINO MÉDIO INCOMPLETO;Cisgênero;NÃO;ITAJAÍ;Não;Brasil;NÃO;SUL;1;SC;0;0;0;0;0;1;0;1;0;0;0;0;0;0;1;1;0;2025-04-29 16:22:43
2024;Preta;CASADO;45 a 49 anos                  ;MASCULINO;SUPERIOR COMPLETO;Cisgênero;NÃO;ITAJAÍ;Não;Brasil;NÃO;SUL;1;SC;0;0;0;2;0;2;0;0;0;0;0;0;0;0;2;0;2;2025-04-29 16:22:43
2024;Preta;CASADO;45 a 49 anos                  ;MASCULINO;SUPERIOR INCOMPLETO;Cisgênero;NÃO;ITAJAÍ;Não;Brasil;NÃO;SUL;1;SC;0;0;0;0;0;3;0;3;0;0;0;0;0;0;3;3;0;2025-04-29 16:22:43
2024;Preta;CASADO;45 a 49 anos                  ;MASCULINO;SUPERIOR INCOMPLETO;Prefere não informar;NÃO;ITAJAÍ;Não;Brasil;NÃO;SUL;1;SC;0;0;0;1;0;1;0;0;0;0;0;0;0;0;1;0;1;2025-04-29 16:22:43
2024;Preta;CASADO;50 a 54 anos                  ;FEMININO;ANALFABETO;Cisgênero;NÃO;ITAJAÍ;Não;Brasil;NÃO;SUL;1;SC;0;0;0;0;1;0;1;0;0;0;0;0;0;0;1;1;0;2025-04-29 16:22:43
2024;Preta;CASADO;50 a 54 anos                  ;FEMININO;ENSINO FUNDAMENTAL COMPLETO;Cisgênero;NÃO;ITAJAÍ;Não;Brasil;NÃO;SUL;1;SC;0;0;0;0;0;1;0;1;0;0;0;0;0;0;1;1;0;2025-04-29 16:22:43
2024;Preta;CASADO;50 a 54 anos                  ;FEMININO;ENSINO FUNDAMENTAL INCOMPLETO;Cisgênero;NÃO;ITAJAÍ;Não;Brasil;NÃO;SUL;1;SC;0;0;0;1;0;4;0;3;0;0;0;0;0;0;4;3;1;2025-04-29 16:22:43
2024;Preta;CASADO;50 a 54 anos                  ;FEMININO;ENSINO MÉDIO COMPLETO;Cisgênero;NÃO;ITAJAÍ;Não;Brasil;NÃO;SUL;1;SC;0;0;0;2;0;6;0;4;0;0;0;0;0;0;6;4;2;2025-04-29 16:22:43
2024;Preta;CASADO;50 a 54 anos                  ;FEMININO;ENSINO MÉDIO INCOMPLETO;Cisgênero;NÃO;ITAJAÍ;Não;Brasil;NÃO;SUL;1;SC;0;0;0;0;0;1;0;1;0;0;0;0;0;0;1;1;0;2025-04-29 16:22:43
2024;Preta;CASADO;50 a 54 anos                  ;FEMININO;SUPERIOR COMPLETO;Cisgênero;NÃO;ITAJAÍ;Não;Brasil;NÃO;SUL;1;SC;0;0;0;1;0;3;0;2;0;0;0;0;0;0;3;2;1;2025-04-29 16:22:43
2024;Preta;CASADO;50 a 54 anos                  ;MASCULINO;ENSINO FUNDAMENTAL COMPLETO;Cisgênero;NÃO;ITAJAÍ;Não;Brasil;NÃO;SUL;1;SC;0;0;0;0;0;1;0;1;0;0;0;0;0;0;1;1;0;2025-04-29 16:22:43
2024;Preta;CASADO;50 a 54 anos                  ;MASCULINO;ENSINO FUNDAMENTAL INCOMPLETO;Cisgênero;NÃO;ITAJAÍ;Não;Brasil;NÃO;SUL;1;SC;0;0;0;1;0;4;0;3;0;0;0;0;0;0;4;3;1;2025-04-29 16:22:43
2024;Preta;CASADO;50 a 54 anos                  ;MASCULINO;ENSINO MÉDIO COMPLETO;Cisgênero;NÃO;ITAJAÍ;Não;Brasil;NÃO;SUL;1;SC;0;0;0;1;0;4;0;3;0;0;0;0;0;0;4;3;1;2025-04-29 16:22:43
2024;Preta;CASADO;50 a 54 anos                  ;MASCULINO;SUPERIOR COMPLETO;Cisgênero;NÃO;ITAJAÍ;Não;Brasil;NÃO;SUL;1;SC;0;0;0;1;0;3;0;2;0;0;0;0;0;0;3;2;1;2025-04-29 16:22:43
2024;Preta;CASADO;50 a 54 anos                  ;MASCULINO;SUPERIOR INCOMPLETO;Cisgênero;NÃO;ITAJAÍ;Não;Brasil;NÃO;SUL;1;SC;0;0;0;0;0;4;0;4;0;0;0;0;0;0;4;4;0;2025-04-29 16:22:43
2024;Preta;CASADO;55 a 59 anos                  ;FEMININO;ENSINO FUNDAMENTAL COMPLETO;Cisgênero;NÃO;ITAJAÍ;Não;Brasil;NÃO;SUL;1;SC;0;0;0;0;0;2;0;2;0;0;0;0;0;0;2;2;0;2025-04-29 16:22:43
2024;Preta;CASADO;55 a 59 anos                  ;FEMININO;ENSINO FUNDAMENTAL INCOMPLETO;Cisgênero;NÃO;ITAJAÍ;Não;Brasil;NÃO;SUL;1;SC;0;0;0;1;0;2;0;1;0;0;0;0;0;0;2;1;1;2025-04-29 16:22:43
2024;Preta;CASADO;55 a 59 anos                  ;FEMININO;ENSINO MÉDIO COMPLETO;Cisgênero;NÃO;ITAJAÍ;Não;Brasil;NÃO;SUL;1;SC;0;0;0;0;0;2;0;2;0;0;0;0;0;0;2;2;0;2025-04-29 16:22:43
2024;Preta;CASADO;55 a 59 anos                  ;FEMININO;LÊ E ESCREVE;Cisgênero;NÃO;ITAJAÍ;Não;Brasil;NÃO;SUL;1;SC;0;0;0;1;0;1;0;0;0;0;0;0;0;0;1;0;1;2025-04-29 16:22:43
2024;Preta;CASADO;55 a 59 anos                  ;FEMININO;SUPERIOR COMPLETO;Cisgênero;NÃO;ITAJAÍ;Não;Brasil;NÃO;SUL;1;SC;0;0;0;0;0;1;0;1;0;0;0;0;0;0;1;1;0;2025-04-29 16:22:43
2024;Preta;CASADO;55 a 59 anos                  ;FEMININO;SUPERIOR COMPLETO;Prefere não informar;NÃO;ITAJAÍ;Não;Brasil;NÃO;SUL;1;SC;0;0;0;0;0;1;0;1;0;0;0;0;0;0;1;1;0;2025-04-29 16:22:43
2024;Preta;CASADO;55 a 59 anos                  ;MASCULINO;ENSINO FUNDAMENTAL COMPLETO;Cisgênero;NÃO;ITAJAÍ;Não;Brasil;NÃO;SUL;1;SC;0;0;0;0;0;1;0;1;0;0;0;0;0;0;1;1;0;2025-04-29 16:22:43
2024;Preta;CASADO;55 a 59 anos                  ;MASCULINO;ENSINO FUNDAMENTAL COMPLETO;Cisgênero;SIM;ITAJAÍ;Não;Brasil;NÃO;SUL;1;SC;0;0;0;0;0;1;0;1;0;0;0;0;0;0;1;1;0;2025-04-29 16:22:43
2024;Preta;CASADO;55 a 59 anos                  ;MASCULINO;ENSINO FUNDAMENTAL INCOMPLETO;Cisgênero;NÃO;ITAJAÍ;Não;Brasil;NÃO;SUL;1;SC;0;0;0;1;0;7;0;6;0;0;0;0;0;0;7;6;1;2025-04-29 16:22:43
2024;Preta;CASADO;55 a 59 anos                  ;MASCULINO;ENSINO FUNDAMENTAL INCOMPLETO;Prefere não informar;NÃO;ITAJAÍ;Não;Brasil;NÃO;SUL;1;SC;0;0;0;0;0;1;0;1;0;0;0;0;0;0;1;1;0;2025-04-29 16:22:43
2024;Preta;CASADO;55 a 59 anos                  ;MASCULINO;ENSINO MÉDIO COMPLETO;Cisgênero;NÃO;ITAJAÍ;Não;Brasil;NÃO;SUL;1;SC;0;0;0;0;0;7;0;7;0;0;0;0;0;0;7;7;0;2025-04-29 16:22:43
2024;Preta;CASADO;55 a 59 anos                  ;MASCULINO;ENSINO MÉDIO INCOMPLETO;Cisgênero;NÃO;ITAJAÍ;Não;Brasil;NÃO;SUL;1;SC;0;0;0;0;0;1;0;1;0;0;0;0;0;0;1;1;0;2025-04-29 16:22:43
2024;Preta;CASADO;55 a 59 anos                  ;MASCULINO;SUPERIOR COMPLETO;Cisgênero;NÃO;ITAJAÍ;Não;Brasil;NÃO;SUL;1;SC;0;0;0;0;0;2;0;2;0;0;0;0;0;0;2;2;0;2025-04-29 16:22:43
2024;Preta;CASADO;55 a 59 anos                  ;MASCULINO;SUPERIOR INCOMPLETO;Cisgênero;NÃO;ITAJAÍ;Não;Brasil;NÃO;SUL;1;SC;0;0;0;0;0;1;0;1;0;0;0;0;0;0;1;1;0;2025-04-29 16:22:43
2024;Preta;CASADO;60 a 64 anos                  ;FEMININO;ENSINO FUNDAMENTAL INCOMPLETO;Cisgênero;NÃO;ITAJAÍ;Não;Brasil;NÃO;SUL;1;SC;0;0;0;1;0;2;0;1;0;0;0;0;0;0;2;1;1;2025-04-29 16:22:43
2024;Preta;CASADO;60 a 64 anos                  ;FEMININO;ENSINO MÉDIO COMPLETO;Cisgênero;NÃO;ITAJAÍ;Não;Brasil;NÃO;SUL;1;SC;0;0;0;0;0;2;0;2;0;0;0;0;0;0;2;2;0;2025-04-29 16:22:43
2024;Preta;CASADO;60 a 64 anos                  ;FEMININO;ENSINO MÉDIO INCOMPLETO;Cisgênero;NÃO;ITAJAÍ;Não;Brasil;NÃO;SUL;1;SC;0;0;0;0;0;2;0;2;0;0;0;0;0;0;2;2;0;2025-04-29 16:22:43
2024;Preta;CASADO;60 a 64 anos                  ;FEMININO;LÊ E ESCREVE;Cisgênero;NÃO;ITAJAÍ;Não;Brasil;NÃO;SUL;1;SC;0;0;0;0;0;1;0;1;0;0;0;0;0;0;1;1;0;2025-04-29 16:22:43
2024;Preta;CASADO;60 a 64 anos                  ;FEMININO;SUPERIOR COMPLETO;Cisgênero;NÃO;ITAJAÍ;Não;Brasil;NÃO;SUL;1;SC;0;0;0;0;0;1;0;1;0;0;0;0;0;0;1;1;0;2025-04-29 16:22:43
2024;Preta;CASADO;60 a 64 anos                  ;MASCULINO;ENSINO FUNDAMENTAL COMPLETO;Cisgênero;NÃO;ITAJAÍ;Não;Brasil;NÃO;SUL;1;SC;0;0;0;1;0;2;0;1;0;0;0;0;0;0;2;1;1;2025-04-29 16:22:43
2024;Preta;CASADO;60 a 64 anos                  ;MASCULINO;ENSINO FUNDAMENTAL INCOMPLETO;Cisgênero;NÃO;ITAJAÍ;Não;Brasil;NÃO;SUL;1;SC;0;0;0;0;0;1;0;1;0;0;0;0;0;0;1;1;0;2025-04-29 16:22:43
2024;Preta;CASADO;60 a 64 anos                  ;MASCULINO;ENSINO MÉDIO COMPLETO;Cisgênero;NÃO;ITAJAÍ;Não;Brasil;NÃO;SUL;1;SC;0;0;0;0;0;2;0;2;0;0;0;0;0;0;2;2;0;2025-04-29 16:22:43
2024;Preta;CASADO;60 a 64 anos                  ;MASCULINO;ENSINO MÉDIO INCOMPLETO;Cisgênero;NÃO;ITAJAÍ;Não;Brasil;NÃO;SUL;1;SC;0;0;0;0;0;1;0;1;0;0;0;0;0;0;1;1;0;2025-04-29 16:22:43
2024;Preta;CASADO;60 a 64 anos                  ;MASCULINO;LÊ E ESCREVE;Cisgênero;NÃO;ITAJAÍ;Não;Brasil;NÃO;SUL;1;SC;0;0;0;0;0;1;0;1;0;0;0;0;0;0;1;1;0;2025-04-29 16:22:43
2024;Preta;CASADO;60 a 64 anos                  ;MASCULINO;SUPERIOR COMPLETO;Cisgênero;NÃO;ITAJAÍ;Não;Brasil;NÃO;SUL;1;SC;0;0;0;0;0;1;0;1;0;0;0;0;0;0;1;1;0;2025-04-29 16:22:43
2024;Preta;CASADO;65 a 69 anos                  ;FEMININO;ENSINO FUNDAMENTAL COMPLETO;Cisgênero;NÃO;ITAJAÍ;Não;Brasil;NÃO;SUL;1;SC;0;0;0;0;0;1;0;1;0;1;1;0;0;0;1;1;0;2025-04-29 16:22:43
2024;Preta;CASADO;65 a 69 anos                  ;FEMININO;ENSINO FUNDAMENTAL INCOMPLETO;Cisgênero;NÃO;ITAJAÍ;Não;Brasil;NÃO;SUL;1;SC;0;0;0;0;0;1;0;1;0;0;0;0;0;0;1;1;0;2025-04-29 16:22:43
2024;Preta;CASADO;65 a 69 anos                  ;MASCULINO;ANALFABETO;Cisgênero;NÃO;ITAJAÍ;Não;Brasil;NÃO;SUL;1;SC;0;0;0;0;1;0;1;0;0;0;0;0;0;0;1;1;0;2025-04-29 16:22:43
2024;Preta;CASADO;65 a 69 anos                  ;MASCULINO;ENSINO FUNDAMENTAL COMPLETO;Cisgênero;NÃO;ITAJAÍ;Não;Brasil;NÃO;SUL;1;SC;1;0;0;1;0;1;0;0;0;1;0;0;1;0;1;0;1;2025-04-29 16:22:43
2024;Preta;CASADO;65 a 69 anos                  ;MASCULINO;ENSINO FUNDAMENTAL INCOMPLETO;Cisgênero;NÃO;ITAJAÍ;Não;Brasil;NÃO;SUL;1;SC;0;0;0;0;0;1;0;1;0;0;0;0;0;0;1;1;0;2025-04-29 16:22:43
2024;Preta;CASADO;65 a 69 anos                  ;MASCULINO;ENSINO MÉDIO INCOMPLETO;Cisgênero;NÃO;ITAJAÍ;Não;Brasil;NÃO;SUL;1;SC;0;0;0;0;0;1;0;1;0;0;0;0;0;0;1;1;0;2025-04-29 16:22:43
2024;Preta;CASADO;65 a 69 anos                  ;MASCULINO;SUPERIOR INCOMPLETO;Cisgênero;NÃO;ITAJAÍ;Não;Brasil;NÃO;SUL;1;SC;0;0;0;0;0;2;0;2;0;0;0;0;0;0;2;2;0;2025-04-29 16:22:43
2024;Preta;CASADO;70 a 74 anos                  ;FEMININO;ANALFABETO;Cisgênero;NÃO;ITAJAÍ;Não;Brasil;NÃO;SUL;1;SC;0;0;0;0;1;0;1;0;0;0;0;0;0;0;1;1;0;2025-04-29 16:22:43
2024;Preta;CASADO;70 a 74 anos                  ;FEMININO;ENSINO FUNDAMENTAL INCOMPLETO;Cisgênero;NÃO;ITAJAÍ;Não;Brasil;NÃO;SUL;1;SC;0;0;0;0;1;0;1;0;1;0;1;0;0;0;1;1;0;2025-04-29 16:22:43
2024;Preta;CASADO;70 a 74 anos                  ;FEMININO;ENSINO MÉDIO INCOMPLETO;Cisgênero;NÃO;ITAJAÍ;Não;Brasil;NÃO;SUL;1;SC;0;0;0;0;1;0;1;0;0;0;0;0;0;0;1;1;0;2025-04-29 16:22:43
2024;Preta;CASADO;70 a 74 anos                  ;MASCULINO;ENSINO FUNDAMENTAL INCOMPLETO;Prefere não informar;NÃO;ITAJAÍ;Não;Brasil;NÃO;SUL;1;SC;0;0;0;0;1;0;1;0;0;0;0;0;0;0;1;1;0;2025-04-29 16:22:43
2024;Preta;CASADO;70 a 74 anos                  ;MASCULINO;SUPERIOR COMPLETO;Cisgênero;NÃO;ITAJAÍ;Não;Brasil;NÃO;SUL;1;SC;0;0;0;0;1;0;1;0;0;0;0;0;0;0;1;1;0;2025-04-29 16:22:43
2024;Preta;CASADO;75 a 79 anos                  ;MASCULINO;ANALFABETO;Cisgênero;NÃO;ITAJAÍ;Não;Brasil;NÃO;SUL;1;SC;0;0;0;0;1;0;1;0;0;0;0;0;0;0;1;1;0;2025-04-29 16:22:43
2024;Preta;DIVORCIADO;21 a 24 anos                  ;FEMININO;ENSINO MÉDIO COMPLETO;Cisgênero;NÃO;ITAJAÍ;Não;Brasil;NÃO;SUL;1;SC;0;0;0;0;0;1;0;1;0;0;0;0;0;0;1;1;0;2025-04-29 16:22:43
2024;Preta;DIVORCIADO;25 a 29 anos                  ;FEMININO;ENSINO MÉDIO COMPLETO;Cisgênero;NÃO;ITAJAÍ;Não;Brasil;NÃO;SUL;1;SC;0;0;0;1;0;1;0;0;0;0;0;0;0;0;1;0;1;2025-04-29 16:22:43
2024;Preta;DIVORCIADO;25 a 29 anos                  ;FEMININO;ENSINO MÉDIO COMPLETO;Prefere não informar;NÃO;ITAJAÍ;Não;Brasil;NÃO;SUL;1;SC;0;0;0;0;0;1;0;1;0;0;0;0;0;0;1;1;0;2025-04-29 16:22:43
2024;Preta;DIVORCIADO;25 a 29 anos                  ;FEMININO;SUPERIOR COMPLETO;Cisgênero;NÃO;ITAJAÍ;Não;Brasil;NÃO;SUL;1;SC;0;0;0;0;0;1;0;1;0;0;0;0;0;0;1;1;0;2025-04-29 16:22:43
2024;Preta;DIVORCIADO;25 a 29 anos                  ;MASCULINO;ENSINO MÉDIO INCOMPLETO;Cisgênero;NÃO;ITAJAÍ;Não;Brasil;NÃO;SUL;1;SC;0;0;0;1;0;1;0;0;0;0;0;0;0;0;1;0;1;2025-04-29 16:22:43
2024;Preta;DIVORCIADO;30 a 34 anos                  ;FEMININO;ENSINO MÉDIO COMPLETO;Cisgênero;NÃO;ITAJAÍ;Não;Brasil;NÃO;SUL;1;SC;0;0;0;0;0;4;0;4;0;0;0;0;0;0;4;4;0;2025-04-29 16:22:43
2024;Preta;DIVORCIADO;30 a 34 anos                  ;FEMININO;SUPERIOR COMPLETO;Cisgênero;NÃO;ITAJAÍ;Não;Brasil;NÃO;SUL;1;SC;0;0;0;0;0;1;0;1;0;0;0;0;0;0;1;1;0;2025-04-29 16:22:43
2024;Preta;DIVORCIADO;30 a 34 anos                  ;MASCULINO;ENSINO FUNDAMENTAL INCOMPLETO;Cisgênero;NÃO;ITAJAÍ;Não;Brasil;NÃO;SUL;1;SC;0;0;0;0;0;1;0;1;0;0;0;0;0;0;1;1;0;2025-04-29 16:22:43
2024;Preta;DIVORCIADO;35 a 39 anos                  ;FEMININO;SUPERIOR COMPLETO;Cisgênero;NÃO;ITAJAÍ;Não;Brasil;NÃO;SUL;1;SC;0;0;0;0;0;1;0;1;0;0;0;0;0;0;1;1;0;2025-04-29 16:22:43
2024;Preta;DIVORCIADO;35 a 39 anos                  ;FEMININO;SUPERIOR INCOMPLETO;Cisgênero;NÃO;ITAJAÍ;Não;Brasil;NÃO;SUL;1;SC;0;0;0;0;0;1;0;1;0;0;0;0;0;0;1;1;0;2025-04-29 16:22:43
2024;Preta;DIVORCIADO;35 a 39 anos                  ;MASCULINO;ENSINO FUNDAMENTAL COMPLETO;Cisgênero;NÃO;ITAJAÍ;Não;Brasil;NÃO;SUL;1;SC;0;0;0;0;0;1;0;1;0;0;0;0;0;0;1;1;0;2025-04-29 16:22:43
2024;Preta;DIVORCIADO;35 a 39 anos                  ;MASCULINO;ENSINO MÉDIO COMPLETO;Cisgênero;NÃO;ITAJAÍ;Não;Brasil;NÃO;SUL;1;SC;0;0;0;1;0;3;0;2;0;0;0;0;0;0;3;2;1;2025-04-29 16:22:43
2024;Preta;DIVORCIADO;40 a 44 anos                  ;FEMININO;ENSINO FUNDAMENTAL COMPLETO;Cisgênero;NÃO;ITAJAÍ;Não;Brasil;NÃO;SUL;1;SC;0;0;0;1;0;1;0;0;0;0;0;0;0;0;1;0;1;2025-04-29 16:22:43
2024;Preta;DIVORCIADO;40 a 44 anos                  ;FEMININO;ENSINO MÉDIO COMPLETO;Cisgênero;NÃO;ITAJAÍ;Não;Brasil;NÃO;SUL;1;SC;0;0;0;0;0;3;0;3;0;0;0;0;0;0;3;3;0;2025-04-29 16:22:43
2024;Preta;DIVORCIADO;40 a 44 anos                  ;FEMININO;SUPERIOR COMPLETO;Cisgênero;NÃO;ITAJAÍ;Não;Brasil;NÃO;SUL;1;SC;0;0;0;0;0;3;0;3;0;0;0;0;0;0;3;3;0;2025-04-29 16:22:43
2024;Preta;DIVORCIADO;40 a 44 anos                  ;FEMININO;SUPERIOR INCOMPLETO;Cisgênero;NÃO;ITAJAÍ;Não;Brasil;NÃO;SUL;1;SC;0;0;0;0;0;1;0;1;0;1;1;0;0;0;1;1;0;2025-04-29 16:22:43
2024;Preta;DIVORCIADO;40 a 44 anos                  ;MASCULINO;ENSINO MÉDIO COMPLETO;Cisgênero;NÃO;ITAJAÍ;Não;Brasil;NÃO;SUL;1;SC;0;0;0;0;0;2;0;2;0;0;0;0;0;0;2;2;0;2025-04-29 16:22:43
2024;Preta;DIVORCIADO;40 a 44 anos                  ;MASCULINO;ENSINO MÉDIO INCOMPLETO;Cisgênero;NÃO;ITAJAÍ;Não;Brasil;NÃO;SUL;1;SC;0;0;0;0;0;2;0;2;0;0;0;0;0;0;2;2;0;2025-04-29 16:22:43
2024;Preta;DIVORCIADO;45 a 49 anos                  ;FEMININO;ENSINO FUNDAMENTAL INCOMPLETO;Cisgênero;NÃO;ITAJAÍ;Não;Brasil;NÃO;SUL;1;SC;0;0;0;1;0;2;0;1;0;0;0;0;0;0;2;1;1;2025-04-29 16:22:43
2024;Preta;DIVORCIADO;45 a 49 anos                  ;FEMININO;ENSINO MÉDIO COMPLETO;Cisgênero;NÃO;ITAJAÍ;Não;Brasil;NÃO;SUL;1;SC;0;0;0;0;0;1;0;1;0;0;0;0;0;0;1;1;0;2025-04-29 16:22:43
2024;Preta;DIVORCIADO;45 a 49 anos                  ;MASCULINO;ENSINO FUNDAMENTAL COMPLETO;Cisgênero;NÃO;ITAJAÍ;Não;Brasil;NÃO;SUL;1;SC;0;0;0;0;0;1;0;1;0;0;0;0;0;0;1;1;0;2025-04-29 16:22:43
2024;Preta;DIVORCIADO;45 a 49 anos                  ;MASCULINO;ENSINO FUNDAMENTAL INCOMPLETO;Cisgênero;NÃO;ITAJAÍ;Não;Brasil;NÃO;SUL;1;SC;0;0;0;1;0;3;0;2;0;0;0;0;0;0;3;2;1;2025-04-29 16:22:43
2024;Preta;DIVORCIADO;45 a 49 anos                  ;MASCULINO;ENSINO MÉDIO COMPLETO;Cisgênero;NÃO;ITAJAÍ;Não;Brasil;NÃO;SUL;1;SC;0;0;0;0;0;2;0;2;0;0;0;0;0;0;2;2;0;2025-04-29 16:22:43
2024;Preta;DIVORCIADO;50 a 54 anos                  ;FEMININO;ENSINO FUNDAMENTAL INCOMPLETO;Cisgênero;NÃO;ITAJAÍ;Não;Brasil;NÃO;SUL;1;SC;0;0;0;0;0;1;0;1;0;0;0;0;0;0;1;1;0;2025-04-29 16:22:43
2024;Preta;DIVORCIADO;50 a 54 anos                  ;FEMININO;ENSINO FUNDAMENTAL INCOMPLETO;Prefere não informar;NÃO;ITAJAÍ;Não;Brasil;NÃO;SUL;1;SC;0;0;0;0;0;1;0;1;0;0;0;0;0;0;1;1;0;2025-04-29 16:22:43
2024;Preta;DIVORCIADO;50 a 54 anos                  ;FEMININO;ENSINO MÉDIO COMPLETO;Cisgênero;NÃO;ITAJAÍ;Não;Brasil;NÃO;SUL;1;SC;0;0;0;1;0;2;0;1;0;0;0;0;0;0;2;1;1;2025-04-29 16:22:43
2024;Preta;DIVORCIADO;50 a 54 anos                  ;FEMININO;SUPERIOR COMPLETO;Cisgênero;NÃO;ITAJAÍ;Não;Brasil;NÃO;SUL;1;SC;0;0;0;0;0;1;0;1;0;0;0;0;0;0;1;1;0;2025-04-29 16:22:43
2024;Preta;DIVORCIADO;50 a 54 anos                  ;FEMININO;SUPERIOR COMPLETO;Transgênero;NÃO;ITAJAÍ;Não;Brasil;NÃO;SUL;1;SC;0;0;0;0;0;1;0;1;0;0;0;0;0;0;1;1;0;2025-04-29 16:22:43
2024;Preta;DIVORCIADO;50 a 54 anos                  ;MASCULINO;ENSINO FUNDAMENTAL INCOMPLETO;Cisgênero;NÃO;ITAJAÍ;Não;Brasil;NÃO;SUL;1;SC;0;0;0;2;0;3;0;1;0;0;0;0;0;0;3;1;2;2025-04-29 16:22:43
2024;Preta;DIVORCIADO;50 a 54 anos                  ;MASCULINO;ENSINO MÉDIO COMPLETO;Cisgênero;NÃO;ITAJAÍ;Não;Brasil;NÃO;SUL;1;SC;0;0;0;0;0;2;0;2;0;0;0;0;0;0;2;2;0;2025-04-29 16:22:43
2024;Preta;DIVORCIADO;50 a 54 anos                  ;MASCULINO;ENSINO MÉDIO INCOMPLETO;Cisgênero;NÃO;ITAJAÍ;Não;Brasil;NÃO;SUL;1;SC;0;0;0;0;0;1;0;1;0;0;0;0;0;0;1;1;0;2025-04-29 16:22:43
2024;Preta;DIVORCIADO;50 a 54 anos                  ;MASCULINO;SUPERIOR COMPLETO;Cisgênero;NÃO;ITAJAÍ;Não;Brasil;NÃO;SUL;1;SC;0;0;0;1;0;2;0;1;0;0;0;0;0;0;2;1;1;2025-04-29 16:22:43
2024;Preta;DIVORCIADO;55 a 59 anos                  ;FEMININO;ENSINO FUNDAMENTAL INCOMPLETO;Cisgênero;NÃO;ITAJAÍ;Não;Brasil;NÃO;SUL;1;SC;0;0;0;1;0;2;0;1;0;0;0;0;0;0;2;1;1;2025-04-29 16:22:43
2024;Preta;DIVORCIADO;55 a 59 anos                  ;FEMININO;ENSINO MÉDIO COMPLETO;Cisgênero;NÃO;ITAJAÍ;Não;Brasil;NÃO;SUL;1;SC;0;0;0;0;0;2;0;2;0;0;0;0;0;0;2;2;0;2025-04-29 16:22:43
2024;Preta;DIVORCIADO;55 a 59 anos                  ;FEMININO;ENSINO MÉDIO INCOMPLETO;Cisgênero;NÃO;ITAJAÍ;Não;Brasil;NÃO;SUL;1;SC;0;0;0;0;0;1;0;1;0;0;0;0;0;0;1;1;0;2025-04-29 16:22:43
2024;Preta;DIVORCIADO;55 a 59 anos                  ;MASCULINO;ENSINO FUNDAMENTAL COMPLETO;Cisgênero;NÃO;ITAJAÍ;Não;Brasil;NÃO;SUL;1;SC;0;0;0;0;0;1;0;1;0;0;0;0;0;0;1;1;0;2025-04-29 16:22:43
2024;Preta;DIVORCIADO;55 a 59 anos                  ;MASCULINO;ENSINO MÉDIO COMPLETO;Cisgênero;NÃO;ITAJAÍ;Não;Brasil;NÃO;SUL;1;SC;0;0;0;0;0;1;0;1;0;0;0;0;0;0;1;1;0;2025-04-29 16:22:43
2024;Preta;DIVORCIADO;55 a 59 anos                  ;MASCULINO;SUPERIOR COMPLETO;Cisgênero;NÃO;ITAJAÍ;Não;Brasil;NÃO;SUL;1;SC;0;0;0;0;0;1;0;1;0;0;0;0;0;0;1;1;0;2025-04-29 16:22:43
2024;Preta;DIVORCIADO;55 a 59 anos                  ;MASCULINO;SUPERIOR INCOMPLETO;Cisgênero;NÃO;ITAJAÍ;Não;Brasil;NÃO;SUL;1;SC;0;0;0;0;0;1;0;1;0;0;0;0;0;0;1;1;0;2025-04-29 16:22:43
2024;Preta;DIVORCIADO;60 a 64 anos                  ;FEMININO;ANALFABETO;Cisgênero;NÃO;ITAJAÍ;Não;Brasil;NÃO;SUL;1;SC;0;0;0;0;1;0;1;0;0;0;0;0;0;0;1;1;0;2025-04-29 16:22:43
2024;Preta;DIVORCIADO;60 a 64 anos                  ;FEMININO;ENSINO FUNDAMENTAL INCOMPLETO;Cisgênero;NÃO;ITAJAÍ;Não;Brasil;NÃO;SUL;1;SC;0;0;0;1;0;3;0;2;0;0;0;0;0;0;3;2;1;2025-04-29 16:22:43
2024;Preta;DIVORCIADO;60 a 64 anos                  ;FEMININO;SUPERIOR COMPLETO;Cisgênero;NÃO;ITAJAÍ;Não;Brasil;NÃO;SUL;1;SC;0;0;0;0;0;1;0;1;0;0;0;0;0;0;1;1;0;2025-04-29 16:22:43
2024;Preta;DIVORCIADO;60 a 64 anos                  ;FEMININO;SUPERIOR INCOMPLETO;Cisgênero;NÃO;ITAJAÍ;Não;Brasil;NÃO;SUL;1;SC;0;0;0;0;0;1;0;1;0;0;0;0;0;0;1;1;0;2025-04-29 16:22:43
2024;Preta;DIVORCIADO;60 a 64 anos                  ;MASCULINO;ENSINO MÉDIO COMPLETO;Cisgênero;NÃO;ITAJAÍ;Não;Brasil;NÃO;SUL;1;SC;0;0;0;0;0;2;0;2;0;0;0;0;0;0;2;2;0;2025-04-29 16:22:43
2024;Preta;DIVORCIADO;65 a 69 anos                  ;FEMININO;ENSINO FUNDAMENTAL COMPLETO;Cisgênero;NÃO;ITAJAÍ;Não;Brasil;NÃO;SUL;1;SC;0;0;0;0;0;1;0;1;0;0;0;0;0;0;1;1;0;2025-04-29 16:22:43
2024;Preta;DIVORCIADO;65 a 69 anos                  ;MASCULINO;ENSINO FUNDAMENTAL INCOMPLETO;Cisgênero;NÃO;ITAJAÍ;Não;Brasil;NÃO;SUL;1;SC;0;0;0;1;0;1;0;0;0;0;0;0;0;0;1;0;1;2025-04-29 16:22:43
2024;Preta;DIVORCIADO;70 a 74 anos                  ;MASCULINO;ENSINO FUNDAMENTAL COMPLETO;Cisgênero;NÃO;ITAJAÍ;Não;Brasil;NÃO;SUL;1;SC;0;0;0;0;1;0;1;0;0;0;0;0;0;0;1;1;0;2025-04-29 16:22:43
2024;Preta;DIVORCIADO;70 a 74 anos                  ;MASCULINO;ENSINO MÉDIO COMPLETO;Cisgênero;NÃO;ITAJAÍ;Não;Brasil;NÃO;SUL;1;SC;0;0;0;0;1;0;1;0;0;0;0;0;0;0;1;1;0;2025-04-29 16:22:43
2024;Preta;DIVORCIADO;75 a 79 anos                  ;MASCULINO;LÊ E ESCREVE;Cisgênero;NÃO;ITAJAÍ;Não;Brasil;NÃO;SUL;1;SC;0;0;0;0;1;0;1;0;0;0;0;0;0;0;1;1;0;2025-04-29 16:22:43
2024;Preta;SEPARADO JUDICIALMENTE;35 a 39 anos                  ;FEMININO;ENSINO MÉDIO COMPLETO;Cisgênero;NÃO;ITAJAÍ;Não;Brasil;NÃO;SUL;1;SC;0;0;0;1;0;1;0;0;0;0;0;0;0;0;1;0;1;2025-04-29 16:22:43
2024;Preta;SEPARADO JUDICIALMENTE;40 a 44 anos                  ;FEMININO;ENSINO MÉDIO COMPLETO;Cisgênero;NÃO;ITAJAÍ;Não;Brasil;NÃO;SUL;1;SC;0;0;0;1;0;1;0;0;0;0;0;0;0;0;1;0;1;2025-04-29 16:22:43
2024;Preta;SEPARADO JUDICIALMENTE;40 a 44 anos                  ;MASCULINO;ENSINO MÉDIO INCOMPLETO;Cisgênero;NÃO;ITAJAÍ;Não;Brasil;NÃO;SUL;1;SC;0;0;0;0;0;1;0;1;0;0;0;0;0;0;1;1;0;2025-04-29 16:22:43
2024;Preta;SEPARADO JUDICIALMENTE;50 a 54 anos                  ;FEMININO;ENSINO MÉDIO COMPLETO;Cisgênero;NÃO;ITAJAÍ;Não;Brasil;NÃO;SUL;1;SC;0;0;0;0;0;1;0;1;0;0;0;0;0;0;1;1;0;2025-04-29 16:22:43
2024;Preta;SEPARADO JUDICIALMENTE;55 a 59 anos                  ;FEMININO;ENSINO FUNDAMENTAL INCOMPLETO;Cisgênero;NÃO;ITAJAÍ;Não;Brasil;NÃO;SUL;1;SC;0;0;0;1;0;1;0;0;0;0;0;0;0;0;1;0;1;2025-04-29 16:22:43
2024;Preta;SOLTEIRO;16 anos                       ;FEMININO;ANALFABETO;Cisgênero;NÃO;ITAJAÍ;Não;Brasil;NÃO;SUL;1;SC;0;0;0;0;1;0;1;0;1;0;1;0;0;0;1;1;0;2025-04-29 16:22:43
2024;Preta;SOLTEIRO;16 anos                       ;FEMININO;ENSINO FUNDAMENTAL COMPLETO;Cisgênero;NÃO;ITAJAÍ;Não;Brasil;NÃO;SUL;1;SC;0;0;0;0;1;0;1;0;0;0;0;0;0;0;1;1;0;2025-04-29 16:22:43
2024;Preta;SOLTEIRO;16 anos                       ;FEMININO;ENSINO MÉDIO INCOMPLETO;Cisgênero;NÃO;ITAJAÍ;Não;Brasil;NÃO;SUL;1;SC;0;0;0;0;11;0;9;0;0;0;0;0;0;0;11;9;2;2025-04-29 16:22:43
2024;Preta;SOLTEIRO;16 anos                       ;MASCULINO;ENSINO MÉDIO INCOMPLETO;Cisgênero;NÃO;ITAJAÍ;Não;Brasil;NÃO;SUL;1;SC;0;0;0;0;15;0;14;0;0;0;0;0;0;0;15;14;1;2025-04-29 16:22:43
2024;Preta;SOLTEIRO;16 anos                       ;MASCULINO;ENSINO MÉDIO INCOMPLETO;Prefere não informar;NÃO;ITAJAÍ;Não;Brasil;NÃO;SUL;1;SC;0;0;0;0;1;0;1;0;0;0;0;0;0;0;1;1;0;2025-04-29 16:22:43
2024;Preta;SOLTEIRO;17 anos                       ;FEMININO;ENSINO FUNDAMENTAL INCOMPLETO;Cisgênero;NÃO;ITAJAÍ;Não;Brasil;NÃO;SUL;1;SC;0;0;0;0;1;0;1;0;0;0;0;0;0;0;1;1;0;2025-04-29 16:22:43
2024;Preta;SOLTEIRO;17 anos                       ;FEMININO;ENSINO MÉDIO INCOMPLETO;Cisgênero;NÃO;ITAJAÍ;Não;Brasil;NÃO;SUL;1;SC;0;0;0;0;13;0;9;0;0;0;0;0;0;0;13;9;4;2025-04-29 16:22:43
2024;Preta;SOLTEIRO;17 anos                       ;MASCULINO;ENSINO FUNDAMENTAL COMPLETO;Cisgênero;NÃO;ITAJAÍ;Não;Brasil;NÃO;SUL;1;SC;0;0;0;0;1;0;1;0;1;0;1;0;0;0;1;1;0;2025-04-29 16:22:43
2024;Preta;SOLTEIRO;17 anos                       ;MASCULINO;ENSINO FUNDAMENTAL INCOMPLETO;Cisgênero;NÃO;ITAJAÍ;Não;Brasil;NÃO;SUL;1;SC;0;0;0;0;5;0;2;0;0;0;0;0;0;0;5;2;3;2025-04-29 16:22:43
2024;Preta;SOLTEIRO;17 anos                       ;MASCULINO;ENSINO MÉDIO INCOMPLETO;Cisgênero;NÃO;ITAJAÍ;Não;Brasil;NÃO;SUL;1;SC;0;0;0;0;27;0;19;0;0;0;0;0;0;0;27;19;8;2025-04-29 16:22:43
2024;Preta;SOLTEIRO;18 anos                       ;FEMININO;ENSINO FUNDAMENTAL COMPLETO;Cisgênero;NÃO;ITAJAÍ;Não;Brasil;NÃO;SUL;1;SC;0;0;0;0;0;2;0;2;0;0;0;0;0;0;2;2;0;2025-04-29 16:22:43
2024;Preta;SOLTEIRO;18 anos                       ;FEMININO;ENSINO FUNDAMENTAL INCOMPLETO;Cisgênero;NÃO;ITAJAÍ;Não;Brasil;NÃO;SUL;1;SC;0;0;0;0;0;1;0;1;0;0;0;0;0;0;1;1;0;2025-04-29 16:22:43
2024;Preta;SOLTEIRO;18 anos                       ;FEMININO;ENSINO MÉDIO COMPLETO;Cisgênero;NÃO;ITAJAÍ;Não;Brasil;NÃO;SUL;1;SC;0;0;0;1;0;12;0;11;0;0;0;0;0;0;12;11;1;2025-04-29 16:22:43
2024;Preta;SOLTEIRO;18 anos                       ;FEMININO;ENSINO MÉDIO COMPLETO;Prefere não informar;NÃO;ITAJAÍ;Não;Brasil;NÃO;SUL;1;SC;0;0;0;0;0;1;0;1;0;0;0;0;0;0;1;1;0;2025-04-29 16:22:43
2024;Preta;SOLTEIRO;18 anos                       ;FEMININO;ENSINO MÉDIO INCOMPLETO;Cisgênero;NÃO;ITAJAÍ;Não;Brasil;NÃO;SUL;1;SC;0;0;0;6;0;30;0;24;0;0;0;0;0;0;30;24;6;2025-04-29 16:22:43
2024;Preta;SOLTEIRO;18 anos                       ;FEMININO;LÊ E ESCREVE;Cisgênero;NÃO;ITAJAÍ;Não;Brasil;NÃO;SUL;1;SC;0;0;0;1;0;1;0;0;0;0;0;0;0;0;1;0;1;2025-04-29 16:22:43
2024;Preta;SOLTEIRO;18 anos                       ;FEMININO;SUPERIOR INCOMPLETO;Cisgênero;NÃO;ITAJAÍ;Não;Brasil;NÃO;SUL;1;SC;0;0;0;0;0;1;0;1;0;0;0;0;0;0;1;1;0;2025-04-29 16:22:43
2024;Preta;SOLTEIRO;18 anos                       ;MASCULINO;ENSINO FUNDAMENTAL COMPLETO;Cisgênero;NÃO;ITAJAÍ;Não;Brasil;NÃO;SUL;1;SC;0;0;0;1;0;1;0;0;0;0;0;0;0;0;1;0;1;2025-04-29 16:22:43
2024;Preta;SOLTEIRO;18 anos                       ;MASCULINO;ENSINO FUNDAMENTAL INCOMPLETO;Cisgênero;NÃO;ITAJAÍ;Não;Brasil;NÃO;SUL;1;SC;0;0;0;3;0;7;0;4;0;0;0;0;0;0;7;4;3;2025-04-29 16:22:43
2024;Preta;SOLTEIRO;18 anos                       ;MASCULINO;ENSINO MÉDIO COMPLETO;Cisgênero;NÃO;ITAJAÍ;Não;Brasil;NÃO;SUL;1;SC;0;0;0;0;0;6;0;6;0;0;0;0;0;0;6;6;0;2025-04-29 16:22:43
2024;Preta;SOLTEIRO;18 anos                       ;MASCULINO;ENSINO MÉDIO COMPLETO;Transgênero;NÃO;ITAJAÍ;Sim;Brasil;NÃO;SUL;1;SC;0;0;0;0;0;1;0;1;0;0;0;0;0;1;1;1;0;2025-04-29 16:22:43
2024;Preta;SOLTEIRO;18 anos                       ;MASCULINO;ENSINO MÉDIO INCOMPLETO;Cisgênero;NÃO;ITAJAÍ;Não;Brasil;NÃO;SUL;1;SC;0;0;0;11;0;43;0;32;0;0;0;0;0;0;43;32;11;2025-04-29 16:22:43
2024;Preta;SOLTEIRO;18 anos                       ;MASCULINO;ENSINO MÉDIO INCOMPLETO;Prefere não informar;NÃO;ITAJAÍ;Não;Brasil;NÃO;SUL;1;SC;0;0;0;1;0;1;0;0;0;0;0;0;0;0;1;0;1;2025-04-29 16:22:43
2024;Preta;SOLTEIRO;19 anos                       ;FEMININO;ENSINO FUNDAMENTAL COMPLETO;Cisgênero;NÃO;ITAJAÍ;Não;Brasil;NÃO;SUL;1;SC;0;0;0;2;0;3;0;1;0;0;0;0;0;0;3;1;2;2025-04-29 16:22:43
2024;Preta;SOLTEIRO;19 anos                       ;FEMININO;ENSINO FUNDAMENTAL INCOMPLETO;Cisgênero;NÃO;ITAJAÍ;Não;Brasil;NÃO;SUL;1;SC;0;0;0;0;0;2;0;2;0;0;0;0;0;0;2;2;0;2025-04-29 16:22:43
2024;Preta;SOLTEIRO;19 anos                       ;FEMININO;ENSINO MÉDIO COMPLETO;Cisgênero;NÃO;ITAJAÍ;Não;Brasil;NÃO;SUL;1;SC;0;0;0;8;0;19;0;11;0;0;0;0;0;0;19;11;8;2025-04-29 16:22:43
2024;Preta;SOLTEIRO;19 anos                       ;FEMININO;ENSINO MÉDIO COMPLETO;Cisgênero;SIM;ITAJAÍ;Não;Brasil;NÃO;SUL;1;SC;0;0;0;1;0;2;0;1;0;0;0;0;0;0;2;1;1;2025-04-29 16:22:43
2024;Preta;SOLTEIRO;19 anos                       ;FEMININO;ENSINO MÉDIO INCOMPLETO;Cisgênero;NÃO;ITAJAÍ;Não;Brasil;NÃO;SUL;1;SC;0;0;0;8;0;19;0;11;0;0;0;0;0;0;19;11;8;2025-04-29 16:22:43
2024;Preta;SOLTEIRO;19 anos                       ;FEMININO;ENSINO MÉDIO INCOMPLETO;Cisgênero;SIM;ITAJAÍ;Não;Brasil;NÃO;SUL;1;SC;1;0;0;1;0;1;0;0;0;1;0;0;1;0;1;0;1;2025-04-29 16:22:43
2024;Preta;SOLTEIRO;19 anos                       ;FEMININO;LÊ E ESCREVE;Prefere não informar;NÃO;ITAJAÍ;Não;Brasil;NÃO;SUL;1;SC;0;0;0;1;0;1;0;0;0;0;0;0;0;0;1;0;1;2025-04-29 16:22:43
2024;Preta;SOLTEIRO;19 anos                       ;FEMININO;SUPERIOR INCOMPLETO;Cisgênero;NÃO;ITAJAÍ;Não;Brasil;NÃO;SUL;1;SC;0;0;0;1;0;3;0;2;0;0;0;0;0;0;3;2;1;2025-04-29 16:22:43
2024;Preta;SOLTEIRO;19 anos                       ;MASCULINO;ENSINO FUNDAMENTAL COMPLETO;Cisgênero;NÃO;ITAJAÍ;Não;Brasil;NÃO;SUL;1;SC;0;0;0;2;0;2;0;0;0;0;0;0;0;0;2;0;2;2025-04-29 16:22:43
2024;Preta;SOLTEIRO;19 anos                       ;MASCULINO;ENSINO FUNDAMENTAL INCOMPLETO;Cisgênero;NÃO;ITAJAÍ;Não;Brasil;NÃO;SUL;1;SC;0;0;0;3;0;5;0;2;0;0;0;0;0;0;5;2;3;2025-04-29 16:22:43
2024;Preta;SOLTEIRO;19 anos                       ;MASCULINO;ENSINO MÉDIO COMPLETO;Cisgênero;NÃO;ITAJAÍ;Não;Brasil;NÃO;SUL;1;SC;1;0;0;2;0;19;0;17;0;1;0;0;1;0;19;17;2;2025-04-29 16:22:43
2024;Preta;SOLTEIRO;19 anos                       ;MASCULINO;ENSINO MÉDIO INCOMPLETO;Cisgênero;NÃO;ITAJAÍ;Não;Brasil;NÃO;SUL;1;SC;0;0;0;21;0;40;0;19;0;0;0;0;0;0;40;19;21;2025-04-29 16:22:43
2024;Preta;SOLTEIRO;19 anos                       ;MASCULINO;ENSINO MÉDIO INCOMPLETO;Prefere não informar;NÃO;ITAJAÍ;Não;Brasil;NÃO;SUL;1;SC;0;0;0;0;0;2;0;2;0;0;0;0;0;0;2;2;0;2025-04-29 16:22:43
2024;Preta;SOLTEIRO;19 anos                       ;MASCULINO;SUPERIOR INCOMPLETO;Cisgênero;NÃO;ITAJAÍ;Não;Brasil;NÃO;SUL;1;SC;0;0;0;0;0;3;0;3;0;0;0;0;0;0;3;3;0;2025-04-29 16:22:43
2024;Preta;SOLTEIRO;20 anos                       ;FEMININO;ENSINO FUNDAMENTAL COMPLETO;Cisgênero;NÃO;ITAJAÍ;Não;Brasil;NÃO;SUL;1;SC;0;0;0;1;0;1;0;0;0;0;0;0;0;0;1;0;1;2025-04-29 16:22:43
2024;Preta;SOLTEIRO;20 anos                       ;FEMININO;ENSINO FUNDAMENTAL INCOMPLETO;Cisgênero;NÃO;ITAJAÍ;Não;Brasil;NÃO;SUL;1;SC;0;0;0;1;0;1;0;0;0;0;0;0;0;0;1;0;1;2025-04-29 16:22:43
2024;Preta;SOLTEIRO;20 anos                       ;FEMININO;ENSINO MÉDIO COMPLETO;Cisgênero;NÃO;ITAJAÍ;Não;Brasil;NÃO;SUL;1;SC;0;0;0;1;0;10;0;9;0;0;0;0;0;0;10;9;1;2025-04-29 16:22:43
2024;Preta;SOLTEIRO;20 anos                       ;FEMININO;ENSINO MÉDIO COMPLETO;Prefere não informar;NÃO;ITAJAÍ;Não;Brasil;NÃO;SUL;1;SC;0;0;0;1;0;1;0;0;0;0;0;0;0;0;1;0;1;2025-04-29 16:22:43
2024;Preta;SOLTEIRO;20 anos                       ;FEMININO;ENSINO MÉDIO INCOMPLETO;Cisgênero;NÃO;ITAJAÍ;Não;Brasil;NÃO;SUL;1;SC;0;0;0;4;0;8;0;4;0;0;0;0;0;0;8;4;4;2025-04-29 16:22:43
2024;Preta;SOLTEIRO;20 anos                       ;FEMININO;SUPERIOR INCOMPLETO;Cisgênero;NÃO;ITAJAÍ;Não;Brasil;NÃO;SUL;1;SC;0;0;0;2;0;4;0;2;0;0;0;0;0;0;4;2;2;2025-04-29 16:22:43
2024;Preta;SOLTEIRO;20 anos                       ;MASCULINO;ENSINO FUNDAMENTAL COMPLETO;Cisgênero;NÃO;ITAJAÍ;Não;Brasil;NÃO;SUL;1;SC;0;0;0;4;0;6;0;2;0;0;0;0;0;0;6;2;4;2025-04-29 16:22:43
2024;Preta;SOLTEIRO;20 anos                       ;MASCULINO;ENSINO FUNDAMENTAL INCOMPLETO;Cisgênero;NÃO;ITAJAÍ;Não;Brasil;NÃO;SUL;1;SC;0;0;0;6;0;7;0;1;0;0;0;0;0;0;7;1;6;2025-04-29 16:22:43
2024;Preta;SOLTEIRO;20 anos                       ;MASCULINO;ENSINO MÉDIO COMPLETO;Cisgênero;NÃO;ITAJAÍ;Não;Brasil;NÃO;SUL;1;SC;0;0;0;7;0;16;0;9;0;0;0;0;0;0;16;9;7;2025-04-29 16:22:43
2024;Preta;SOLTEIRO;20 anos                       ;MASCULINO;ENSINO MÉDIO INCOMPLETO;Cisgênero;NÃO;ITAJAÍ;Não;Brasil;NÃO;SUL;1;SC;0;0;0;10;0;19;0;9;0;0;0;0;0;0;19;9;10;2025-04-29 16:22:43
2024;Preta;SOLTEIRO;20 anos                       ;MASCULINO;ENSINO MÉDIO INCOMPLETO;Cisgênero;SIM;ITAJAÍ;Não;Brasil;NÃO;SUL;1;SC;0;0;0;1;0;1;0;0;0;0;0;0;0;0;1;0;1;2025-04-29 16:22:43
2024;Preta;SOLTEIRO;20 anos                       ;MASCULINO;LÊ E ESCREVE;Prefere não informar;NÃO;ITAJAÍ;Não;Brasil;NÃO;SUL;1;SC;0;0;0;1;0;1;0;0;0;0;0;0;0;0;1;0;1;2025-04-29 16:22:43
2024;Preta;SOLTEIRO;20 anos                       ;MASCULINO;SUPERIOR INCOMPLETO;Cisgênero;NÃO;ITAJAÍ;Não;Brasil;NÃO;SUL;1;SC;0;0;0;0;0;1;0;1;0;0;0;0;0;0;1;1;0;2025-04-29 16:22:43
2024;Preta;SOLTEIRO;21 a 24 anos                  ;FEMININO;ENSINO FUNDAMENTAL COMPLETO;Cisgênero;NÃO;ITAJAÍ;Não;Brasil;NÃO;SUL;1;SC;0;0;0;0;0;1;0;1;0;0;0;0;0;0;1;1;0;2025-04-29 16:22:43
2024;Preta;SOLTEIRO;21 a 24 anos                  ;FEMININO;ENSINO FUNDAMENTAL COMPLETO;Prefere não informar;NÃO;ITAJAÍ;Não;Brasil;NÃO;SUL;1;SC;0;0;0;1;0;1;0;0;0;0;0;0;0;0;1;0;1;2025-04-29 16:22:43
2024;Preta;SOLTEIRO;21 a 24 anos                  ;FEMININO;ENSINO FUNDAMENTAL INCOMPLETO;Cisgênero;NÃO;ITAJAÍ;Não;Brasil;NÃO;SUL;1;SC;0;0;0;2;0;4;0;2;0;0;0;0;0;0;4;2;2;2025-04-29 16:22:43
2024;Preta;SOLTEIRO;21 a 24 anos                  ;FEMININO;ENSINO MÉDIO COMPLETO;Cisgênero;NÃO;ITAJAÍ;Não;Brasil;NÃO;SUL;1;SC;1;0;0;15;0;25;0;10;0;1;0;0;1;0;25;10;15;2025-04-29 16:22:43
2024;Preta;SOLTEIRO;21 a 24 anos                  ;FEMININO;ENSINO MÉDIO COMPLETO;Transgênero;NÃO;ITAJAÍ;Não;Brasil;NÃO;SUL;1;SC;0;0;0;0;0;1;0;1;0;0;0;0;0;0;1;1;0;2025-04-29 16:22:43
2024;Preta;SOLTEIRO;21 a 24 anos                  ;FEMININO;ENSINO MÉDIO INCOMPLETO;Cisgênero;NÃO;ITAJAÍ;Não;Brasil;NÃO;SUL;1;SC;0;0;0;10;0;15;0;5;0;1;1;0;0;0;15;5;10;2025-04-29 16:22:43
2024;Preta;SOLTEIRO;21 a 24 anos                  ;FEMININO;ENSINO MÉDIO INCOMPLETO;Prefere não informar;NÃO;ITAJAÍ;Não;Brasil;NÃO;SUL;1;SC;0;0;0;1;0;3;0;2;0;0;0;0;0;0;3;2;1;2025-04-29 16:22:43
2024;Preta;SOLTEIRO;21 a 24 anos                  ;FEMININO;SUPERIOR INCOMPLETO;Cisgênero;NÃO;ITAJAÍ;Não;Brasil;NÃO;SUL;1;SC;0;0;0;1;0;4;0;3;0;0;0;0;0;0;4;3;1;2025-04-29 16:22:43
2024;Preta;SOLTEIRO;21 a 24 anos                  ;MASCULINO;ENSINO FUNDAMENTAL COMPLETO;Cisgênero;NÃO;ITAJAÍ;Não;Brasil;NÃO;SUL;1;SC;0;0;1;8;0;8;0;0;0;0;0;0;0;0;8;0;8;2025-04-29 16:22:43
2024;Preta;SOLTEIRO;21 a 24 anos                  ;MASCULINO;ENSINO FUNDAMENTAL INCOMPLETO;Cisgênero;NÃO;ITAJAÍ;Não;Brasil;NÃO;SUL;1;SC;0;1;0;16;0;25;0;9;0;0;0;0;0;0;25;9;16;2025-04-29 16:22:43
2024;Preta;SOLTEIRO;21 a 24 anos                  ;MASCULINO;ENSINO FUNDAMENTAL INCOMPLETO;Prefere não informar;NÃO;ITAJAÍ;Não;Brasil;NÃO;SUL;1;SC;0;0;0;1;0;1;0;0;0;0;0;0;0;0;1;0;1;2025-04-29 16:22:43
2024;Preta;SOLTEIRO;21 a 24 anos                  ;MASCULINO;ENSINO MÉDIO COMPLETO;Cisgênero;NÃO;ITAJAÍ;Não;Brasil;NÃO;SUL;1;SC;0;0;0;21;0;40;0;19;0;0;0;0;0;0;40;19;21;2025-04-29 16:22:43
2024;Preta;SOLTEIRO;21 a 24 anos                  ;MASCULINO;ENSINO MÉDIO COMPLETO;Prefere não informar;NÃO;ITAJAÍ;Não;Brasil;NÃO;SUL;1;SC;0;0;0;1;0;2;0;1;0;0;0;0;0;0;2;1;1;2025-04-29 16:22:43
2024;Preta;SOLTEIRO;21 a 24 anos                  ;MASCULINO;ENSINO MÉDIO INCOMPLETO;Cisgênero;NÃO;ITAJAÍ;Não;Brasil;NÃO;SUL;1;SC;1;0;0;19;0;31;0;12;0;1;0;0;1;0;31;12;19;2025-04-29 16:22:43
2024;Preta;SOLTEIRO;21 a 24 anos                  ;MASCULINO;ENSINO MÉDIO INCOMPLETO;Prefere não informar;NÃO;ITAJAÍ;Não;Brasil;NÃO;SUL;1;SC;0;0;0;3;0;5;0;2;0;0;0;0;0;0;5;2;3;2025-04-29 16:22:43
2024;Preta;SOLTEIRO;21 a 24 anos                  ;MASCULINO;ENSINO MÉDIO INCOMPLETO;Prefere não informar;SIM;ITAJAÍ;Não;Brasil;NÃO;SUL;1;SC;0;0;0;1;0;2;0;1;0;0;0;0;0;0;2;1;1;2025-04-29 16:22:43
2024;Preta;SOLTEIRO;21 a 24 anos                  ;MASCULINO;LÊ E ESCREVE;Transgênero;NÃO;ITAJAÍ;Não;Brasil;NÃO;SUL;1;SC;0;0;0;1;0;1;0;0;0;0;0;0;0;0;1;0;1;2025-04-29 16:22:43
2024;Preta;SOLTEIRO;21 a 24 anos                  ;MASCULINO;SUPERIOR INCOMPLETO;Cisgênero;NÃO;ITAJAÍ;Não;Brasil;NÃO;SUL;1;SC;0;0;0;3;0;8;0;5;0;0;0;0;0;0;8;5;3;2025-04-29 16:22:43
2024;Preta;SOLTEIRO;21 a 24 anos                  ;MASCULINO;SUPERIOR INCOMPLETO;Prefere não informar;NÃO;ITAJAÍ;Não;Brasil;NÃO;SUL;1;SC;0;0;0;0;0;1;0;1;0;0;0;0;0;0;1;1;0;2025-04-29 16:22:43
2024;Preta;SOLTEIRO;25 a 29 anos                  ;FEMININO;ENSINO FUNDAMENTAL COMPLETO;Cisgênero;NÃO;ITAJAÍ;Não;Brasil;NÃO;SUL;1;SC;0;0;0;2;0;3;0;1;0;0;0;0;0;0;3;1;2;2025-04-29 16:22:43
2024;Preta;SOLTEIRO;25 a 29 anos                  ;FEMININO;ENSINO FUNDAMENTAL INCOMPLETO;Cisgênero;NÃO;ITAJAÍ;Não;Brasil;NÃO;SUL;1;SC;0;0;0;2;0;3;0;1;0;0;0;0;0;0;3;1;2;2025-04-29 16:22:43
2024;Preta;SOLTEIRO;25 a 29 anos                  ;FEMININO;ENSINO MÉDIO COMPLETO;Cisgênero;NÃO;ITAJAÍ;Não;Brasil;NÃO;SUL;1;SC;0;0;0;3;0;19;0;16;0;0;0;0;0;0;19;16;3;2025-04-29 16:22:43
2024;Preta;SOLTEIRO;25 a 29 anos                  ;FEMININO;ENSINO MÉDIO COMPLETO;Prefere não informar;SIM;ITAJAÍ;Não;Brasil;NÃO;SUL;1;SC;0;0;0;0;0;1;0;1;0;0;0;0;0;0;1;1;0;2025-04-29 16:22:43
2024;Preta;SOLTEIRO;25 a 29 anos                  ;FEMININO;ENSINO MÉDIO INCOMPLETO;Cisgênero;NÃO;ITAJAÍ;Não;Brasil;NÃO;SUL;1;SC;0;0;0;2;0;14;0;12;0;0;0;0;0;0;14;12;2;2025-04-29 16:22:43
2024;Preta;SOLTEIRO;25 a 29 anos                  ;FEMININO;ENSINO MÉDIO INCOMPLETO;Prefere não informar;NÃO;ITAJAÍ;Não;Brasil;NÃO;SUL;1;SC;0;0;0;0;0;2;0;2;0;0;0;0;0;0;2;2;0;2025-04-29 16:22:43
2024;Preta;SOLTEIRO;25 a 29 anos                  ;FEMININO;SUPERIOR COMPLETO;Cisgênero;NÃO;ITAJAÍ;Não;Brasil;NÃO;SUL;1;SC;0;0;0;1;0;4;0;3;0;0;0;0;0;0;4;3;1;2025-04-29 16:22:43
2024;Preta;SOLTEIRO;25 a 29 anos                  ;FEMININO;SUPERIOR COMPLETO;Cisgênero;NÃO;ITAJAÍ;Não;Brasil;SIM;SUL;1;SC;0;0;0;0;0;1;0;1;0;0;0;0;0;0;1;1;0;2025-04-29 16:22:43
2024;Preta;SOLTEIRO;25 a 29 anos                  ;FEMININO;SUPERIOR INCOMPLETO;Cisgênero;NÃO;ITAJAÍ;Não;Brasil;NÃO;SUL;1;SC;0;0;0;0;0;5;0;5;0;0;0;0;0;0;5;5;0;2025-04-29 16:22:43
2024;Preta;SOLTEIRO;25 a 29 anos                  ;MASCULINO;ENSINO FUNDAMENTAL COMPLETO;Cisgênero;NÃO;ITAJAÍ;Não;Brasil;NÃO;SUL;1;SC;0;0;0;2;0;5;0;3;0;0;0;0;0;0;5;3;2;2025-04-29 16:22:43
2024;Preta;SOLTEIRO;25 a 29 anos                  ;MASCULINO;ENSINO FUNDAMENTAL INCOMPLETO;Cisgênero;NÃO;ITAJAÍ;Não;Brasil;NÃO;SUL;1;SC;0;0;0;3;0;5;0;2;0;0;0;0;0;0;5;2;3;2025-04-29 16:22:43
2024;Preta;SOLTEIRO;25 a 29 anos                  ;MASCULINO;ENSINO MÉDIO COMPLETO;Cisgênero;NÃO;ITAJAÍ;Não;Brasil;NÃO;SUL;1;SC;0;0;0;15;0;27;0;12;0;0;0;0;0;0;27;12;15;2025-04-29 16:22:43
2024;Preta;SOLTEIRO;25 a 29 anos                  ;MASCULINO;ENSINO MÉDIO COMPLETO;Cisgênero;SIM;ITAJAÍ;Não;Brasil;NÃO;SUL;1;SC;0;0;0;0;0;2;0;2;0;0;0;0;0;0;2;2;0;2025-04-29 16:22:43
2024;Preta;SOLTEIRO;25 a 29 anos                  ;MASCULINO;ENSINO MÉDIO COMPLETO;Prefere não informar;NÃO;ITAJAÍ;Não;Brasil;NÃO;SUL;1;SC;0;0;0;1;0;3;0;2;0;0;0;0;0;0;3;2;1;2025-04-29 16:22:43
2024;Preta;SOLTEIRO;25 a 29 anos                  ;MASCULINO;ENSINO MÉDIO COMPLETO;Transgênero;NÃO;ITAJAÍ;Não;Brasil;NÃO;SUL;1;SC;0;0;0;1;0;1;0;0;0;0;0;0;0;0;1;0;1;2025-04-29 16:22:43
2024;Preta;SOLTEIRO;25 a 29 anos                  ;MASCULINO;ENSINO MÉDIO INCOMPLETO;Cisgênero;NÃO;ITAJAÍ;Não;Brasil;NÃO;SUL;1;SC;0;0;0;7;0;18;0;11;0;0;0;0;0;0;18;11;7;2025-04-29 16:22:43
2024;Preta;SOLTEIRO;25 a 29 anos                  ;MASCULINO;SUPERIOR COMPLETO;Cisgênero;NÃO;ITAJAÍ;Não;Brasil;NÃO;SUL;1;SC;0;0;0;0;0;3;0;3;0;0;0;0;0;0;3;3;0;2025-04-29 16:22:43
2024;Preta;SOLTEIRO;25 a 29 anos                  ;MASCULINO;SUPERIOR COMPLETO;Prefere não informar;NÃO;ITAJAÍ;Não;Brasil;NÃO;SUL;1;SC;0;0;0;1;0;1;0;0;0;0;0;0;0;0;1;0;1;2025-04-29 16:22:43
2024;Preta;SOLTEIRO;25 a 29 anos                  ;MASCULINO;SUPERIOR INCOMPLETO;Cisgênero;NÃO;ITAJAÍ;Não;Brasil;NÃO;SUL;1;SC;0;0;0;1;0;12;0;11;0;0;0;0;0;0;12;11;1;2025-04-29 16:22:43
2024;Preta;SOLTEIRO;25 a 29 anos                  ;MASCULINO;SUPERIOR INCOMPLETO;Prefere não informar;SIM;ITAJAÍ;Não;Brasil;NÃO;SUL;1;SC;0;0;0;0;0;1;0;1;0;0;0;0;0;0;1;1;0;2025-04-29 16:22:43
2024;Preta;SOLTEIRO;30 a 34 anos                  ;FEMININO;ENSINO FUNDAMENTAL COMPLETO;Cisgênero;NÃO;ITAJAÍ;Não;Brasil;NÃO;SUL;1;SC;0;0;0;0;0;1;0;1;0;0;0;0;0;0;1;1;0;2025-04-29 16:22:43
2024;Preta;SOLTEIRO;30 a 34 anos                  ;FEMININO;ENSINO FUNDAMENTAL INCOMPLETO;Cisgênero;NÃO;ITAJAÍ;Não;Brasil;NÃO;SUL;1;SC;0;0;0;2;0;5;0;3;0;0;0;0;0;0;5;3;2;2025-04-29 16:22:43
2024;Preta;SOLTEIRO;30 a 34 anos                  ;FEMININO;ENSINO MÉDIO COMPLETO;Cisgênero;NÃO;ITAJAÍ;Não;Brasil;NÃO;SUL;1;SC;0;0;0;8;0;23;0;15;0;1;1;0;0;0;23;15;8;2025-04-29 16:22:43
2024;Preta;SOLTEIRO;30 a 34 anos                  ;FEMININO;ENSINO MÉDIO COMPLETO;Cisgênero;NÃO;ITAJAÍ;Não;Brasil;SIM;SUL;1;SC;0;0;0;0;0;1;0;1;0;0;0;0;0;0;1;1;0;2025-04-29 16:22:43
2024;Preta;SOLTEIRO;30 a 34 anos                  ;FEMININO;ENSINO MÉDIO COMPLETO;Prefere não informar;NÃO;ITAJAÍ;Não;Brasil;NÃO;SUL;1;SC;0;0;0;0;0;2;0;2;0;0;0;0;0;0;2;2;0;2025-04-29 16:22:43
2024;Preta;SOLTEIRO;30 a 34 anos                  ;FEMININO;ENSINO MÉDIO COMPLETO;Transgênero;NÃO;ITAJAÍ;Sim;Brasil;NÃO;SUL;1;SC;0;0;0;1;0;1;0;0;0;0;0;0;0;1;1;0;1;2025-04-29 16:22:43
2024;Preta;SOLTEIRO;30 a 34 anos                  ;FEMININO;ENSINO MÉDIO INCOMPLETO;Cisgênero;NÃO;ITAJAÍ;Não;Brasil;NÃO;SUL;1;SC;0;0;0;0;0;6;0;6;0;0;0;0;0;0;6;6;0;2025-04-29 16:22:43
2024;Preta;SOLTEIRO;30 a 34 anos                  ;FEMININO;SUPERIOR COMPLETO;Cisgênero;NÃO;ITAJAÍ;Não;Brasil;NÃO;SUL;1;SC;0;0;0;1;0;5;0;4;0;0;0;0;0;0;5;4;1;2025-04-29 16:22:43
2024;Preta;SOLTEIRO;30 a 34 anos                  ;FEMININO;SUPERIOR INCOMPLETO;Prefere não informar;NÃO;ITAJAÍ;Não;Brasil;NÃO;SUL;1;SC;0;0;0;0;0;1;0;1;0;0;0;0;0;0;1;1;0;2025-04-29 16:22:43
2024;Preta;SOLTEIRO;30 a 34 anos                  ;MASCULINO;ENSINO FUNDAMENTAL COMPLETO;Cisgênero;NÃO;ITAJAÍ;Não;Brasil;NÃO;SUL;1;SC;0;0;0;5;0;5;0;0;0;0;0;0;0;0;5;0;5;2025-04-29 16:22:43
2024;Preta;SOLTEIRO;30 a 34 anos                  ;MASCULINO;ENSINO FUNDAMENTAL INCOMPLETO;Cisgênero;NÃO;ITAJAÍ;Não;Brasil;NÃO;SUL;1;SC;0;0;0;6;0;14;0;8;0;0;0;0;0;0;14;8;6;2025-04-29 16:22:43
2024;Preta;SOLTEIRO;30 a 34 anos                  ;MASCULINO;ENSINO FUNDAMENTAL INCOMPLETO;Prefere não informar;NÃO;ITAJAÍ;Não;Brasil;NÃO;SUL;1;SC;0;0;0;1;0;1;0;0;0;0;0;0;0;0;1;0;1;2025-04-29 16:22:43
2024;Preta;SOLTEIRO;30 a 34 anos                  ;MASCULINO;ENSINO MÉDIO COMPLETO;Cisgênero;NÃO;ITAJAÍ;Não;Brasil;NÃO;SUL;1;SC;0;0;0;6;0;17;0;11;0;0;0;0;0;0;17;11;6;2025-04-29 16:22:43
2024;Preta;SOLTEIRO;30 a 34 anos                  ;MASCULINO;ENSINO MÉDIO COMPLETO;Prefere não informar;NÃO;ITAJAÍ;Não;Brasil;NÃO;SUL;1;SC;0;0;0;0;0;2;0;2;0;0;0;0;0;0;2;2;0;2025-04-29 16:22:43
2024;Preta;SOLTEIRO;30 a 34 anos                  ;MASCULINO;ENSINO MÉDIO INCOMPLETO;Cisgênero;NÃO;ITAJAÍ;Não;Brasil;NÃO;SUL;1;SC;0;0;0;0;0;9;0;9;0;0;0;0;0;0;9;9;0;2025-04-29 16:22:43
2024;Preta;SOLTEIRO;30 a 34 anos                  ;MASCULINO;ENSINO MÉDIO INCOMPLETO;Prefere não informar;SIM;ITAJAÍ;Não;Brasil;NÃO;SUL;1;SC;0;0;0;0;0;1;0;1;0;0;0;0;0;0;1;1;0;2025-04-29 16:22:43
2024;Preta;SOLTEIRO;30 a 34 anos                  ;MASCULINO;SUPERIOR COMPLETO;Cisgênero;NÃO;ITAJAÍ;Não;Brasil;NÃO;SUL;1;SC;0;0;0;0;0;2;0;2;0;0;0;0;0;0;2;2;0;2025-04-29 16:22:43
2024;Preta;SOLTEIRO;30 a 34 anos                  ;MASCULINO;SUPERIOR COMPLETO;Prefere não informar;NÃO;ITAJAÍ;Não;Brasil;NÃO;SUL;1;SC;0;0;0;0;0;1;0;1;0;0;0;0;0;0;1;1;0;2025-04-29 16:22:43
2024;Preta;SOLTEIRO;30 a 34 anos                  ;MASCULINO;SUPERIOR INCOMPLETO;Cisgênero;NÃO;ITAJAÍ;Não;Brasil;NÃO;SUL;1;SC;0;0;0;0;0;4;0;4;0;0;0;0;0;0;4;4;0;2025-04-29 16:22:43
2024;Preta;SOLTEIRO;35 a 39 anos                  ;FEMININO;ENSINO FUNDAMENTAL COMPLETO;Cisgênero;NÃO;ITAJAÍ;Não;Brasil;NÃO;SUL;1;SC;0;0;0;0;0;1;0;1;0;0;0;0;0;0;1;1;0;2025-04-29 16:22:43
2024;Preta;SOLTEIRO;35 a 39 anos                  ;FEMININO;ENSINO FUNDAMENTAL COMPLETO;Transgênero;NÃO;ITAJAÍ;Sim;Brasil;NÃO;SUL;1;SC;0;0;0;0;0;1;0;1;0;0;0;0;0;1;1;1;0;2025-04-29 16:22:43
2024;Preta;SOLTEIRO;35 a 39 anos                  ;FEMININO;ENSINO FUNDAMENTAL INCOMPLETO;Cisgênero;NÃO;ITAJAÍ;Não;Brasil;NÃO;SUL;1;SC;0;0;0;1;0;3;0;2;0;0;0;0;0;0;3;2;1;2025-04-29 16:22:43
2024;Preta;SOLTEIRO;35 a 39 anos                  ;FEMININO;ENSINO MÉDIO COMPLETO;Cisgênero;NÃO;ITAJAÍ;Não;Brasil;NÃO;SUL;1;SC;0;0;0;2;0;13;0;11;0;0;0;0;0;0;13;11;2;2025-04-29 16:22:43
2024;Preta;SOLTEIRO;35 a 39 anos                  ;FEMININO;ENSINO MÉDIO COMPLETO;Cisgênero;SIM;ITAJAÍ;Não;Brasil;NÃO;SUL;1;SC;0;0;0;0;0;1;0;1;0;0;0;0;0;0;1;1;0;2025-04-29 16:22:43
2024;Preta;SOLTEIRO;35 a 39 anos                  ;FEMININO;ENSINO MÉDIO COMPLETO;Prefere não informar;SIM;ITAJAÍ;Não;Brasil;NÃO;SUL;1;SC;0;0;0;1;0;1;0;0;0;0;0;0;0;0;1;0;1;2025-04-29 16:22:43
2024;Preta;SOLTEIRO;35 a 39 anos                  ;FEMININO;ENSINO MÉDIO INCOMPLETO;Cisgênero;NÃO;ITAJAÍ;Não;Brasil;NÃO;SUL;1;SC;0;0;0;1;0;4;0;3;0;0;0;0;0;0;4;3;1;2025-04-29 16:22:43
2024;Preta;SOLTEIRO;35 a 39 anos                  ;FEMININO;SUPERIOR COMPLETO;Cisgênero;NÃO;ITAJAÍ;Não;Brasil;NÃO;SUL;1;SC;0;0;0;0;0;2;0;2;0;0;0;0;0;0;2;2;0;2025-04-29 16:22:43
2024;Preta;SOLTEIRO;35 a 39 anos                  ;FEMININO;SUPERIOR COMPLETO;Cisgênero;SIM;ITAJAÍ;Não;Brasil;NÃO;SUL;1;SC;0;0;0;1;0;1;0;0;0;0;0;0;0;0;1;0;1;2025-04-29 16:22:43
2024;Preta;SOLTEIRO;35 a 39 anos                  ;FEMININO;SUPERIOR COMPLETO;Prefere não informar;NÃO;ITAJAÍ;Não;Brasil;NÃO;SUL;1;SC;0;0;0;1;0;2;0;1;0;0;0;0;0;0;2;1;1;2025-04-29 16:22:43
2024;Preta;SOLTEIRO;35 a 39 anos                  ;FEMININO;SUPERIOR INCOMPLETO;Cisgênero;NÃO;ITAJAÍ;Não;Brasil;NÃO;SUL;1;SC;0;0;0;0;0;2;0;2;0;0;0;0;0;0;2;2;0;2025-04-29 16:22:43
2024;Preta;SOLTEIRO;35 a 39 anos                  ;FEMININO;SUPERIOR INCOMPLETO;Prefere não informar;NÃO;ITAJAÍ;Não;Brasil;NÃO;SUL;1;SC;0;0;0;0;0;1;0;1;0;0;0;0;0;0;1;1;0;2025-04-29 16:22:43
2024;Preta;SOLTEIRO;35 a 39 anos                  ;MASCULINO;ENSINO FUNDAMENTAL COMPLETO;Cisgênero;NÃO;ITAJAÍ;Não;Brasil;NÃO;SUL;1;SC;0;0;0;2;0;3;0;1;0;0;0;0;0;0;3;1;2;2025-04-29 16:22:43
2024;Preta;SOLTEIRO;35 a 39 anos                  ;MASCULINO;ENSINO FUNDAMENTAL INCOMPLETO;Cisgênero;NÃO;ITAJAÍ;Não;Brasil;NÃO;SUL;1;SC;1;0;0;7;0;15;0;8;0;2;1;0;1;0;15;8;7;2025-04-29 16:22:43
2024;Preta;SOLTEIRO;35 a 39 anos                  ;MASCULINO;ENSINO FUNDAMENTAL INCOMPLETO;Prefere não informar;SIM;ITAJAÍ;Não;Brasil;NÃO;SUL;1;SC;0;0;0;0;0;1;0;1;0;0;0;0;0;0;1;1;0;2025-04-29 16:22:43
2024;Preta;SOLTEIRO;35 a 39 anos                  ;MASCULINO;ENSINO MÉDIO COMPLETO;Cisgênero;NÃO;ITAJAÍ;Não;Brasil;NÃO;SUL;1;SC;0;0;0;8;0;28;0;20;0;0;0;0;0;0;28;20;8;2025-04-29 16:22:43
2024;Preta;SOLTEIRO;35 a 39 anos                  ;MASCULINO;ENSINO MÉDIO COMPLETO;Cisgênero;SIM;ITAJAÍ;Não;Brasil;NÃO;SUL;1;SC;0;0;0;0;0;2;0;2;0;0;0;0;0;0;2;2;0;2025-04-29 16:22:43
2024;Preta;SOLTEIRO;35 a 39 anos                  ;MASCULINO;ENSINO MÉDIO COMPLETO;Prefere não informar;NÃO;ITAJAÍ;Não;Brasil;NÃO;SUL;1;SC;0;0;0;0;0;2;0;2;0;0;0;0;0;0;2;2;0;2025-04-29 16:22:43
2024;Preta;SOLTEIRO;35 a 39 anos                  ;MASCULINO;ENSINO MÉDIO INCOMPLETO;Cisgênero;NÃO;ITAJAÍ;Não;Brasil;NÃO;SUL;1;SC;1;0;0;2;0;8;0;6;0;1;0;0;1;0;8;6;2;2025-04-29 16:22:43
2024;Preta;SOLTEIRO;35 a 39 anos                  ;MASCULINO;ENSINO MÉDIO INCOMPLETO;Prefere não informar;NÃO;ITAJAÍ;Não;Brasil;NÃO;SUL;1;SC;0;0;0;0;0;1;0;1;0;0;0;0;0;0;1;1;0;2025-04-29 16:22:43
2024;Preta;SOLTEIRO;35 a 39 anos                  ;MASCULINO;SUPERIOR COMPLETO;Cisgênero;NÃO;ITAJAÍ;Não;Brasil;NÃO;SUL;1;SC;0;0;0;2;0;5;0;3;0;0;0;0;0;0;5;3;2;2025-04-29 16:22:43
2024;Preta;SOLTEIRO;35 a 39 anos                  ;MASCULINO;SUPERIOR INCOMPLETO;Cisgênero;NÃO;ITAJAÍ;Não;Brasil;NÃO;SUL;1;SC;0;0;0;1;0;5;0;4;0;0;0;0;0;0;5;4;1;2025-04-29 16:22:43
2024;Preta;SOLTEIRO;40 a 44 anos                  ;FEMININO;ANALFABETO;Cisgênero;NÃO;ITAJAÍ;Não;Brasil;NÃO;SUL;1;SC;0;0;0;0;2;0;2;0;0;0;0;0;0;0;2;2;0;2025-04-29 16:22:43
2024;Preta;SOLTEIRO;40 a 44 anos                  ;FEMININO;ENSINO FUNDAMENTAL INCOMPLETO;Cisgênero;NÃO;ITAJAÍ;Não;Brasil;NÃO;SUL;1;SC;0;0;0;1;0;7;0;6;0;0;0;0;0;0;7;6;1;2025-04-29 16:22:43
2024;Preta;SOLTEIRO;40 a 44 anos                  ;FEMININO;ENSINO FUNDAMENTAL INCOMPLETO;Prefere não informar;NÃO;ITAJAÍ;Não;Brasil;NÃO;SUL;1;SC;0;0;0;1;0;1;0;0;0;0;0;0;0;0;1;0;1;2025-04-29 16:22:43
2024;Preta;SOLTEIRO;40 a 44 anos                  ;FEMININO;ENSINO MÉDIO COMPLETO;Cisgênero;NÃO;ITAJAÍ;Não;Brasil;NÃO;SUL;1;SC;0;0;0;4;0;17;0;13;0;1;1;0;0;0;17;13;4;2025-04-29 16:22:43
2024;Preta;SOLTEIRO;40 a 44 anos                  ;FEMININO;ENSINO MÉDIO COMPLETO;Prefere não informar;NÃO;ITAJAÍ;Não;Brasil;NÃO;SUL;1;SC;0;0;0;1;0;1;0;0;0;0;0;0;0;0;1;0;1;2025-04-29 16:22:43
2024;Preta;SOLTEIRO;40 a 44 anos                  ;FEMININO;ENSINO MÉDIO INCOMPLETO;Cisgênero;NÃO;ITAJAÍ;Não;Brasil;NÃO;SUL;1;SC;0;0;0;0;0;5;0;5;0;0;0;0;0;0;5;5;0;2025-04-29 16:22:43
2024;Preta;SOLTEIRO;40 a 44 anos                  ;FEMININO;SUPERIOR COMPLETO;Cisgênero;NÃO;ITAJAÍ;Não;Brasil;NÃO;SUL;1;SC;0;0;0;1;0;2;0;1;0;0;0;0;0;0;2;1;1;2025-04-29 16:22:43
2024;Preta;SOLTEIRO;40 a 44 anos                  ;FEMININO;SUPERIOR COMPLETO;Prefere não informar;NÃO;ITAJAÍ;Não;Brasil;NÃO;SUL;1;SC;0;0;0;0;0;1;0;1;0;0;0;0;0;0;1;1;0;2025-04-29 16:22:43
2024;Preta;SOLTEIRO;40 a 44 anos                  ;FEMININO;SUPERIOR INCOMPLETO;Cisgênero;NÃO;ITAJAÍ;Não;Brasil;NÃO;SUL;1;SC;0;0;0;1;0;4;0;3;0;0;0;0;0;0;4;3;1;2025-04-29 16:22:43
2024;Preta;SOLTEIRO;40 a 44 anos                  ;MASCULINO;ENSINO FUNDAMENTAL COMPLETO;Cisgênero;NÃO;ITAJAÍ;Não;Brasil;NÃO;SUL;1;SC;0;0;0;1;0;2;0;1;0;0;0;0;0;0;2;1;1;2025-04-29 16:22:43
2024;Preta;SOLTEIRO;40 a 44 anos                  ;MASCULINO;ENSINO FUNDAMENTAL INCOMPLETO;Cisgênero;NÃO;ITAJAÍ;Não;Brasil;NÃO;SUL;1;SC;0;2;0;0;0;7;0;7;0;0;0;0;0;0;7;7;0;2025-04-29 16:22:43
2024;Preta;SOLTEIRO;40 a 44 anos                  ;MASCULINO;ENSINO FUNDAMENTAL INCOMPLETO;Prefere não informar;SIM;ITAJAÍ;Não;Brasil;NÃO;SUL;1;SC;0;0;0;1;0;2;0;1;0;0;0;0;0;0;2;1;1;2025-04-29 16:22:43
2024;Preta;SOLTEIRO;40 a 44 anos                  ;MASCULINO;ENSINO MÉDIO COMPLETO;Cisgênero;NÃO;ITAJAÍ;Não;Brasil;NÃO;SUL;1;SC;0;0;0;5;0;20;0;15;0;0;0;0;0;0;20;15;5;2025-04-29 16:22:43
2024;Preta;SOLTEIRO;40 a 44 anos                  ;MASCULINO;ENSINO MÉDIO INCOMPLETO;Cisgênero;NÃO;ITAJAÍ;Não;Brasil;NÃO;SUL;1;SC;0;0;0;2;0;6;0;4;0;0;0;0;0;0;6;4;2;2025-04-29 16:22:43
2024;Preta;SOLTEIRO;40 a 44 anos                  ;MASCULINO;SUPERIOR COMPLETO;Cisgênero;NÃO;ITAJAÍ;Não;Brasil;NÃO;SUL;1;SC;0;0;0;0;0;2;0;2;0;0;0;0;0;0;2;2;0;2025-04-29 16:22:43
2024;Preta;SOLTEIRO;40 a 44 anos                  ;MASCULINO;SUPERIOR COMPLETO;Prefere não informar;NÃO;ITAJAÍ;Não;Brasil;NÃO;SUL;1;SC;0;0;0;0;0;1;0;1;0;0;0;0;0;0;1;1;0;2025-04-29 16:22:43
2024;Preta;SOLTEIRO;45 a 49 anos                  ;FEMININO;ENSINO FUNDAMENTAL COMPLETO;Cisgênero;NÃO;ITAJAÍ;Não;Brasil;NÃO;SUL;1;SC;0;0;0;1;0;3;0;2;0;0;0;0;0;0;3;2;1;2025-04-29 16:22:43
2024;Preta;SOLTEIRO;45 a 49 anos                  ;FEMININO;ENSINO FUNDAMENTAL INCOMPLETO;Cisgênero;NÃO;ITAJAÍ;Não;Brasil;NÃO;SUL;1;SC;0;0;0;0;0;2;0;2;0;0;0;0;0;0;2;2;0;2025-04-29 16:22:43
2024;Preta;SOLTEIRO;45 a 49 anos                  ;FEMININO;ENSINO MÉDIO COMPLETO;Cisgênero;NÃO;ITAJAÍ;Não;Brasil;NÃO;SUL;1;SC;0;0;0;2;0;10;0;8;0;0;0;0;0;0;10;8;2;2025-04-29 16:22:43
2024;Preta;SOLTEIRO;45 a 49 anos                  ;FEMININO;ENSINO MÉDIO INCOMPLETO;Cisgênero;NÃO;ITAJAÍ;Não;Brasil;NÃO;SUL;1;SC;0;0;0;0;0;1;0;1;0;0;0;0;0;0;1;1;0;2025-04-29 16:22:43
2024;Preta;SOLTEIRO;45 a 49 anos                  ;FEMININO;LÊ E ESCREVE;Cisgênero;NÃO;ITAJAÍ;Não;Brasil;NÃO;SUL;1;SC;0;0;0;0;0;1;0;1;0;0;0;0;0;0;1;1;0;2025-04-29 16:22:43
2024;Preta;SOLTEIRO;45 a 49 anos                  ;FEMININO;SUPERIOR INCOMPLETO;Cisgênero;NÃO;ITAJAÍ;Não;Brasil;NÃO;SUL;1;SC;0;0;0;0;0;1;0;1;0;0;0;0;0;0;1;1;0;2025-04-29 16:22:43
2024;Preta;SOLTEIRO;45 a 49 anos                  ;MASCULINO;ENSINO FUNDAMENTAL COMPLETO;Cisgênero;NÃO;ITAJAÍ;Não;Brasil;NÃO;SUL;1;SC;0;0;0;1;0;2;0;1;0;0;0;0;0;0;2;1;1;2025-04-29 16:22:43
2024;Preta;SOLTEIRO;45 a 49 anos                  ;MASCULINO;ENSINO FUNDAMENTAL INCOMPLETO;Cisgênero;NÃO;ITAJAÍ;Não;Brasil;NÃO;SUL;1;SC;0;0;0;2;0;5;0;3;0;0;0;0;0;0;5;3;2;2025-04-29 16:22:43
2024;Preta;SOLTEIRO;45 a 49 anos                  ;MASCULINO;ENSINO MÉDIO COMPLETO;Cisgênero;NÃO;ITAJAÍ;Não;Brasil;NÃO;SUL;1;SC;0;0;0;3;0;6;0;3;0;0;0;0;0;0;6;3;3;2025-04-29 16:22:43
2024;Preta;SOLTEIRO;45 a 49 anos                  ;MASCULINO;ENSINO MÉDIO COMPLETO;Cisgênero;SIM;ITAJAÍ;Não;Brasil;NÃO;SUL;1;SC;0;0;0;0;0;1;0;1;0;0;0;0;0;0;1;1;0;2025-04-29 16:22:43
2024;Preta;SOLTEIRO;45 a 49 anos                  ;MASCULINO;ENSINO MÉDIO INCOMPLETO;Cisgênero;NÃO;ITAJAÍ;Não;Brasil;NÃO;SUL;1;SC;0;0;0;1;0;1;0;0;0;0;0;0;0;0;1;0;1;2025-04-29 16:22:43
2024;Preta;SOLTEIRO;45 a 49 anos                  ;MASCULINO;LÊ E ESCREVE;Cisgênero;NÃO;ITAJAÍ;Não;Brasil;NÃO;SUL;1;SC;0;0;0;2;0;2;0;0;0;0;0;0;0;0;2;0;2;2025-04-29 16:22:43
2024;Preta;SOLTEIRO;45 a 49 anos                  ;MASCULINO;SUPERIOR COMPLETO;Cisgênero;NÃO;ITAJAÍ;Não;Brasil;NÃO;SUL;1;SC;0;0;0;0;0;1;0;1;0;0;0;0;0;0;1;1;0;2025-04-29 16:22:43
2024;Preta;SOLTEIRO;45 a 49 anos                  ;MASCULINO;SUPERIOR INCOMPLETO;Cisgênero;NÃO;ITAJAÍ;Não;Brasil;NÃO;SUL;1;SC;0;0;0;0;0;2;0;2;0;0;0;0;0;0;2;2;0;2025-04-29 16:22:43
2024;Preta;SOLTEIRO;50 a 54 anos                  ;FEMININO;ANALFABETO;Cisgênero;NÃO;ITAJAÍ;Não;Brasil;NÃO;SUL;1;SC;0;0;0;0;1;0;0;0;0;0;0;0;0;0;1;0;1;2025-04-29 16:22:43
2024;Preta;SOLTEIRO;50 a 54 anos                  ;FEMININO;ENSINO FUNDAMENTAL COMPLETO;Cisgênero;NÃO;ITAJAÍ;Não;Brasil;NÃO;SUL;1;SC;0;0;0;1;0;1;0;0;0;0;0;0;0;0;1;0;1;2025-04-29 16:22:43
2024;Preta;SOLTEIRO;50 a 54 anos                  ;FEMININO;ENSINO FUNDAMENTAL INCOMPLETO;Cisgênero;NÃO;ITAJAÍ;Não;Brasil;NÃO;SUL;1;SC;0;0;0;2;0;8;0;6;0;0;0;0;0;0;8;6;2;2025-04-29 16:22:43
2024;Preta;SOLTEIRO;50 a 54 anos                  ;FEMININO;ENSINO FUNDAMENTAL INCOMPLETO;Prefere não informar;NÃO;ITAJAÍ;Não;Brasil;NÃO;SUL;1;SC;0;0;0;0;0;2;0;2;0;0;0;0;0;0;2;2;0;2025-04-29 16:22:43
2024;Preta;SOLTEIRO;50 a 54 anos                  ;FEMININO;ENSINO MÉDIO COMPLETO;Cisgênero;NÃO;ITAJAÍ;Não;Brasil;NÃO;SUL;1;SC;0;0;0;0;0;4;0;4;0;0;0;0;0;0;4;4;0;2025-04-29 16:22:43
2024;Preta;SOLTEIRO;50 a 54 anos                  ;FEMININO;ENSINO MÉDIO INCOMPLETO;Cisgênero;NÃO;ITAJAÍ;Não;Brasil;NÃO;SUL;1;SC;0;0;0;1;0;2;0;1;0;0;0;0;0;0;2;1;1;2025-04-29 16:22:43
2024;Preta;SOLTEIRO;50 a 54 anos                  ;FEMININO;SUPERIOR INCOMPLETO;Cisgênero;NÃO;ITAJAÍ;Não;Brasil;NÃO;SUL;1;SC;0;0;0;1;0;1;0;0;0;0;0;0;0;0;1;0;1;2025-04-29 16:22:43
2024;Preta;SOLTEIRO;50 a 54 anos                  ;MASCULINO;ANALFABETO;Cisgênero;NÃO;ITAJAÍ;Não;Brasil;NÃO;SUL;1;SC;0;0;0;0;1;0;0;0;0;0;0;0;0;0;1;0;1;2025-04-29 16:22:43
2024;Preta;SOLTEIRO;50 a 54 anos                  ;MASCULINO;ENSINO FUNDAMENTAL COMPLETO;Cisgênero;NÃO;ITAJAÍ;Não;Brasil;NÃO;SUL;1;SC;0;0;0;0;0;3;0;3;0;0;0;0;0;0;3;3;0;2025-04-29 16:22:43
2024;Preta;SOLTEIRO;50 a 54 anos                  ;MASCULINO;ENSINO FUNDAMENTAL INCOMPLETO;Cisgênero;NÃO;ITAJAÍ;Não;Brasil;NÃO;SUL;1;SC;0;0;0;4;0;9;0;5;0;0;0;0;0;0;9;5;4;2025-04-29 16:22:43
2024;Preta;SOLTEIRO;50 a 54 anos                  ;MASCULINO;ENSINO MÉDIO COMPLETO;Cisgênero;NÃO;ITAJAÍ;Não;Brasil;NÃO;SUL;1;SC;0;0;0;1;0;2;0;1;0;0;0;0;0;0;2;1;1;2025-04-29 16:22:43
2024;Preta;SOLTEIRO;50 a 54 anos                  ;MASCULINO;ENSINO MÉDIO COMPLETO;Prefere não informar;SIM;ITAJAÍ;Não;Brasil;NÃO;SUL;1;SC;0;0;0;0;0;1;0;1;0;0;0;0;0;0;1;1;0;2025-04-29 16:22:43
2024;Preta;SOLTEIRO;50 a 54 anos                  ;MASCULINO;ENSINO MÉDIO INCOMPLETO;Cisgênero;NÃO;ITAJAÍ;Não;Brasil;NÃO;SUL;1;SC;0;0;0;0;0;1;0;1;0;0;0;0;0;0;1;1;0;2025-04-29 16:22:43
2024;Preta;SOLTEIRO;50 a 54 anos                  ;MASCULINO;SUPERIOR COMPLETO;Cisgênero;NÃO;ITAJAÍ;Não;Brasil;NÃO;SUL;1;SC;0;0;0;0;0;3;0;3;0;0;0;0;0;0;3;3;0;2025-04-29 16:22:43
2024;Preta;SOLTEIRO;55 a 59 anos                  ;FEMININO;ANALFABETO;Cisgênero;NÃO;ITAJAÍ;Não;Brasil;NÃO;SUL;1;SC;0;0;0;0;1;0;1;0;0;0;0;0;0;0;1;1;0;2025-04-29 16:22:43
2024;Preta;SOLTEIRO;55 a 59 anos                  ;FEMININO;ENSINO FUNDAMENTAL COMPLETO;Cisgênero;NÃO;ITAJAÍ;Não;Brasil;NÃO;SUL;1;SC;0;0;0;0;0;1;0;1;0;0;0;0;0;0;1;1;0;2025-04-29 16:22:43
2024;Preta;SOLTEIRO;55 a 59 anos                  ;FEMININO;ENSINO FUNDAMENTAL INCOMPLETO;Cisgênero;NÃO;ITAJAÍ;Não;Brasil;NÃO;SUL;1;SC;0;0;0;0;0;4;0;4;0;0;0;0;0;0;4;4;0;2025-04-29 16:22:43
2024;Preta;SOLTEIRO;55 a 59 anos                  ;FEMININO;ENSINO MÉDIO COMPLETO;Cisgênero;NÃO;ITAJAÍ;Não;Brasil;NÃO;SUL;1;SC;0;0;0;0;0;1;0;1;0;0;0;0;0;0;1;1;0;2025-04-29 16:22:43
2024;Preta;SOLTEIRO;55 a 59 anos                  ;FEMININO;LÊ E ESCREVE;Cisgênero;NÃO;ITAJAÍ;Não;Brasil;NÃO;SUL;1;SC;0;0;0;0;0;1;0;1;0;0;0;0;0;0;1;1;0;2025-04-29 16:22:43
2024;Preta;SOLTEIRO;55 a 59 anos                  ;MASCULINO;ANALFABETO;Cisgênero;NÃO;ITAJAÍ;Não;Brasil;NÃO;SUL;1;SC;0;0;0;0;1;0;1;0;0;0;0;0;0;0;1;1;0;2025-04-29 16:22:43
2024;Preta;SOLTEIRO;55 a 59 anos                  ;MASCULINO;ENSINO FUNDAMENTAL COMPLETO;Cisgênero;NÃO;ITAJAÍ;Não;Brasil;NÃO;SUL;1;SC;0;0;0;1;0;2;0;1;0;0;0;0;0;0;2;1;1;2025-04-29 16:22:43
2024;Preta;SOLTEIRO;55 a 59 anos                  ;MASCULINO;ENSINO FUNDAMENTAL INCOMPLETO;Cisgênero;NÃO;ITAJAÍ;Não;Brasil;NÃO;SUL;1;SC;0;0;0;1;0;3;0;2;0;0;0;0;0;0;3;2;1;2025-04-29 16:22:43
2024;Preta;SOLTEIRO;55 a 59 anos                  ;MASCULINO;ENSINO MÉDIO COMPLETO;Cisgênero;NÃO;ITAJAÍ;Não;Brasil;NÃO;SUL;1;SC;0;0;0;0;0;1;0;1;0;0;0;0;0;0;1;1;0;2025-04-29 16:22:43
2024;Preta;SOLTEIRO;55 a 59 anos                  ;MASCULINO;ENSINO MÉDIO INCOMPLETO;Cisgênero;NÃO;ITAJAÍ;Não;Brasil;NÃO;SUL;1;SC;0;0;0;0;0;2;0;2;0;0;0;0;0;0;2;2;0;2025-04-29 16:22:43
2024;Preta;SOLTEIRO;55 a 59 anos                  ;MASCULINO;SUPERIOR COMPLETO;Cisgênero;NÃO;ITAJAÍ;Não;Brasil;NÃO;SUL;1;SC;0;0;0;1;0;1;0;0;0;0;0;0;0;0;1;0;1;2025-04-29 16:22:43
2024;Preta;SOLTEIRO;60 a 64 anos                  ;FEMININO;ANALFABETO;Cisgênero;NÃO;ITAJAÍ;Não;Brasil;NÃO;SUL;1;SC;0;0;0;0;1;0;1;0;0;0;0;0;0;0;1;1;0;2025-04-29 16:22:43
2024;Preta;SOLTEIRO;60 a 64 anos                  ;FEMININO;ENSINO FUNDAMENTAL INCOMPLETO;Cisgênero;NÃO;ITAJAÍ;Não;Brasil;NÃO;SUL;1;SC;0;0;0;0;0;1;0;1;0;0;0;0;0;0;1;1;0;2025-04-29 16:22:43
2024;Preta;SOLTEIRO;60 a 64 anos                  ;FEMININO;ENSINO MÉDIO COMPLETO;Cisgênero;NÃO;ITAJAÍ;Não;Brasil;NÃO;SUL;1;SC;0;0;0;1;0;4;0;3;0;0;0;0;0;0;4;3;1;2025-04-29 16:22:43
2024;Preta;SOLTEIRO;60 a 64 anos                  ;MASCULINO;ANALFABETO;Cisgênero;NÃO;ITAJAÍ;Não;Brasil;NÃO;SUL;1;SC;0;0;0;0;1;0;1;0;0;0;0;0;0;0;1;1;0;2025-04-29 16:22:43
2024;Preta;SOLTEIRO;60 a 64 anos                  ;MASCULINO;ENSINO FUNDAMENTAL INCOMPLETO;Cisgênero;NÃO;ITAJAÍ;Não;Brasil;NÃO;SUL;1;SC;0;0;0;0;0;1;0;1;0;0;0;0;0;0;1;1;0;2025-04-29 16:22:43
2024;Preta;SOLTEIRO;60 a 64 anos                  ;MASCULINO;ENSINO MÉDIO COMPLETO;Cisgênero;NÃO;ITAJAÍ;Não;Brasil;NÃO;SUL;1;SC;0;0;0;0;0;2;0;2;0;0;0;0;0;0;2;2;0;2025-04-29 16:22:43
2024;Preta;SOLTEIRO;60 a 64 anos                  ;MASCULINO;ENSINO MÉDIO INCOMPLETO;Cisgênero;NÃO;ITAJAÍ;Não;Brasil;NÃO;SUL;1;SC;0;0;0;0;0;1;0;1;0;0;0;0;0;0;1;1;0;2025-04-29 16:22:43
2024;Preta;SOLTEIRO;60 a 64 anos                  ;MASCULINO;LÊ E ESCREVE;Cisgênero;NÃO;ITAJAÍ;Não;Brasil;NÃO;SUL;1;SC;0;0;0;1;0;1;0;0;0;0;0;0;0;0;1;0;1;2025-04-29 16:22:43
2024;Preta;SOLTEIRO;65 a 69 anos                  ;FEMININO;ENSINO FUNDAMENTAL INCOMPLETO;Cisgênero;NÃO;ITAJAÍ;Não;Brasil;NÃO;SUL;1;SC;0;0;0;0;0;1;0;1;0;0;0;0;0;0;1;1;0;2025-04-29 16:22:43
2024;Preta;SOLTEIRO;65 a 69 anos                  ;MASCULINO;ENSINO FUNDAMENTAL INCOMPLETO;Cisgênero;NÃO;ITAJAÍ;Não;Brasil;NÃO;SUL;1;SC;0;0;0;0;0;1;0;1;0;0;0;0;0;0;1;1;0;2025-04-29 16:22:43
2024;Preta;VIÚVO;45 a 49 anos                  ;FEMININO;ENSINO MÉDIO COMPLETO;Cisgênero;NÃO;ITAJAÍ;Não;Brasil;NÃO;SUL;1;SC;0;0;0;0;0;1;0;1;0;0;0;0;0;0;1;1;0;2025-04-29 16:22:43
2024;Preta;VIÚVO;50 a 54 anos                  ;FEMININO;ENSINO MÉDIO COMPLETO;Prefere não informar;NÃO;ITAJAÍ;Não;Brasil;NÃO;SUL;1;SC;0;0;0;0;0;1;0;1;0;0;0;0;0;0;1;1;0;2025-04-29 16:22:43
2024;Preta;VIÚVO;55 a 59 anos                  ;FEMININO;ENSINO FUNDAMENTAL COMPLETO;Cisgênero;NÃO;ITAJAÍ;Não;Brasil;NÃO;SUL;1;SC;0;0;0;0;0;1;0;1;0;0;0;0;0;0;1;1;0;2025-04-29 16:22:43
2024;Preta;VIÚVO;55 a 59 anos                  ;FEMININO;ENSINO MÉDIO COMPLETO;Cisgênero;NÃO;ITAJAÍ;Não;Brasil;NÃO;SUL;1;SC;0;0;0;0;0;1;0;1;0;0;0;0;0;0;1;1;0;2025-04-29 16:22:43
2024;Preta;VIÚVO;55 a 59 anos                  ;FEMININO;SUPERIOR COMPLETO;Transgênero;NÃO;ITAJAÍ;Não;Brasil;NÃO;SUL;1;SC;0;0;0;0;0;1;0;1;0;0;0;0;0;0;1;1;0;2025-04-29 16:22:43
2024;Preta;VIÚVO;60 a 64 anos                  ;FEMININO;ENSINO FUNDAMENTAL INCOMPLETO;Prefere não informar;NÃO;ITAJAÍ;Não;Brasil;NÃO;SUL;1;SC;0;0;0;0;0;1;0;1;0;0;0;0;0;0;1;1;0;2025-04-29 16:22:43
2024;Preta;VIÚVO;65 a 69 anos                  ;FEMININO;ENSINO MÉDIO COMPLETO;Cisgênero;NÃO;ITAJAÍ;Não;Brasil;NÃO;SUL;1;SC;0;0;0;0;0;1;0;1;0;0;0;0;0;0;1;1;0;2025-04-29 16:22:43
2024;Preta;VIÚVO;65 a 69 anos                  ;FEMININO;LÊ E ESCREVE;Cisgênero;NÃO;ITAJAÍ;Não;Brasil;NÃO;SUL;1;SC;0;0;0;1;0;1;0;0;0;0;0;0;0;0;1;0;1;2025-04-29 16:22:43
