Ano de eleição;Cor / Raça;Estado civil;Faixa etária;Gênero;Grau de instrução;Identidade de gênero;Intérprete de libras;Município;País;Quilombola;Região;UF;Quantidade de eleitores com biometria;Quantidade de eleitores com deficiência;Quantidade de eleitores com nome social;Quantidade de eleitores;Quantidade voto facultativo;Quantidade voto facultativo deficiência;Quantidade voto obrigatório;Quantidade voto obrigatório deficiência;Data de carga
2026;Amarela;CASADO;18 anos;FEMININO;ENSINO MÉDIO INCOMPLETO;Cisgênero;NÃO;ITAJAÍ;Brasil;NÃO;SUL;SC;1;0;0;1;0;;1;;18/07/2026 07:17
2026;Amarela;CASADO;21 a 24 anos;FEMININO;ENSINO MÉDIO INCOMPLETO;Cisgênero;NÃO;ITAJAÍ;Brasil;NÃO;SUL;SC;1;0;0;1;0;;1;;18/07/2026 07:17
2026;Amarela;CASADO;25 a 29 anos;FEMININO;SUPERIOR COMPLETO;Cisgênero;NÃO;ITAJAÍ;Brasil;NÃO;SUL;SC;2;0;0;2;0;;2;;18/07/2026 07:17
2026;Amarela;CASADO;25 a 29 anos;MASCULINO;ENSINO MÉDIO COMPLETO;Cisgênero;SIM;ITAJAÍ;Brasil;NÃO;SUL;SC;1;0;0;1;0;;1;;18/07/2026 07:17
2026;Amarela;CASADO;25 a 29 anos;MASCULINO;ENSINO MÉDIO COMPLETO;Prefere não informar;SIM;ITAJAÍ;Brasil;NÃO;SUL;SC;1;0;0;1;0;;1;;18/07/2026 07:17
2026;Amarela;CASADO;30 a 34 anos;FEMININO;ENSINO MÉDIO COMPLETO;Cisgênero;NÃO;ITAJAÍ;Brasil;NÃO;SUL;SC;3;0;0;3;0;;3;;18/07/2026 07:17
2026;Amarela;CASADO;30 a 34 anos;FEMININO;ENSINO MÉDIO INCOMPLETO;Prefere não informar;NÃO;ITAJAÍ;Brasil;NÃO;SUL;SC;1;0;0;1;0;;1;;18/07/2026 07:17
2026;Amarela;CASADO;30 a 34 anos;FEMININO;SUPERIOR COMPLETO;Cisgênero;NÃO;ITAJAÍ;Brasil;NÃO;SUL;SC;3;0;0;3;0;;3;;18/07/2026 07:17
2026;Amarela;CASADO;30 a 34 anos;MASCULINO;ENSINO MÉDIO COMPLETO;Cisgênero;NÃO;ITAJAÍ;Brasil;NÃO;SUL;SC;2;0;0;2;0;;2;;18/07/2026 07:17
2026;Amarela;CASADO;30 a 34 anos;MASCULINO;SUPERIOR INCOMPLETO;Cisgênero;NÃO;ITAJAÍ;Brasil;NÃO;SUL;SC;1;0;0;1;0;;1;;18/07/2026 07:17
2026;Amarela;CASADO;35 a 39 anos;FEMININO;ENSINO MÉDIO COMPLETO;Cisgênero;NÃO;ITAJAÍ;Brasil;NÃO;SUL;SC;2;0;0;2;0;;2;;18/07/2026 07:17
2026;Amarela;CASADO;35 a 39 anos;FEMININO;SUPERIOR COMPLETO;Cisgênero;NÃO;ITAJAÍ;Brasil;NÃO;SUL;SC;1;0;0;1;0;;1;;18/07/2026 07:17
2026;Amarela;CASADO;35 a 39 anos;FEMININO;SUPERIOR COMPLETO;Prefere não informar;NÃO;ITAJAÍ;Brasil;NÃO;SUL;SC;3;0;0;3;0;;3;;18/07/2026 07:17
2026;Amarela;CASADO;35 a 39 anos;FEMININO;SUPERIOR INCOMPLETO;Cisgênero;NÃO;ITAJAÍ;Brasil;NÃO;SUL;SC;3;0;0;3;0;;3;;18/07/2026 07:17
2026;Amarela;CASADO;35 a 39 anos;FEMININO;SUPERIOR INCOMPLETO;Prefere não informar;NÃO;ITAJAÍ;Brasil;NÃO;SUL;SC;1;0;0;1;0;;1;;18/07/2026 07:17
2026;Amarela;CASADO;35 a 39 anos;MASCULINO;ENSINO MÉDIO COMPLETO;Cisgênero;NÃO;ITAJAÍ;Brasil;NÃO;SUL;SC;3;0;0;3;0;;3;;18/07/2026 07:17
2026;Amarela;CASADO;35 a 39 anos;MASCULINO;SUPERIOR COMPLETO;Cisgênero;NÃO;ITAJAÍ;Brasil;NÃO;SUL;SC;1;0;0;2;0;;2;;18/07/2026 07:17
2026;Amarela;CASADO;35 a 39 anos;MASCULINO;SUPERIOR COMPLETO;Prefere não informar;NÃO;ITAJAÍ;Brasil;NÃO;SUL;SC;3;0;0;4;0;;4;;18/07/2026 07:17
2026;Amarela;CASADO;35 a 39 anos;MASCULINO;SUPERIOR INCOMPLETO;Cisgênero;NÃO;ITAJAÍ;Brasil;NÃO;SUL;SC;1;0;0;1;0;;1;;18/07/2026 07:17
2026;Amarela;CASADO;40 a 44 anos;FEMININO;ENSINO FUNDAMENTAL INCOMPLETO;Cisgênero;NÃO;ITAJAÍ;Brasil;NÃO;SUL;SC;1;0;0;1;0;;1;;18/07/2026 07:17
2026;Amarela;CASADO;40 a 44 anos;FEMININO;ENSINO MÉDIO INCOMPLETO;Prefere não informar;NÃO;ITAJAÍ;Brasil;NÃO;SUL;SC;1;0;0;1;0;;1;;18/07/2026 07:17
2026;Amarela;CASADO;40 a 44 anos;FEMININO;SUPERIOR COMPLETO;Cisgênero;NÃO;ITAJAÍ;Brasil;NÃO;SUL;SC;2;0;0;2;0;;2;;18/07/2026 07:17
2026;Amarela;CASADO;40 a 44 anos;FEMININO;SUPERIOR COMPLETO;Prefere não informar;NÃO;ITAJAÍ;Brasil;NÃO;SUL;SC;2;0;0;2;0;;2;;18/07/2026 07:17
2026;Amarela;CASADO;40 a 44 anos;MASCULINO;ENSINO MÉDIO COMPLETO;Cisgênero;NÃO;ITAJAÍ;Brasil;NÃO;SUL;SC;2;0;0;2;0;;2;;18/07/2026 07:17
2026;Amarela;CASADO;40 a 44 anos;MASCULINO;ENSINO MÉDIO COMPLETO;Prefere não informar;NÃO;ITAJAÍ;Brasil;NÃO;SUL;SC;1;0;0;1;0;;1;;18/07/2026 07:17
2026;Amarela;CASADO;40 a 44 anos;MASCULINO;SUPERIOR COMPLETO;Cisgênero;NÃO;ITAJAÍ;Brasil;NÃO;SUL;SC;2;0;0;2;0;;2;;18/07/2026 07:17
2026;Amarela;CASADO;45 a 49 anos;FEMININO;ENSINO FUNDAMENTAL INCOMPLETO;Cisgênero;NÃO;ITAJAÍ;Brasil;NÃO;SUL;SC;1;0;0;1;0;;1;;18/07/2026 07:17
2026;Amarela;CASADO;45 a 49 anos;FEMININO;SUPERIOR COMPLETO;Cisgênero;NÃO;ITAJAÍ;Brasil;NÃO;SUL;SC;1;0;0;1;0;;1;;18/07/2026 07:17
2026;Amarela;CASADO;45 a 49 anos;FEMININO;SUPERIOR INCOMPLETO;Prefere não informar;NÃO;ITAJAÍ;Brasil;NÃO;SUL;SC;1;0;0;1;0;;1;;18/07/2026 07:17
2026;Amarela;CASADO;45 a 49 anos;MASCULINO;SUPERIOR COMPLETO;Cisgênero;NÃO;ITAJAÍ;Brasil;NÃO;SUL;SC;1;0;0;1;0;;1;;18/07/2026 07:17
2026;Amarela;CASADO;50 a 54 anos;FEMININO;ENSINO FUNDAMENTAL COMPLETO;Cisgênero;NÃO;ITAJAÍ;Brasil;NÃO;SUL;SC;1;0;0;1;0;;1;;18/07/2026 07:17
2026;Amarela;CASADO;50 a 54 anos;FEMININO;SUPERIOR COMPLETO;Cisgênero;NÃO;ITAJAÍ;Brasil;NÃO;SUL;SC;3;0;0;3;0;;3;;18/07/2026 07:17
2026;Amarela;CASADO;55 a 59 anos;FEMININO;ENSINO FUNDAMENTAL INCOMPLETO;Cisgênero;NÃO;ITAJAÍ;Brasil;NÃO;SUL;SC;1;1;0;1;0;;1;;18/07/2026 07:17
2026;Amarela;CASADO;55 a 59 anos;FEMININO;SUPERIOR COMPLETO;Cisgênero;NÃO;ITAJAÍ;Brasil;NÃO;SUL;SC;1;0;0;1;0;;1;;18/07/2026 07:17
2026;Amarela;CASADO;55 a 59 anos;FEMININO;SUPERIOR COMPLETO;Prefere não informar;NÃO;ITAJAÍ;Brasil;NÃO;SUL;SC;1;0;0;1;0;;1;;18/07/2026 07:17
2026;Amarela;CASADO;55 a 59 anos;MASCULINO;SUPERIOR INCOMPLETO;Cisgênero;NÃO;ITAJAÍ;Brasil;NÃO;SUL;SC;1;0;0;1;0;;1;;18/07/2026 07:17
2026;Amarela;CASADO;60 a 64 anos;FEMININO;ENSINO FUNDAMENTAL INCOMPLETO;Cisgênero;NÃO;ITAJAÍ;Brasil;NÃO;SUL;SC;1;0;0;1;0;;1;;18/07/2026 07:17
2026;Amarela;CASADO;65 a 69 anos;FEMININO;ENSINO MÉDIO COMPLETO;Cisgênero;NÃO;ITAJAÍ;Brasil;NÃO;SUL;SC;1;0;0;1;0;;1;;18/07/2026 07:17
2026;Amarela;CASADO;65 a 69 anos;MASCULINO;SUPERIOR INCOMPLETO;Prefere não informar;NÃO;ITAJAÍ;Brasil;NÃO;SUL;SC;1;0;0;1;0;;1;;18/07/2026 07:17
2026;Amarela;CASADO;70 a 74 anos;FEMININO;ENSINO MÉDIO COMPLETO;Prefere não informar;NÃO;ITAJAÍ;Brasil;NÃO;SUL;SC;1;0;0;1;1;;0;;18/07/2026 07:17
2026;Amarela;DIVORCIADO;30 a 34 anos;FEMININO;SUPERIOR COMPLETO;Cisgênero;NÃO;ITAJAÍ;Brasil;NÃO;SUL;SC;1;0;0;1;0;;1;;18/07/2026 07:17
2026;Amarela;DIVORCIADO;40 a 44 anos;FEMININO;ENSINO FUNDAMENTAL COMPLETO;Cisgênero;NÃO;ITAJAÍ;Brasil;NÃO;SUL;SC;1;0;0;1;0;;1;;18/07/2026 07:17
2026;Amarela;DIVORCIADO;40 a 44 anos;FEMININO;SUPERIOR COMPLETO;Cisgênero;NÃO;ITAJAÍ;Brasil;NÃO;SUL;SC;2;0;0;2;0;;2;;18/07/2026 07:17
2026;Amarela;DIVORCIADO;40 a 44 anos;FEMININO;SUPERIOR INCOMPLETO;Cisgênero;NÃO;ITAJAÍ;Brasil;NÃO;SUL;SC;1;0;0;1;0;;1;;18/07/2026 07:17
2026;Amarela;DIVORCIADO;40 a 44 anos;MASCULINO;SUPERIOR COMPLETO;Cisgênero;NÃO;ITAJAÍ;Brasil;NÃO;SUL;SC;1;0;0;1;0;;1;;18/07/2026 07:17
2026;Amarela;DIVORCIADO;40 a 44 anos;MASCULINO;SUPERIOR INCOMPLETO;Cisgênero;NÃO;ITAJAÍ;Brasil;NÃO;SUL;SC;1;0;0;1;0;;1;;18/07/2026 07:17
2026;Amarela;DIVORCIADO;45 a 49 anos;FEMININO;ENSINO MÉDIO COMPLETO;Cisgênero;NÃO;ITAJAÍ;Brasil;NÃO;SUL;SC;1;0;0;1;0;;1;;18/07/2026 07:17
2026;Amarela;DIVORCIADO;45 a 49 anos;FEMININO;SUPERIOR COMPLETO;Cisgênero;NÃO;ITAJAÍ;Brasil;NÃO;SUL;SC;1;0;0;1;0;;1;;18/07/2026 07:17
2026;Amarela;DIVORCIADO;50 a 54 anos;FEMININO;ENSINO MÉDIO COMPLETO;Cisgênero;NÃO;ITAJAÍ;Brasil;NÃO;SUL;SC;1;0;0;1;0;;1;;18/07/2026 07:17
2026;Amarela;DIVORCIADO;50 a 54 anos;FEMININO;SUPERIOR COMPLETO;Cisgênero;NÃO;ITAJAÍ;Brasil;NÃO;SUL;SC;1;0;0;1;0;;1;;18/07/2026 07:17
2026;Amarela;DIVORCIADO;55 a 59 anos;FEMININO;SUPERIOR COMPLETO;Cisgênero;NÃO;ITAJAÍ;Brasil;NÃO;SUL;SC;1;0;0;1;0;;1;;18/07/2026 07:17
2026;Amarela;DIVORCIADO;65 a 69 anos;FEMININO;ENSINO FUNDAMENTAL INCOMPLETO;Cisgênero;NÃO;ITAJAÍ;Brasil;NÃO;SUL;SC;1;0;0;1;0;;1;;18/07/2026 07:17
2026;Amarela;SEPARADO JUDICIALMENTE;60 a 64 anos;FEMININO;SUPERIOR COMPLETO;Cisgênero;NÃO;ITAJAÍ;Brasil;NÃO;SUL;SC;1;0;0;1;0;;1;;18/07/2026 07:17
2026;Amarela;SEPARADO JUDICIALMENTE;75 a 79 anos;MASCULINO;ENSINO FUNDAMENTAL INCOMPLETO;Cisgênero;NÃO;ITAJAÍ;Brasil;NÃO;SUL;SC;1;0;0;1;1;;0;;18/07/2026 07:17
2026;Amarela;SOLTEIRO;16 anos;FEMININO;ENSINO MÉDIO INCOMPLETO;Cisgênero;NÃO;ITAJAÍ;Brasil;NÃO;SUL;SC;1;0;0;1;1;;0;;18/07/2026 07:17
2026;Amarela;SOLTEIRO;18 anos;FEMININO;ENSINO MÉDIO COMPLETO;Cisgênero;NÃO;ITAJAÍ;Brasil;NÃO;SUL;SC;1;0;0;1;0;;1;;18/07/2026 07:17
2026;Amarela;SOLTEIRO;18 anos;FEMININO;ENSINO MÉDIO INCOMPLETO;Cisgênero;NÃO;ITAJAÍ;Brasil;NÃO;SUL;SC;1;0;0;1;0;;1;;18/07/2026 07:17
2026;Amarela;SOLTEIRO;18 anos;MASCULINO;ENSINO MÉDIO INCOMPLETO;Cisgênero;NÃO;ITAJAÍ;Brasil;NÃO;SUL;SC;3;0;0;3;0;;3;;18/07/2026 07:17
2026;Amarela;SOLTEIRO;18 anos;MASCULINO;ENSINO MÉDIO INCOMPLETO;Prefere não informar;NÃO;ITAJAÍ;Brasil;NÃO;SUL;SC;1;0;0;1;0;;1;;18/07/2026 07:17
2026;Amarela;SOLTEIRO;19 anos;FEMININO;ENSINO MÉDIO INCOMPLETO;Cisgênero;NÃO;ITAJAÍ;Brasil;NÃO;SUL;SC;2;0;0;2;0;;2;;18/07/2026 07:17
2026;Amarela;SOLTEIRO;19 anos;FEMININO;SUPERIOR INCOMPLETO;Cisgênero;NÃO;ITAJAÍ;Brasil;NÃO;SUL;SC;1;0;0;1;0;;1;;18/07/2026 07:17
2026;Amarela;SOLTEIRO;19 anos;MASCULINO;ENSINO FUNDAMENTAL INCOMPLETO;Cisgênero;NÃO;ITAJAÍ;Brasil;NÃO;SUL;SC;1;0;0;1;0;;1;;18/07/2026 07:17
2026;Amarela;SOLTEIRO;19 anos;MASCULINO;ENSINO MÉDIO COMPLETO;Cisgênero;NÃO;ITAJAÍ;Brasil;NÃO;SUL;SC;1;0;0;1;0;;1;;18/07/2026 07:17
2026;Amarela;SOLTEIRO;19 anos;MASCULINO;ENSINO MÉDIO INCOMPLETO;Cisgênero;NÃO;ITAJAÍ;Brasil;NÃO;SUL;SC;1;0;0;1;0;;1;;18/07/2026 07:17
2026;Amarela;SOLTEIRO;19 anos;MASCULINO;ENSINO MÉDIO INCOMPLETO;Prefere não informar;NÃO;ITAJAÍ;Brasil;NÃO;SUL;SC;0;0;0;1;0;;1;;18/07/2026 07:17
2026;Amarela;SOLTEIRO;19 anos;MASCULINO;SUPERIOR INCOMPLETO;Cisgênero;NÃO;ITAJAÍ;Brasil;NÃO;SUL;SC;1;0;0;1;0;;1;;18/07/2026 07:17
2026;Amarela;SOLTEIRO;20 anos;FEMININO;ENSINO MÉDIO COMPLETO;Cisgênero;NÃO;ITAJAÍ;Brasil;NÃO;SUL;SC;3;0;0;3;0;;3;;18/07/2026 07:17
2026;Amarela;SOLTEIRO;20 anos;FEMININO;ENSINO MÉDIO INCOMPLETO;Cisgênero;NÃO;ITAJAÍ;Brasil;NÃO;SUL;SC;1;0;0;1;0;;1;;18/07/2026 07:17
2026;Amarela;SOLTEIRO;20 anos;MASCULINO;ENSINO MÉDIO COMPLETO;Cisgênero;NÃO;ITAJAÍ;Brasil;NÃO;SUL;SC;1;0;0;1;0;;1;;18/07/2026 07:17
2026;Amarela;SOLTEIRO;20 anos;MASCULINO;ENSINO MÉDIO COMPLETO;Prefere não informar;NÃO;ITAJAÍ;Brasil;NÃO;SUL;SC;1;0;0;1;0;;1;;18/07/2026 07:17
2026;Amarela;SOLTEIRO;20 anos;MASCULINO;ENSINO MÉDIO INCOMPLETO;Cisgênero;NÃO;ITAJAÍ;Brasil;NÃO;SUL;SC;1;0;0;1;0;;1;;18/07/2026 07:17
2026;Amarela;SOLTEIRO;20 anos;MASCULINO;SUPERIOR INCOMPLETO;Cisgênero;NÃO;ITAJAÍ;Brasil;NÃO;SUL;SC;2;0;0;2;0;;2;;18/07/2026 07:17
2026;Amarela;SOLTEIRO;21 a 24 anos;FEMININO;ENSINO FUNDAMENTAL INCOMPLETO;Cisgênero;NÃO;ITAJAÍ;Brasil;NÃO;SUL;SC;1;0;0;1;0;;1;;18/07/2026 07:17
2026;Amarela;SOLTEIRO;21 a 24 anos;FEMININO;ENSINO MÉDIO COMPLETO;Cisgênero;NÃO;ITAJAÍ;Brasil;NÃO;SUL;SC;7;0;0;8;0;;8;;18/07/2026 07:17
2026;Amarela;SOLTEIRO;21 a 24 anos;FEMININO;ENSINO MÉDIO COMPLETO;Prefere não informar;NÃO;ITAJAÍ;Brasil;NÃO;SUL;SC;1;0;0;1;0;;1;;18/07/2026 07:17
2026;Amarela;SOLTEIRO;21 a 24 anos;FEMININO;ENSINO MÉDIO INCOMPLETO;Cisgênero;NÃO;ITAJAÍ;Brasil;NÃO;SUL;SC;3;0;0;3;0;;3;;18/07/2026 07:17
2026;Amarela;SOLTEIRO;21 a 24 anos;FEMININO;ENSINO MÉDIO INCOMPLETO;Prefere não informar;NÃO;ITAJAÍ;Brasil;NÃO;SUL;SC;1;1;0;1;0;;1;;18/07/2026 07:17
2026;Amarela;SOLTEIRO;21 a 24 anos;MASCULINO;ENSINO MÉDIO COMPLETO;Cisgênero;NÃO;ITAJAÍ;Brasil;NÃO;SUL;SC;2;0;0;2;0;;2;;18/07/2026 07:17
2026;Amarela;SOLTEIRO;21 a 24 anos;MASCULINO;ENSINO MÉDIO COMPLETO;Prefere não informar;NÃO;ITAJAÍ;Brasil;NÃO;SUL;SC;1;0;0;1;0;;1;;18/07/2026 07:17
2026;Amarela;SOLTEIRO;21 a 24 anos;MASCULINO;ENSINO MÉDIO INCOMPLETO;Cisgênero;NÃO;ITAJAÍ;Brasil;NÃO;SUL;SC;2;0;0;2;0;;2;;18/07/2026 07:17
2026;Amarela;SOLTEIRO;21 a 24 anos;MASCULINO;SUPERIOR INCOMPLETO;Cisgênero;NÃO;ITAJAÍ;Brasil;NÃO;SUL;SC;2;0;0;2;0;;2;;18/07/2026 07:17
2026;Amarela;SOLTEIRO;25 a 29 anos;FEMININO;ENSINO FUNDAMENTAL COMPLETO;Cisgênero;NÃO;ITAJAÍ;Brasil;NÃO;SUL;SC;1;0;0;1;0;;1;;18/07/2026 07:17
2026;Amarela;SOLTEIRO;25 a 29 anos;FEMININO;ENSINO MÉDIO COMPLETO;Cisgênero;NÃO;ITAJAÍ;Brasil;NÃO;SUL;SC;3;0;0;3;0;;3;;18/07/2026 07:17
2026;Amarela;SOLTEIRO;25 a 29 anos;FEMININO;ENSINO MÉDIO COMPLETO;Prefere não informar;NÃO;ITAJAÍ;Brasil;NÃO;SUL;SC;1;0;0;1;0;;1;;18/07/2026 07:17
2026;Amarela;SOLTEIRO;25 a 29 anos;FEMININO;ENSINO MÉDIO INCOMPLETO;Cisgênero;NÃO;ITAJAÍ;Brasil;NÃO;SUL;SC;3;0;0;3;0;;3;;18/07/2026 07:17
2026;Amarela;SOLTEIRO;25 a 29 anos;FEMININO;ENSINO MÉDIO INCOMPLETO;Prefere não informar;SIM;ITAJAÍ;Brasil;NÃO;SUL;SC;1;0;0;1;0;;1;;18/07/2026 07:17
2026;Amarela;SOLTEIRO;25 a 29 anos;FEMININO;SUPERIOR COMPLETO;Cisgênero;NÃO;ITAJAÍ;Brasil;NÃO;SUL;SC;2;0;0;2;0;;2;;18/07/2026 07:17
2026;Amarela;SOLTEIRO;25 a 29 anos;FEMININO;SUPERIOR INCOMPLETO;Cisgênero;NÃO;ITAJAÍ;Brasil;NÃO;SUL;SC;3;0;0;3;0;;3;;18/07/2026 07:17
2026;Amarela;SOLTEIRO;25 a 29 anos;MASCULINO;ENSINO FUNDAMENTAL COMPLETO;Cisgênero;NÃO;ITAJAÍ;Brasil;NÃO;SUL;SC;1;0;0;1;0;;1;;18/07/2026 07:17
2026;Amarela;SOLTEIRO;25 a 29 anos;MASCULINO;ENSINO MÉDIO COMPLETO;Cisgênero;NÃO;ITAJAÍ;Brasil;NÃO;SUL;SC;3;0;0;3;0;;3;;18/07/2026 07:17
2026;Amarela;SOLTEIRO;25 a 29 anos;MASCULINO;ENSINO MÉDIO COMPLETO;Prefere não informar;NÃO;ITAJAÍ;Brasil;NÃO;SUL;SC;2;0;0;2;0;;2;;18/07/2026 07:17
2026;Amarela;SOLTEIRO;25 a 29 anos;MASCULINO;ENSINO MÉDIO INCOMPLETO;Cisgênero;NÃO;ITAJAÍ;Brasil;NÃO;SUL;SC;4;0;0;4;0;;4;;18/07/2026 07:17
2026;Amarela;SOLTEIRO;30 a 34 anos;FEMININO;ENSINO MÉDIO COMPLETO;Cisgênero;NÃO;ITAJAÍ;Brasil;NÃO;SUL;SC;3;0;0;3;0;;3;;18/07/2026 07:17
2026;Amarela;SOLTEIRO;30 a 34 anos;FEMININO;ENSINO MÉDIO INCOMPLETO;Cisgênero;NÃO;ITAJAÍ;Brasil;NÃO;SUL;SC;2;0;0;2;0;;2;;18/07/2026 07:17
2026;Amarela;SOLTEIRO;30 a 34 anos;FEMININO;SUPERIOR COMPLETO;Cisgênero;NÃO;ITAJAÍ;Brasil;NÃO;SUL;SC;4;0;0;4;0;;4;;18/07/2026 07:17
2026;Amarela;SOLTEIRO;30 a 34 anos;FEMININO;SUPERIOR INCOMPLETO;Cisgênero;NÃO;ITAJAÍ;Brasil;NÃO;SUL;SC;2;0;0;3;0;;3;;18/07/2026 07:17
2026;Amarela;SOLTEIRO;30 a 34 anos;MASCULINO;ENSINO MÉDIO COMPLETO;Cisgênero;NÃO;ITAJAÍ;Brasil;NÃO;SUL;SC;3;1;0;3;0;;3;;18/07/2026 07:17
2026;Amarela;SOLTEIRO;30 a 34 anos;MASCULINO;ENSINO MÉDIO COMPLETO;Prefere não informar;SIM;ITAJAÍ;Brasil;NÃO;SUL;SC;1;0;0;1;0;;1;;18/07/2026 07:17
2026;Amarela;SOLTEIRO;30 a 34 anos;MASCULINO;ENSINO MÉDIO INCOMPLETO;Cisgênero;NÃO;ITAJAÍ;Brasil;NÃO;SUL;SC;3;0;0;3;0;;3;;18/07/2026 07:17
2026;Amarela;SOLTEIRO;30 a 34 anos;MASCULINO;SUPERIOR COMPLETO;Cisgênero;NÃO;ITAJAÍ;Brasil;NÃO;SUL;SC;2;0;0;2;0;;2;;18/07/2026 07:17
2026;Amarela;SOLTEIRO;35 a 39 anos;FEMININO;ENSINO MÉDIO COMPLETO;Cisgênero;NÃO;ITAJAÍ;Brasil;NÃO;SUL;SC;2;0;0;2;0;;2;;18/07/2026 07:17
2026;Amarela;SOLTEIRO;35 a 39 anos;FEMININO;ENSINO MÉDIO COMPLETO;Prefere não informar;NÃO;ITAJAÍ;Brasil;NÃO;SUL;SC;1;0;0;1;0;;1;;18/07/2026 07:17
2026;Amarela;SOLTEIRO;35 a 39 anos;FEMININO;ENSINO MÉDIO INCOMPLETO;Cisgênero;NÃO;ITAJAÍ;Brasil;NÃO;SUL;SC;1;0;0;2;0;;2;;18/07/2026 07:17
2026;Amarela;SOLTEIRO;35 a 39 anos;FEMININO;SUPERIOR COMPLETO;Cisgênero;NÃO;ITAJAÍ;Brasil;NÃO;SUL;SC;1;0;0;1;0;;1;;18/07/2026 07:17
2026;Amarela;SOLTEIRO;35 a 39 anos;FEMININO;SUPERIOR INCOMPLETO;Prefere não informar;NÃO;ITAJAÍ;Brasil;NÃO;SUL;SC;2;0;0;2;0;;2;;18/07/2026 07:17
2026;Amarela;SOLTEIRO;35 a 39 anos;MASCULINO;ENSINO MÉDIO COMPLETO;Cisgênero;NÃO;ITAJAÍ;Brasil;NÃO;SUL;SC;3;0;0;3;0;;3;;18/07/2026 07:17
2026;Amarela;SOLTEIRO;35 a 39 anos;MASCULINO;ENSINO MÉDIO COMPLETO;Prefere não informar;NÃO;ITAJAÍ;Brasil;NÃO;SUL;SC;2;0;0;2;0;;2;;18/07/2026 07:17
2026;Amarela;SOLTEIRO;35 a 39 anos;MASCULINO;SUPERIOR COMPLETO;Cisgênero;NÃO;ITAJAÍ;Brasil;NÃO;SUL;SC;2;0;0;2;0;;2;;18/07/2026 07:17
2026;Amarela;SOLTEIRO;35 a 39 anos;MASCULINO;SUPERIOR COMPLETO;Prefere não informar;NÃO;ITAJAÍ;Brasil;NÃO;SUL;SC;1;0;0;1;0;;1;;18/07/2026 07:17
2026;Amarela;SOLTEIRO;35 a 39 anos;MASCULINO;SUPERIOR INCOMPLETO;Cisgênero;NÃO;ITAJAÍ;Brasil;NÃO;SUL;SC;1;0;0;1;0;;1;;18/07/2026 07:17
2026;Amarela;SOLTEIRO;40 a 44 anos;FEMININO;ENSINO MÉDIO COMPLETO;Cisgênero;NÃO;ITAJAÍ;Brasil;NÃO;SUL;SC;1;0;0;1;0;;1;;18/07/2026 07:17
2026;Amarela;SOLTEIRO;40 a 44 anos;FEMININO;ENSINO MÉDIO COMPLETO;Cisgênero;SIM;ITAJAÍ;Brasil;NÃO;SUL;SC;1;0;0;1;0;;1;;18/07/2026 07:17
2026;Amarela;SOLTEIRO;40 a 44 anos;FEMININO;ENSINO MÉDIO COMPLETO;Prefere não informar;SIM;ITAJAÍ;Brasil;NÃO;SUL;SC;1;0;0;1;0;;1;;18/07/2026 07:17
2026;Amarela;SOLTEIRO;40 a 44 anos;FEMININO;SUPERIOR COMPLETO;Cisgênero;NÃO;ITAJAÍ;Brasil;NÃO;SUL;SC;1;0;0;1;0;;1;;18/07/2026 07:17
2026;Amarela;SOLTEIRO;40 a 44 anos;MASCULINO;ENSINO FUNDAMENTAL COMPLETO;Prefere não informar;NÃO;ITAJAÍ;Brasil;NÃO;SUL;SC;1;0;0;1;0;;1;;18/07/2026 07:17
2026;Amarela;SOLTEIRO;40 a 44 anos;MASCULINO;SUPERIOR COMPLETO;Cisgênero;NÃO;ITAJAÍ;Brasil;NÃO;SUL;SC;1;0;0;1;0;;1;;18/07/2026 07:17
2026;Amarela;SOLTEIRO;40 a 44 anos;MASCULINO;SUPERIOR INCOMPLETO;Cisgênero;NÃO;ITAJAÍ;Brasil;NÃO;SUL;SC;1;0;0;1;0;;1;;18/07/2026 07:17
2026;Amarela;SOLTEIRO;45 a 49 anos;FEMININO;ENSINO MÉDIO COMPLETO;Cisgênero;NÃO;ITAJAÍ;Brasil;NÃO;SUL;SC;2;0;0;2;0;;2;;18/07/2026 07:17
2026;Amarela;SOLTEIRO;45 a 49 anos;FEMININO;LÊ E ESCREVE;Cisgênero;NÃO;ITAJAÍ;Brasil;NÃO;SUL;SC;1;0;0;1;0;;1;;18/07/2026 07:17
2026;Amarela;SOLTEIRO;45 a 49 anos;FEMININO;SUPERIOR COMPLETO;Cisgênero;NÃO;ITAJAÍ;Brasil;NÃO;SUL;SC;2;0;0;2;0;;2;;18/07/2026 07:17
2026;Amarela;SOLTEIRO;45 a 49 anos;MASCULINO;ENSINO MÉDIO COMPLETO;Cisgênero;NÃO;ITAJAÍ;Brasil;NÃO;SUL;SC;1;0;0;2;0;;2;;18/07/2026 07:17
2026;Amarela;SOLTEIRO;45 a 49 anos;MASCULINO;SUPERIOR COMPLETO;Cisgênero;SIM;ITAJAÍ;Brasil;NÃO;SUL;SC;1;0;0;1;0;;1;;18/07/2026 07:17
2026;Amarela;SOLTEIRO;50 a 54 anos;MASCULINO;ENSINO MÉDIO COMPLETO;Prefere não informar;NÃO;ITAJAÍ;Brasil;NÃO;SUL;SC;1;0;0;1;0;;1;;18/07/2026 07:17
2026;Amarela;SOLTEIRO;55 a 59 anos;FEMININO;ENSINO FUNDAMENTAL COMPLETO;Cisgênero;NÃO;ITAJAÍ;Brasil;NÃO;SUL;SC;1;0;0;1;0;;1;;18/07/2026 07:17
2026;Amarela;SOLTEIRO;55 a 59 anos;FEMININO;SUPERIOR COMPLETO;Cisgênero;NÃO;ITAJAÍ;Brasil;NÃO;SUL;SC;1;0;0;1;0;;1;;18/07/2026 07:17
2026;Amarela;SOLTEIRO;55 a 59 anos;MASCULINO;ENSINO FUNDAMENTAL INCOMPLETO;Cisgênero;NÃO;ITAJAÍ;Brasil;NÃO;SUL;SC;2;0;0;2;0;;2;;18/07/2026 07:17
2026;Amarela;SOLTEIRO;55 a 59 anos;MASCULINO;SUPERIOR COMPLETO;Cisgênero;NÃO;ITAJAÍ;Brasil;NÃO;SUL;SC;1;0;0;1;0;;1;;18/07/2026 07:17
2026;Amarela;SOLTEIRO;55 a 59 anos;MASCULINO;SUPERIOR INCOMPLETO;Cisgênero;NÃO;ITAJAÍ;Brasil;NÃO;SUL;SC;1;0;0;1;0;;1;;18/07/2026 07:17
2026;Amarela;SOLTEIRO;60 a 64 anos;MASCULINO;SUPERIOR COMPLETO;Cisgênero;NÃO;ITAJAÍ;Brasil;NÃO;SUL;SC;1;0;0;1;0;;1;;18/07/2026 07:17
2026;Amarela;VIÚVO;60 a 64 anos;FEMININO;SUPERIOR COMPLETO;Cisgênero;NÃO;ITAJAÍ;Brasil;NÃO;SUL;SC;1;0;0;1;0;;1;;18/07/2026 07:17
2026;Branca;CASADO;18 anos;FEMININO;ENSINO FUNDAMENTAL COMPLETO;Cisgênero;NÃO;ITAJAÍ;Brasil;NÃO;SUL;SC;1;1;0;1;0;;1;;18/07/2026 07:17
2026;Branca;CASADO;18 anos;FEMININO;ENSINO MÉDIO COMPLETO;Cisgênero;NÃO;ITAJAÍ;Brasil;NÃO;SUL;SC;2;0;0;2;0;;2;;18/07/2026 07:17
2026;Branca;CASADO;18 anos;FEMININO;ENSINO MÉDIO INCOMPLETO;Cisgênero;NÃO;ITAJAÍ;Brasil;NÃO;SUL;SC;2;0;0;2;0;;2;;18/07/2026 07:17
2026;Branca;CASADO;18 anos;FEMININO;SUPERIOR INCOMPLETO;Cisgênero;NÃO;ITAJAÍ;Brasil;NÃO;SUL;SC;1;0;0;1;0;;1;;18/07/2026 07:17
2026;Branca;CASADO;19 anos;FEMININO;ENSINO MÉDIO COMPLETO;Cisgênero;NÃO;ITAJAÍ;Brasil;NÃO;SUL;SC;1;0;0;1;0;;1;;18/07/2026 07:17
2026;Branca;CASADO;19 anos;FEMININO;ENSINO MÉDIO INCOMPLETO;Cisgênero;NÃO;ITAJAÍ;Brasil;NÃO;SUL;SC;3;0;0;3;0;;3;;18/07/2026 07:17
2026;Branca;CASADO;19 anos;FEMININO;SUPERIOR INCOMPLETO;Cisgênero;NÃO;ITAJAÍ;Brasil;NÃO;SUL;SC;5;0;0;5;0;;5;;18/07/2026 07:17
2026;Branca;CASADO;19 anos;MASCULINO;ENSINO FUNDAMENTAL INCOMPLETO;Cisgênero;NÃO;ITAJAÍ;Brasil;NÃO;SUL;SC;1;0;0;1;0;;1;;18/07/2026 07:17
2026;Branca;CASADO;19 anos;MASCULINO;ENSINO MÉDIO COMPLETO;Cisgênero;NÃO;ITAJAÍ;Brasil;NÃO;SUL;SC;3;0;0;3;0;;3;;18/07/2026 07:17
2026;Branca;CASADO;20 anos;FEMININO;ENSINO FUNDAMENTAL COMPLETO;Cisgênero;NÃO;ITAJAÍ;Brasil;NÃO;SUL;SC;1;0;0;1;0;;1;;18/07/2026 07:17
2026;Branca;CASADO;20 anos;FEMININO;ENSINO MÉDIO COMPLETO;Cisgênero;NÃO;ITAJAÍ;Brasil;NÃO;SUL;SC;6;0;0;6;0;;6;;18/07/2026 07:17
2026;Branca;CASADO;20 anos;FEMININO;ENSINO MÉDIO INCOMPLETO;Cisgênero;NÃO;ITAJAÍ;Brasil;NÃO;SUL;SC;3;0;0;4;0;;4;;18/07/2026 07:17
2026;Branca;CASADO;20 anos;FEMININO;SUPERIOR INCOMPLETO;Cisgênero;NÃO;ITAJAÍ;Brasil;NÃO;SUL;SC;2;0;0;2;0;;2;;18/07/2026 07:17
2026;Branca;CASADO;20 anos;MASCULINO;ENSINO MÉDIO COMPLETO;Cisgênero;NÃO;ITAJAÍ;Brasil;NÃO;SUL;SC;1;0;0;1;0;;1;;18/07/2026 07:17
2026;Branca;CASADO;20 anos;MASCULINO;ENSINO MÉDIO INCOMPLETO;Cisgênero;NÃO;ITAJAÍ;Brasil;NÃO;SUL;SC;1;0;0;1;0;;1;;18/07/2026 07:17
2026;Branca;CASADO;21 a 24 anos;FEMININO;ENSINO FUNDAMENTAL COMPLETO;Cisgênero;NÃO;ITAJAÍ;Brasil;NÃO;SUL;SC;4;0;0;4;0;;4;;18/07/2026 07:17
2026;Branca;CASADO;21 a 24 anos;FEMININO;ENSINO FUNDAMENTAL INCOMPLETO;Cisgênero;NÃO;ITAJAÍ;Brasil;NÃO;SUL;SC;2;0;0;2;0;;2;;18/07/2026 07:17
2026;Branca;CASADO;21 a 24 anos;FEMININO;ENSINO MÉDIO COMPLETO;Cisgênero;NÃO;ITAJAÍ;Brasil;NÃO;SUL;SC;67;0;0;71;0;;71;;18/07/2026 07:17
2026;Branca;CASADO;21 a 24 anos;FEMININO;ENSINO MÉDIO INCOMPLETO;Cisgênero;NÃO;ITAJAÍ;Brasil;NÃO;SUL;SC;22;0;0;23;0;;23;;18/07/2026 07:17
2026;Branca;CASADO;21 a 24 anos;FEMININO;ENSINO MÉDIO INCOMPLETO;Prefere não informar;NÃO;ITAJAÍ;Brasil;NÃO;SUL;SC;1;0;0;2;0;;2;;18/07/2026 07:17
2026;Branca;CASADO;21 a 24 anos;FEMININO;ENSINO MÉDIO INCOMPLETO;Prefere não informar;SIM;ITAJAÍ;Brasil;NÃO;SUL;SC;1;0;0;1;0;;1;;18/07/2026 07:17
2026;Branca;CASADO;21 a 24 anos;FEMININO;SUPERIOR COMPLETO;Cisgênero;NÃO;ITAJAÍ;Brasil;NÃO;SUL;SC;11;0;0;11;0;;11;;18/07/2026 07:17
2026;Branca;CASADO;21 a 24 anos;FEMININO;SUPERIOR INCOMPLETO;Cisgênero;NÃO;ITAJAÍ;Brasil;NÃO;SUL;SC;39;1;0;39;0;;39;;18/07/2026 07:17
2026;Branca;CASADO;21 a 24 anos;FEMININO;SUPERIOR INCOMPLETO;Cisgênero;SIM;ITAJAÍ;Brasil;NÃO;SUL;SC;1;0;0;1;0;;1;;18/07/2026 07:17
2026;Branca;CASADO;21 a 24 anos;MASCULINO;ENSINO FUNDAMENTAL COMPLETO;Cisgênero;NÃO;ITAJAÍ;Brasil;NÃO;SUL;SC;2;0;0;2;0;;2;;18/07/2026 07:17
2026;Branca;CASADO;21 a 24 anos;MASCULINO;ENSINO FUNDAMENTAL INCOMPLETO;Cisgênero;NÃO;ITAJAÍ;Brasil;NÃO;SUL;SC;2;0;0;2;0;;2;;18/07/2026 07:17
2026;Branca;CASADO;21 a 24 anos;MASCULINO;ENSINO MÉDIO COMPLETO;Cisgênero;NÃO;ITAJAÍ;Brasil;NÃO;SUL;SC;26;1;0;28;0;;28;;18/07/2026 07:17
2026;Branca;CASADO;21 a 24 anos;MASCULINO;ENSINO MÉDIO COMPLETO;Prefere não informar;NÃO;ITAJAÍ;Brasil;NÃO;SUL;SC;1;0;0;1;0;;1;;18/07/2026 07:17
2026;Branca;CASADO;21 a 24 anos;MASCULINO;ENSINO MÉDIO INCOMPLETO;Cisgênero;NÃO;ITAJAÍ;Brasil;NÃO;SUL;SC;8;0;0;9;0;;9;;18/07/2026 07:17
2026;Branca;CASADO;21 a 24 anos;MASCULINO;ENSINO MÉDIO INCOMPLETO;Prefere não informar;NÃO;ITAJAÍ;Brasil;NÃO;SUL;SC;1;0;0;1;0;;1;;18/07/2026 07:17
2026;Branca;CASADO;21 a 24 anos;MASCULINO;SUPERIOR COMPLETO;Cisgênero;NÃO;ITAJAÍ;Brasil;NÃO;SUL;SC;2;0;0;2;0;;2;;18/07/2026 07:17
2026;Branca;CASADO;21 a 24 anos;MASCULINO;SUPERIOR INCOMPLETO;Cisgênero;NÃO;ITAJAÍ;Brasil;NÃO;SUL;SC;7;0;0;7;0;;7;;18/07/2026 07:17
2026;Branca;CASADO;25 a 29 anos;FEMININO;ENSINO FUNDAMENTAL COMPLETO;Cisgênero;NÃO;ITAJAÍ;Brasil;NÃO;SUL;SC;5;0;0;5;0;;5;;18/07/2026 07:17
2026;Branca;CASADO;25 a 29 anos;FEMININO;ENSINO FUNDAMENTAL COMPLETO;Prefere não informar;NÃO;ITAJAÍ;Brasil;NÃO;SUL;SC;1;0;0;1;0;;1;;18/07/2026 07:17
2026;Branca;CASADO;25 a 29 anos;FEMININO;ENSINO FUNDAMENTAL INCOMPLETO;Cisgênero;NÃO;ITAJAÍ;Brasil;NÃO;SUL;SC;7;0;0;8;0;;8;;18/07/2026 07:17
2026;Branca;CASADO;25 a 29 anos;FEMININO;ENSINO MÉDIO COMPLETO;Cisgênero;NÃO;ITAJAÍ;Brasil;NÃO;SUL;SC;105;0;0;111;0;;111;;18/07/2026 07:17
2026;Branca;CASADO;25 a 29 anos;FEMININO;ENSINO MÉDIO COMPLETO;Cisgênero;SIM;ITAJAÍ;Brasil;NÃO;SUL;SC;1;0;0;1;0;;1;;18/07/2026 07:17
2026;Branca;CASADO;25 a 29 anos;FEMININO;ENSINO MÉDIO COMPLETO;Prefere não informar;NÃO;ITAJAÍ;Brasil;NÃO;SUL;SC;5;0;0;5;0;;5;;18/07/2026 07:17
2026;Branca;CASADO;25 a 29 anos;FEMININO;ENSINO MÉDIO INCOMPLETO;Cisgênero;NÃO;ITAJAÍ;Brasil;NÃO;SUL;SC;20;1;0;20;0;;20;;18/07/2026 07:17
2026;Branca;CASADO;25 a 29 anos;FEMININO;ENSINO MÉDIO INCOMPLETO;Prefere não informar;NÃO;ITAJAÍ;Brasil;NÃO;SUL;SC;3;0;0;3;0;;3;;18/07/2026 07:17
2026;Branca;CASADO;25 a 29 anos;FEMININO;SUPERIOR COMPLETO;Cisgênero;NÃO;ITAJAÍ;Brasil;NÃO;SUL;SC;137;0;0;137;0;;137;;18/07/2026 07:17
2026;Branca;CASADO;25 a 29 anos;FEMININO;SUPERIOR COMPLETO;Prefere não informar;NÃO;ITAJAÍ;Brasil;NÃO;SUL;SC;13;0;0;13;0;;13;;18/07/2026 07:17
2026;Branca;CASADO;25 a 29 anos;FEMININO;SUPERIOR COMPLETO;Prefere não informar;SIM;ITAJAÍ;Brasil;NÃO;SUL;SC;1;0;0;1;0;;1;;18/07/2026 07:17
2026;Branca;CASADO;25 a 29 anos;FEMININO;SUPERIOR INCOMPLETO;Cisgênero;NÃO;ITAJAÍ;Brasil;NÃO;SUL;SC;66;1;0;66;0;;66;;18/07/2026 07:17
2026;Branca;CASADO;25 a 29 anos;FEMININO;SUPERIOR INCOMPLETO;Cisgênero;SIM;ITAJAÍ;Brasil;NÃO;SUL;SC;1;1;0;1;0;;1;;18/07/2026 07:17
2026;Branca;CASADO;25 a 29 anos;FEMININO;SUPERIOR INCOMPLETO;Prefere não informar;NÃO;ITAJAÍ;Brasil;NÃO;SUL;SC;5;0;0;6;0;;6;;18/07/2026 07:17
2026;Branca;CASADO;25 a 29 anos;MASCULINO;ENSINO FUNDAMENTAL COMPLETO;Cisgênero;NÃO;ITAJAÍ;Brasil;NÃO;SUL;SC;4;0;0;4;0;;4;;18/07/2026 07:17
2026;Branca;CASADO;25 a 29 anos;MASCULINO;ENSINO FUNDAMENTAL INCOMPLETO;Cisgênero;NÃO;ITAJAÍ;Brasil;NÃO;SUL;SC;5;0;0;5;0;;5;;18/07/2026 07:17
2026;Branca;CASADO;25 a 29 anos;MASCULINO;ENSINO MÉDIO COMPLETO;Cisgênero;NÃO;ITAJAÍ;Brasil;NÃO;SUL;SC;46;0;0;47;0;;47;;18/07/2026 07:17
2026;Branca;CASADO;25 a 29 anos;MASCULINO;ENSINO MÉDIO COMPLETO;Prefere não informar;NÃO;ITAJAÍ;Brasil;NÃO;SUL;SC;0;0;0;1;0;;1;;18/07/2026 07:17
2026;Branca;CASADO;25 a 29 anos;MASCULINO;ENSINO MÉDIO INCOMPLETO;Cisgênero;NÃO;ITAJAÍ;Brasil;NÃO;SUL;SC;15;1;0;16;0;;16;;18/07/2026 07:17
2026;Branca;CASADO;25 a 29 anos;MASCULINO;ENSINO MÉDIO INCOMPLETO;Prefere não informar;NÃO;ITAJAÍ;Brasil;NÃO;SUL;SC;1;0;0;1;0;;1;;18/07/2026 07:17
2026;Branca;CASADO;25 a 29 anos;MASCULINO;SUPERIOR COMPLETO;Cisgênero;NÃO;ITAJAÍ;Brasil;NÃO;SUL;SC;26;0;0;26;0;;26;;18/07/2026 07:17
2026;Branca;CASADO;25 a 29 anos;MASCULINO;SUPERIOR INCOMPLETO;Cisgênero;NÃO;ITAJAÍ;Brasil;NÃO;SUL;SC;23;1;0;23;0;;23;;18/07/2026 07:17
2026;Branca;CASADO;30 a 34 anos;FEMININO;ANALFABETO;Cisgênero;NÃO;ITAJAÍ;Brasil;NÃO;SUL;SC;1;0;0;1;1;;0;;18/07/2026 07:17
2026;Branca;CASADO;30 a 34 anos;FEMININO;ENSINO FUNDAMENTAL COMPLETO;Cisgênero;NÃO;ITAJAÍ;Brasil;NÃO;SUL;SC;10;0;0;10;0;;10;;18/07/2026 07:17
2026;Branca;CASADO;30 a 34 anos;FEMININO;ENSINO FUNDAMENTAL INCOMPLETO;Cisgênero;NÃO;ITAJAÍ;Brasil;NÃO;SUL;SC;11;0;0;12;0;;12;;18/07/2026 07:17
2026;Branca;CASADO;30 a 34 anos;FEMININO;ENSINO MÉDIO COMPLETO;Cisgênero;NÃO;ITAJAÍ;Brasil;NÃO;SUL;SC;120;1;0;127;0;;127;;18/07/2026 07:17
2026;Branca;CASADO;30 a 34 anos;FEMININO;ENSINO MÉDIO COMPLETO;Cisgênero;SIM;ITAJAÍ;Brasil;NÃO;SUL;SC;1;0;0;1;0;;1;;18/07/2026 07:17
2026;Branca;CASADO;30 a 34 anos;FEMININO;ENSINO MÉDIO COMPLETO;Prefere não informar;NÃO;ITAJAÍ;Brasil;NÃO;SUL;SC;8;0;0;8;0;;8;;18/07/2026 07:17
2026;Branca;CASADO;30 a 34 anos;FEMININO;ENSINO MÉDIO COMPLETO;Prefere não informar;SIM;ITAJAÍ;Brasil;NÃO;SUL;SC;1;0;0;1;0;;1;;18/07/2026 07:17
2026;Branca;CASADO;30 a 34 anos;FEMININO;ENSINO MÉDIO INCOMPLETO;Cisgênero;NÃO;ITAJAÍ;Brasil;NÃO;SUL;SC;29;0;0;33;0;;33;;18/07/2026 07:17
2026;Branca;CASADO;30 a 34 anos;FEMININO;ENSINO MÉDIO INCOMPLETO;Prefere não informar;NÃO;ITAJAÍ;Brasil;NÃO;SUL;SC;0;0;0;1;0;;1;;18/07/2026 07:17
2026;Branca;CASADO;30 a 34 anos;FEMININO;SUPERIOR COMPLETO;Cisgênero;NÃO;ITAJAÍ;Brasil;NÃO;SUL;SC;207;1;0;211;0;;211;;18/07/2026 07:17
2026;Branca;CASADO;30 a 34 anos;FEMININO;SUPERIOR COMPLETO;Cisgênero;SIM;ITAJAÍ;Brasil;NÃO;SUL;SC;1;0;0;1;0;;1;;18/07/2026 07:17
2026;Branca;CASADO;30 a 34 anos;FEMININO;SUPERIOR COMPLETO;Prefere não informar;NÃO;ITAJAÍ;Brasil;NÃO;SUL;SC;9;0;0;9;0;;9;;18/07/2026 07:17
2026;Branca;CASADO;30 a 34 anos;FEMININO;SUPERIOR INCOMPLETO;Cisgênero;NÃO;ITAJAÍ;Brasil;NÃO;SUL;SC;58;1;0;58;0;;58;;18/07/2026 07:17
2026;Branca;CASADO;30 a 34 anos;FEMININO;SUPERIOR INCOMPLETO;Cisgênero;SIM;ITAJAÍ;Brasil;NÃO;SUL;SC;1;0;0;1;0;;1;;18/07/2026 07:17
2026;Branca;CASADO;30 a 34 anos;FEMININO;SUPERIOR INCOMPLETO;Prefere não informar;NÃO;ITAJAÍ;Brasil;NÃO;SUL;SC;5;0;0;5;0;;5;;18/07/2026 07:17
2026;Branca;CASADO;30 a 34 anos;FEMININO;SUPERIOR INCOMPLETO;Transgênero;NÃO;ITAJAÍ;Brasil;NÃO;SUL;SC;1;0;0;1;0;;1;;18/07/2026 07:17
2026;Branca;CASADO;30 a 34 anos;MASCULINO;ENSINO FUNDAMENTAL COMPLETO;Cisgênero;NÃO;ITAJAÍ;Brasil;NÃO;SUL;SC;10;0;0;12;0;;12;;18/07/2026 07:17
2026;Branca;CASADO;30 a 34 anos;MASCULINO;ENSINO FUNDAMENTAL INCOMPLETO;Cisgênero;NÃO;ITAJAÍ;Brasil;NÃO;SUL;SC;12;0;0;13;0;;13;;18/07/2026 07:17
2026;Branca;CASADO;30 a 34 anos;MASCULINO;ENSINO FUNDAMENTAL INCOMPLETO;Prefere não informar;NÃO;ITAJAÍ;Brasil;NÃO;SUL;SC;1;0;0;1;0;;1;;18/07/2026 07:17
2026;Branca;CASADO;30 a 34 anos;MASCULINO;ENSINO MÉDIO COMPLETO;Cisgênero;NÃO;ITAJAÍ;Brasil;NÃO;SUL;SC;75;0;0;75;0;;75;;18/07/2026 07:17
2026;Branca;CASADO;30 a 34 anos;MASCULINO;ENSINO MÉDIO COMPLETO;Prefere não informar;NÃO;ITAJAÍ;Brasil;NÃO;SUL;SC;2;0;0;3;0;;3;;18/07/2026 07:17
2026;Branca;CASADO;30 a 34 anos;MASCULINO;ENSINO MÉDIO INCOMPLETO;Cisgênero;NÃO;ITAJAÍ;Brasil;NÃO;SUL;SC;22;0;0;25;0;;25;;18/07/2026 07:17
2026;Branca;CASADO;30 a 34 anos;MASCULINO;SUPERIOR COMPLETO;Cisgênero;NÃO;ITAJAÍ;Brasil;NÃO;SUL;SC;73;1;0;75;0;;75;;18/07/2026 07:17
2026;Branca;CASADO;30 a 34 anos;MASCULINO;SUPERIOR COMPLETO;Prefere não informar;NÃO;ITAJAÍ;Brasil;NÃO;SUL;SC;1;0;0;1;0;;1;;18/07/2026 07:17
2026;Branca;CASADO;30 a 34 anos;MASCULINO;SUPERIOR INCOMPLETO;Cisgênero;NÃO;ITAJAÍ;Brasil;NÃO;SUL;SC;33;0;0;33;0;;33;;18/07/2026 07:17
2026;Branca;CASADO;30 a 34 anos;MASCULINO;SUPERIOR INCOMPLETO;Prefere não informar;NÃO;ITAJAÍ;Brasil;NÃO;SUL;SC;1;1;0;1;0;;1;;18/07/2026 07:17
2026;Branca;CASADO;30 a 34 anos;MASCULINO;SUPERIOR INCOMPLETO;Prefere não informar;SIM;ITAJAÍ;Brasil;NÃO;SUL;SC;1;0;0;1;0;;1;;18/07/2026 07:17
2026;Branca;CASADO;35 a 39 anos;FEMININO;ENSINO FUNDAMENTAL COMPLETO;Cisgênero;NÃO;ITAJAÍ;Brasil;NÃO;SUL;SC;20;1;0;21;0;;21;;18/07/2026 07:17
2026;Branca;CASADO;35 a 39 anos;FEMININO;ENSINO FUNDAMENTAL COMPLETO;Prefere não informar;SIM;ITAJAÍ;Brasil;NÃO;SUL;SC;1;0;0;1;0;;1;;18/07/2026 07:17
2026;Branca;CASADO;35 a 39 anos;FEMININO;ENSINO FUNDAMENTAL INCOMPLETO;Cisgênero;NÃO;ITAJAÍ;Brasil;NÃO;SUL;SC;15;0;0;16;0;;16;;18/07/2026 07:17
2026;Branca;CASADO;35 a 39 anos;FEMININO;ENSINO FUNDAMENTAL INCOMPLETO;Cisgênero;SIM;ITAJAÍ;Brasil;NÃO;SUL;SC;1;0;0;1;0;;1;;18/07/2026 07:17
2026;Branca;CASADO;35 a 39 anos;FEMININO;ENSINO FUNDAMENTAL INCOMPLETO;Prefere não informar;NÃO;ITAJAÍ;Brasil;NÃO;SUL;SC;1;0;0;1;0;;1;;18/07/2026 07:17
2026;Branca;CASADO;35 a 39 anos;FEMININO;ENSINO MÉDIO COMPLETO;Cisgênero;NÃO;ITAJAÍ;Brasil;NÃO;SUL;SC;146;1;0;156;0;;156;;18/07/2026 07:17
2026;Branca;CASADO;35 a 39 anos;FEMININO;ENSINO MÉDIO COMPLETO;Cisgênero;SIM;ITAJAÍ;Brasil;NÃO;SUL;SC;1;0;0;1;0;;1;;18/07/2026 07:17
2026;Branca;CASADO;35 a 39 anos;FEMININO;ENSINO MÉDIO COMPLETO;Prefere não informar;NÃO;ITAJAÍ;Brasil;NÃO;SUL;SC;9;0;0;9;0;;9;;18/07/2026 07:17
2026;Branca;CASADO;35 a 39 anos;FEMININO;ENSINO MÉDIO INCOMPLETO;Cisgênero;NÃO;ITAJAÍ;Brasil;NÃO;SUL;SC;32;0;0;33;0;;33;;18/07/2026 07:17
2026;Branca;CASADO;35 a 39 anos;FEMININO;ENSINO MÉDIO INCOMPLETO;Prefere não informar;NÃO;ITAJAÍ;Brasil;NÃO;SUL;SC;2;0;0;2;0;;2;;18/07/2026 07:17
2026;Branca;CASADO;35 a 39 anos;FEMININO;SUPERIOR COMPLETO;Cisgênero;NÃO;ITAJAÍ;Brasil;NÃO;SUL;SC;294;5;0;299;0;;299;;18/07/2026 07:17
2026;Branca;CASADO;35 a 39 anos;FEMININO;SUPERIOR COMPLETO;Cisgênero;SIM;ITAJAÍ;Brasil;NÃO;SUL;SC;3;0;0;3;0;;3;;18/07/2026 07:17
2026;Branca;CASADO;35 a 39 anos;FEMININO;SUPERIOR COMPLETO;Prefere não informar;NÃO;ITAJAÍ;Brasil;NÃO;SUL;SC;13;0;0;13;0;;13;;18/07/2026 07:17
2026;Branca;CASADO;35 a 39 anos;FEMININO;SUPERIOR COMPLETO;Transgênero;NÃO;ITAJAÍ;Brasil;NÃO;SUL;SC;1;0;0;1;0;;1;;18/07/2026 07:17
2026;Branca;CASADO;35 a 39 anos;FEMININO;SUPERIOR COMPLETO;Transgênero;SIM;ITAJAÍ;Brasil;NÃO;SUL;SC;1;0;0;1;0;;1;;18/07/2026 07:17
2026;Branca;CASADO;35 a 39 anos;FEMININO;SUPERIOR INCOMPLETO;Cisgênero;NÃO;ITAJAÍ;Brasil;NÃO;SUL;SC;66;0;0;71;0;;71;;18/07/2026 07:17
2026;Branca;CASADO;35 a 39 anos;FEMININO;SUPERIOR INCOMPLETO;Prefere não informar;NÃO;ITAJAÍ;Brasil;NÃO;SUL;SC;11;0;0;12;0;;12;;18/07/2026 07:17
2026;Branca;CASADO;35 a 39 anos;MASCULINO;ENSINO FUNDAMENTAL COMPLETO;Cisgênero;NÃO;ITAJAÍ;Brasil;NÃO;SUL;SC;15;0;0;15;0;;15;;18/07/2026 07:17
2026;Branca;CASADO;35 a 39 anos;MASCULINO;ENSINO FUNDAMENTAL COMPLETO;Cisgênero;SIM;ITAJAÍ;Brasil;NÃO;SUL;SC;1;0;0;1;0;;1;;18/07/2026 07:17
2026;Branca;CASADO;35 a 39 anos;MASCULINO;ENSINO FUNDAMENTAL COMPLETO;Prefere não informar;NÃO;ITAJAÍ;Brasil;NÃO;SUL;SC;1;0;0;1;0;;1;;18/07/2026 07:17
2026;Branca;CASADO;35 a 39 anos;MASCULINO;ENSINO FUNDAMENTAL INCOMPLETO;Cisgênero;NÃO;ITAJAÍ;Brasil;NÃO;SUL;SC;11;2;0;11;0;;11;;18/07/2026 07:17
2026;Branca;CASADO;35 a 39 anos;MASCULINO;ENSINO MÉDIO COMPLETO;Cisgênero;NÃO;ITAJAÍ;Brasil;NÃO;SUL;SC;102;3;0;107;0;;107;;18/07/2026 07:17
2026;Branca;CASADO;35 a 39 anos;MASCULINO;ENSINO MÉDIO COMPLETO;Cisgênero;SIM;ITAJAÍ;Brasil;NÃO;SUL;SC;3;0;0;3;0;;3;;18/07/2026 07:17
2026;Branca;CASADO;35 a 39 anos;MASCULINO;ENSINO MÉDIO COMPLETO;Prefere não informar;NÃO;ITAJAÍ;Brasil;NÃO;SUL;SC;3;0;0;3;0;;3;;18/07/2026 07:17
2026;Branca;CASADO;35 a 39 anos;MASCULINO;ENSINO MÉDIO INCOMPLETO;Cisgênero;NÃO;ITAJAÍ;Brasil;NÃO;SUL;SC;28;0;0;32;0;;32;;18/07/2026 07:17
2026;Branca;CASADO;35 a 39 anos;MASCULINO;ENSINO MÉDIO INCOMPLETO;Prefere não informar;NÃO;ITAJAÍ;Brasil;NÃO;SUL;SC;2;0;0;2;0;;2;;18/07/2026 07:17
2026;Branca;CASADO;35 a 39 anos;MASCULINO;SUPERIOR COMPLETO;Cisgênero;NÃO;ITAJAÍ;Brasil;NÃO;SUL;SC;119;2;0;122;0;;122;;18/07/2026 07:17
2026;Branca;CASADO;35 a 39 anos;MASCULINO;SUPERIOR COMPLETO;Cisgênero;SIM;ITAJAÍ;Brasil;NÃO;SUL;SC;2;0;0;2;0;;2;;18/07/2026 07:17
2026;Branca;CASADO;35 a 39 anos;MASCULINO;SUPERIOR COMPLETO;Prefere não informar;NÃO;ITAJAÍ;Brasil;NÃO;SUL;SC;5;0;0;7;0;;7;;18/07/2026 07:17
2026;Branca;CASADO;35 a 39 anos;MASCULINO;SUPERIOR INCOMPLETO;Cisgênero;NÃO;ITAJAÍ;Brasil;NÃO;SUL;SC;47;0;0;48;0;;48;;18/07/2026 07:17
2026;Branca;CASADO;35 a 39 anos;MASCULINO;SUPERIOR INCOMPLETO;Prefere não informar;NÃO;ITAJAÍ;Brasil;NÃO;SUL;SC;2;0;0;2;0;;2;;18/07/2026 07:17
2026;Branca;CASADO;40 a 44 anos;FEMININO;ENSINO FUNDAMENTAL COMPLETO;Cisgênero;NÃO;ITAJAÍ;Brasil;NÃO;SUL;SC;16;1;0;17;0;;17;;18/07/2026 07:17
2026;Branca;CASADO;40 a 44 anos;FEMININO;ENSINO FUNDAMENTAL COMPLETO;Cisgênero;SIM;ITAJAÍ;Brasil;NÃO;SUL;SC;1;0;0;1;0;;1;;18/07/2026 07:17
2026;Branca;CASADO;40 a 44 anos;FEMININO;ENSINO FUNDAMENTAL COMPLETO;Prefere não informar;NÃO;ITAJAÍ;Brasil;NÃO;SUL;SC;1;0;0;1;0;;1;;18/07/2026 07:17
2026;Branca;CASADO;40 a 44 anos;FEMININO;ENSINO FUNDAMENTAL INCOMPLETO;Cisgênero;NÃO;ITAJAÍ;Brasil;NÃO;SUL;SC;26;0;0;27;0;;27;;18/07/2026 07:17
2026;Branca;CASADO;40 a 44 anos;FEMININO;ENSINO FUNDAMENTAL INCOMPLETO;Prefere não informar;NÃO;ITAJAÍ;Brasil;NÃO;SUL;SC;2;0;0;2;0;;2;;18/07/2026 07:17
2026;Branca;CASADO;40 a 44 anos;FEMININO;ENSINO MÉDIO COMPLETO;Cisgênero;NÃO;ITAJAÍ;Brasil;NÃO;SUL;SC;159;1;0;162;0;;162;;18/07/2026 07:17
2026;Branca;CASADO;40 a 44 anos;FEMININO;ENSINO MÉDIO COMPLETO;Cisgênero;SIM;ITAJAÍ;Brasil;NÃO;SUL;SC;2;0;0;2;0;;2;;18/07/2026 07:17
2026;Branca;CASADO;40 a 44 anos;FEMININO;ENSINO MÉDIO COMPLETO;Prefere não informar;NÃO;ITAJAÍ;Brasil;NÃO;SUL;SC;6;0;0;6;0;;6;;18/07/2026 07:17
2026;Branca;CASADO;40 a 44 anos;FEMININO;ENSINO MÉDIO COMPLETO;Prefere não informar;SIM;ITAJAÍ;Brasil;NÃO;SUL;SC;2;0;0;2;0;;2;;18/07/2026 07:17
2026;Branca;CASADO;40 a 44 anos;FEMININO;ENSINO MÉDIO INCOMPLETO;Cisgênero;NÃO;ITAJAÍ;Brasil;NÃO;SUL;SC;33;2;0;34;0;;34;;18/07/2026 07:17
2026;Branca;CASADO;40 a 44 anos;FEMININO;ENSINO MÉDIO INCOMPLETO;Cisgênero;SIM;ITAJAÍ;Brasil;NÃO;SUL;SC;1;0;0;1;0;;1;;18/07/2026 07:17
2026;Branca;CASADO;40 a 44 anos;FEMININO;ENSINO MÉDIO INCOMPLETO;Prefere não informar;NÃO;ITAJAÍ;Brasil;NÃO;SUL;SC;1;0;0;1;0;;1;;18/07/2026 07:17
2026;Branca;CASADO;40 a 44 anos;FEMININO;LÊ E ESCREVE;Cisgênero;NÃO;ITAJAÍ;Brasil;NÃO;SUL;SC;2;0;0;2;0;;2;;18/07/2026 07:17
2026;Branca;CASADO;40 a 44 anos;FEMININO;SUPERIOR COMPLETO;Cisgênero;NÃO;ITAJAÍ;Brasil;NÃO;SUL;SC;235;2;0;238;0;;238;;18/07/2026 07:17
2026;Branca;CASADO;40 a 44 anos;FEMININO;SUPERIOR COMPLETO;Cisgênero;SIM;ITAJAÍ;Brasil;NÃO;SUL;SC;2;0;0;2;0;;2;;18/07/2026 07:17
2026;Branca;CASADO;40 a 44 anos;FEMININO;SUPERIOR COMPLETO;Prefere não informar;NÃO;ITAJAÍ;Brasil;NÃO;SUL;SC;14;0;0;14;0;;14;;18/07/2026 07:17
2026;Branca;CASADO;40 a 44 anos;FEMININO;SUPERIOR COMPLETO;Prefere não informar;SIM;ITAJAÍ;Brasil;NÃO;SUL;SC;1;0;0;1;0;;1;;18/07/2026 07:17
2026;Branca;CASADO;40 a 44 anos;FEMININO;SUPERIOR INCOMPLETO;Cisgênero;NÃO;ITAJAÍ;Brasil;NÃO;SUL;SC;67;1;0;70;0;;70;;18/07/2026 07:17
2026;Branca;CASADO;40 a 44 anos;FEMININO;SUPERIOR INCOMPLETO;Prefere não informar;NÃO;ITAJAÍ;Brasil;NÃO;SUL;SC;7;0;0;7;0;;7;;18/07/2026 07:17
2026;Branca;CASADO;40 a 44 anos;MASCULINO;ENSINO FUNDAMENTAL COMPLETO;Cisgênero;NÃO;ITAJAÍ;Brasil;NÃO;SUL;SC;17;0;0;17;0;;17;;18/07/2026 07:17
2026;Branca;CASADO;40 a 44 anos;MASCULINO;ENSINO FUNDAMENTAL COMPLETO;Prefere não informar;NÃO;ITAJAÍ;Brasil;NÃO;SUL;SC;1;0;0;1;0;;1;;18/07/2026 07:17
2026;Branca;CASADO;40 a 44 anos;MASCULINO;ENSINO FUNDAMENTAL INCOMPLETO;Cisgênero;NÃO;ITAJAÍ;Brasil;NÃO;SUL;SC;28;2;0;28;0;;28;;18/07/2026 07:17
2026;Branca;CASADO;40 a 44 anos;MASCULINO;ENSINO MÉDIO COMPLETO;Cisgênero;NÃO;ITAJAÍ;Brasil;NÃO;SUL;SC;142;0;0;152;0;;152;;18/07/2026 07:17
2026;Branca;CASADO;40 a 44 anos;MASCULINO;ENSINO MÉDIO COMPLETO;Cisgênero;SIM;ITAJAÍ;Brasil;NÃO;SUL;SC;2;0;0;2;0;;2;;18/07/2026 07:17
2026;Branca;CASADO;40 a 44 anos;MASCULINO;ENSINO MÉDIO COMPLETO;Prefere não informar;NÃO;ITAJAÍ;Brasil;NÃO;SUL;SC;5;0;0;5;0;;5;;18/07/2026 07:17
2026;Branca;CASADO;40 a 44 anos;MASCULINO;ENSINO MÉDIO INCOMPLETO;Cisgênero;NÃO;ITAJAÍ;Brasil;NÃO;SUL;SC;23;0;0;24;0;;24;;18/07/2026 07:17
2026;Branca;CASADO;40 a 44 anos;MASCULINO;LÊ E ESCREVE;Cisgênero;NÃO;ITAJAÍ;Brasil;NÃO;SUL;SC;2;0;0;2;0;;2;;18/07/2026 07:17
2026;Branca;CASADO;40 a 44 anos;MASCULINO;SUPERIOR COMPLETO;Cisgênero;NÃO;ITAJAÍ;Brasil;NÃO;SUL;SC;186;2;0;187;0;;187;;18/07/2026 07:17
2026;Branca;CASADO;40 a 44 anos;MASCULINO;SUPERIOR COMPLETO;Cisgênero;SIM;ITAJAÍ;Brasil;NÃO;SUL;SC;1;0;0;1;0;;1;;18/07/2026 07:17
2026;Branca;CASADO;40 a 44 anos;MASCULINO;SUPERIOR COMPLETO;Prefere não informar;NÃO;ITAJAÍ;Brasil;NÃO;SUL;SC;7;0;0;7;0;;7;;18/07/2026 07:17
2026;Branca;CASADO;40 a 44 anos;MASCULINO;SUPERIOR COMPLETO;Transgênero;NÃO;ITAJAÍ;Brasil;NÃO;SUL;SC;1;0;0;1;0;;1;;18/07/2026 07:17
2026;Branca;CASADO;40 a 44 anos;MASCULINO;SUPERIOR INCOMPLETO;Cisgênero;NÃO;ITAJAÍ;Brasil;NÃO;SUL;SC;51;2;0;51;0;;51;;18/07/2026 07:17
2026;Branca;CASADO;40 a 44 anos;MASCULINO;SUPERIOR INCOMPLETO;Prefere não informar;NÃO;ITAJAÍ;Brasil;NÃO;SUL;SC;4;0;0;4;0;;4;;18/07/2026 07:17
2026;Branca;CASADO;40 a 44 anos;MASCULINO;SUPERIOR INCOMPLETO;Prefere não informar;SIM;ITAJAÍ;Brasil;NÃO;SUL;SC;1;0;0;1;0;;1;;18/07/2026 07:17
2026;Branca;CASADO;45 a 49 anos;FEMININO;ANALFABETO;Cisgênero;NÃO;ITAJAÍ;Brasil;NÃO;SUL;SC;1;0;0;2;2;;0;;18/07/2026 07:17
2026;Branca;CASADO;45 a 49 anos;FEMININO;ENSINO FUNDAMENTAL COMPLETO;Cisgênero;NÃO;ITAJAÍ;Brasil;NÃO;SUL;SC;29;1;0;30;0;;30;;18/07/2026 07:17
2026;Branca;CASADO;45 a 49 anos;FEMININO;ENSINO FUNDAMENTAL INCOMPLETO;Cisgênero;NÃO;ITAJAÍ;Brasil;NÃO;SUL;SC;42;2;0;42;0;;42;;18/07/2026 07:17
2026;Branca;CASADO;45 a 49 anos;FEMININO;ENSINO FUNDAMENTAL INCOMPLETO;Prefere não informar;NÃO;ITAJAÍ;Brasil;NÃO;SUL;SC;2;0;0;2;0;;2;;18/07/2026 07:17
2026;Branca;CASADO;45 a 49 anos;FEMININO;ENSINO MÉDIO COMPLETO;Cisgênero;NÃO;ITAJAÍ;Brasil;NÃO;SUL;SC;141;3;0;148;0;;148;;18/07/2026 07:17
2026;Branca;CASADO;45 a 49 anos;FEMININO;ENSINO MÉDIO COMPLETO;Prefere não informar;NÃO;ITAJAÍ;Brasil;NÃO;SUL;SC;6;0;0;6;0;;6;;18/07/2026 07:17
2026;Branca;CASADO;45 a 49 anos;FEMININO;ENSINO MÉDIO INCOMPLETO;Cisgênero;NÃO;ITAJAÍ;Brasil;NÃO;SUL;SC;28;0;0;29;0;;29;;18/07/2026 07:17
2026;Branca;CASADO;45 a 49 anos;FEMININO;ENSINO MÉDIO INCOMPLETO;Cisgênero;SIM;ITAJAÍ;Brasil;NÃO;SUL;SC;1;0;0;1;0;;1;;18/07/2026 07:17
2026;Branca;CASADO;45 a 49 anos;FEMININO;ENSINO MÉDIO INCOMPLETO;Prefere não informar;NÃO;ITAJAÍ;Brasil;NÃO;SUL;SC;1;0;0;1;0;;1;;18/07/2026 07:17
2026;Branca;CASADO;45 a 49 anos;FEMININO;LÊ E ESCREVE;Cisgênero;NÃO;ITAJAÍ;Brasil;NÃO;SUL;SC;3;2;0;3;0;;3;;18/07/2026 07:17
2026;Branca;CASADO;45 a 49 anos;FEMININO;SUPERIOR COMPLETO;Cisgênero;NÃO;ITAJAÍ;Brasil;NÃO;SUL;SC;224;3;0;232;0;;232;;18/07/2026 07:17
2026;Branca;CASADO;45 a 49 anos;FEMININO;SUPERIOR COMPLETO;Cisgênero;SIM;ITAJAÍ;Brasil;NÃO;SUL;SC;4;0;0;4;0;;4;;18/07/2026 07:17
2026;Branca;CASADO;45 a 49 anos;FEMININO;SUPERIOR COMPLETO;Prefere não informar;NÃO;ITAJAÍ;Brasil;NÃO;SUL;SC;11;0;0;11;0;;11;;18/07/2026 07:17
2026;Branca;CASADO;45 a 49 anos;FEMININO;SUPERIOR INCOMPLETO;Cisgênero;NÃO;ITAJAÍ;Brasil;NÃO;SUL;SC;45;0;0;45;0;;45;;18/07/2026 07:17
2026;Branca;CASADO;45 a 49 anos;FEMININO;SUPERIOR INCOMPLETO;Prefere não informar;NÃO;ITAJAÍ;Brasil;NÃO;SUL;SC;1;0;0;2;0;;2;;18/07/2026 07:17
2026;Branca;CASADO;45 a 49 anos;MASCULINO;ANALFABETO;Cisgênero;NÃO;ITAJAÍ;Brasil;NÃO;SUL;SC;2;0;0;2;2;;0;;18/07/2026 07:17
2026;Branca;CASADO;45 a 49 anos;MASCULINO;ENSINO FUNDAMENTAL COMPLETO;Cisgênero;NÃO;ITAJAÍ;Brasil;NÃO;SUL;SC;33;1;0;35;0;;35;;18/07/2026 07:17
2026;Branca;CASADO;45 a 49 anos;MASCULINO;ENSINO FUNDAMENTAL COMPLETO;Prefere não informar;NÃO;ITAJAÍ;Brasil;NÃO;SUL;SC;1;0;0;1;0;;1;;18/07/2026 07:17
2026;Branca;CASADO;45 a 49 anos;MASCULINO;ENSINO FUNDAMENTAL INCOMPLETO;Cisgênero;NÃO;ITAJAÍ;Brasil;NÃO;SUL;SC;39;1;0;42;0;;42;;18/07/2026 07:17
2026;Branca;CASADO;45 a 49 anos;MASCULINO;ENSINO FUNDAMENTAL INCOMPLETO;Prefere não informar;NÃO;ITAJAÍ;Brasil;NÃO;SUL;SC;3;0;0;3;0;;3;;18/07/2026 07:17
2026;Branca;CASADO;45 a 49 anos;MASCULINO;ENSINO MÉDIO COMPLETO;Cisgênero;NÃO;ITAJAÍ;Brasil;NÃO;SUL;SC;128;2;0;133;0;;133;;18/07/2026 07:17
2026;Branca;CASADO;45 a 49 anos;MASCULINO;ENSINO MÉDIO COMPLETO;Cisgênero;SIM;ITAJAÍ;Brasil;NÃO;SUL;SC;1;0;0;1;0;;1;;18/07/2026 07:17
2026;Branca;CASADO;45 a 49 anos;MASCULINO;ENSINO MÉDIO COMPLETO;Prefere não informar;NÃO;ITAJAÍ;Brasil;NÃO;SUL;SC;4;0;0;4;0;;4;;18/07/2026 07:17
2026;Branca;CASADO;45 a 49 anos;MASCULINO;ENSINO MÉDIO INCOMPLETO;Cisgênero;NÃO;ITAJAÍ;Brasil;NÃO;SUL;SC;29;1;0;35;0;;35;;18/07/2026 07:17
2026;Branca;CASADO;45 a 49 anos;MASCULINO;ENSINO MÉDIO INCOMPLETO;Prefere não informar;NÃO;ITAJAÍ;Brasil;NÃO;SUL;SC;1;0;0;1;0;;1;;18/07/2026 07:17
2026;Branca;CASADO;45 a 49 anos;MASCULINO;SUPERIOR COMPLETO;Cisgênero;NÃO;ITAJAÍ;Brasil;NÃO;SUL;SC;165;4;0;171;0;;171;;18/07/2026 07:17
2026;Branca;CASADO;45 a 49 anos;MASCULINO;SUPERIOR COMPLETO;Cisgênero;SIM;ITAJAÍ;Brasil;NÃO;SUL;SC;5;0;0;5;0;;5;;18/07/2026 07:17
2026;Branca;CASADO;45 a 49 anos;MASCULINO;SUPERIOR COMPLETO;Prefere não informar;NÃO;ITAJAÍ;Brasil;NÃO;SUL;SC;8;0;0;8;0;;8;;18/07/2026 07:17
2026;Branca;CASADO;45 a 49 anos;MASCULINO;SUPERIOR INCOMPLETO;Cisgênero;NÃO;ITAJAÍ;Brasil;NÃO;SUL;SC;36;0;0;39;0;;39;;18/07/2026 07:17
2026;Branca;CASADO;45 a 49 anos;MASCULINO;SUPERIOR INCOMPLETO;Prefere não informar;NÃO;ITAJAÍ;Brasil;NÃO;SUL;SC;4;0;0;4;0;;4;;18/07/2026 07:17
2026;Branca;CASADO;50 a 54 anos;FEMININO;ANALFABETO;Cisgênero;NÃO;ITAJAÍ;Brasil;NÃO;SUL;SC;2;0;0;2;2;;0;;18/07/2026 07:17
2026;Branca;CASADO;50 a 54 anos;FEMININO;ENSINO FUNDAMENTAL COMPLETO;Cisgênero;NÃO;ITAJAÍ;Brasil;NÃO;SUL;SC;25;1;0;26;0;;26;;18/07/2026 07:17
2026;Branca;CASADO;50 a 54 anos;FEMININO;ENSINO FUNDAMENTAL COMPLETO;Prefere não informar;NÃO;ITAJAÍ;Brasil;NÃO;SUL;SC;1;0;0;1;0;;1;;18/07/2026 07:17
2026;Branca;CASADO;50 a 54 anos;FEMININO;ENSINO FUNDAMENTAL COMPLETO;Transgênero;NÃO;ITAJAÍ;Brasil;NÃO;SUL;SC;1;0;0;1;0;;1;;18/07/2026 07:17
2026;Branca;CASADO;50 a 54 anos;FEMININO;ENSINO FUNDAMENTAL INCOMPLETO;Cisgênero;NÃO;ITAJAÍ;Brasil;NÃO;SUL;SC;40;2;0;42;0;;42;;18/07/2026 07:17
2026;Branca;CASADO;50 a 54 anos;FEMININO;ENSINO FUNDAMENTAL INCOMPLETO;Cisgênero;SIM;ITAJAÍ;Brasil;NÃO;SUL;SC;1;0;0;1;0;;1;;18/07/2026 07:17
2026;Branca;CASADO;50 a 54 anos;FEMININO;ENSINO FUNDAMENTAL INCOMPLETO;Prefere não informar;NÃO;ITAJAÍ;Brasil;NÃO;SUL;SC;5;0;0;5;0;;5;;18/07/2026 07:17
2026;Branca;CASADO;50 a 54 anos;FEMININO;ENSINO MÉDIO COMPLETO;Cisgênero;NÃO;ITAJAÍ;Brasil;NÃO;SUL;SC;107;1;0;109;0;;109;;18/07/2026 07:17
2026;Branca;CASADO;50 a 54 anos;FEMININO;ENSINO MÉDIO COMPLETO;Cisgênero;SIM;ITAJAÍ;Brasil;NÃO;SUL;SC;2;0;0;2;0;;2;;18/07/2026 07:17
2026;Branca;CASADO;50 a 54 anos;FEMININO;ENSINO MÉDIO COMPLETO;Prefere não informar;NÃO;ITAJAÍ;Brasil;NÃO;SUL;SC;5;0;0;5;0;;5;;18/07/2026 07:17
2026;Branca;CASADO;50 a 54 anos;FEMININO;ENSINO MÉDIO INCOMPLETO;Cisgênero;NÃO;ITAJAÍ;Brasil;NÃO;SUL;SC;26;1;0;26;0;;26;;18/07/2026 07:17
2026;Branca;CASADO;50 a 54 anos;FEMININO;LÊ E ESCREVE;Cisgênero;NÃO;ITAJAÍ;Brasil;NÃO;SUL;SC;3;0;0;3;0;;3;;18/07/2026 07:17
2026;Branca;CASADO;50 a 54 anos;FEMININO;SUPERIOR COMPLETO;Cisgênero;NÃO;ITAJAÍ;Brasil;NÃO;SUL;SC;142;3;0;144;0;;144;;18/07/2026 07:17
2026;Branca;CASADO;50 a 54 anos;FEMININO;SUPERIOR COMPLETO;Cisgênero;SIM;ITAJAÍ;Brasil;NÃO;SUL;SC;2;0;0;2;0;;2;;18/07/2026 07:17
2026;Branca;CASADO;50 a 54 anos;FEMININO;SUPERIOR COMPLETO;Prefere não informar;NÃO;ITAJAÍ;Brasil;NÃO;SUL;SC;4;0;0;5;0;;5;;18/07/2026 07:17
2026;Branca;CASADO;50 a 54 anos;FEMININO;SUPERIOR INCOMPLETO;Cisgênero;NÃO;ITAJAÍ;Brasil;NÃO;SUL;SC;27;2;0;27;0;;27;;18/07/2026 07:17
2026;Branca;CASADO;50 a 54 anos;FEMININO;SUPERIOR INCOMPLETO;Prefere não informar;NÃO;ITAJAÍ;Brasil;NÃO;SUL;SC;1;0;0;1;0;;1;;18/07/2026 07:17
2026;Branca;CASADO;50 a 54 anos;MASCULINO;ANALFABETO;Cisgênero;NÃO;ITAJAÍ;Brasil;NÃO;SUL;SC;3;0;0;3;3;;0;;18/07/2026 07:17
2026;Branca;CASADO;50 a 54 anos;MASCULINO;ENSINO FUNDAMENTAL COMPLETO;Cisgênero;NÃO;ITAJAÍ;Brasil;NÃO;SUL;SC;32;2;0;33;0;;33;;18/07/2026 07:17
2026;Branca;CASADO;50 a 54 anos;MASCULINO;ENSINO FUNDAMENTAL INCOMPLETO;Cisgênero;NÃO;ITAJAÍ;Brasil;NÃO;SUL;SC;45;4;0;46;0;;46;;18/07/2026 07:17
2026;Branca;CASADO;50 a 54 anos;MASCULINO;ENSINO FUNDAMENTAL INCOMPLETO;Prefere não informar;NÃO;ITAJAÍ;Brasil;NÃO;SUL;SC;4;0;0;4;0;;4;;18/07/2026 07:17
2026;Branca;CASADO;50 a 54 anos;MASCULINO;ENSINO MÉDIO COMPLETO;Cisgênero;NÃO;ITAJAÍ;Brasil;NÃO;SUL;SC;110;1;0;114;0;;114;;18/07/2026 07:17
2026;Branca;CASADO;50 a 54 anos;MASCULINO;ENSINO MÉDIO COMPLETO;Prefere não informar;NÃO;ITAJAÍ;Brasil;NÃO;SUL;SC;8;1;0;8;0;;8;;18/07/2026 07:17
2026;Branca;CASADO;50 a 54 anos;MASCULINO;ENSINO MÉDIO INCOMPLETO;Cisgênero;NÃO;ITAJAÍ;Brasil;NÃO;SUL;SC;18;1;0;18;0;;18;;18/07/2026 07:17
2026;Branca;CASADO;50 a 54 anos;MASCULINO;LÊ E ESCREVE;Cisgênero;NÃO;ITAJAÍ;Brasil;NÃO;SUL;SC;1;0;0;1;0;;1;;18/07/2026 07:17
2026;Branca;CASADO;50 a 54 anos;MASCULINO;SUPERIOR COMPLETO;Cisgênero;NÃO;ITAJAÍ;Brasil;NÃO;SUL;SC;98;3;0;99;0;;99;;18/07/2026 07:17
2026;Branca;CASADO;50 a 54 anos;MASCULINO;SUPERIOR COMPLETO;Cisgênero;SIM;ITAJAÍ;Brasil;NÃO;SUL;SC;2;0;0;2;0;;2;;18/07/2026 07:17
2026;Branca;CASADO;50 a 54 anos;MASCULINO;SUPERIOR COMPLETO;Prefere não informar;NÃO;ITAJAÍ;Brasil;NÃO;SUL;SC;6;0;0;6;0;;6;;18/07/2026 07:17
2026;Branca;CASADO;50 a 54 anos;MASCULINO;SUPERIOR INCOMPLETO;Cisgênero;NÃO;ITAJAÍ;Brasil;NÃO;SUL;SC;23;1;0;23;0;;23;;18/07/2026 07:17
2026;Branca;CASADO;50 a 54 anos;MASCULINO;SUPERIOR INCOMPLETO;Prefere não informar;NÃO;ITAJAÍ;Brasil;NÃO;SUL;SC;2;0;0;2;0;;2;;18/07/2026 07:17
2026;Branca;CASADO;55 a 59 anos;FEMININO;ANALFABETO;Cisgênero;NÃO;ITAJAÍ;Brasil;NÃO;SUL;SC;1;0;0;1;1;;0;;18/07/2026 07:17
2026;Branca;CASADO;55 a 59 anos;FEMININO;ENSINO FUNDAMENTAL COMPLETO;Cisgênero;NÃO;ITAJAÍ;Brasil;NÃO;SUL;SC;21;2;0;21;0;;21;;18/07/2026 07:17
2026;Branca;CASADO;55 a 59 anos;FEMININO;ENSINO FUNDAMENTAL INCOMPLETO;Cisgênero;NÃO;ITAJAÍ;Brasil;NÃO;SUL;SC;49;3;0;50;0;;50;;18/07/2026 07:17
2026;Branca;CASADO;55 a 59 anos;FEMININO;ENSINO FUNDAMENTAL INCOMPLETO;Prefere não informar;NÃO;ITAJAÍ;Brasil;NÃO;SUL;SC;2;0;0;2;0;;2;;18/07/2026 07:17
2026;Branca;CASADO;55 a 59 anos;FEMININO;ENSINO MÉDIO COMPLETO;Cisgênero;NÃO;ITAJAÍ;Brasil;NÃO;SUL;SC;74;2;0;75;0;;75;;18/07/2026 07:17
2026;Branca;CASADO;55 a 59 anos;FEMININO;ENSINO MÉDIO INCOMPLETO;Cisgênero;NÃO;ITAJAÍ;Brasil;NÃO;SUL;SC;14;0;0;14;0;;14;;18/07/2026 07:17
2026;Branca;CASADO;55 a 59 anos;FEMININO;LÊ E ESCREVE;Cisgênero;NÃO;ITAJAÍ;Brasil;NÃO;SUL;SC;3;0;0;3;0;;3;;18/07/2026 07:17
2026;Branca;CASADO;55 a 59 anos;FEMININO;SUPERIOR COMPLETO;Cisgênero;NÃO;ITAJAÍ;Brasil;NÃO;SUL;SC;68;1;0;71;0;;71;;18/07/2026 07:17
2026;Branca;CASADO;55 a 59 anos;FEMININO;SUPERIOR COMPLETO;Prefere não informar;NÃO;ITAJAÍ;Brasil;NÃO;SUL;SC;4;1;0;4;0;;4;;18/07/2026 07:17
2026;Branca;CASADO;55 a 59 anos;FEMININO;SUPERIOR INCOMPLETO;Cisgênero;NÃO;ITAJAÍ;Brasil;NÃO;SUL;SC;12;0;0;12;0;;12;;18/07/2026 07:17
2026;Branca;CASADO;55 a 59 anos;MASCULINO;ANALFABETO;Cisgênero;NÃO;ITAJAÍ;Brasil;NÃO;SUL;SC;1;0;0;1;1;;0;;18/07/2026 07:17
2026;Branca;CASADO;55 a 59 anos;MASCULINO;ENSINO FUNDAMENTAL COMPLETO;Cisgênero;NÃO;ITAJAÍ;Brasil;NÃO;SUL;SC;28;2;0;29;0;;29;;18/07/2026 07:17
2026;Branca;CASADO;55 a 59 anos;MASCULINO;ENSINO FUNDAMENTAL COMPLETO;Prefere não informar;NÃO;ITAJAÍ;Brasil;NÃO;SUL;SC;1;0;0;1;0;;1;;18/07/2026 07:17
2026;Branca;CASADO;55 a 59 anos;MASCULINO;ENSINO FUNDAMENTAL INCOMPLETO;Cisgênero;NÃO;ITAJAÍ;Brasil;NÃO;SUL;SC;48;2;0;49;0;;49;;18/07/2026 07:17
2026;Branca;CASADO;55 a 59 anos;MASCULINO;ENSINO FUNDAMENTAL INCOMPLETO;Prefere não informar;NÃO;ITAJAÍ;Brasil;NÃO;SUL;SC;1;0;0;1;0;;1;;18/07/2026 07:17
2026;Branca;CASADO;55 a 59 anos;MASCULINO;ENSINO MÉDIO COMPLETO;Cisgênero;NÃO;ITAJAÍ;Brasil;NÃO;SUL;SC;92;4;0;93;0;;93;;18/07/2026 07:17
2026;Branca;CASADO;55 a 59 anos;MASCULINO;ENSINO MÉDIO COMPLETO;Prefere não informar;NÃO;ITAJAÍ;Brasil;NÃO;SUL;SC;2;0;0;2;0;;2;;18/07/2026 07:17
2026;Branca;CASADO;55 a 59 anos;MASCULINO;ENSINO MÉDIO INCOMPLETO;Cisgênero;NÃO;ITAJAÍ;Brasil;NÃO;SUL;SC;19;0;0;20;0;;20;;18/07/2026 07:17
2026;Branca;CASADO;55 a 59 anos;MASCULINO;ENSINO MÉDIO INCOMPLETO;Prefere não informar;NÃO;ITAJAÍ;Brasil;NÃO;SUL;SC;1;0;0;1;0;;1;;18/07/2026 07:17
2026;Branca;CASADO;55 a 59 anos;MASCULINO;SUPERIOR COMPLETO;Cisgênero;NÃO;ITAJAÍ;Brasil;NÃO;SUL;SC;75;0;0;77;0;;77;;18/07/2026 07:17
2026;Branca;CASADO;55 a 59 anos;MASCULINO;SUPERIOR COMPLETO;Prefere não informar;NÃO;ITAJAÍ;Brasil;NÃO;SUL;SC;3;0;0;3;0;;3;;18/07/2026 07:17
2026;Branca;CASADO;55 a 59 anos;MASCULINO;SUPERIOR INCOMPLETO;Cisgênero;NÃO;ITAJAÍ;Brasil;NÃO;SUL;SC;16;2;0;17;0;;17;;18/07/2026 07:17
2026;Branca;CASADO;55 a 59 anos;MASCULINO;SUPERIOR INCOMPLETO;Prefere não informar;NÃO;ITAJAÍ;Brasil;NÃO;SUL;SC;1;0;0;1;0;;1;;18/07/2026 07:17
2026;Branca;CASADO;60 a 64 anos;FEMININO;ENSINO FUNDAMENTAL COMPLETO;Cisgênero;NÃO;ITAJAÍ;Brasil;NÃO;SUL;SC;25;1;0;26;0;;26;;18/07/2026 07:17
2026;Branca;CASADO;60 a 64 anos;FEMININO;ENSINO FUNDAMENTAL INCOMPLETO;Cisgênero;NÃO;ITAJAÍ;Brasil;NÃO;SUL;SC;46;1;0;48;0;;48;;18/07/2026 07:17
2026;Branca;CASADO;60 a 64 anos;FEMININO;ENSINO MÉDIO COMPLETO;Cisgênero;NÃO;ITAJAÍ;Brasil;NÃO;SUL;SC;48;1;0;50;0;;50;;18/07/2026 07:17
2026;Branca;CASADO;60 a 64 anos;FEMININO;ENSINO MÉDIO COMPLETO;Prefere não informar;NÃO;ITAJAÍ;Brasil;NÃO;SUL;SC;2;0;0;2;0;;2;;18/07/2026 07:17
2026;Branca;CASADO;60 a 64 anos;FEMININO;ENSINO MÉDIO INCOMPLETO;Cisgênero;NÃO;ITAJAÍ;Brasil;NÃO;SUL;SC;9;0;0;9;0;;9;;18/07/2026 07:17
2026;Branca;CASADO;60 a 64 anos;FEMININO;LÊ E ESCREVE;Cisgênero;NÃO;ITAJAÍ;Brasil;NÃO;SUL;SC;3;2;0;3;0;;3;;18/07/2026 07:17
2026;Branca;CASADO;60 a 64 anos;FEMININO;SUPERIOR COMPLETO;Cisgênero;NÃO;ITAJAÍ;Brasil;NÃO;SUL;SC;42;4;0;43;0;;43;;18/07/2026 07:17
2026;Branca;CASADO;60 a 64 anos;FEMININO;SUPERIOR COMPLETO;Cisgênero;SIM;ITAJAÍ;Brasil;NÃO;SUL;SC;1;0;0;1;0;;1;;18/07/2026 07:17
2026;Branca;CASADO;60 a 64 anos;FEMININO;SUPERIOR COMPLETO;Prefere não informar;NÃO;ITAJAÍ;Brasil;NÃO;SUL;SC;1;0;0;1;0;;1;;18/07/2026 07:17
2026;Branca;CASADO;60 a 64 anos;FEMININO;SUPERIOR INCOMPLETO;Cisgênero;NÃO;ITAJAÍ;Brasil;NÃO;SUL;SC;11;0;0;11;0;;11;;18/07/2026 07:17
2026;Branca;CASADO;60 a 64 anos;MASCULINO;ANALFABETO;Cisgênero;NÃO;ITAJAÍ;Brasil;NÃO;SUL;SC;3;0;0;4;4;;0;;18/07/2026 07:17
2026;Branca;CASADO;60 a 64 anos;MASCULINO;ENSINO FUNDAMENTAL COMPLETO;Cisgênero;NÃO;ITAJAÍ;Brasil;NÃO;SUL;SC;32;5;0;32;0;;32;;18/07/2026 07:17
2026;Branca;CASADO;60 a 64 anos;MASCULINO;ENSINO FUNDAMENTAL INCOMPLETO;Cisgênero;NÃO;ITAJAÍ;Brasil;NÃO;SUL;SC;40;1;0;44;0;;44;;18/07/2026 07:17
2026;Branca;CASADO;60 a 64 anos;MASCULINO;ENSINO FUNDAMENTAL INCOMPLETO;Prefere não informar;NÃO;ITAJAÍ;Brasil;NÃO;SUL;SC;1;0;0;1;0;;1;;18/07/2026 07:17
2026;Branca;CASADO;60 a 64 anos;MASCULINO;ENSINO MÉDIO COMPLETO;Cisgênero;NÃO;ITAJAÍ;Brasil;NÃO;SUL;SC;63;4;0;63;0;;63;;18/07/2026 07:17
2026;Branca;CASADO;60 a 64 anos;MASCULINO;ENSINO MÉDIO INCOMPLETO;Cisgênero;NÃO;ITAJAÍ;Brasil;NÃO;SUL;SC;8;0;0;8;0;;8;;18/07/2026 07:17
2026;Branca;CASADO;60 a 64 anos;MASCULINO;LÊ E ESCREVE;Cisgênero;NÃO;ITAJAÍ;Brasil;NÃO;SUL;SC;3;1;0;3;0;;3;;18/07/2026 07:17
2026;Branca;CASADO;60 a 64 anos;MASCULINO;SUPERIOR COMPLETO;Cisgênero;NÃO;ITAJAÍ;Brasil;NÃO;SUL;SC;47;2;0;47;0;;47;;18/07/2026 07:17
2026;Branca;CASADO;60 a 64 anos;MASCULINO;SUPERIOR COMPLETO;Prefere não informar;NÃO;ITAJAÍ;Brasil;NÃO;SUL;SC;2;0;0;2;0;;2;;18/07/2026 07:17
2026;Branca;CASADO;60 a 64 anos;MASCULINO;SUPERIOR COMPLETO;Transgênero;NÃO;ITAJAÍ;Brasil;NÃO;SUL;SC;1;0;0;1;0;;1;;18/07/2026 07:17
2026;Branca;CASADO;60 a 64 anos;MASCULINO;SUPERIOR INCOMPLETO;Cisgênero;NÃO;ITAJAÍ;Brasil;NÃO;SUL;SC;19;0;0;19;0;;19;;18/07/2026 07:17
2026;Branca;CASADO;60 a 64 anos;MASCULINO;SUPERIOR INCOMPLETO;Prefere não informar;NÃO;ITAJAÍ;Brasil;NÃO;SUL;SC;1;0;0;1;0;;1;;18/07/2026 07:17
2026;Branca;CASADO;65 a 69 anos;FEMININO;ANALFABETO;Cisgênero;NÃO;ITAJAÍ;Brasil;NÃO;SUL;SC;4;1;0;4;4;;0;;18/07/2026 07:17
2026;Branca;CASADO;65 a 69 anos;FEMININO;ENSINO FUNDAMENTAL COMPLETO;Cisgênero;NÃO;ITAJAÍ;Brasil;NÃO;SUL;SC;21;1;0;21;0;;21;;18/07/2026 07:17
2026;Branca;CASADO;65 a 69 anos;FEMININO;ENSINO FUNDAMENTAL COMPLETO;Prefere não informar;NÃO;ITAJAÍ;Brasil;NÃO;SUL;SC;1;0;0;1;0;;1;;18/07/2026 07:17
2026;Branca;CASADO;65 a 69 anos;FEMININO;ENSINO FUNDAMENTAL INCOMPLETO;Cisgênero;NÃO;ITAJAÍ;Brasil;NÃO;SUL;SC;38;2;0;38;0;;38;;18/07/2026 07:17
2026;Branca;CASADO;65 a 69 anos;FEMININO;ENSINO FUNDAMENTAL INCOMPLETO;Prefere não informar;NÃO;ITAJAÍ;Brasil;NÃO;SUL;SC;2;0;0;2;0;;2;;18/07/2026 07:17
2026;Branca;CASADO;65 a 69 anos;FEMININO;ENSINO MÉDIO COMPLETO;Cisgênero;NÃO;ITAJAÍ;Brasil;NÃO;SUL;SC;37;1;0;37;0;;37;;18/07/2026 07:17
2026;Branca;CASADO;65 a 69 anos;FEMININO;ENSINO MÉDIO COMPLETO;Prefere não informar;SIM;ITAJAÍ;Brasil;NÃO;SUL;SC;1;0;0;1;0;;1;;18/07/2026 07:17
2026;Branca;CASADO;65 a 69 anos;FEMININO;ENSINO MÉDIO COMPLETO;Transgênero;NÃO;ITAJAÍ;Brasil;NÃO;SUL;SC;1;0;0;1;0;;1;;18/07/2026 07:17
2026;Branca;CASADO;65 a 69 anos;FEMININO;ENSINO MÉDIO INCOMPLETO;Cisgênero;NÃO;ITAJAÍ;Brasil;NÃO;SUL;SC;9;0;0;10;0;;10;;18/07/2026 07:17
2026;Branca;CASADO;65 a 69 anos;FEMININO;LÊ E ESCREVE;Cisgênero;NÃO;ITAJAÍ;Brasil;NÃO;SUL;SC;6;1;0;6;0;;6;;18/07/2026 07:17
2026;Branca;CASADO;65 a 69 anos;FEMININO;SUPERIOR COMPLETO;Cisgênero;NÃO;ITAJAÍ;Brasil;NÃO;SUL;SC;36;0;0;36;0;;36;;18/07/2026 07:17
2026;Branca;CASADO;65 a 69 anos;FEMININO;SUPERIOR COMPLETO;Prefere não informar;NÃO;ITAJAÍ;Brasil;NÃO;SUL;SC;2;0;0;2;0;;2;;18/07/2026 07:17
2026;Branca;CASADO;65 a 69 anos;FEMININO;SUPERIOR INCOMPLETO;Cisgênero;NÃO;ITAJAÍ;Brasil;NÃO;SUL;SC;6;0;0;6;0;;6;;18/07/2026 07:17
2026;Branca;CASADO;65 a 69 anos;FEMININO;SUPERIOR INCOMPLETO;Prefere não informar;NÃO;ITAJAÍ;Brasil;NÃO;SUL;SC;1;0;0;1;0;;1;;18/07/2026 07:17
2026;Branca;CASADO;65 a 69 anos;MASCULINO;ANALFABETO;Cisgênero;NÃO;ITAJAÍ;Brasil;NÃO;SUL;SC;4;1;0;4;4;;0;;18/07/2026 07:17
2026;Branca;CASADO;65 a 69 anos;MASCULINO;ENSINO FUNDAMENTAL COMPLETO;Cisgênero;NÃO;ITAJAÍ;Brasil;NÃO;SUL;SC;24;5;0;24;0;;24;;18/07/2026 07:17
2026;Branca;CASADO;65 a 69 anos;MASCULINO;ENSINO FUNDAMENTAL COMPLETO;Prefere não informar;NÃO;ITAJAÍ;Brasil;NÃO;SUL;SC;3;0;0;3;0;;3;;18/07/2026 07:17
2026;Branca;CASADO;65 a 69 anos;MASCULINO;ENSINO FUNDAMENTAL INCOMPLETO;Cisgênero;NÃO;ITAJAÍ;Brasil;NÃO;SUL;SC;49;3;0;51;0;;51;;18/07/2026 07:17
2026;Branca;CASADO;65 a 69 anos;MASCULINO;ENSINO FUNDAMENTAL INCOMPLETO;Prefere não informar;NÃO;ITAJAÍ;Brasil;NÃO;SUL;SC;2;0;0;2;0;;2;;18/07/2026 07:17
2026;Branca;CASADO;65 a 69 anos;MASCULINO;ENSINO MÉDIO COMPLETO;Cisgênero;NÃO;ITAJAÍ;Brasil;NÃO;SUL;SC;51;3;0;52;0;;52;;18/07/2026 07:17
2026;Branca;CASADO;65 a 69 anos;MASCULINO;ENSINO MÉDIO COMPLETO;Prefere não informar;NÃO;ITAJAÍ;Brasil;NÃO;SUL;SC;1;0;0;1;0;;1;;18/07/2026 07:17
2026;Branca;CASADO;65 a 69 anos;MASCULINO;ENSINO MÉDIO INCOMPLETO;Cisgênero;NÃO;ITAJAÍ;Brasil;NÃO;SUL;SC;12;1;0;12;0;;12;;18/07/2026 07:17
2026;Branca;CASADO;65 a 69 anos;MASCULINO;LÊ E ESCREVE;Cisgênero;NÃO;ITAJAÍ;Brasil;NÃO;SUL;SC;6;1;0;6;0;;6;;18/07/2026 07:17
2026;Branca;CASADO;65 a 69 anos;MASCULINO;SUPERIOR COMPLETO;Cisgênero;NÃO;ITAJAÍ;Brasil;NÃO;SUL;SC;32;1;0;32;0;;32;;18/07/2026 07:17
2026;Branca;CASADO;65 a 69 anos;MASCULINO;SUPERIOR COMPLETO;Prefere não informar;NÃO;ITAJAÍ;Brasil;NÃO;SUL;SC;3;0;0;3;0;;3;;18/07/2026 07:17
2026;Branca;CASADO;65 a 69 anos;MASCULINO;SUPERIOR INCOMPLETO;Cisgênero;NÃO;ITAJAÍ;Brasil;NÃO;SUL;SC;13;3;0;13;0;;13;;18/07/2026 07:17
2026;Branca;CASADO;70 a 74 anos;FEMININO;ANALFABETO;Cisgênero;NÃO;ITAJAÍ;Brasil;NÃO;SUL;SC;1;0;0;1;1;;0;;18/07/2026 07:17
2026;Branca;CASADO;70 a 74 anos;FEMININO;ENSINO FUNDAMENTAL COMPLETO;Cisgênero;NÃO;ITAJAÍ;Brasil;NÃO;SUL;SC;13;1;0;13;13;;0;;18/07/2026 07:17
2026;Branca;CASADO;70 a 74 anos;FEMININO;ENSINO FUNDAMENTAL INCOMPLETO;Cisgênero;NÃO;ITAJAÍ;Brasil;NÃO;SUL;SC;19;0;0;19;19;;0;;18/07/2026 07:17
2026;Branca;CASADO;70 a 74 anos;FEMININO;ENSINO FUNDAMENTAL INCOMPLETO;Prefere não informar;NÃO;ITAJAÍ;Brasil;NÃO;SUL;SC;2;0;0;2;2;;0;;18/07/2026 07:17
2026;Branca;CASADO;70 a 74 anos;FEMININO;ENSINO MÉDIO COMPLETO;Cisgênero;NÃO;ITAJAÍ;Brasil;NÃO;SUL;SC;11;0;0;11;11;;0;;18/07/2026 07:17
2026;Branca;CASADO;70 a 74 anos;FEMININO;ENSINO MÉDIO INCOMPLETO;Cisgênero;NÃO;ITAJAÍ;Brasil;NÃO;SUL;SC;3;0;0;3;3;;0;;18/07/2026 07:17
2026;Branca;CASADO;70 a 74 anos;FEMININO;ENSINO MÉDIO INCOMPLETO;Prefere não informar;NÃO;ITAJAÍ;Brasil;NÃO;SUL;SC;1;0;0;1;1;;0;;18/07/2026 07:17
2026;Branca;CASADO;70 a 74 anos;FEMININO;LÊ E ESCREVE;Cisgênero;NÃO;ITAJAÍ;Brasil;NÃO;SUL;SC;4;0;0;4;4;;0;;18/07/2026 07:17
2026;Branca;CASADO;70 a 74 anos;FEMININO;SUPERIOR COMPLETO;Cisgênero;NÃO;ITAJAÍ;Brasil;NÃO;SUL;SC;18;0;0;18;18;;0;;18/07/2026 07:17
2026;Branca;CASADO;70 a 74 anos;FEMININO;SUPERIOR INCOMPLETO;Cisgênero;NÃO;ITAJAÍ;Brasil;NÃO;SUL;SC;4;0;0;4;4;;0;;18/07/2026 07:17
2026;Branca;CASADO;70 a 74 anos;MASCULINO;ANALFABETO;Cisgênero;NÃO;ITAJAÍ;Brasil;NÃO;SUL;SC;4;0;0;4;4;;0;;18/07/2026 07:17
2026;Branca;CASADO;70 a 74 anos;MASCULINO;ENSINO FUNDAMENTAL COMPLETO;Cisgênero;NÃO;ITAJAÍ;Brasil;NÃO;SUL;SC;9;2;0;9;9;;0;;18/07/2026 07:17
2026;Branca;CASADO;70 a 74 anos;MASCULINO;ENSINO FUNDAMENTAL COMPLETO;Prefere não informar;NÃO;ITAJAÍ;Brasil;NÃO;SUL;SC;1;0;0;1;1;;0;;18/07/2026 07:17
2026;Branca;CASADO;70 a 74 anos;MASCULINO;ENSINO FUNDAMENTAL INCOMPLETO;Cisgênero;NÃO;ITAJAÍ;Brasil;NÃO;SUL;SC;32;0;0;32;32;;0;;18/07/2026 07:17
2026;Branca;CASADO;70 a 74 anos;MASCULINO;ENSINO MÉDIO COMPLETO;Cisgênero;NÃO;ITAJAÍ;Brasil;NÃO;SUL;SC;43;3;0;43;43;;0;;18/07/2026 07:17
2026;Branca;CASADO;70 a 74 anos;MASCULINO;ENSINO MÉDIO INCOMPLETO;Cisgênero;NÃO;ITAJAÍ;Brasil;NÃO;SUL;SC;10;2;0;10;10;;0;;18/07/2026 07:17
2026;Branca;CASADO;70 a 74 anos;MASCULINO;LÊ E ESCREVE;Cisgênero;NÃO;ITAJAÍ;Brasil;NÃO;SUL;SC;4;0;0;4;4;;0;;18/07/2026 07:17
2026;Branca;CASADO;70 a 74 anos;MASCULINO;SUPERIOR COMPLETO;Cisgênero;NÃO;ITAJAÍ;Brasil;NÃO;SUL;SC;17;4;0;17;17;;0;;18/07/2026 07:17
2026;Branca;CASADO;70 a 74 anos;MASCULINO;SUPERIOR COMPLETO;Prefere não informar;NÃO;ITAJAÍ;Brasil;NÃO;SUL;SC;2;0;0;2;2;;0;;18/07/2026 07:17
2026;Branca;CASADO;70 a 74 anos;MASCULINO;SUPERIOR INCOMPLETO;Cisgênero;NÃO;ITAJAÍ;Brasil;NÃO;SUL;SC;7;1;0;7;7;;0;;18/07/2026 07:17
2026;Branca;CASADO;75 a 79 anos;FEMININO;ANALFABETO;Cisgênero;NÃO;ITAJAÍ;Brasil;NÃO;SUL;SC;4;0;0;4;4;;0;;18/07/2026 07:17
2026;Branca;CASADO;75 a 79 anos;FEMININO;ANALFABETO;Prefere não informar;NÃO;ITAJAÍ;Brasil;NÃO;SUL;SC;1;0;0;1;1;;0;;18/07/2026 07:17
2026;Branca;CASADO;75 a 79 anos;FEMININO;ENSINO FUNDAMENTAL COMPLETO;Cisgênero;NÃO;ITAJAÍ;Brasil;NÃO;SUL;SC;6;0;0;6;6;;0;;18/07/2026 07:17
2026;Branca;CASADO;75 a 79 anos;FEMININO;ENSINO FUNDAMENTAL COMPLETO;Prefere não informar;NÃO;ITAJAÍ;Brasil;NÃO;SUL;SC;1;0;0;1;1;;0;;18/07/2026 07:17
2026;Branca;CASADO;75 a 79 anos;FEMININO;ENSINO FUNDAMENTAL INCOMPLETO;Cisgênero;NÃO;ITAJAÍ;Brasil;NÃO;SUL;SC;20;0;0;21;21;;0;;18/07/2026 07:17
2026;Branca;CASADO;75 a 79 anos;FEMININO;ENSINO FUNDAMENTAL INCOMPLETO;Prefere não informar;NÃO;ITAJAÍ;Brasil;NÃO;SUL;SC;1;0;0;1;1;;0;;18/07/2026 07:17
2026;Branca;CASADO;75 a 79 anos;FEMININO;ENSINO MÉDIO COMPLETO;Cisgênero;NÃO;ITAJAÍ;Brasil;NÃO;SUL;SC;6;0;0;6;6;;0;;18/07/2026 07:17
2026;Branca;CASADO;75 a 79 anos;FEMININO;ENSINO MÉDIO INCOMPLETO;Cisgênero;NÃO;ITAJAÍ;Brasil;NÃO;SUL;SC;1;0;0;1;1;;0;;18/07/2026 07:17
2026;Branca;CASADO;75 a 79 anos;FEMININO;LÊ E ESCREVE;Cisgênero;NÃO;ITAJAÍ;Brasil;NÃO;SUL;SC;3;0;0;3;3;;0;;18/07/2026 07:17
2026;Branca;CASADO;75 a 79 anos;FEMININO;LÊ E ESCREVE;Prefere não informar;NÃO;ITAJAÍ;Brasil;NÃO;SUL;SC;1;0;0;1;1;;0;;18/07/2026 07:17
2026;Branca;CASADO;75 a 79 anos;FEMININO;SUPERIOR COMPLETO;Cisgênero;NÃO;ITAJAÍ;Brasil;NÃO;SUL;SC;4;1;0;4;4;;0;;18/07/2026 07:17
2026;Branca;CASADO;75 a 79 anos;MASCULINO;ANALFABETO;Cisgênero;NÃO;ITAJAÍ;Brasil;NÃO;SUL;SC;3;0;0;3;3;;0;;18/07/2026 07:17
2026;Branca;CASADO;75 a 79 anos;MASCULINO;ENSINO FUNDAMENTAL COMPLETO;Cisgênero;NÃO;ITAJAÍ;Brasil;NÃO;SUL;SC;8;1;0;8;8;;0;;18/07/2026 07:17
2026;Branca;CASADO;75 a 79 anos;MASCULINO;ENSINO FUNDAMENTAL INCOMPLETO;Cisgênero;NÃO;ITAJAÍ;Brasil;NÃO;SUL;SC;9;0;0;9;9;;0;;18/07/2026 07:17
2026;Branca;CASADO;75 a 79 anos;MASCULINO;ENSINO MÉDIO COMPLETO;Cisgênero;NÃO;ITAJAÍ;Brasil;NÃO;SUL;SC;13;1;0;13;13;;0;;18/07/2026 07:17
2026;Branca;CASADO;75 a 79 anos;MASCULINO;LÊ E ESCREVE;Cisgênero;NÃO;ITAJAÍ;Brasil;NÃO;SUL;SC;2;0;0;2;2;;0;;18/07/2026 07:17
2026;Branca;CASADO;75 a 79 anos;MASCULINO;SUPERIOR COMPLETO;Cisgênero;NÃO;ITAJAÍ;Brasil;NÃO;SUL;SC;9;1;0;9;9;;0;;18/07/2026 07:17
2026;Branca;CASADO;75 a 79 anos;MASCULINO;SUPERIOR INCOMPLETO;Cisgênero;NÃO;ITAJAÍ;Brasil;NÃO;SUL;SC;1;0;0;1;1;;0;;18/07/2026 07:17
2026;Branca;CASADO;80 a 84 anos;FEMININO;ANALFABETO;Cisgênero;NÃO;ITAJAÍ;Brasil;NÃO;SUL;SC;1;0;0;1;1;;0;;18/07/2026 07:17
2026;Branca;CASADO;80 a 84 anos;FEMININO;ENSINO FUNDAMENTAL COMPLETO;Cisgênero;NÃO;ITAJAÍ;Brasil;NÃO;SUL;SC;1;0;0;1;1;;0;;18/07/2026 07:17
2026;Branca;CASADO;80 a 84 anos;FEMININO;ENSINO FUNDAMENTAL INCOMPLETO;Cisgênero;NÃO;ITAJAÍ;Brasil;NÃO;SUL;SC;7;0;0;7;7;;0;;18/07/2026 07:17
2026;Branca;CASADO;80 a 84 anos;FEMININO;ENSINO MÉDIO COMPLETO;Cisgênero;NÃO;ITAJAÍ;Brasil;NÃO;SUL;SC;4;0;0;4;4;;0;;18/07/2026 07:17
2026;Branca;CASADO;80 a 84 anos;FEMININO;ENSINO MÉDIO INCOMPLETO;Cisgênero;NÃO;ITAJAÍ;Brasil;NÃO;SUL;SC;1;1;0;1;1;;0;;18/07/2026 07:17
2026;Branca;CASADO;80 a 84 anos;FEMININO;LÊ E ESCREVE;Cisgênero;NÃO;ITAJAÍ;Brasil;NÃO;SUL;SC;1;0;0;1;1;;0;;18/07/2026 07:17
2026;Branca;CASADO;80 a 84 anos;FEMININO;SUPERIOR COMPLETO;Cisgênero;NÃO;ITAJAÍ;Brasil;NÃO;SUL;SC;1;0;0;2;2;;0;;18/07/2026 07:17
2026;Branca;CASADO;80 a 84 anos;MASCULINO;ANALFABETO;Cisgênero;NÃO;ITAJAÍ;Brasil;NÃO;SUL;SC;3;0;0;3;3;;0;;18/07/2026 07:17
2026;Branca;CASADO;80 a 84 anos;MASCULINO;ENSINO FUNDAMENTAL COMPLETO;Cisgênero;NÃO;ITAJAÍ;Brasil;NÃO;SUL;SC;3;0;0;3;3;;0;;18/07/2026 07:17
2026;Branca;CASADO;80 a 84 anos;MASCULINO;ENSINO FUNDAMENTAL INCOMPLETO;Cisgênero;NÃO;ITAJAÍ;Brasil;NÃO;SUL;SC;11;1;0;11;11;;0;;18/07/2026 07:17
2026;Branca;CASADO;80 a 84 anos;MASCULINO;ENSINO MÉDIO COMPLETO;Cisgênero;NÃO;ITAJAÍ;Brasil;NÃO;SUL;SC;5;0;0;5;5;;0;;18/07/2026 07:17
2026;Branca;CASADO;80 a 84 anos;MASCULINO;ENSINO MÉDIO INCOMPLETO;Cisgênero;NÃO;ITAJAÍ;Brasil;NÃO;SUL;SC;1;0;0;1;1;;0;;18/07/2026 07:17
2026;Branca;CASADO;80 a 84 anos;MASCULINO;LÊ E ESCREVE;Cisgênero;NÃO;ITAJAÍ;Brasil;NÃO;SUL;SC;3;0;0;3;3;;0;;18/07/2026 07:17
2026;Branca;CASADO;80 a 84 anos;MASCULINO;LÊ E ESCREVE;Prefere não informar;NÃO;ITAJAÍ;Brasil;NÃO;SUL;SC;1;0;0;1;1;;0;;18/07/2026 07:17
2026;Branca;CASADO;80 a 84 anos;MASCULINO;SUPERIOR COMPLETO;Cisgênero;NÃO;ITAJAÍ;Brasil;NÃO;SUL;SC;8;0;0;8;8;;0;;18/07/2026 07:17
2026;Branca;CASADO;80 a 84 anos;MASCULINO;SUPERIOR COMPLETO;Prefere não informar;NÃO;ITAJAÍ;Brasil;NÃO;SUL;SC;1;0;0;1;1;;0;;18/07/2026 07:17
2026;Branca;CASADO;80 a 84 anos;MASCULINO;SUPERIOR INCOMPLETO;Cisgênero;NÃO;ITAJAÍ;Brasil;NÃO;SUL;SC;1;0;0;1;1;;0;;18/07/2026 07:17
2026;Branca;CASADO;85 a 89 anos;FEMININO;ENSINO FUNDAMENTAL INCOMPLETO;Cisgênero;NÃO;ITAJAÍ;Brasil;NÃO;SUL;SC;1;0;0;1;1;;0;;18/07/2026 07:17
2026;Branca;CASADO;85 a 89 anos;FEMININO;ENSINO MÉDIO COMPLETO;Cisgênero;NÃO;ITAJAÍ;Brasil;NÃO;SUL;SC;1;0;0;1;1;;0;;18/07/2026 07:17
2026;Branca;CASADO;85 a 89 anos;FEMININO;LÊ E ESCREVE;Cisgênero;NÃO;ITAJAÍ;Brasil;NÃO;SUL;SC;1;0;0;1;1;;0;;18/07/2026 07:17
2026;Branca;CASADO;85 a 89 anos;FEMININO;SUPERIOR COMPLETO;Cisgênero;NÃO;ITAJAÍ;Brasil;NÃO;SUL;SC;1;0;0;1;1;;0;;18/07/2026 07:17
2026;Branca;CASADO;85 a 89 anos;MASCULINO;ENSINO FUNDAMENTAL COMPLETO;Cisgênero;NÃO;ITAJAÍ;Brasil;NÃO;SUL;SC;3;1;0;3;3;;0;;18/07/2026 07:17
2026;Branca;CASADO;85 a 89 anos;MASCULINO;ENSINO FUNDAMENTAL INCOMPLETO;Cisgênero;NÃO;ITAJAÍ;Brasil;NÃO;SUL;SC;3;1;0;3;3;;0;;18/07/2026 07:17
2026;Branca;CASADO;85 a 89 anos;MASCULINO;ENSINO MÉDIO COMPLETO;Cisgênero;NÃO;ITAJAÍ;Brasil;NÃO;SUL;SC;7;1;0;7;7;;0;;18/07/2026 07:17
2026;Branca;CASADO;85 a 89 anos;MASCULINO;LÊ E ESCREVE;Cisgênero;NÃO;ITAJAÍ;Brasil;NÃO;SUL;SC;2;0;0;3;3;;0;;18/07/2026 07:17
2026;Branca;CASADO;85 a 89 anos;MASCULINO;SUPERIOR COMPLETO;Cisgênero;NÃO;ITAJAÍ;Brasil;NÃO;SUL;SC;1;0;0;1;1;;0;;18/07/2026 07:17
2026;Branca;CASADO;85 a 89 anos;MASCULINO;SUPERIOR INCOMPLETO;Cisgênero;NÃO;ITAJAÍ;Brasil;NÃO;SUL;SC;1;0;0;1;1;;0;;18/07/2026 07:17
2026;Branca;CASADO;90 a 94 anos;FEMININO;ENSINO FUNDAMENTAL INCOMPLETO;Cisgênero;NÃO;ITAJAÍ;Brasil;NÃO;SUL;SC;1;0;0;1;1;;0;;18/07/2026 07:17
2026;Branca;CASADO;90 a 94 anos;MASCULINO;ENSINO FUNDAMENTAL INCOMPLETO;Cisgênero;NÃO;ITAJAÍ;Brasil;NÃO;SUL;SC;0;0;0;1;1;;0;;18/07/2026 07:17
2026;Branca;CASADO;90 a 94 anos;MASCULINO;ENSINO MÉDIO INCOMPLETO;Cisgênero;NÃO;ITAJAÍ;Brasil;NÃO;SUL;SC;1;0;0;1;1;;0;;18/07/2026 07:17
2026;Branca;CASADO;95 a 99 anos;MASCULINO;SUPERIOR COMPLETO;Cisgênero;NÃO;ITAJAÍ;Brasil;NÃO;SUL;SC;1;0;0;1;1;;0;;18/07/2026 07:17
2026;Branca;DIVORCIADO;18 anos;FEMININO;ENSINO MÉDIO COMPLETO;Cisgênero;NÃO;ITAJAÍ;Brasil;NÃO;SUL;SC;1;0;0;1;0;;1;;18/07/2026 07:17
2026;Branca;DIVORCIADO;21 a 24 anos;FEMININO;ENSINO MÉDIO COMPLETO;Cisgênero;NÃO;ITAJAÍ;Brasil;NÃO;SUL;SC;1;0;0;1;0;;1;;18/07/2026 07:17
2026;Branca;DIVORCIADO;21 a 24 anos;FEMININO;ENSINO MÉDIO INCOMPLETO;Cisgênero;NÃO;ITAJAÍ;Brasil;NÃO;SUL;SC;3;0;0;3;0;;3;;18/07/2026 07:17
2026;Branca;DIVORCIADO;21 a 24 anos;FEMININO;ENSINO MÉDIO INCOMPLETO;Prefere não informar;NÃO;ITAJAÍ;Brasil;NÃO;SUL;SC;1;0;0;1;0;;1;;18/07/2026 07:17
2026;Branca;DIVORCIADO;21 a 24 anos;FEMININO;SUPERIOR COMPLETO;Cisgênero;NÃO;ITAJAÍ;Brasil;NÃO;SUL;SC;1;0;0;1;0;;1;;18/07/2026 07:17
2026;Branca;DIVORCIADO;21 a 24 anos;FEMININO;SUPERIOR INCOMPLETO;Cisgênero;NÃO;ITAJAÍ;Brasil;NÃO;SUL;SC;1;0;0;1;0;;1;;18/07/2026 07:17
2026;Branca;DIVORCIADO;21 a 24 anos;MASCULINO;ENSINO MÉDIO COMPLETO;Cisgênero;NÃO;ITAJAÍ;Brasil;NÃO;SUL;SC;1;0;0;1;0;;1;;18/07/2026 07:17
2026;Branca;DIVORCIADO;25 a 29 anos;FEMININO;ENSINO FUNDAMENTAL COMPLETO;Cisgênero;NÃO;ITAJAÍ;Brasil;NÃO;SUL;SC;1;0;0;1;0;;1;;18/07/2026 07:17
2026;Branca;DIVORCIADO;25 a 29 anos;FEMININO;ENSINO MÉDIO COMPLETO;Cisgênero;NÃO;ITAJAÍ;Brasil;NÃO;SUL;SC;11;0;0;11;0;;11;;18/07/2026 07:17
2026;Branca;DIVORCIADO;25 a 29 anos;FEMININO;ENSINO MÉDIO COMPLETO;Prefere não informar;NÃO;ITAJAÍ;Brasil;NÃO;SUL;SC;1;0;0;1;0;;1;;18/07/2026 07:17
2026;Branca;DIVORCIADO;25 a 29 anos;FEMININO;ENSINO MÉDIO INCOMPLETO;Cisgênero;NÃO;ITAJAÍ;Brasil;NÃO;SUL;SC;1;0;0;1;0;;1;;18/07/2026 07:17
2026;Branca;DIVORCIADO;25 a 29 anos;FEMININO;SUPERIOR COMPLETO;Cisgênero;NÃO;ITAJAÍ;Brasil;NÃO;SUL;SC;9;0;0;9;0;;9;;18/07/2026 07:17
2026;Branca;DIVORCIADO;25 a 29 anos;FEMININO;SUPERIOR INCOMPLETO;Cisgênero;NÃO;ITAJAÍ;Brasil;NÃO;SUL;SC;10;0;0;10;0;;10;;18/07/2026 07:17
2026;Branca;DIVORCIADO;25 a 29 anos;MASCULINO;ENSINO FUNDAMENTAL COMPLETO;Cisgênero;NÃO;ITAJAÍ;Brasil;NÃO;SUL;SC;2;0;0;2;0;;2;;18/07/2026 07:17
2026;Branca;DIVORCIADO;25 a 29 anos;MASCULINO;ENSINO MÉDIO COMPLETO;Cisgênero;NÃO;ITAJAÍ;Brasil;NÃO;SUL;SC;5;0;0;6;0;;6;;18/07/2026 07:17
2026;Branca;DIVORCIADO;25 a 29 anos;MASCULINO;ENSINO MÉDIO INCOMPLETO;Cisgênero;NÃO;ITAJAÍ;Brasil;NÃO;SUL;SC;1;0;0;1;0;;1;;18/07/2026 07:17
2026;Branca;DIVORCIADO;25 a 29 anos;MASCULINO;SUPERIOR COMPLETO;Cisgênero;NÃO;ITAJAÍ;Brasil;NÃO;SUL;SC;1;0;0;1;0;;1;;18/07/2026 07:17
2026;Branca;DIVORCIADO;25 a 29 anos;MASCULINO;SUPERIOR INCOMPLETO;Cisgênero;NÃO;ITAJAÍ;Brasil;NÃO;SUL;SC;2;0;0;2;0;;2;;18/07/2026 07:17
2026;Branca;DIVORCIADO;30 a 34 anos;FEMININO;ENSINO FUNDAMENTAL COMPLETO;Cisgênero;NÃO;ITAJAÍ;Brasil;NÃO;SUL;SC;4;0;0;4;0;;4;;18/07/2026 07:17
2026;Branca;DIVORCIADO;30 a 34 anos;FEMININO;ENSINO FUNDAMENTAL COMPLETO;Prefere não informar;NÃO;ITAJAÍ;Brasil;NÃO;SUL;SC;1;0;0;1;0;;1;;18/07/2026 07:17
2026;Branca;DIVORCIADO;30 a 34 anos;FEMININO;ENSINO FUNDAMENTAL INCOMPLETO;Cisgênero;NÃO;ITAJAÍ;Brasil;NÃO;SUL;SC;3;0;0;4;0;;4;;18/07/2026 07:17
2026;Branca;DIVORCIADO;30 a 34 anos;FEMININO;ENSINO MÉDIO COMPLETO;Cisgênero;NÃO;ITAJAÍ;Brasil;NÃO;SUL;SC;26;0;0;27;0;;27;;18/07/2026 07:17
2026;Branca;DIVORCIADO;30 a 34 anos;FEMININO;ENSINO MÉDIO COMPLETO;Prefere não informar;NÃO;ITAJAÍ;Brasil;NÃO;SUL;SC;1;0;0;1;0;;1;;18/07/2026 07:17
2026;Branca;DIVORCIADO;30 a 34 anos;FEMININO;ENSINO MÉDIO INCOMPLETO;Cisgênero;NÃO;ITAJAÍ;Brasil;NÃO;SUL;SC;2;0;0;3;0;;3;;18/07/2026 07:17
2026;Branca;DIVORCIADO;30 a 34 anos;FEMININO;ENSINO MÉDIO INCOMPLETO;Prefere não informar;NÃO;ITAJAÍ;Brasil;NÃO;SUL;SC;1;0;0;1;0;;1;;18/07/2026 07:17
2026;Branca;DIVORCIADO;30 a 34 anos;FEMININO;SUPERIOR COMPLETO;Cisgênero;NÃO;ITAJAÍ;Brasil;NÃO;SUL;SC;25;0;0;25;0;;25;;18/07/2026 07:17
2026;Branca;DIVORCIADO;30 a 34 anos;FEMININO;SUPERIOR COMPLETO;Prefere não informar;NÃO;ITAJAÍ;Brasil;NÃO;SUL;SC;1;0;0;1;0;;1;;18/07/2026 07:17
2026;Branca;DIVORCIADO;30 a 34 anos;FEMININO;SUPERIOR INCOMPLETO;Cisgênero;NÃO;ITAJAÍ;Brasil;NÃO;SUL;SC;14;0;0;15;0;;15;;18/07/2026 07:17
2026;Branca;DIVORCIADO;30 a 34 anos;FEMININO;SUPERIOR INCOMPLETO;Prefere não informar;NÃO;ITAJAÍ;Brasil;NÃO;SUL;SC;1;0;0;1;0;;1;;18/07/2026 07:17
2026;Branca;DIVORCIADO;30 a 34 anos;MASCULINO;ENSINO FUNDAMENTAL COMPLETO;Cisgênero;NÃO;ITAJAÍ;Brasil;NÃO;SUL;SC;1;0;0;1;0;;1;;18/07/2026 07:17
2026;Branca;DIVORCIADO;30 a 34 anos;MASCULINO;ENSINO FUNDAMENTAL INCOMPLETO;Cisgênero;NÃO;ITAJAÍ;Brasil;NÃO;SUL;SC;1;0;0;1;0;;1;;18/07/2026 07:17
2026;Branca;DIVORCIADO;30 a 34 anos;MASCULINO;ENSINO MÉDIO COMPLETO;Cisgênero;NÃO;ITAJAÍ;Brasil;NÃO;SUL;SC;8;0;0;9;0;;9;;18/07/2026 07:17
2026;Branca;DIVORCIADO;30 a 34 anos;MASCULINO;ENSINO MÉDIO INCOMPLETO;Cisgênero;NÃO;ITAJAÍ;Brasil;NÃO;SUL;SC;4;0;0;5;0;;5;;18/07/2026 07:17
2026;Branca;DIVORCIADO;30 a 34 anos;MASCULINO;SUPERIOR COMPLETO;Cisgênero;NÃO;ITAJAÍ;Brasil;NÃO;SUL;SC;2;0;0;3;0;;3;;18/07/2026 07:17
2026;Branca;DIVORCIADO;30 a 34 anos;MASCULINO;SUPERIOR INCOMPLETO;Cisgênero;NÃO;ITAJAÍ;Brasil;NÃO;SUL;SC;3;0;0;3;0;;3;;18/07/2026 07:17
2026;Branca;DIVORCIADO;35 a 39 anos;FEMININO;ENSINO FUNDAMENTAL COMPLETO;Cisgênero;NÃO;ITAJAÍ;Brasil;NÃO;SUL;SC;3;0;0;3;0;;3;;18/07/2026 07:17
2026;Branca;DIVORCIADO;35 a 39 anos;FEMININO;ENSINO FUNDAMENTAL INCOMPLETO;Cisgênero;NÃO;ITAJAÍ;Brasil;NÃO;SUL;SC;1;0;0;1;0;;1;;18/07/2026 07:17
2026;Branca;DIVORCIADO;35 a 39 anos;FEMININO;ENSINO MÉDIO COMPLETO;Cisgênero;NÃO;ITAJAÍ;Brasil;NÃO;SUL;SC;38;1;0;39;0;;39;;18/07/2026 07:17
2026;Branca;DIVORCIADO;35 a 39 anos;FEMININO;ENSINO MÉDIO COMPLETO;Prefere não informar;NÃO;ITAJAÍ;Brasil;NÃO;SUL;SC;3;0;0;3;0;;3;;18/07/2026 07:17
2026;Branca;DIVORCIADO;35 a 39 anos;FEMININO;ENSINO MÉDIO INCOMPLETO;Cisgênero;NÃO;ITAJAÍ;Brasil;NÃO;SUL;SC;4;0;0;4;0;;4;;18/07/2026 07:17
2026;Branca;DIVORCIADO;35 a 39 anos;FEMININO;SUPERIOR COMPLETO;Cisgênero;NÃO;ITAJAÍ;Brasil;NÃO;SUL;SC;64;2;0;64;0;;64;;18/07/2026 07:17
2026;Branca;DIVORCIADO;35 a 39 anos;FEMININO;SUPERIOR COMPLETO;Cisgênero;SIM;ITAJAÍ;Brasil;NÃO;SUL;SC;1;0;0;1;0;;1;;18/07/2026 07:17
2026;Branca;DIVORCIADO;35 a 39 anos;FEMININO;SUPERIOR COMPLETO;Prefere não informar;NÃO;ITAJAÍ;Brasil;NÃO;SUL;SC;6;0;0;6;0;;6;;18/07/2026 07:17
2026;Branca;DIVORCIADO;35 a 39 anos;FEMININO;SUPERIOR INCOMPLETO;Cisgênero;NÃO;ITAJAÍ;Brasil;NÃO;SUL;SC;23;0;0;25;0;;25;;18/07/2026 07:17
2026;Branca;DIVORCIADO;35 a 39 anos;FEMININO;SUPERIOR INCOMPLETO;Prefere não informar;NÃO;ITAJAÍ;Brasil;NÃO;SUL;SC;2;0;0;2;0;;2;;18/07/2026 07:17
2026;Branca;DIVORCIADO;35 a 39 anos;MASCULINO;ANALFABETO;Cisgênero;NÃO;ITAJAÍ;Brasil;NÃO;SUL;SC;1;0;0;1;1;;0;;18/07/2026 07:17
2026;Branca;DIVORCIADO;35 a 39 anos;MASCULINO;ENSINO FUNDAMENTAL COMPLETO;Cisgênero;NÃO;ITAJAÍ;Brasil;NÃO;SUL;SC;1;0;0;1;0;;1;;18/07/2026 07:17
2026;Branca;DIVORCIADO;35 a 39 anos;MASCULINO;ENSINO FUNDAMENTAL COMPLETO;Prefere não informar;NÃO;ITAJAÍ;Brasil;NÃO;SUL;SC;1;0;0;1;0;;1;;18/07/2026 07:17
2026;Branca;DIVORCIADO;35 a 39 anos;MASCULINO;ENSINO FUNDAMENTAL INCOMPLETO;Cisgênero;NÃO;ITAJAÍ;Brasil;NÃO;SUL;SC;1;0;0;1;0;;1;;18/07/2026 07:17
2026;Branca;DIVORCIADO;35 a 39 anos;MASCULINO;ENSINO FUNDAMENTAL INCOMPLETO;Cisgênero;SIM;ITAJAÍ;Brasil;NÃO;SUL;SC;0;0;0;1;0;;1;;18/07/2026 07:17
2026;Branca;DIVORCIADO;35 a 39 anos;MASCULINO;ENSINO MÉDIO COMPLETO;Cisgênero;NÃO;ITAJAÍ;Brasil;NÃO;SUL;SC;16;0;0;16;0;;16;;18/07/2026 07:17
2026;Branca;DIVORCIADO;35 a 39 anos;MASCULINO;ENSINO MÉDIO INCOMPLETO;Cisgênero;NÃO;ITAJAÍ;Brasil;NÃO;SUL;SC;3;0;0;3;0;;3;;18/07/2026 07:17
2026;Branca;DIVORCIADO;35 a 39 anos;MASCULINO;SUPERIOR COMPLETO;Cisgênero;NÃO;ITAJAÍ;Brasil;NÃO;SUL;SC;12;1;0;13;0;;13;;18/07/2026 07:17
2026;Branca;DIVORCIADO;35 a 39 anos;MASCULINO;SUPERIOR COMPLETO;Prefere não informar;NÃO;ITAJAÍ;Brasil;NÃO;SUL;SC;1;0;0;1;0;;1;;18/07/2026 07:17
2026;Branca;DIVORCIADO;35 a 39 anos;MASCULINO;SUPERIOR INCOMPLETO;Cisgênero;NÃO;ITAJAÍ;Brasil;NÃO;SUL;SC;5;1;0;6;0;;6;;18/07/2026 07:17
2026;Branca;DIVORCIADO;40 a 44 anos;FEMININO;ENSINO FUNDAMENTAL COMPLETO;Cisgênero;NÃO;ITAJAÍ;Brasil;NÃO;SUL;SC;3;0;0;3;0;;3;;18/07/2026 07:17
2026;Branca;DIVORCIADO;40 a 44 anos;FEMININO;ENSINO FUNDAMENTAL INCOMPLETO;Cisgênero;NÃO;ITAJAÍ;Brasil;NÃO;SUL;SC;11;0;0;11;0;;11;;18/07/2026 07:17
2026;Branca;DIVORCIADO;40 a 44 anos;FEMININO;ENSINO MÉDIO COMPLETO;Cisgênero;NÃO;ITAJAÍ;Brasil;NÃO;SUL;SC;58;1;0;58;0;;58;;18/07/2026 07:17
2026;Branca;DIVORCIADO;40 a 44 anos;FEMININO;ENSINO MÉDIO COMPLETO;Cisgênero;SIM;ITAJAÍ;Brasil;NÃO;SUL;SC;1;1;0;1;0;;1;;18/07/2026 07:17
2026;Branca;DIVORCIADO;40 a 44 anos;FEMININO;ENSINO MÉDIO COMPLETO;Prefere não informar;NÃO;ITAJAÍ;Brasil;NÃO;SUL;SC;3;1;0;3;0;;3;;18/07/2026 07:17
2026;Branca;DIVORCIADO;40 a 44 anos;FEMININO;ENSINO MÉDIO INCOMPLETO;Cisgênero;NÃO;ITAJAÍ;Brasil;NÃO;SUL;SC;7;1;0;8;0;;8;;18/07/2026 07:17
2026;Branca;DIVORCIADO;40 a 44 anos;FEMININO;SUPERIOR COMPLETO;Cisgênero;NÃO;ITAJAÍ;Brasil;NÃO;SUL;SC;106;2;0;109;0;;109;;18/07/2026 07:17
2026;Branca;DIVORCIADO;40 a 44 anos;FEMININO;SUPERIOR COMPLETO;Prefere não informar;NÃO;ITAJAÍ;Brasil;NÃO;SUL;SC;10;0;0;10;0;;10;;18/07/2026 07:17
2026;Branca;DIVORCIADO;40 a 44 anos;FEMININO;SUPERIOR INCOMPLETO;Cisgênero;NÃO;ITAJAÍ;Brasil;NÃO;SUL;SC;37;1;0;37;0;;37;;18/07/2026 07:17
2026;Branca;DIVORCIADO;40 a 44 anos;FEMININO;SUPERIOR INCOMPLETO;Prefere não informar;NÃO;ITAJAÍ;Brasil;NÃO;SUL;SC;2;0;0;2;0;;2;;18/07/2026 07:17
2026;Branca;DIVORCIADO;40 a 44 anos;MASCULINO;ENSINO FUNDAMENTAL COMPLETO;Cisgênero;NÃO;ITAJAÍ;Brasil;NÃO;SUL;SC;6;0;0;7;0;;7;;18/07/2026 07:17
2026;Branca;DIVORCIADO;40 a 44 anos;MASCULINO;ENSINO FUNDAMENTAL INCOMPLETO;Cisgênero;NÃO;ITAJAÍ;Brasil;NÃO;SUL;SC;4;0;0;4;0;;4;;18/07/2026 07:17
2026;Branca;DIVORCIADO;40 a 44 anos;MASCULINO;ENSINO MÉDIO COMPLETO;Cisgênero;NÃO;ITAJAÍ;Brasil;NÃO;SUL;SC;27;2;0;28;0;;28;;18/07/2026 07:17
2026;Branca;DIVORCIADO;40 a 44 anos;MASCULINO;ENSINO MÉDIO INCOMPLETO;Cisgênero;NÃO;ITAJAÍ;Brasil;NÃO;SUL;SC;6;0;0;6;0;;6;;18/07/2026 07:17
2026;Branca;DIVORCIADO;40 a 44 anos;MASCULINO;SUPERIOR COMPLETO;Cisgênero;NÃO;ITAJAÍ;Brasil;NÃO;SUL;SC;24;0;0;25;0;;25;;18/07/2026 07:17
2026;Branca;DIVORCIADO;40 a 44 anos;MASCULINO;SUPERIOR INCOMPLETO;Cisgênero;NÃO;ITAJAÍ;Brasil;NÃO;SUL;SC;15;0;0;16;0;;16;;18/07/2026 07:17
2026;Branca;DIVORCIADO;45 a 49 anos;FEMININO;ENSINO FUNDAMENTAL COMPLETO;Cisgênero;NÃO;ITAJAÍ;Brasil;NÃO;SUL;SC;4;1;0;4;0;;4;;18/07/2026 07:17
2026;Branca;DIVORCIADO;45 a 49 anos;FEMININO;ENSINO FUNDAMENTAL INCOMPLETO;Cisgênero;NÃO;ITAJAÍ;Brasil;NÃO;SUL;SC;17;0;0;18;0;;18;;18/07/2026 07:17
2026;Branca;DIVORCIADO;45 a 49 anos;FEMININO;ENSINO MÉDIO COMPLETO;Cisgênero;NÃO;ITAJAÍ;Brasil;NÃO;SUL;SC;48;1;0;51;0;;51;;18/07/2026 07:17
2026;Branca;DIVORCIADO;45 a 49 anos;FEMININO;ENSINO MÉDIO COMPLETO;Prefere não informar;NÃO;ITAJAÍ;Brasil;NÃO;SUL;SC;4;0;0;4;0;;4;;18/07/2026 07:17
2026;Branca;DIVORCIADO;45 a 49 anos;FEMININO;ENSINO MÉDIO INCOMPLETO;Cisgênero;NÃO;ITAJAÍ;Brasil;NÃO;SUL;SC;6;0;0;6;0;;6;;18/07/2026 07:17
2026;Branca;DIVORCIADO;45 a 49 anos;FEMININO;ENSINO MÉDIO INCOMPLETO;Prefere não informar;NÃO;ITAJAÍ;Brasil;NÃO;SUL;SC;2;0;0;2;0;;2;;18/07/2026 07:17
2026;Branca;DIVORCIADO;45 a 49 anos;FEMININO;SUPERIOR COMPLETO;Cisgênero;NÃO;ITAJAÍ;Brasil;NÃO;SUL;SC;80;1;0;80;0;;80;;18/07/2026 07:17
2026;Branca;DIVORCIADO;45 a 49 anos;FEMININO;SUPERIOR COMPLETO;Prefere não informar;NÃO;ITAJAÍ;Brasil;NÃO;SUL;SC;4;0;0;4;0;;4;;18/07/2026 07:17
2026;Branca;DIVORCIADO;45 a 49 anos;FEMININO;SUPERIOR COMPLETO;Prefere não informar;SIM;ITAJAÍ;Brasil;NÃO;SUL;SC;1;0;0;1;0;;1;;18/07/2026 07:17
2026;Branca;DIVORCIADO;45 a 49 anos;FEMININO;SUPERIOR INCOMPLETO;Cisgênero;NÃO;ITAJAÍ;Brasil;NÃO;SUL;SC;27;1;0;27;0;;27;;18/07/2026 07:17
2026;Branca;DIVORCIADO;45 a 49 anos;MASCULINO;ENSINO FUNDAMENTAL COMPLETO;Cisgênero;NÃO;ITAJAÍ;Brasil;NÃO;SUL;SC;5;0;0;5;0;;5;;18/07/2026 07:17
2026;Branca;DIVORCIADO;45 a 49 anos;MASCULINO;ENSINO FUNDAMENTAL COMPLETO;Prefere não informar;NÃO;ITAJAÍ;Brasil;NÃO;SUL;SC;2;0;0;2;0;;2;;18/07/2026 07:17
2026;Branca;DIVORCIADO;45 a 49 anos;MASCULINO;ENSINO FUNDAMENTAL INCOMPLETO;Cisgênero;NÃO;ITAJAÍ;Brasil;NÃO;SUL;SC;6;0;0;7;0;;7;;18/07/2026 07:17
2026;Branca;DIVORCIADO;45 a 49 anos;MASCULINO;ENSINO MÉDIO COMPLETO;Cisgênero;NÃO;ITAJAÍ;Brasil;NÃO;SUL;SC;31;1;0;33;0;;33;;18/07/2026 07:17
2026;Branca;DIVORCIADO;45 a 49 anos;MASCULINO;ENSINO MÉDIO COMPLETO;Prefere não informar;NÃO;ITAJAÍ;Brasil;NÃO;SUL;SC;1;0;0;1;0;;1;;18/07/2026 07:17
2026;Branca;DIVORCIADO;45 a 49 anos;MASCULINO;ENSINO MÉDIO INCOMPLETO;Cisgênero;NÃO;ITAJAÍ;Brasil;NÃO;SUL;SC;8;0;0;8;0;;8;;18/07/2026 07:17
2026;Branca;DIVORCIADO;45 a 49 anos;MASCULINO;SUPERIOR COMPLETO;Cisgênero;NÃO;ITAJAÍ;Brasil;NÃO;SUL;SC;25;1;0;25;0;;25;;18/07/2026 07:17
2026;Branca;DIVORCIADO;45 a 49 anos;MASCULINO;SUPERIOR COMPLETO;Cisgênero;SIM;ITAJAÍ;Brasil;NÃO;SUL;SC;1;0;0;1;0;;1;;18/07/2026 07:17
2026;Branca;DIVORCIADO;45 a 49 anos;MASCULINO;SUPERIOR COMPLETO;Prefere não informar;NÃO;ITAJAÍ;Brasil;NÃO;SUL;SC;2;0;0;2;0;;2;;18/07/2026 07:17
2026;Branca;DIVORCIADO;45 a 49 anos;MASCULINO;SUPERIOR INCOMPLETO;Cisgênero;NÃO;ITAJAÍ;Brasil;NÃO;SUL;SC;12;0;0;12;0;;12;;18/07/2026 07:17
2026;Branca;DIVORCIADO;45 a 49 anos;MASCULINO;SUPERIOR INCOMPLETO;Cisgênero;SIM;ITAJAÍ;Brasil;NÃO;SUL;SC;1;0;0;1;0;;1;;18/07/2026 07:17
2026;Branca;DIVORCIADO;45 a 49 anos;MASCULINO;SUPERIOR INCOMPLETO;Prefere não informar;NÃO;ITAJAÍ;Brasil;NÃO;SUL;SC;1;0;0;1;0;;1;;18/07/2026 07:17
2026;Branca;DIVORCIADO;50 a 54 anos;FEMININO;ENSINO FUNDAMENTAL COMPLETO;Cisgênero;NÃO;ITAJAÍ;Brasil;NÃO;SUL;SC;9;0;0;10;0;;10;;18/07/2026 07:17
2026;Branca;DIVORCIADO;50 a 54 anos;FEMININO;ENSINO FUNDAMENTAL INCOMPLETO;Cisgênero;NÃO;ITAJAÍ;Brasil;NÃO;SUL;SC;15;0;0;16;0;;16;;18/07/2026 07:17
2026;Branca;DIVORCIADO;50 a 54 anos;FEMININO;ENSINO FUNDAMENTAL INCOMPLETO;Prefere não informar;NÃO;ITAJAÍ;Brasil;NÃO;SUL;SC;3;0;0;3;0;;3;;18/07/2026 07:17
2026;Branca;DIVORCIADO;50 a 54 anos;FEMININO;ENSINO MÉDIO COMPLETO;Cisgênero;NÃO;ITAJAÍ;Brasil;NÃO;SUL;SC;50;2;0;50;0;;50;;18/07/2026 07:17
2026;Branca;DIVORCIADO;50 a 54 anos;FEMININO;ENSINO MÉDIO COMPLETO;Cisgênero;SIM;ITAJAÍ;Brasil;NÃO;SUL;SC;1;0;0;1;0;;1;;18/07/2026 07:17
2026;Branca;DIVORCIADO;50 a 54 anos;FEMININO;ENSINO MÉDIO COMPLETO;Prefere não informar;NÃO;ITAJAÍ;Brasil;NÃO;SUL;SC;2;0;0;2;0;;2;;18/07/2026 07:17
2026;Branca;DIVORCIADO;50 a 54 anos;FEMININO;ENSINO MÉDIO INCOMPLETO;Cisgênero;NÃO;ITAJAÍ;Brasil;NÃO;SUL;SC;9;2;0;10;0;;10;;18/07/2026 07:17
2026;Branca;DIVORCIADO;50 a 54 anos;FEMININO;SUPERIOR COMPLETO;Cisgênero;NÃO;ITAJAÍ;Brasil;NÃO;SUL;SC;76;2;0;77;0;;77;;18/07/2026 07:17
2026;Branca;DIVORCIADO;50 a 54 anos;FEMININO;SUPERIOR COMPLETO;Prefere não informar;NÃO;ITAJAÍ;Brasil;NÃO;SUL;SC;3;0;0;3;0;;3;;18/07/2026 07:17
2026;Branca;DIVORCIADO;50 a 54 anos;FEMININO;SUPERIOR INCOMPLETO;Cisgênero;NÃO;ITAJAÍ;Brasil;NÃO;SUL;SC;7;0;0;7;0;;7;;18/07/2026 07:17
2026;Branca;DIVORCIADO;50 a 54 anos;MASCULINO;ENSINO FUNDAMENTAL COMPLETO;Cisgênero;NÃO;ITAJAÍ;Brasil;NÃO;SUL;SC;2;0;0;2;0;;2;;18/07/2026 07:17
2026;Branca;DIVORCIADO;50 a 54 anos;MASCULINO;ENSINO FUNDAMENTAL INCOMPLETO;Cisgênero;NÃO;ITAJAÍ;Brasil;NÃO;SUL;SC;6;0;0;7;0;;7;;18/07/2026 07:17
2026;Branca;DIVORCIADO;50 a 54 anos;MASCULINO;ENSINO MÉDIO COMPLETO;Cisgênero;NÃO;ITAJAÍ;Brasil;NÃO;SUL;SC;23;1;0;24;0;;24;;18/07/2026 07:17
2026;Branca;DIVORCIADO;50 a 54 anos;MASCULINO;ENSINO MÉDIO INCOMPLETO;Cisgênero;NÃO;ITAJAÍ;Brasil;NÃO;SUL;SC;10;0;0;11;0;;11;;18/07/2026 07:17
2026;Branca;DIVORCIADO;50 a 54 anos;MASCULINO;SUPERIOR COMPLETO;Cisgênero;NÃO;ITAJAÍ;Brasil;NÃO;SUL;SC;21;1;0;24;0;;24;;18/07/2026 07:17
2026;Branca;DIVORCIADO;50 a 54 anos;MASCULINO;SUPERIOR COMPLETO;Prefere não informar;NÃO;ITAJAÍ;Brasil;NÃO;SUL;SC;2;0;0;2;0;;2;;18/07/2026 07:17
2026;Branca;DIVORCIADO;50 a 54 anos;MASCULINO;SUPERIOR INCOMPLETO;Cisgênero;NÃO;ITAJAÍ;Brasil;NÃO;SUL;SC;9;0;0;9;0;;9;;18/07/2026 07:17
2026;Branca;DIVORCIADO;55 a 59 anos;FEMININO;ENSINO FUNDAMENTAL COMPLETO;Cisgênero;NÃO;ITAJAÍ;Brasil;NÃO;SUL;SC;20;0;0;22;0;;22;;18/07/2026 07:17
2026;Branca;DIVORCIADO;55 a 59 anos;FEMININO;ENSINO FUNDAMENTAL COMPLETO;Prefere não informar;NÃO;ITAJAÍ;Brasil;NÃO;SUL;SC;1;0;0;1;0;;1;;18/07/2026 07:17
2026;Branca;DIVORCIADO;55 a 59 anos;FEMININO;ENSINO FUNDAMENTAL INCOMPLETO;Cisgênero;NÃO;ITAJAÍ;Brasil;NÃO;SUL;SC;26;0;0;28;0;;28;;18/07/2026 07:17
2026;Branca;DIVORCIADO;55 a 59 anos;FEMININO;ENSINO FUNDAMENTAL INCOMPLETO;Prefere não informar;NÃO;ITAJAÍ;Brasil;NÃO;SUL;SC;1;0;0;1;0;;1;;18/07/2026 07:17
2026;Branca;DIVORCIADO;55 a 59 anos;FEMININO;ENSINO MÉDIO COMPLETO;Cisgênero;NÃO;ITAJAÍ;Brasil;NÃO;SUL;SC;37;2;0;37;0;;37;;18/07/2026 07:17
2026;Branca;DIVORCIADO;55 a 59 anos;FEMININO;ENSINO MÉDIO COMPLETO;Cisgênero;SIM;ITAJAÍ;Brasil;NÃO;SUL;SC;1;0;0;1;0;;1;;18/07/2026 07:17
2026;Branca;DIVORCIADO;55 a 59 anos;FEMININO;ENSINO MÉDIO INCOMPLETO;Cisgênero;NÃO;ITAJAÍ;Brasil;NÃO;SUL;SC;9;0;0;9;0;;9;;18/07/2026 07:17
2026;Branca;DIVORCIADO;55 a 59 anos;FEMININO;LÊ E ESCREVE;Cisgênero;NÃO;ITAJAÍ;Brasil;NÃO;SUL;SC;2;0;0;2;0;;2;;18/07/2026 07:17
2026;Branca;DIVORCIADO;55 a 59 anos;FEMININO;SUPERIOR COMPLETO;Cisgênero;NÃO;ITAJAÍ;Brasil;NÃO;SUL;SC;57;1;0;58;0;;58;;18/07/2026 07:17
2026;Branca;DIVORCIADO;55 a 59 anos;FEMININO;SUPERIOR COMPLETO;Prefere não informar;NÃO;ITAJAÍ;Brasil;NÃO;SUL;SC;3;0;0;3;0;;3;;18/07/2026 07:17
2026;Branca;DIVORCIADO;55 a 59 anos;FEMININO;SUPERIOR INCOMPLETO;Cisgênero;NÃO;ITAJAÍ;Brasil;NÃO;SUL;SC;7;1;0;7;0;;7;;18/07/2026 07:17
2026;Branca;DIVORCIADO;55 a 59 anos;FEMININO;SUPERIOR INCOMPLETO;Prefere não informar;NÃO;ITAJAÍ;Brasil;NÃO;SUL;SC;1;0;0;1;0;;1;;18/07/2026 07:17
2026;Branca;DIVORCIADO;55 a 59 anos;MASCULINO;ANALFABETO;Cisgênero;NÃO;ITAJAÍ;Brasil;NÃO;SUL;SC;1;0;0;1;1;;0;;18/07/2026 07:17
2026;Branca;DIVORCIADO;55 a 59 anos;MASCULINO;ENSINO FUNDAMENTAL COMPLETO;Cisgênero;NÃO;ITAJAÍ;Brasil;NÃO;SUL;SC;9;0;0;9;0;;9;;18/07/2026 07:17
2026;Branca;DIVORCIADO;55 a 59 anos;MASCULINO;ENSINO FUNDAMENTAL INCOMPLETO;Cisgênero;NÃO;ITAJAÍ;Brasil;NÃO;SUL;SC;20;1;0;22;0;;22;;18/07/2026 07:17
2026;Branca;DIVORCIADO;55 a 59 anos;MASCULINO;ENSINO MÉDIO COMPLETO;Cisgênero;NÃO;ITAJAÍ;Brasil;NÃO;SUL;SC;28;1;0;30;0;;30;;18/07/2026 07:17
2026;Branca;DIVORCIADO;55 a 59 anos;MASCULINO;ENSINO MÉDIO COMPLETO;Prefere não informar;NÃO;ITAJAÍ;Brasil;NÃO;SUL;SC;1;0;0;1;0;;1;;18/07/2026 07:17
2026;Branca;DIVORCIADO;55 a 59 anos;MASCULINO;ENSINO MÉDIO INCOMPLETO;Cisgênero;NÃO;ITAJAÍ;Brasil;NÃO;SUL;SC;6;0;0;7;0;;7;;18/07/2026 07:17
2026;Branca;DIVORCIADO;55 a 59 anos;MASCULINO;SUPERIOR COMPLETO;Cisgênero;NÃO;ITAJAÍ;Brasil;NÃO;SUL;SC;24;2;0;24;0;;24;;18/07/2026 07:17
2026;Branca;DIVORCIADO;55 a 59 anos;MASCULINO;SUPERIOR COMPLETO;Prefere não informar;NÃO;ITAJAÍ;Brasil;NÃO;SUL;SC;2;0;0;2;0;;2;;18/07/2026 07:17
2026;Branca;DIVORCIADO;55 a 59 anos;MASCULINO;SUPERIOR INCOMPLETO;Cisgênero;NÃO;ITAJAÍ;Brasil;NÃO;SUL;SC;6;0;0;6;0;;6;;18/07/2026 07:17
2026;Branca;DIVORCIADO;60 a 64 anos;FEMININO;ANALFABETO;Cisgênero;NÃO;ITAJAÍ;Brasil;NÃO;SUL;SC;3;1;0;3;3;;0;;18/07/2026 07:17
2026;Branca;DIVORCIADO;60 a 64 anos;FEMININO;ENSINO FUNDAMENTAL COMPLETO;Cisgênero;NÃO;ITAJAÍ;Brasil;NÃO;SUL;SC;15;1;0;17;0;;17;;18/07/2026 07:17
2026;Branca;DIVORCIADO;60 a 64 anos;FEMININO;ENSINO FUNDAMENTAL INCOMPLETO;Cisgênero;NÃO;ITAJAÍ;Brasil;NÃO;SUL;SC;43;2;0;43;0;;43;;18/07/2026 07:17
2026;Branca;DIVORCIADO;60 a 64 anos;FEMININO;ENSINO FUNDAMENTAL INCOMPLETO;Prefere não informar;NÃO;ITAJAÍ;Brasil;NÃO;SUL;SC;1;0;0;1;0;;1;;18/07/2026 07:17
2026;Branca;DIVORCIADO;60 a 64 anos;FEMININO;ENSINO MÉDIO COMPLETO;Cisgênero;NÃO;ITAJAÍ;Brasil;NÃO;SUL;SC;47;3;0;48;0;;48;;18/07/2026 07:17
2026;Branca;DIVORCIADO;60 a 64 anos;FEMININO;ENSINO MÉDIO COMPLETO;Cisgênero;SIM;ITAJAÍ;Brasil;NÃO;SUL;SC;1;0;0;1;0;;1;;18/07/2026 07:17
2026;Branca;DIVORCIADO;60 a 64 anos;FEMININO;ENSINO MÉDIO INCOMPLETO;Cisgênero;NÃO;ITAJAÍ;Brasil;NÃO;SUL;SC;12;0;0;12;0;;12;;18/07/2026 07:17
2026;Branca;DIVORCIADO;60 a 64 anos;FEMININO;LÊ E ESCREVE;Cisgênero;NÃO;ITAJAÍ;Brasil;NÃO;SUL;SC;1;0;0;1;0;;1;;18/07/2026 07:17
2026;Branca;DIVORCIADO;60 a 64 anos;FEMININO;SUPERIOR COMPLETO;Cisgênero;NÃO;ITAJAÍ;Brasil;NÃO;SUL;SC;40;3;0;40;0;;40;;18/07/2026 07:17
2026;Branca;DIVORCIADO;60 a 64 anos;FEMININO;SUPERIOR COMPLETO;Cisgênero;SIM;ITAJAÍ;Brasil;NÃO;SUL;SC;1;0;0;1;0;;1;;18/07/2026 07:17
2026;Branca;DIVORCIADO;60 a 64 anos;FEMININO;SUPERIOR INCOMPLETO;Cisgênero;NÃO;ITAJAÍ;Brasil;NÃO;SUL;SC;8;0;0;8;0;;8;;18/07/2026 07:17
2026;Branca;DIVORCIADO;60 a 64 anos;MASCULINO;ANALFABETO;Cisgênero;NÃO;ITAJAÍ;Brasil;NÃO;SUL;SC;1;0;0;1;1;;0;;18/07/2026 07:17
2026;Branca;DIVORCIADO;60 a 64 anos;MASCULINO;ENSINO FUNDAMENTAL COMPLETO;Cisgênero;NÃO;ITAJAÍ;Brasil;NÃO;SUL;SC;7;0;0;7;0;;7;;18/07/2026 07:17
2026;Branca;DIVORCIADO;60 a 64 anos;MASCULINO;ENSINO FUNDAMENTAL COMPLETO;Cisgênero;SIM;ITAJAÍ;Brasil;NÃO;SUL;SC;1;0;0;1;0;;1;;18/07/2026 07:17
2026;Branca;DIVORCIADO;60 a 64 anos;MASCULINO;ENSINO FUNDAMENTAL INCOMPLETO;Cisgênero;NÃO;ITAJAÍ;Brasil;NÃO;SUL;SC;18;0;0;18;0;;18;;18/07/2026 07:17
2026;Branca;DIVORCIADO;60 a 64 anos;MASCULINO;ENSINO FUNDAMENTAL INCOMPLETO;Prefere não informar;NÃO;ITAJAÍ;Brasil;NÃO;SUL;SC;1;0;0;1;0;;1;;18/07/2026 07:17
2026;Branca;DIVORCIADO;60 a 64 anos;MASCULINO;ENSINO MÉDIO COMPLETO;Cisgênero;NÃO;ITAJAÍ;Brasil;NÃO;SUL;SC;29;3;0;30;0;;30;;18/07/2026 07:17
2026;Branca;DIVORCIADO;60 a 64 anos;MASCULINO;ENSINO MÉDIO INCOMPLETO;Cisgênero;NÃO;ITAJAÍ;Brasil;NÃO;SUL;SC;4;0;0;4;0;;4;;18/07/2026 07:17
2026;Branca;DIVORCIADO;60 a 64 anos;MASCULINO;ENSINO MÉDIO INCOMPLETO;Prefere não informar;NÃO;ITAJAÍ;Brasil;NÃO;SUL;SC;1;0;0;1;0;;1;;18/07/2026 07:17
2026;Branca;DIVORCIADO;60 a 64 anos;MASCULINO;LÊ E ESCREVE;Cisgênero;NÃO;ITAJAÍ;Brasil;NÃO;SUL;SC;1;0;0;1;0;;1;;18/07/2026 07:17
2026;Branca;DIVORCIADO;60 a 64 anos;MASCULINO;SUPERIOR COMPLETO;Cisgênero;NÃO;ITAJAÍ;Brasil;NÃO;SUL;SC;21;1;0;22;0;;22;;18/07/2026 07:17
2026;Branca;DIVORCIADO;60 a 64 anos;MASCULINO;SUPERIOR INCOMPLETO;Cisgênero;NÃO;ITAJAÍ;Brasil;NÃO;SUL;SC;6;0;0;6;0;;6;;18/07/2026 07:17
2026;Branca;DIVORCIADO;65 a 69 anos;FEMININO;ANALFABETO;Cisgênero;NÃO;ITAJAÍ;Brasil;NÃO;SUL;SC;3;0;0;3;3;;0;;18/07/2026 07:17
2026;Branca;DIVORCIADO;65 a 69 anos;FEMININO;ENSINO FUNDAMENTAL COMPLETO;Cisgênero;NÃO;ITAJAÍ;Brasil;NÃO;SUL;SC;9;0;0;10;0;;10;;18/07/2026 07:17
2026;Branca;DIVORCIADO;65 a 69 anos;FEMININO;ENSINO FUNDAMENTAL INCOMPLETO;Cisgênero;NÃO;ITAJAÍ;Brasil;NÃO;SUL;SC;31;0;0;31;0;;31;;18/07/2026 07:17
2026;Branca;DIVORCIADO;65 a 69 anos;FEMININO;ENSINO MÉDIO COMPLETO;Cisgênero;NÃO;ITAJAÍ;Brasil;NÃO;SUL;SC;21;1;0;21;0;;21;;18/07/2026 07:17
2026;Branca;DIVORCIADO;65 a 69 anos;FEMININO;ENSINO MÉDIO INCOMPLETO;Cisgênero;NÃO;ITAJAÍ;Brasil;NÃO;SUL;SC;8;0;0;8;0;;8;;18/07/2026 07:17
2026;Branca;DIVORCIADO;65 a 69 anos;FEMININO;SUPERIOR COMPLETO;Cisgênero;NÃO;ITAJAÍ;Brasil;NÃO;SUL;SC;25;1;0;25;0;;25;;18/07/2026 07:17
2026;Branca;DIVORCIADO;65 a 69 anos;FEMININO;SUPERIOR INCOMPLETO;Cisgênero;NÃO;ITAJAÍ;Brasil;NÃO;SUL;SC;5;0;0;5;0;;5;;18/07/2026 07:17
2026;Branca;DIVORCIADO;65 a 69 anos;MASCULINO;ANALFABETO;Cisgênero;NÃO;ITAJAÍ;Brasil;NÃO;SUL;SC;2;0;0;2;2;;0;;18/07/2026 07:17
2026;Branca;DIVORCIADO;65 a 69 anos;MASCULINO;ENSINO FUNDAMENTAL COMPLETO;Cisgênero;NÃO;ITAJAÍ;Brasil;NÃO;SUL;SC;10;0;0;11;0;;11;;18/07/2026 07:17
2026;Branca;DIVORCIADO;65 a 69 anos;MASCULINO;ENSINO FUNDAMENTAL COMPLETO;Prefere não informar;NÃO;ITAJAÍ;Brasil;NÃO;SUL;SC;1;0;0;1;0;;1;;18/07/2026 07:17
2026;Branca;DIVORCIADO;65 a 69 anos;MASCULINO;ENSINO FUNDAMENTAL INCOMPLETO;Cisgênero;NÃO;ITAJAÍ;Brasil;NÃO;SUL;SC;24;1;0;25;0;;25;;18/07/2026 07:17
2026;Branca;DIVORCIADO;65 a 69 anos;MASCULINO;ENSINO MÉDIO COMPLETO;Cisgênero;NÃO;ITAJAÍ;Brasil;NÃO;SUL;SC;26;0;0;27;0;;27;;18/07/2026 07:17
2026;Branca;DIVORCIADO;65 a 69 anos;MASCULINO;ENSINO MÉDIO INCOMPLETO;Cisgênero;NÃO;ITAJAÍ;Brasil;NÃO;SUL;SC;7;1;0;7;0;;7;;18/07/2026 07:17
2026;Branca;DIVORCIADO;65 a 69 anos;MASCULINO;LÊ E ESCREVE;Cisgênero;NÃO;ITAJAÍ;Brasil;NÃO;SUL;SC;5;1;0;5;0;;5;;18/07/2026 07:17
2026;Branca;DIVORCIADO;65 a 69 anos;MASCULINO;SUPERIOR COMPLETO;Cisgênero;NÃO;ITAJAÍ;Brasil;NÃO;SUL;SC;8;0;0;8;0;;8;;18/07/2026 07:17
2026;Branca;DIVORCIADO;65 a 69 anos;MASCULINO;SUPERIOR COMPLETO;Prefere não informar;NÃO;ITAJAÍ;Brasil;NÃO;SUL;SC;2;0;0;2;0;;2;;18/07/2026 07:17
2026;Branca;DIVORCIADO;65 a 69 anos;MASCULINO;SUPERIOR INCOMPLETO;Cisgênero;NÃO;ITAJAÍ;Brasil;NÃO;SUL;SC;5;1;0;6;0;;6;;18/07/2026 07:17
2026;Branca;DIVORCIADO;70 a 74 anos;FEMININO;ANALFABETO;Cisgênero;NÃO;ITAJAÍ;Brasil;NÃO;SUL;SC;1;1;0;1;1;;0;;18/07/2026 07:17
2026;Branca;DIVORCIADO;70 a 74 anos;FEMININO;ENSINO FUNDAMENTAL COMPLETO;Cisgênero;NÃO;ITAJAÍ;Brasil;NÃO;SUL;SC;4;0;0;4;4;;0;;18/07/2026 07:17
2026;Branca;DIVORCIADO;70 a 74 anos;FEMININO;ENSINO FUNDAMENTAL INCOMPLETO;Cisgênero;NÃO;ITAJAÍ;Brasil;NÃO;SUL;SC;12;1;0;12;12;;0;;18/07/2026 07:17
2026;Branca;DIVORCIADO;70 a 74 anos;FEMININO;ENSINO FUNDAMENTAL INCOMPLETO;Prefere não informar;NÃO;ITAJAÍ;Brasil;NÃO;SUL;SC;1;0;0;1;1;;0;;18/07/2026 07:17
2026;Branca;DIVORCIADO;70 a 74 anos;FEMININO;ENSINO MÉDIO COMPLETO;Cisgênero;NÃO;ITAJAÍ;Brasil;NÃO;SUL;SC;22;0;0;22;22;;0;;18/07/2026 07:17
2026;Branca;DIVORCIADO;70 a 74 anos;FEMININO;ENSINO MÉDIO COMPLETO;Prefere não informar;NÃO;ITAJAÍ;Brasil;NÃO;SUL;SC;1;0;0;1;1;;0;;18/07/2026 07:17
2026;Branca;DIVORCIADO;70 a 74 anos;FEMININO;ENSINO MÉDIO INCOMPLETO;Cisgênero;NÃO;ITAJAÍ;Brasil;NÃO;SUL;SC;4;0;0;4;4;;0;;18/07/2026 07:17
2026;Branca;DIVORCIADO;70 a 74 anos;FEMININO;LÊ E ESCREVE;Cisgênero;NÃO;ITAJAÍ;Brasil;NÃO;SUL;SC;3;0;0;3;3;;0;;18/07/2026 07:17
2026;Branca;DIVORCIADO;70 a 74 anos;FEMININO;SUPERIOR COMPLETO;Cisgênero;NÃO;ITAJAÍ;Brasil;NÃO;SUL;SC;10;1;0;10;10;;0;;18/07/2026 07:17
2026;Branca;DIVORCIADO;70 a 74 anos;FEMININO;SUPERIOR INCOMPLETO;Cisgênero;NÃO;ITAJAÍ;Brasil;NÃO;SUL;SC;1;0;0;1;1;;0;;18/07/2026 07:17
2026;Branca;DIVORCIADO;70 a 74 anos;MASCULINO;ENSINO FUNDAMENTAL COMPLETO;Cisgênero;NÃO;ITAJAÍ;Brasil;NÃO;SUL;SC;3;1;0;3;3;;0;;18/07/2026 07:17
2026;Branca;DIVORCIADO;70 a 74 anos;MASCULINO;ENSINO FUNDAMENTAL INCOMPLETO;Cisgênero;NÃO;ITAJAÍ;Brasil;NÃO;SUL;SC;7;1;0;7;7;;0;;18/07/2026 07:17
2026;Branca;DIVORCIADO;70 a 74 anos;MASCULINO;ENSINO FUNDAMENTAL INCOMPLETO;Prefere não informar;NÃO;ITAJAÍ;Brasil;NÃO;SUL;SC;0;0;0;1;1;;0;;18/07/2026 07:17
2026;Branca;DIVORCIADO;70 a 74 anos;MASCULINO;ENSINO MÉDIO COMPLETO;Cisgênero;NÃO;ITAJAÍ;Brasil;NÃO;SUL;SC;16;0;0;16;16;;0;;18/07/2026 07:17
2026;Branca;DIVORCIADO;70 a 74 anos;MASCULINO;ENSINO MÉDIO INCOMPLETO;Cisgênero;NÃO;ITAJAÍ;Brasil;NÃO;SUL;SC;5;0;0;5;5;;0;;18/07/2026 07:17
2026;Branca;DIVORCIADO;70 a 74 anos;MASCULINO;ENSINO MÉDIO INCOMPLETO;Prefere não informar;NÃO;ITAJAÍ;Brasil;NÃO;SUL;SC;1;0;0;1;1;;0;;18/07/2026 07:17
2026;Branca;DIVORCIADO;70 a 74 anos;MASCULINO;LÊ E ESCREVE;Cisgênero;NÃO;ITAJAÍ;Brasil;NÃO;SUL;SC;3;0;0;3;3;;0;;18/07/2026 07:17
2026;Branca;DIVORCIADO;70 a 74 anos;MASCULINO;SUPERIOR COMPLETO;Cisgênero;NÃO;ITAJAÍ;Brasil;NÃO;SUL;SC;6;0;0;6;6;;0;;18/07/2026 07:17
2026;Branca;DIVORCIADO;70 a 74 anos;MASCULINO;SUPERIOR INCOMPLETO;Cisgênero;NÃO;ITAJAÍ;Brasil;NÃO;SUL;SC;3;0;0;3;3;;0;;18/07/2026 07:17
2026;Branca;DIVORCIADO;75 a 79 anos;FEMININO;ANALFABETO;Cisgênero;NÃO;ITAJAÍ;Brasil;NÃO;SUL;SC;1;1;0;1;1;;0;;18/07/2026 07:17
2026;Branca;DIVORCIADO;75 a 79 anos;FEMININO;ENSINO FUNDAMENTAL COMPLETO;Cisgênero;NÃO;ITAJAÍ;Brasil;NÃO;SUL;SC;3;0;0;3;3;;0;;18/07/2026 07:17
2026;Branca;DIVORCIADO;75 a 79 anos;FEMININO;ENSINO FUNDAMENTAL INCOMPLETO;Cisgênero;NÃO;ITAJAÍ;Brasil;NÃO;SUL;SC;7;0;0;7;7;;0;;18/07/2026 07:17
2026;Branca;DIVORCIADO;75 a 79 anos;FEMININO;ENSINO MÉDIO COMPLETO;Cisgênero;NÃO;ITAJAÍ;Brasil;NÃO;SUL;SC;8;1;0;8;8;;0;;18/07/2026 07:17
2026;Branca;DIVORCIADO;75 a 79 anos;FEMININO;ENSINO MÉDIO INCOMPLETO;Cisgênero;NÃO;ITAJAÍ;Brasil;NÃO;SUL;SC;3;0;0;3;3;;0;;18/07/2026 07:17
2026;Branca;DIVORCIADO;75 a 79 anos;FEMININO;LÊ E ESCREVE;Cisgênero;NÃO;ITAJAÍ;Brasil;NÃO;SUL;SC;1;0;0;1;1;;0;;18/07/2026 07:17
2026;Branca;DIVORCIADO;75 a 79 anos;FEMININO;SUPERIOR COMPLETO;Cisgênero;NÃO;ITAJAÍ;Brasil;NÃO;SUL;SC;7;0;0;7;7;;0;;18/07/2026 07:17
2026;Branca;DIVORCIADO;75 a 79 anos;MASCULINO;ANALFABETO;Cisgênero;NÃO;ITAJAÍ;Brasil;NÃO;SUL;SC;1;1;0;1;1;;0;;18/07/2026 07:17
2026;Branca;DIVORCIADO;75 a 79 anos;MASCULINO;ENSINO FUNDAMENTAL COMPLETO;Cisgênero;NÃO;ITAJAÍ;Brasil;NÃO;SUL;SC;1;0;0;1;1;;0;;18/07/2026 07:17
2026;Branca;DIVORCIADO;75 a 79 anos;MASCULINO;ENSINO FUNDAMENTAL INCOMPLETO;Cisgênero;NÃO;ITAJAÍ;Brasil;NÃO;SUL;SC;2;0;0;2;2;;0;;18/07/2026 07:17
2026;Branca;DIVORCIADO;75 a 79 anos;MASCULINO;ENSINO MÉDIO COMPLETO;Cisgênero;NÃO;ITAJAÍ;Brasil;NÃO;SUL;SC;4;0;0;4;4;;0;;18/07/2026 07:17
2026;Branca;DIVORCIADO;75 a 79 anos;MASCULINO;LÊ E ESCREVE;Cisgênero;NÃO;ITAJAÍ;Brasil;NÃO;SUL;SC;1;1;0;1;1;;0;;18/07/2026 07:17
2026;Branca;DIVORCIADO;75 a 79 anos;MASCULINO;SUPERIOR COMPLETO;Cisgênero;NÃO;ITAJAÍ;Brasil;NÃO;SUL;SC;5;0;0;5;5;;0;;18/07/2026 07:17
2026;Branca;DIVORCIADO;80 a 84 anos;FEMININO;ANALFABETO;Cisgênero;NÃO;ITAJAÍ;Brasil;NÃO;SUL;SC;1;0;0;1;1;;0;;18/07/2026 07:17
2026;Branca;DIVORCIADO;80 a 84 anos;FEMININO;ENSINO FUNDAMENTAL INCOMPLETO;Cisgênero;NÃO;ITAJAÍ;Brasil;NÃO;SUL;SC;1;0;0;1;1;;0;;18/07/2026 07:17
2026;Branca;DIVORCIADO;80 a 84 anos;MASCULINO;ANALFABETO;Cisgênero;NÃO;ITAJAÍ;Brasil;NÃO;SUL;SC;1;0;0;1;1;;0;;18/07/2026 07:17
2026;Branca;DIVORCIADO;80 a 84 anos;MASCULINO;ENSINO FUNDAMENTAL COMPLETO;Cisgênero;NÃO;ITAJAÍ;Brasil;NÃO;SUL;SC;1;0;0;1;1;;0;;18/07/2026 07:17
2026;Branca;DIVORCIADO;80 a 84 anos;MASCULINO;ENSINO FUNDAMENTAL INCOMPLETO;Cisgênero;NÃO;ITAJAÍ;Brasil;NÃO;SUL;SC;1;0;0;1;1;;0;;18/07/2026 07:17
2026;Branca;DIVORCIADO;80 a 84 anos;MASCULINO;ENSINO MÉDIO COMPLETO;Cisgênero;NÃO;ITAJAÍ;Brasil;NÃO;SUL;SC;2;0;0;2;2;;0;;18/07/2026 07:17
2026;Branca;DIVORCIADO;80 a 84 anos;MASCULINO;LÊ E ESCREVE;Cisgênero;NÃO;ITAJAÍ;Brasil;NÃO;SUL;SC;1;0;0;1;1;;0;;18/07/2026 07:17
2026;Branca;DIVORCIADO;80 a 84 anos;MASCULINO;SUPERIOR COMPLETO;Cisgênero;NÃO;ITAJAÍ;Brasil;NÃO;SUL;SC;1;0;0;1;1;;0;;18/07/2026 07:17
2026;Branca;DIVORCIADO;85 a 89 anos;FEMININO;ENSINO MÉDIO COMPLETO;Cisgênero;NÃO;ITAJAÍ;Brasil;NÃO;SUL;SC;1;0;0;1;1;;0;;18/07/2026 07:17
2026;Branca;DIVORCIADO;85 a 89 anos;FEMININO;LÊ E ESCREVE;Cisgênero;NÃO;ITAJAÍ;Brasil;NÃO;SUL;SC;1;0;0;1;1;;0;;18/07/2026 07:17
2026;Branca;DIVORCIADO;85 a 89 anos;FEMININO;SUPERIOR COMPLETO;Cisgênero;NÃO;ITAJAÍ;Brasil;NÃO;SUL;SC;2;1;0;2;2;;0;;18/07/2026 07:17
2026;Branca;DIVORCIADO;85 a 89 anos;MASCULINO;ENSINO FUNDAMENTAL COMPLETO;Cisgênero;NÃO;ITAJAÍ;Brasil;NÃO;SUL;SC;2;0;0;2;2;;0;;18/07/2026 07:17
2026;Branca;DIVORCIADO;85 a 89 anos;MASCULINO;ENSINO MÉDIO INCOMPLETO;Cisgênero;NÃO;ITAJAÍ;Brasil;NÃO;SUL;SC;1;0;0;1;1;;0;;18/07/2026 07:17
2026;Branca;DIVORCIADO;90 a 94 anos;FEMININO;ENSINO MÉDIO COMPLETO;Cisgênero;NÃO;ITAJAÍ;Brasil;NÃO;SUL;SC;1;0;0;1;1;;0;;18/07/2026 07:17
2026;Branca;SEPARADO JUDICIALMENTE;25 a 29 anos;FEMININO;SUPERIOR INCOMPLETO;Cisgênero;NÃO;ITAJAÍ;Brasil;NÃO;SUL;SC;1;0;0;1;0;;1;;18/07/2026 07:17
2026;Branca;SEPARADO JUDICIALMENTE;25 a 29 anos;MASCULINO;ENSINO MÉDIO INCOMPLETO;Cisgênero;NÃO;ITAJAÍ;Brasil;NÃO;SUL;SC;1;0;0;1;0;;1;;18/07/2026 07:17
2026;Branca;SEPARADO JUDICIALMENTE;30 a 34 anos;FEMININO;ENSINO FUNDAMENTAL COMPLETO;Cisgênero;NÃO;ITAJAÍ;Brasil;NÃO;SUL;SC;1;0;0;1;0;;1;;18/07/2026 07:17
2026;Branca;SEPARADO JUDICIALMENTE;30 a 34 anos;FEMININO;ENSINO FUNDAMENTAL INCOMPLETO;Cisgênero;NÃO;ITAJAÍ;Brasil;NÃO;SUL;SC;1;0;0;1;0;;1;;18/07/2026 07:17
2026;Branca;SEPARADO JUDICIALMENTE;30 a 34 anos;FEMININO;ENSINO MÉDIO COMPLETO;Cisgênero;NÃO;ITAJAÍ;Brasil;NÃO;SUL;SC;1;0;0;1;0;;1;;18/07/2026 07:17
2026;Branca;SEPARADO JUDICIALMENTE;30 a 34 anos;FEMININO;ENSINO MÉDIO INCOMPLETO;Cisgênero;NÃO;ITAJAÍ;Brasil;NÃO;SUL;SC;1;0;0;1;0;;1;;18/07/2026 07:17
2026;Branca;SEPARADO JUDICIALMENTE;35 a 39 anos;FEMININO;ENSINO FUNDAMENTAL COMPLETO;Cisgênero;NÃO;ITAJAÍ;Brasil;NÃO;SUL;SC;1;0;0;1;0;;1;;18/07/2026 07:17
2026;Branca;SEPARADO JUDICIALMENTE;35 a 39 anos;FEMININO;ENSINO MÉDIO COMPLETO;Cisgênero;NÃO;ITAJAÍ;Brasil;NÃO;SUL;SC;2;0;0;2;0;;2;;18/07/2026 07:17
2026;Branca;SEPARADO JUDICIALMENTE;35 a 39 anos;MASCULINO;ENSINO MÉDIO COMPLETO;Cisgênero;NÃO;ITAJAÍ;Brasil;NÃO;SUL;SC;0;0;0;1;0;;1;;18/07/2026 07:17
2026;Branca;SEPARADO JUDICIALMENTE;35 a 39 anos;MASCULINO;ENSINO MÉDIO INCOMPLETO;Cisgênero;NÃO;ITAJAÍ;Brasil;NÃO;SUL;SC;1;0;0;1;0;;1;;18/07/2026 07:17
2026;Branca;SEPARADO JUDICIALMENTE;40 a 44 anos;FEMININO;ENSINO MÉDIO COMPLETO;Cisgênero;NÃO;ITAJAÍ;Brasil;NÃO;SUL;SC;4;0;0;4;0;;4;;18/07/2026 07:17
2026;Branca;SEPARADO JUDICIALMENTE;40 a 44 anos;FEMININO;LÊ E ESCREVE;Cisgênero;NÃO;ITAJAÍ;Brasil;NÃO;SUL;SC;1;0;0;1;0;;1;;18/07/2026 07:17
2026;Branca;SEPARADO JUDICIALMENTE;40 a 44 anos;FEMININO;SUPERIOR COMPLETO;Cisgênero;NÃO;ITAJAÍ;Brasil;NÃO;SUL;SC;3;0;0;3;0;;3;;18/07/2026 07:17
2026;Branca;SEPARADO JUDICIALMENTE;40 a 44 anos;FEMININO;SUPERIOR INCOMPLETO;Cisgênero;NÃO;ITAJAÍ;Brasil;NÃO;SUL;SC;1;0;0;1;0;;1;;18/07/2026 07:17
2026;Branca;SEPARADO JUDICIALMENTE;40 a 44 anos;MASCULINO;ENSINO MÉDIO COMPLETO;Cisgênero;NÃO;ITAJAÍ;Brasil;NÃO;SUL;SC;1;0;0;1;0;;1;;18/07/2026 07:17
2026;Branca;SEPARADO JUDICIALMENTE;40 a 44 anos;MASCULINO;ENSINO MÉDIO COMPLETO;Prefere não informar;NÃO;ITAJAÍ;Brasil;NÃO;SUL;SC;1;0;0;1;0;;1;;18/07/2026 07:17
2026;Branca;SEPARADO JUDICIALMENTE;40 a 44 anos;MASCULINO;ENSINO MÉDIO INCOMPLETO;Cisgênero;NÃO;ITAJAÍ;Brasil;NÃO;SUL;SC;1;0;0;1;0;;1;;18/07/2026 07:17
2026;Branca;SEPARADO JUDICIALMENTE;40 a 44 anos;MASCULINO;SUPERIOR COMPLETO;Cisgênero;NÃO;ITAJAÍ;Brasil;NÃO;SUL;SC;1;0;0;1;0;;1;;18/07/2026 07:17
2026;Branca;SEPARADO JUDICIALMENTE;40 a 44 anos;MASCULINO;SUPERIOR INCOMPLETO;Cisgênero;NÃO;ITAJAÍ;Brasil;NÃO;SUL;SC;1;0;0;1;0;;1;;18/07/2026 07:17
2026;Branca;SEPARADO JUDICIALMENTE;45 a 49 anos;FEMININO;ENSINO FUNDAMENTAL COMPLETO;Cisgênero;NÃO;ITAJAÍ;Brasil;NÃO;SUL;SC;1;0;0;1;0;;1;;18/07/2026 07:17
2026;Branca;SEPARADO JUDICIALMENTE;45 a 49 anos;FEMININO;ENSINO FUNDAMENTAL INCOMPLETO;Cisgênero;NÃO;ITAJAÍ;Brasil;NÃO;SUL;SC;2;1;0;2;0;;2;;18/07/2026 07:17
2026;Branca;SEPARADO JUDICIALMENTE;45 a 49 anos;FEMININO;ENSINO MÉDIO COMPLETO;Cisgênero;NÃO;ITAJAÍ;Brasil;NÃO;SUL;SC;2;0;0;2;0;;2;;18/07/2026 07:17
2026;Branca;SEPARADO JUDICIALMENTE;45 a 49 anos;FEMININO;ENSINO MÉDIO COMPLETO;Prefere não informar;NÃO;ITAJAÍ;Brasil;NÃO;SUL;SC;2;0;0;2;0;;2;;18/07/2026 07:17
2026;Branca;SEPARADO JUDICIALMENTE;45 a 49 anos;FEMININO;SUPERIOR COMPLETO;Cisgênero;NÃO;ITAJAÍ;Brasil;NÃO;SUL;SC;8;0;0;8;0;;8;;18/07/2026 07:17
2026;Branca;SEPARADO JUDICIALMENTE;45 a 49 anos;FEMININO;SUPERIOR INCOMPLETO;Cisgênero;NÃO;ITAJAÍ;Brasil;NÃO;SUL;SC;3;0;0;3;0;;3;;18/07/2026 07:17
2026;Branca;SEPARADO JUDICIALMENTE;45 a 49 anos;MASCULINO;ANALFABETO;Cisgênero;NÃO;ITAJAÍ;Brasil;NÃO;SUL;SC;1;0;0;1;1;;0;;18/07/2026 07:17
2026;Branca;SEPARADO JUDICIALMENTE;45 a 49 anos;MASCULINO;ENSINO FUNDAMENTAL COMPLETO;Cisgênero;NÃO;ITAJAÍ;Brasil;NÃO;SUL;SC;1;0;0;2;0;;2;;18/07/2026 07:17
2026;Branca;SEPARADO JUDICIALMENTE;45 a 49 anos;MASCULINO;ENSINO FUNDAMENTAL INCOMPLETO;Cisgênero;NÃO;ITAJAÍ;Brasil;NÃO;SUL;SC;0;0;0;1;0;;1;;18/07/2026 07:17
2026;Branca;SEPARADO JUDICIALMENTE;45 a 49 anos;MASCULINO;ENSINO MÉDIO COMPLETO;Cisgênero;NÃO;ITAJAÍ;Brasil;NÃO;SUL;SC;2;0;0;2;0;;2;;18/07/2026 07:17
2026;Branca;SEPARADO JUDICIALMENTE;45 a 49 anos;MASCULINO;SUPERIOR COMPLETO;Cisgênero;NÃO;ITAJAÍ;Brasil;NÃO;SUL;SC;1;0;0;1;0;;1;;18/07/2026 07:17
2026;Branca;SEPARADO JUDICIALMENTE;45 a 49 anos;MASCULINO;SUPERIOR COMPLETO;Cisgênero;SIM;ITAJAÍ;Brasil;NÃO;SUL;SC;1;0;0;1;0;;1;;18/07/2026 07:17
2026;Branca;SEPARADO JUDICIALMENTE;45 a 49 anos;MASCULINO;SUPERIOR INCOMPLETO;Cisgênero;NÃO;ITAJAÍ;Brasil;NÃO;SUL;SC;1;0;0;1;0;;1;;18/07/2026 07:17
2026;Branca;SEPARADO JUDICIALMENTE;50 a 54 anos;FEMININO;ENSINO FUNDAMENTAL INCOMPLETO;Cisgênero;NÃO;ITAJAÍ;Brasil;NÃO;SUL;SC;1;0;0;2;0;;2;;18/07/2026 07:17
2026;Branca;SEPARADO JUDICIALMENTE;50 a 54 anos;FEMININO;SUPERIOR COMPLETO;Cisgênero;NÃO;ITAJAÍ;Brasil;NÃO;SUL;SC;2;0;0;2;0;;2;;18/07/2026 07:17
2026;Branca;SEPARADO JUDICIALMENTE;50 a 54 anos;FEMININO;SUPERIOR INCOMPLETO;Cisgênero;NÃO;ITAJAÍ;Brasil;NÃO;SUL;SC;1;0;0;1;0;;1;;18/07/2026 07:17
2026;Branca;SEPARADO JUDICIALMENTE;50 a 54 anos;MASCULINO;ENSINO MÉDIO COMPLETO;Cisgênero;NÃO;ITAJAÍ;Brasil;NÃO;SUL;SC;2;0;0;2;0;;2;;18/07/2026 07:17
2026;Branca;SEPARADO JUDICIALMENTE;50 a 54 anos;MASCULINO;SUPERIOR INCOMPLETO;Cisgênero;NÃO;ITAJAÍ;Brasil;NÃO;SUL;SC;1;0;0;1;0;;1;;18/07/2026 07:17
2026;Branca;SEPARADO JUDICIALMENTE;55 a 59 anos;FEMININO;ENSINO FUNDAMENTAL COMPLETO;Cisgênero;NÃO;ITAJAÍ;Brasil;NÃO;SUL;SC;1;0;0;1;0;;1;;18/07/2026 07:17
2026;Branca;SEPARADO JUDICIALMENTE;55 a 59 anos;FEMININO;ENSINO FUNDAMENTAL INCOMPLETO;Cisgênero;NÃO;ITAJAÍ;Brasil;NÃO;SUL;SC;3;0;0;3;0;;3;;18/07/2026 07:17
2026;Branca;SEPARADO JUDICIALMENTE;55 a 59 anos;FEMININO;ENSINO MÉDIO COMPLETO;Cisgênero;NÃO;ITAJAÍ;Brasil;NÃO;SUL;SC;3;0;0;3;0;;3;;18/07/2026 07:17
2026;Branca;SEPARADO JUDICIALMENTE;55 a 59 anos;FEMININO;ENSINO MÉDIO COMPLETO;Cisgênero;SIM;ITAJAÍ;Brasil;NÃO;SUL;SC;1;0;0;1;0;;1;;18/07/2026 07:17
2026;Branca;SEPARADO JUDICIALMENTE;55 a 59 anos;FEMININO;SUPERIOR COMPLETO;Cisgênero;NÃO;ITAJAÍ;Brasil;NÃO;SUL;SC;2;0;0;2;0;;2;;18/07/2026 07:17
2026;Branca;SEPARADO JUDICIALMENTE;55 a 59 anos;MASCULINO;ENSINO FUNDAMENTAL COMPLETO;Cisgênero;NÃO;ITAJAÍ;Brasil;NÃO;SUL;SC;3;2;0;3;0;;3;;18/07/2026 07:17
2026;Branca;SEPARADO JUDICIALMENTE;55 a 59 anos;MASCULINO;ENSINO FUNDAMENTAL INCOMPLETO;Cisgênero;NÃO;ITAJAÍ;Brasil;NÃO;SUL;SC;3;0;0;3;0;;3;;18/07/2026 07:17
2026;Branca;SEPARADO JUDICIALMENTE;55 a 59 anos;MASCULINO;ENSINO MÉDIO INCOMPLETO;Cisgênero;NÃO;ITAJAÍ;Brasil;NÃO;SUL;SC;1;0;0;1;0;;1;;18/07/2026 07:17
2026;Branca;SEPARADO JUDICIALMENTE;55 a 59 anos;MASCULINO;SUPERIOR COMPLETO;Cisgênero;NÃO;ITAJAÍ;Brasil;NÃO;SUL;SC;1;0;0;1;0;;1;;18/07/2026 07:17
2026;Branca;SEPARADO JUDICIALMENTE;55 a 59 anos;MASCULINO;SUPERIOR INCOMPLETO;Cisgênero;NÃO;ITAJAÍ;Brasil;NÃO;SUL;SC;1;0;0;1;0;;1;;18/07/2026 07:17
2026;Branca;SEPARADO JUDICIALMENTE;60 a 64 anos;FEMININO;ENSINO FUNDAMENTAL INCOMPLETO;Cisgênero;NÃO;ITAJAÍ;Brasil;NÃO;SUL;SC;6;1;0;6;0;;6;;18/07/2026 07:17
2026;Branca;SEPARADO JUDICIALMENTE;60 a 64 anos;FEMININO;ENSINO FUNDAMENTAL INCOMPLETO;Cisgênero;SIM;ITAJAÍ;Brasil;NÃO;SUL;SC;1;0;0;1;0;;1;;18/07/2026 07:17
2026;Branca;SEPARADO JUDICIALMENTE;60 a 64 anos;FEMININO;ENSINO MÉDIO COMPLETO;Cisgênero;NÃO;ITAJAÍ;Brasil;NÃO;SUL;SC;4;0;0;4;0;;4;;18/07/2026 07:17
2026;Branca;SEPARADO JUDICIALMENTE;60 a 64 anos;FEMININO;SUPERIOR COMPLETO;Cisgênero;NÃO;ITAJAÍ;Brasil;NÃO;SUL;SC;4;0;0;4;0;;4;;18/07/2026 07:17
2026;Branca;SEPARADO JUDICIALMENTE;60 a 64 anos;FEMININO;SUPERIOR INCOMPLETO;Cisgênero;NÃO;ITAJAÍ;Brasil;NÃO;SUL;SC;2;0;0;2;0;;2;;18/07/2026 07:17
2026;Branca;SEPARADO JUDICIALMENTE;60 a 64 anos;MASCULINO;ENSINO FUNDAMENTAL COMPLETO;Cisgênero;NÃO;ITAJAÍ;Brasil;NÃO;SUL;SC;1;0;0;1;0;;1;;18/07/2026 07:17
2026;Branca;SEPARADO JUDICIALMENTE;60 a 64 anos;MASCULINO;ENSINO FUNDAMENTAL COMPLETO;Prefere não informar;NÃO;ITAJAÍ;Brasil;NÃO;SUL;SC;1;0;0;1;0;;1;;18/07/2026 07:17
2026;Branca;SEPARADO JUDICIALMENTE;60 a 64 anos;MASCULINO;ENSINO FUNDAMENTAL INCOMPLETO;Cisgênero;NÃO;ITAJAÍ;Brasil;NÃO;SUL;SC;2;0;0;2;0;;2;;18/07/2026 07:17
2026;Branca;SEPARADO JUDICIALMENTE;60 a 64 anos;MASCULINO;ENSINO MÉDIO COMPLETO;Cisgênero;NÃO;ITAJAÍ;Brasil;NÃO;SUL;SC;1;0;0;2;0;;2;;18/07/2026 07:17
2026;Branca;SEPARADO JUDICIALMENTE;60 a 64 anos;MASCULINO;ENSINO MÉDIO INCOMPLETO;Cisgênero;NÃO;ITAJAÍ;Brasil;NÃO;SUL;SC;4;0;0;4;0;;4;;18/07/2026 07:17
2026;Branca;SEPARADO JUDICIALMENTE;60 a 64 anos;MASCULINO;SUPERIOR COMPLETO;Cisgênero;NÃO;ITAJAÍ;Brasil;NÃO;SUL;SC;1;0;0;1;0;;1;;18/07/2026 07:17
2026;Branca;SEPARADO JUDICIALMENTE;60 a 64 anos;MASCULINO;SUPERIOR INCOMPLETO;Cisgênero;NÃO;ITAJAÍ;Brasil;NÃO;SUL;SC;2;0;0;2;0;;2;;18/07/2026 07:17
2026;Branca;SEPARADO JUDICIALMENTE;65 a 69 anos;FEMININO;ENSINO FUNDAMENTAL INCOMPLETO;Cisgênero;NÃO;ITAJAÍ;Brasil;NÃO;SUL;SC;3;0;0;3;0;;3;;18/07/2026 07:17
2026;Branca;SEPARADO JUDICIALMENTE;65 a 69 anos;FEMININO;ENSINO MÉDIO COMPLETO;Cisgênero;NÃO;ITAJAÍ;Brasil;NÃO;SUL;SC;6;0;0;6;0;;6;;18/07/2026 07:17
2026;Branca;SEPARADO JUDICIALMENTE;65 a 69 anos;FEMININO;ENSINO MÉDIO INCOMPLETO;Cisgênero;NÃO;ITAJAÍ;Brasil;NÃO;SUL;SC;1;1;0;1;0;;1;;18/07/2026 07:17
2026;Branca;SEPARADO JUDICIALMENTE;65 a 69 anos;FEMININO;LÊ E ESCREVE;Cisgênero;NÃO;ITAJAÍ;Brasil;NÃO;SUL;SC;1;0;0;1;0;;1;;18/07/2026 07:17
2026;Branca;SEPARADO JUDICIALMENTE;65 a 69 anos;FEMININO;SUPERIOR COMPLETO;Cisgênero;NÃO;ITAJAÍ;Brasil;NÃO;SUL;SC;2;0;0;2;0;;2;;18/07/2026 07:17
2026;Branca;SEPARADO JUDICIALMENTE;65 a 69 anos;MASCULINO;ANALFABETO;Cisgênero;NÃO;ITAJAÍ;Brasil;NÃO;SUL;SC;1;1;0;1;1;;0;;18/07/2026 07:17
2026;Branca;SEPARADO JUDICIALMENTE;65 a 69 anos;MASCULINO;ENSINO FUNDAMENTAL COMPLETO;Cisgênero;NÃO;ITAJAÍ;Brasil;NÃO;SUL;SC;2;0;0;2;0;;2;;18/07/2026 07:17
2026;Branca;SEPARADO JUDICIALMENTE;65 a 69 anos;MASCULINO;ENSINO FUNDAMENTAL INCOMPLETO;Cisgênero;NÃO;ITAJAÍ;Brasil;NÃO;SUL;SC;3;0;0;4;0;;4;;18/07/2026 07:17
2026;Branca;SEPARADO JUDICIALMENTE;65 a 69 anos;MASCULINO;ENSINO MÉDIO COMPLETO;Cisgênero;NÃO;ITAJAÍ;Brasil;NÃO;SUL;SC;1;0;0;1;0;;1;;18/07/2026 07:17
2026;Branca;SEPARADO JUDICIALMENTE;65 a 69 anos;MASCULINO;ENSINO MÉDIO INCOMPLETO;Cisgênero;NÃO;ITAJAÍ;Brasil;NÃO;SUL;SC;1;0;0;1;0;;1;;18/07/2026 07:17
2026;Branca;SEPARADO JUDICIALMENTE;65 a 69 anos;MASCULINO;LÊ E ESCREVE;Prefere não informar;NÃO;ITAJAÍ;Brasil;NÃO;SUL;SC;1;0;0;1;0;;1;;18/07/2026 07:17
2026;Branca;SEPARADO JUDICIALMENTE;65 a 69 anos;MASCULINO;SUPERIOR INCOMPLETO;Cisgênero;NÃO;ITAJAÍ;Brasil;NÃO;SUL;SC;1;0;0;1;0;;1;;18/07/2026 07:17
2026;Branca;SEPARADO JUDICIALMENTE;70 a 74 anos;FEMININO;ENSINO FUNDAMENTAL INCOMPLETO;Cisgênero;NÃO;ITAJAÍ;Brasil;NÃO;SUL;SC;4;0;0;4;4;;0;;18/07/2026 07:17
2026;Branca;SEPARADO JUDICIALMENTE;70 a 74 anos;FEMININO;ENSINO MÉDIO COMPLETO;Cisgênero;NÃO;ITAJAÍ;Brasil;NÃO;SUL;SC;2;0;0;2;2;;0;;18/07/2026 07:17
2026;Branca;SEPARADO JUDICIALMENTE;70 a 74 anos;FEMININO;LÊ E ESCREVE;Cisgênero;NÃO;ITAJAÍ;Brasil;NÃO;SUL;SC;1;0;0;1;1;;0;;18/07/2026 07:17
2026;Branca;SEPARADO JUDICIALMENTE;70 a 74 anos;FEMININO;SUPERIOR INCOMPLETO;Cisgênero;NÃO;ITAJAÍ;Brasil;NÃO;SUL;SC;1;0;0;1;1;;0;;18/07/2026 07:17
2026;Branca;SEPARADO JUDICIALMENTE;70 a 74 anos;MASCULINO;ENSINO FUNDAMENTAL COMPLETO;Cisgênero;NÃO;ITAJAÍ;Brasil;NÃO;SUL;SC;1;0;0;1;1;;0;;18/07/2026 07:17
2026;Branca;SEPARADO JUDICIALMENTE;70 a 74 anos;MASCULINO;ENSINO FUNDAMENTAL COMPLETO;Prefere não informar;NÃO;ITAJAÍ;Brasil;NÃO;SUL;SC;1;0;0;1;1;;0;;18/07/2026 07:17
2026;Branca;SEPARADO JUDICIALMENTE;70 a 74 anos;MASCULINO;ENSINO FUNDAMENTAL INCOMPLETO;Cisgênero;NÃO;ITAJAÍ;Brasil;NÃO;SUL;SC;4;1;0;4;4;;0;;18/07/2026 07:17
2026;Branca;SEPARADO JUDICIALMENTE;70 a 74 anos;MASCULINO;ENSINO MÉDIO COMPLETO;Cisgênero;NÃO;ITAJAÍ;Brasil;NÃO;SUL;SC;2;0;0;2;2;;0;;18/07/2026 07:17
2026;Branca;SEPARADO JUDICIALMENTE;70 a 74 anos;MASCULINO;LÊ E ESCREVE;Cisgênero;NÃO;ITAJAÍ;Brasil;NÃO;SUL;SC;2;0;0;2;2;;0;;18/07/2026 07:17
2026;Branca;SEPARADO JUDICIALMENTE;75 a 79 anos;FEMININO;ENSINO FUNDAMENTAL COMPLETO;Cisgênero;NÃO;ITAJAÍ;Brasil;NÃO;SUL;SC;1;0;0;1;1;;0;;18/07/2026 07:17
2026;Branca;SEPARADO JUDICIALMENTE;75 a 79 anos;FEMININO;ENSINO MÉDIO COMPLETO;Cisgênero;NÃO;ITAJAÍ;Brasil;NÃO;SUL;SC;3;1;0;3;3;;0;;18/07/2026 07:17
2026;Branca;SEPARADO JUDICIALMENTE;75 a 79 anos;MASCULINO;ENSINO FUNDAMENTAL INCOMPLETO;Cisgênero;NÃO;ITAJAÍ;Brasil;NÃO;SUL;SC;2;1;0;2;2;;0;;18/07/2026 07:17
2026;Branca;SEPARADO JUDICIALMENTE;75 a 79 anos;MASCULINO;ENSINO MÉDIO COMPLETO;Cisgênero;NÃO;ITAJAÍ;Brasil;NÃO;SUL;SC;1;0;0;1;1;;0;;18/07/2026 07:17
2026;Branca;SEPARADO JUDICIALMENTE;80 a 84 anos;FEMININO;SUPERIOR COMPLETO;Cisgênero;NÃO;ITAJAÍ;Brasil;NÃO;SUL;SC;2;1;0;2;2;;0;;18/07/2026 07:17
2026;Branca;SEPARADO JUDICIALMENTE;85 a 89 anos;MASCULINO;ENSINO FUNDAMENTAL COMPLETO;Cisgênero;NÃO;ITAJAÍ;Brasil;NÃO;SUL;SC;1;0;0;1;1;;0;;18/07/2026 07:17
2026;Branca;SOLTEIRO;16 anos;FEMININO;ENSINO FUNDAMENTAL COMPLETO;Cisgênero;NÃO;ITAJAÍ;Brasil;NÃO;SUL;SC;4;0;0;4;4;;0;;18/07/2026 07:17
2026;Branca;SOLTEIRO;16 anos;FEMININO;ENSINO MÉDIO COMPLETO;Cisgênero;NÃO;ITAJAÍ;Brasil;NÃO;SUL;SC;4;0;0;4;4;;0;;18/07/2026 07:17
2026;Branca;SOLTEIRO;16 anos;FEMININO;ENSINO MÉDIO COMPLETO;Transgênero;NÃO;ITAJAÍ;Brasil;NÃO;SUL;SC;1;0;1;1;1;;0;;18/07/2026 07:17
2026;Branca;SOLTEIRO;16 anos;FEMININO;ENSINO MÉDIO INCOMPLETO;Cisgênero;NÃO;ITAJAÍ;Brasil;NÃO;SUL;SC;157;3;0;157;157;;0;;18/07/2026 07:17
2026;Branca;SOLTEIRO;16 anos;FEMININO;ENSINO MÉDIO INCOMPLETO;Prefere não informar;NÃO;ITAJAÍ;Brasil;NÃO;SUL;SC;2;0;0;2;2;;0;;18/07/2026 07:17
2026;Branca;SOLTEIRO;16 anos;FEMININO;SUPERIOR COMPLETO;Cisgênero;NÃO;ITAJAÍ;Brasil;NÃO;SUL;SC;1;0;0;1;1;;0;;18/07/2026 07:17
2026;Branca;SOLTEIRO;16 anos;MASCULINO;ENSINO FUNDAMENTAL COMPLETO;Cisgênero;NÃO;ITAJAÍ;Brasil;NÃO;SUL;SC;1;0;0;1;1;;0;;18/07/2026 07:17
2026;Branca;SOLTEIRO;16 anos;MASCULINO;ENSINO FUNDAMENTAL INCOMPLETO;Cisgênero;NÃO;ITAJAÍ;Brasil;NÃO;SUL;SC;6;0;0;6;6;;0;;18/07/2026 07:17
2026;Branca;SOLTEIRO;16 anos;MASCULINO;ENSINO MÉDIO COMPLETO;Cisgênero;NÃO;ITAJAÍ;Brasil;NÃO;SUL;SC;1;0;0;1;1;;0;;18/07/2026 07:17
2026;Branca;SOLTEIRO;16 anos;MASCULINO;ENSINO MÉDIO INCOMPLETO;Cisgênero;NÃO;ITAJAÍ;Brasil;NÃO;SUL;SC;125;4;0;125;125;;0;;18/07/2026 07:17
2026;Branca;SOLTEIRO;16 anos;MASCULINO;ENSINO MÉDIO INCOMPLETO;Prefere não informar;NÃO;ITAJAÍ;Brasil;NÃO;SUL;SC;1;0;0;1;1;;0;;18/07/2026 07:17
2026;Branca;SOLTEIRO;16 anos;MASCULINO;SUPERIOR INCOMPLETO;Cisgênero;NÃO;ITAJAÍ;Brasil;NÃO;SUL;SC;4;0;0;4;4;;0;;18/07/2026 07:17
2026;Branca;SOLTEIRO;17 anos;FEMININO;ENSINO FUNDAMENTAL COMPLETO;Cisgênero;NÃO;ITAJAÍ;Brasil;NÃO;SUL;SC;3;0;0;3;3;;0;;18/07/2026 07:17
2026;Branca;SOLTEIRO;17 anos;FEMININO;ENSINO FUNDAMENTAL COMPLETO;Prefere não informar;NÃO;ITAJAÍ;Brasil;NÃO;SUL;SC;1;0;0;1;1;;0;;18/07/2026 07:17
2026;Branca;SOLTEIRO;17 anos;FEMININO;ENSINO FUNDAMENTAL INCOMPLETO;Cisgênero;NÃO;ITAJAÍ;Brasil;NÃO;SUL;SC;4;0;0;4;4;;0;;18/07/2026 07:17
2026;Branca;SOLTEIRO;17 anos;FEMININO;ENSINO MÉDIO COMPLETO;Cisgênero;NÃO;ITAJAÍ;Brasil;NÃO;SUL;SC;30;0;0;30;30;;0;;18/07/2026 07:17
2026;Branca;SOLTEIRO;17 anos;FEMININO;ENSINO MÉDIO INCOMPLETO;Cisgênero;NÃO;ITAJAÍ;Brasil;NÃO;SUL;SC;238;6;0;238;238;;0;;18/07/2026 07:17
2026;Branca;SOLTEIRO;17 anos;FEMININO;ENSINO MÉDIO INCOMPLETO;Prefere não informar;NÃO;ITAJAÍ;Brasil;NÃO;SUL;SC;2;0;0;2;2;;0;;18/07/2026 07:17
2026;Branca;SOLTEIRO;17 anos;FEMININO;SUPERIOR INCOMPLETO;Cisgênero;NÃO;ITAJAÍ;Brasil;NÃO;SUL;SC;1;0;0;1;1;;0;;18/07/2026 07:17
2026;Branca;SOLTEIRO;17 anos;MASCULINO;ENSINO FUNDAMENTAL INCOMPLETO;Cisgênero;NÃO;ITAJAÍ;Brasil;NÃO;SUL;SC;6;0;0;6;6;;0;;18/07/2026 07:17
2026;Branca;SOLTEIRO;17 anos;MASCULINO;ENSINO MÉDIO COMPLETO;Cisgênero;NÃO;ITAJAÍ;Brasil;NÃO;SUL;SC;10;0;0;10;10;;0;;18/07/2026 07:17
2026;Branca;SOLTEIRO;17 anos;MASCULINO;ENSINO MÉDIO INCOMPLETO;Cisgênero;NÃO;ITAJAÍ;Brasil;NÃO;SUL;SC;233;7;0;233;233;;0;;18/07/2026 07:17
2026;Branca;SOLTEIRO;17 anos;MASCULINO;ENSINO MÉDIO INCOMPLETO;Cisgênero;SIM;ITAJAÍ;Brasil;NÃO;SUL;SC;1;0;0;1;1;;0;;18/07/2026 07:17
2026;Branca;SOLTEIRO;17 anos;MASCULINO;ENSINO MÉDIO INCOMPLETO;Prefere não informar;NÃO;ITAJAÍ;Brasil;NÃO;SUL;SC;4;0;0;4;4;;0;;18/07/2026 07:17
2026;Branca;SOLTEIRO;17 anos;MASCULINO;ENSINO MÉDIO INCOMPLETO;Transgênero;NÃO;ITAJAÍ;Brasil;NÃO;SUL;SC;1;0;0;1;1;;0;;18/07/2026 07:17
2026;Branca;SOLTEIRO;18 anos;FEMININO;ENSINO FUNDAMENTAL COMPLETO;Cisgênero;NÃO;ITAJAÍ;Brasil;NÃO;SUL;SC;7;0;0;7;0;;7;;18/07/2026 07:17
2026;Branca;SOLTEIRO;18 anos;FEMININO;ENSINO FUNDAMENTAL INCOMPLETO;Cisgênero;NÃO;ITAJAÍ;Brasil;NÃO;SUL;SC;5;0;0;5;0;;5;;18/07/2026 07:17
2026;Branca;SOLTEIRO;18 anos;FEMININO;ENSINO MÉDIO COMPLETO;Cisgênero;NÃO;ITAJAÍ;Brasil;NÃO;SUL;SC;192;6;0;192;0;;192;;18/07/2026 07:17
2026;Branca;SOLTEIRO;18 anos;FEMININO;ENSINO MÉDIO COMPLETO;Cisgênero;SIM;ITAJAÍ;Brasil;NÃO;SUL;SC;2;0;0;2;0;;2;;18/07/2026 07:17
2026;Branca;SOLTEIRO;18 anos;FEMININO;ENSINO MÉDIO COMPLETO;Prefere não informar;NÃO;ITAJAÍ;Brasil;NÃO;SUL;SC;4;0;0;4;0;;4;;18/07/2026 07:17
2026;Branca;SOLTEIRO;18 anos;FEMININO;ENSINO MÉDIO INCOMPLETO;Cisgênero;NÃO;ITAJAÍ;Brasil;NÃO;SUL;SC;377;7;0;377;0;;377;;18/07/2026 07:17
2026;Branca;SOLTEIRO;18 anos;FEMININO;ENSINO MÉDIO INCOMPLETO;Cisgênero;SIM;ITAJAÍ;Brasil;NÃO;SUL;SC;1;0;0;1;0;;1;;18/07/2026 07:17
2026;Branca;SOLTEIRO;18 anos;FEMININO;ENSINO MÉDIO INCOMPLETO;Prefere não informar;NÃO;ITAJAÍ;Brasil;NÃO;SUL;SC;5;0;0;5;0;;5;;18/07/2026 07:17
2026;Branca;SOLTEIRO;18 anos;FEMININO;SUPERIOR COMPLETO;Cisgênero;NÃO;ITAJAÍ;Brasil;NÃO;SUL;SC;1;0;0;1;0;;1;;18/07/2026 07:17
2026;Branca;SOLTEIRO;18 anos;FEMININO;SUPERIOR INCOMPLETO;Cisgênero;NÃO;ITAJAÍ;Brasil;NÃO;SUL;SC;90;3;0;90;0;;90;;18/07/2026 07:17
2026;Branca;SOLTEIRO;18 anos;FEMININO;SUPERIOR INCOMPLETO;Cisgênero;SIM;ITAJAÍ;Brasil;NÃO;SUL;SC;1;0;0;1;0;;1;;18/07/2026 07:17
2026;Branca;SOLTEIRO;18 anos;FEMININO;SUPERIOR INCOMPLETO;Prefere não informar;NÃO;ITAJAÍ;Brasil;NÃO;SUL;SC;1;0;0;1;0;;1;;18/07/2026 07:17
2026;Branca;SOLTEIRO;18 anos;FEMININO;SUPERIOR INCOMPLETO;Transgênero;NÃO;ITAJAÍ;Brasil;NÃO;SUL;SC;1;0;0;1;0;;1;;18/07/2026 07:17
2026;Branca;SOLTEIRO;18 anos;MASCULINO;ENSINO FUNDAMENTAL COMPLETO;Cisgênero;NÃO;ITAJAÍ;Brasil;NÃO;SUL;SC;7;1;0;7;0;;7;;18/07/2026 07:17
2026;Branca;SOLTEIRO;18 anos;MASCULINO;ENSINO FUNDAMENTAL COMPLETO;Prefere não informar;NÃO;ITAJAÍ;Brasil;NÃO;SUL;SC;1;0;0;1;0;;1;;18/07/2026 07:17
2026;Branca;SOLTEIRO;18 anos;MASCULINO;ENSINO FUNDAMENTAL INCOMPLETO;Cisgênero;NÃO;ITAJAÍ;Brasil;NÃO;SUL;SC;10;0;0;10;0;;10;;18/07/2026 07:17
2026;Branca;SOLTEIRO;18 anos;MASCULINO;ENSINO MÉDIO COMPLETO;Cisgênero;NÃO;ITAJAÍ;Brasil;NÃO;SUL;SC;166;6;0;166;0;;166;;18/07/2026 07:17
2026;Branca;SOLTEIRO;18 anos;MASCULINO;ENSINO MÉDIO COMPLETO;Prefere não informar;NÃO;ITAJAÍ;Brasil;NÃO;SUL;SC;4;0;0;4;0;;4;;18/07/2026 07:17
2026;Branca;SOLTEIRO;18 anos;MASCULINO;ENSINO MÉDIO INCOMPLETO;Cisgênero;NÃO;ITAJAÍ;Brasil;NÃO;SUL;SC;367;14;0;367;0;;367;;18/07/2026 07:17
2026;Branca;SOLTEIRO;18 anos;MASCULINO;ENSINO MÉDIO INCOMPLETO;Cisgênero;SIM;ITAJAÍ;Brasil;NÃO;SUL;SC;1;0;0;1;0;;1;;18/07/2026 07:17
2026;Branca;SOLTEIRO;18 anos;MASCULINO;ENSINO MÉDIO INCOMPLETO;Prefere não informar;NÃO;ITAJAÍ;Brasil;NÃO;SUL;SC;7;0;0;7;0;;7;;18/07/2026 07:17
2026;Branca;SOLTEIRO;18 anos;MASCULINO;ENSINO MÉDIO INCOMPLETO;Transgênero;NÃO;ITAJAÍ;Brasil;NÃO;SUL;SC;2;0;2;2;0;;2;;18/07/2026 07:17
2026;Branca;SOLTEIRO;18 anos;MASCULINO;SUPERIOR COMPLETO;Cisgênero;NÃO;ITAJAÍ;Brasil;NÃO;SUL;SC;1;0;0;1;0;;1;;18/07/2026 07:17
2026;Branca;SOLTEIRO;18 anos;MASCULINO;SUPERIOR INCOMPLETO;Cisgênero;NÃO;ITAJAÍ;Brasil;NÃO;SUL;SC;50;2;0;50;0;;50;;18/07/2026 07:17
2026;Branca;SOLTEIRO;18 anos;MASCULINO;SUPERIOR INCOMPLETO;Prefere não informar;NÃO;ITAJAÍ;Brasil;NÃO;SUL;SC;1;0;0;1;0;;1;;18/07/2026 07:17
2026;Branca;SOLTEIRO;19 anos;FEMININO;ENSINO FUNDAMENTAL COMPLETO;Cisgênero;NÃO;ITAJAÍ;Brasil;NÃO;SUL;SC;12;0;0;12;0;;12;;18/07/2026 07:17
2026;Branca;SOLTEIRO;19 anos;FEMININO;ENSINO FUNDAMENTAL COMPLETO;Prefere não informar;NÃO;ITAJAÍ;Brasil;NÃO;SUL;SC;1;0;0;1;0;;1;;18/07/2026 07:17
2026;Branca;SOLTEIRO;19 anos;FEMININO;ENSINO FUNDAMENTAL COMPLETO;Transgênero;NÃO;ITAJAÍ;Brasil;NÃO;SUL;SC;1;0;1;1;0;;1;;18/07/2026 07:17
2026;Branca;SOLTEIRO;19 anos;FEMININO;ENSINO FUNDAMENTAL INCOMPLETO;Cisgênero;NÃO;ITAJAÍ;Brasil;NÃO;SUL;SC;7;1;0;7;0;;7;;18/07/2026 07:17
2026;Branca;SOLTEIRO;19 anos;FEMININO;ENSINO MÉDIO COMPLETO;Cisgênero;NÃO;ITAJAÍ;Brasil;NÃO;SUL;SC;324;4;0;325;0;;325;;18/07/2026 07:17
2026;Branca;SOLTEIRO;19 anos;FEMININO;ENSINO MÉDIO COMPLETO;Cisgênero;SIM;ITAJAÍ;Brasil;NÃO;SUL;SC;3;0;0;3;0;;3;;18/07/2026 07:17
2026;Branca;SOLTEIRO;19 anos;FEMININO;ENSINO MÉDIO COMPLETO;Prefere não informar;NÃO;ITAJAÍ;Brasil;NÃO;SUL;SC;5;0;0;5;0;;5;;18/07/2026 07:17
2026;Branca;SOLTEIRO;19 anos;FEMININO;ENSINO MÉDIO COMPLETO;Transgênero;NÃO;ITAJAÍ;Brasil;NÃO;SUL;SC;1;0;0;1;0;;1;;18/07/2026 07:17
2026;Branca;SOLTEIRO;19 anos;FEMININO;ENSINO MÉDIO INCOMPLETO;Cisgênero;NÃO;ITAJAÍ;Brasil;NÃO;SUL;SC;367;5;0;375;0;;375;;18/07/2026 07:17
2026;Branca;SOLTEIRO;19 anos;FEMININO;ENSINO MÉDIO INCOMPLETO;Cisgênero;SIM;ITAJAÍ;Brasil;NÃO;SUL;SC;2;0;0;2;0;;2;;18/07/2026 07:17
2026;Branca;SOLTEIRO;19 anos;FEMININO;ENSINO MÉDIO INCOMPLETO;Prefere não informar;NÃO;ITAJAÍ;Brasil;NÃO;SUL;SC;8;1;0;8;0;;8;;18/07/2026 07:17
2026;Branca;SOLTEIRO;19 anos;FEMININO;ENSINO MÉDIO INCOMPLETO;Transgênero;NÃO;ITAJAÍ;Brasil;NÃO;SUL;SC;2;0;1;2;0;;2;;18/07/2026 07:17
2026;Branca;SOLTEIRO;19 anos;FEMININO;SUPERIOR COMPLETO;Cisgênero;NÃO;ITAJAÍ;Brasil;NÃO;SUL;SC;2;0;0;2;0;;2;;18/07/2026 07:17
2026;Branca;SOLTEIRO;19 anos;FEMININO;SUPERIOR INCOMPLETO;Cisgênero;NÃO;ITAJAÍ;Brasil;NÃO;SUL;SC;176;2;0;176;0;;176;;18/07/2026 07:17
2026;Branca;SOLTEIRO;19 anos;FEMININO;SUPERIOR INCOMPLETO;Prefere não informar;NÃO;ITAJAÍ;Brasil;NÃO;SUL;SC;3;0;0;3;0;;3;;18/07/2026 07:17
2026;Branca;SOLTEIRO;19 anos;FEMININO;SUPERIOR INCOMPLETO;Transgênero;NÃO;ITAJAÍ;Brasil;NÃO;SUL;SC;1;0;1;1;0;;1;;18/07/2026 07:17
2026;Branca;SOLTEIRO;19 anos;MASCULINO;ANALFABETO;Cisgênero;NÃO;ITAJAÍ;Brasil;NÃO;SUL;SC;1;1;0;1;1;;0;;18/07/2026 07:17
2026;Branca;SOLTEIRO;19 anos;MASCULINO;ENSINO FUNDAMENTAL COMPLETO;Cisgênero;NÃO;ITAJAÍ;Brasil;NÃO;SUL;SC;20;0;0;21;0;;21;;18/07/2026 07:17
2026;Branca;SOLTEIRO;19 anos;MASCULINO;ENSINO FUNDAMENTAL INCOMPLETO;Cisgênero;NÃO;ITAJAÍ;Brasil;NÃO;SUL;SC;14;0;0;14;0;;14;;18/07/2026 07:17
2026;Branca;SOLTEIRO;19 anos;MASCULINO;ENSINO MÉDIO COMPLETO;Cisgênero;NÃO;ITAJAÍ;Brasil;NÃO;SUL;SC;265;4;0;265;0;;265;;18/07/2026 07:17
2026;Branca;SOLTEIRO;19 anos;MASCULINO;ENSINO MÉDIO COMPLETO;Cisgênero;SIM;ITAJAÍ;Brasil;NÃO;SUL;SC;6;0;0;6;0;;6;;18/07/2026 07:17
2026;Branca;SOLTEIRO;19 anos;MASCULINO;ENSINO MÉDIO COMPLETO;Prefere não informar;NÃO;ITAJAÍ;Brasil;NÃO;SUL;SC;8;0;0;8;0;;8;;18/07/2026 07:17
2026;Branca;SOLTEIRO;19 anos;MASCULINO;ENSINO MÉDIO COMPLETO;Prefere não informar;SIM;ITAJAÍ;Brasil;NÃO;SUL;SC;1;0;0;1;0;;1;;18/07/2026 07:17
2026;Branca;SOLTEIRO;19 anos;MASCULINO;ENSINO MÉDIO COMPLETO;Transgênero;NÃO;ITAJAÍ;Brasil;NÃO;SUL;SC;1;0;0;1;0;;1;;18/07/2026 07:17
2026;Branca;SOLTEIRO;19 anos;MASCULINO;ENSINO MÉDIO INCOMPLETO;Cisgênero;NÃO;ITAJAÍ;Brasil;NÃO;SUL;SC;359;8;0;363;0;;363;;18/07/2026 07:17
2026;Branca;SOLTEIRO;19 anos;MASCULINO;ENSINO MÉDIO INCOMPLETO;Cisgênero;SIM;ITAJAÍ;Brasil;NÃO;SUL;SC;1;0;0;1;0;;1;;18/07/2026 07:17
2026;Branca;SOLTEIRO;19 anos;MASCULINO;ENSINO MÉDIO INCOMPLETO;Prefere não informar;NÃO;ITAJAÍ;Brasil;NÃO;SUL;SC;6;1;0;6;0;;6;;18/07/2026 07:17
2026;Branca;SOLTEIRO;19 anos;MASCULINO;ENSINO MÉDIO INCOMPLETO;Prefere não informar;SIM;ITAJAÍ;Brasil;NÃO;SUL;SC;1;0;0;1;0;;1;;18/07/2026 07:17
2026;Branca;SOLTEIRO;19 anos;MASCULINO;SUPERIOR COMPLETO;Cisgênero;NÃO;ITAJAÍ;Brasil;NÃO;SUL;SC;3;0;0;3;0;;3;;18/07/2026 07:17
2026;Branca;SOLTEIRO;19 anos;MASCULINO;SUPERIOR COMPLETO;Prefere não informar;NÃO;ITAJAÍ;Brasil;NÃO;SUL;SC;1;0;0;1;0;;1;;18/07/2026 07:17
2026;Branca;SOLTEIRO;19 anos;MASCULINO;SUPERIOR INCOMPLETO;Cisgênero;NÃO;ITAJAÍ;Brasil;NÃO;SUL;SC;102;1;0;102;0;;102;;18/07/2026 07:17
2026;Branca;SOLTEIRO;19 anos;MASCULINO;SUPERIOR INCOMPLETO;Cisgênero;SIM;ITAJAÍ;Brasil;NÃO;SUL;SC;1;0;0;1;0;;1;;18/07/2026 07:17
2026;Branca;SOLTEIRO;20 anos;FEMININO;ANALFABETO;Cisgênero;NÃO;ITAJAÍ;Brasil;NÃO;SUL;SC;1;1;0;1;1;;0;;18/07/2026 07:17
2026;Branca;SOLTEIRO;20 anos;FEMININO;ENSINO FUNDAMENTAL COMPLETO;Cisgênero;NÃO;ITAJAÍ;Brasil;NÃO;SUL;SC;10;0;0;12;0;;12;;18/07/2026 07:17
2026;Branca;SOLTEIRO;20 anos;FEMININO;ENSINO FUNDAMENTAL COMPLETO;Cisgênero;SIM;ITAJAÍ;Brasil;NÃO;SUL;SC;1;0;0;1;0;;1;;18/07/2026 07:17
2026;Branca;SOLTEIRO;20 anos;FEMININO;ENSINO FUNDAMENTAL INCOMPLETO;Cisgênero;NÃO;ITAJAÍ;Brasil;NÃO;SUL;SC;9;0;0;9;0;;9;;18/07/2026 07:17
2026;Branca;SOLTEIRO;20 anos;FEMININO;ENSINO MÉDIO COMPLETO;Cisgênero;NÃO;ITAJAÍ;Brasil;NÃO;SUL;SC;291;3;0;292;0;;292;;18/07/2026 07:17
2026;Branca;SOLTEIRO;20 anos;FEMININO;ENSINO MÉDIO COMPLETO;Cisgênero;SIM;ITAJAÍ;Brasil;NÃO;SUL;SC;4;0;0;4;0;;4;;18/07/2026 07:17
2026;Branca;SOLTEIRO;20 anos;FEMININO;ENSINO MÉDIO COMPLETO;Prefere não informar;NÃO;ITAJAÍ;Brasil;NÃO;SUL;SC;10;1;0;10;0;;10;;18/07/2026 07:17
2026;Branca;SOLTEIRO;20 anos;FEMININO;ENSINO MÉDIO COMPLETO;Transgênero;NÃO;ITAJAÍ;Brasil;NÃO;SUL;SC;1;0;2;2;0;;2;;18/07/2026 07:17
2026;Branca;SOLTEIRO;20 anos;FEMININO;ENSINO MÉDIO INCOMPLETO;Cisgênero;NÃO;ITAJAÍ;Brasil;NÃO;SUL;SC;243;4;0;253;0;;253;;18/07/2026 07:17
2026;Branca;SOLTEIRO;20 anos;FEMININO;ENSINO MÉDIO INCOMPLETO;Prefere não informar;NÃO;ITAJAÍ;Brasil;NÃO;SUL;SC;9;0;0;9;0;;9;;18/07/2026 07:17
2026;Branca;SOLTEIRO;20 anos;FEMININO;SUPERIOR COMPLETO;Cisgênero;SIM;ITAJAÍ;Brasil;NÃO;SUL;SC;1;0;0;1;0;;1;;18/07/2026 07:17
2026;Branca;SOLTEIRO;20 anos;FEMININO;SUPERIOR INCOMPLETO;Cisgênero;NÃO;ITAJAÍ;Brasil;NÃO;SUL;SC;160;0;0;160;0;;160;;18/07/2026 07:17
2026;Branca;SOLTEIRO;20 anos;FEMININO;SUPERIOR INCOMPLETO;Prefere não informar;NÃO;ITAJAÍ;Brasil;NÃO;SUL;SC;2;0;0;2;0;;2;;18/07/2026 07:17
2026;Branca;SOLTEIRO;20 anos;MASCULINO;ANALFABETO;Cisgênero;NÃO;ITAJAÍ;Brasil;NÃO;SUL;SC;4;4;0;4;4;;0;;18/07/2026 07:17
2026;Branca;SOLTEIRO;20 anos;MASCULINO;ENSINO FUNDAMENTAL COMPLETO;Cisgênero;NÃO;ITAJAÍ;Brasil;NÃO;SUL;SC;17;0;0;17;0;;17;;18/07/2026 07:17
2026;Branca;SOLTEIRO;20 anos;MASCULINO;ENSINO FUNDAMENTAL INCOMPLETO;Cisgênero;NÃO;ITAJAÍ;Brasil;NÃO;SUL;SC;21;0;0;22;0;;22;;18/07/2026 07:17
2026;Branca;SOLTEIRO;20 anos;MASCULINO;ENSINO FUNDAMENTAL INCOMPLETO;Prefere não informar;NÃO;ITAJAÍ;Brasil;NÃO;SUL;SC;0;0;0;1;0;;1;;18/07/2026 07:17
2026;Branca;SOLTEIRO;20 anos;MASCULINO;ENSINO FUNDAMENTAL INCOMPLETO;Transgênero;NÃO;ITAJAÍ;Brasil;NÃO;SUL;SC;1;0;0;1;0;;1;;18/07/2026 07:17
2026;Branca;SOLTEIRO;20 anos;MASCULINO;ENSINO MÉDIO COMPLETO;Cisgênero;NÃO;ITAJAÍ;Brasil;NÃO;SUL;SC;295;10;0;295;0;;295;;18/07/2026 07:17
2026;Branca;SOLTEIRO;20 anos;MASCULINO;ENSINO MÉDIO COMPLETO;Cisgênero;SIM;ITAJAÍ;Brasil;NÃO;SUL;SC;2;0;0;2;0;;2;;18/07/2026 07:17
2026;Branca;SOLTEIRO;20 anos;MASCULINO;ENSINO MÉDIO COMPLETO;Prefere não informar;NÃO;ITAJAÍ;Brasil;NÃO;SUL;SC;7;0;0;8;0;;8;;18/07/2026 07:17
2026;Branca;SOLTEIRO;20 anos;MASCULINO;ENSINO MÉDIO INCOMPLETO;Cisgênero;NÃO;ITAJAÍ;Brasil;NÃO;SUL;SC;340;11;0;351;0;;351;;18/07/2026 07:17
2026;Branca;SOLTEIRO;20 anos;MASCULINO;ENSINO MÉDIO INCOMPLETO;Cisgênero;SIM;ITAJAÍ;Brasil;NÃO;SUL;SC;2;0;0;2;0;;2;;18/07/2026 07:17
2026;Branca;SOLTEIRO;20 anos;MASCULINO;ENSINO MÉDIO INCOMPLETO;Prefere não informar;NÃO;ITAJAÍ;Brasil;NÃO;SUL;SC;5;0;0;6;0;;6;;18/07/2026 07:17
2026;Branca;SOLTEIRO;20 anos;MASCULINO;LÊ E ESCREVE;Cisgênero;NÃO;ITAJAÍ;Brasil;NÃO;SUL;SC;1;1;0;1;0;;1;;18/07/2026 07:17
2026;Branca;SOLTEIRO;20 anos;MASCULINO;SUPERIOR COMPLETO;Cisgênero;NÃO;ITAJAÍ;Brasil;NÃO;SUL;SC;4;0;0;4;0;;4;;18/07/2026 07:17
2026;Branca;SOLTEIRO;20 anos;MASCULINO;SUPERIOR INCOMPLETO;Cisgênero;NÃO;ITAJAÍ;Brasil;NÃO;SUL;SC;129;2;0;129;0;;129;;18/07/2026 07:17
2026;Branca;SOLTEIRO;20 anos;MASCULINO;SUPERIOR INCOMPLETO;Prefere não informar;NÃO;ITAJAÍ;Brasil;NÃO;SUL;SC;3;0;0;3;0;;3;;18/07/2026 07:17
2026;Branca;SOLTEIRO;21 a 24 anos;FEMININO;ANALFABETO;Cisgênero;NÃO;ITAJAÍ;Brasil;NÃO;SUL;SC;3;3;0;4;4;;0;;18/07/2026 07:17
2026;Branca;SOLTEIRO;21 a 24 anos;FEMININO;ENSINO FUNDAMENTAL COMPLETO;Cisgênero;NÃO;ITAJAÍ;Brasil;NÃO;SUL;SC;40;2;0;48;0;;48;;18/07/2026 07:17
2026;Branca;SOLTEIRO;21 a 24 anos;FEMININO;ENSINO FUNDAMENTAL COMPLETO;Cisgênero;SIM;ITAJAÍ;Brasil;NÃO;SUL;SC;2;0;0;2;0;;2;;18/07/2026 07:17
2026;Branca;SOLTEIRO;21 a 24 anos;FEMININO;ENSINO FUNDAMENTAL COMPLETO;Prefere não informar;NÃO;ITAJAÍ;Brasil;NÃO;SUL;SC;3;0;0;3;0;;3;;18/07/2026 07:17
2026;Branca;SOLTEIRO;21 a 24 anos;FEMININO;ENSINO FUNDAMENTAL INCOMPLETO;Cisgênero;NÃO;ITAJAÍ;Brasil;NÃO;SUL;SC;50;0;0;59;0;;59;;18/07/2026 07:17
2026;Branca;SOLTEIRO;21 a 24 anos;FEMININO;ENSINO FUNDAMENTAL INCOMPLETO;Prefere não informar;NÃO;ITAJAÍ;Brasil;NÃO;SUL;SC;1;0;0;3;0;;3;;18/07/2026 07:17
2026;Branca;SOLTEIRO;21 a 24 anos;FEMININO;ENSINO FUNDAMENTAL INCOMPLETO;Prefere não informar;SIM;ITAJAÍ;Brasil;NÃO;SUL;SC;1;0;0;1;0;;1;;18/07/2026 07:17
2026;Branca;SOLTEIRO;21 a 24 anos;FEMININO;ENSINO MÉDIO COMPLETO;Cisgênero;NÃO;ITAJAÍ;Brasil;NÃO;SUL;SC;722;10;0;799;0;;799;;18/07/2026 07:17
2026;Branca;SOLTEIRO;21 a 24 anos;FEMININO;ENSINO MÉDIO COMPLETO;Cisgênero;SIM;ITAJAÍ;Brasil;NÃO;SUL;SC;4;1;0;4;0;;4;;18/07/2026 07:17
2026;Branca;SOLTEIRO;21 a 24 anos;FEMININO;ENSINO MÉDIO COMPLETO;Prefere não informar;NÃO;ITAJAÍ;Brasil;NÃO;SUL;SC;20;1;0;31;0;;31;;18/07/2026 07:17
2026;Branca;SOLTEIRO;21 a 24 anos;FEMININO;ENSINO MÉDIO COMPLETO;Prefere não informar;SIM;ITAJAÍ;Brasil;NÃO;SUL;SC;1;0;0;2;0;;2;;18/07/2026 07:17
2026;Branca;SOLTEIRO;21 a 24 anos;FEMININO;ENSINO MÉDIO COMPLETO;Transgênero;NÃO;ITAJAÍ;Brasil;NÃO;SUL;SC;1;0;0;1;0;;1;;18/07/2026 07:17
2026;Branca;SOLTEIRO;21 a 24 anos;FEMININO;ENSINO MÉDIO INCOMPLETO;Cisgênero;NÃO;ITAJAÍ;Brasil;NÃO;SUL;SC;301;3;0;345;0;;345;;18/07/2026 07:17
2026;Branca;SOLTEIRO;21 a 24 anos;FEMININO;ENSINO MÉDIO INCOMPLETO;Cisgênero;SIM;ITAJAÍ;Brasil;NÃO;SUL;SC;8;0;0;8;0;;8;;18/07/2026 07:17
2026;Branca;SOLTEIRO;21 a 24 anos;FEMININO;ENSINO MÉDIO INCOMPLETO;Prefere não informar;NÃO;ITAJAÍ;Brasil;NÃO;SUL;SC;9;1;0;15;0;;15;;18/07/2026 07:17
2026;Branca;SOLTEIRO;21 a 24 anos;FEMININO;ENSINO MÉDIO INCOMPLETO;Transgênero;NÃO;ITAJAÍ;Brasil;NÃO;SUL;SC;2;0;3;3;0;;3;;18/07/2026 07:17
2026;Branca;SOLTEIRO;21 a 24 anos;FEMININO;LÊ E ESCREVE;Cisgênero;NÃO;ITAJAÍ;Brasil;NÃO;SUL;SC;1;0;0;2;0;;2;;18/07/2026 07:17
2026;Branca;SOLTEIRO;21 a 24 anos;FEMININO;LÊ E ESCREVE;Prefere não informar;NÃO;ITAJAÍ;Brasil;NÃO;SUL;SC;0;0;0;1;0;;1;;18/07/2026 07:17
2026;Branca;SOLTEIRO;21 a 24 anos;FEMININO;SUPERIOR COMPLETO;Cisgênero;NÃO;ITAJAÍ;Brasil;NÃO;SUL;SC;38;0;0;38;0;;38;;18/07/2026 07:17
2026;Branca;SOLTEIRO;21 a 24 anos;FEMININO;SUPERIOR COMPLETO;Prefere não informar;NÃO;ITAJAÍ;Brasil;NÃO;SUL;SC;2;0;0;3;0;;3;;18/07/2026 07:17
2026;Branca;SOLTEIRO;21 a 24 anos;FEMININO;SUPERIOR INCOMPLETO;Cisgênero;NÃO;ITAJAÍ;Brasil;NÃO;SUL;SC;490;10;0;504;0;;504;;18/07/2026 07:17
2026;Branca;SOLTEIRO;21 a 24 anos;FEMININO;SUPERIOR INCOMPLETO;Cisgênero;SIM;ITAJAÍ;Brasil;NÃO;SUL;SC;3;1;0;3;0;;3;;18/07/2026 07:17
2026;Branca;SOLTEIRO;21 a 24 anos;FEMININO;SUPERIOR INCOMPLETO;Prefere não informar;NÃO;ITAJAÍ;Brasil;NÃO;SUL;SC;5;0;0;7;0;;7;;18/07/2026 07:17
2026;Branca;SOLTEIRO;21 a 24 anos;FEMININO;SUPERIOR INCOMPLETO;Prefere não informar;SIM;ITAJAÍ;Brasil;NÃO;SUL;SC;1;0;0;1;0;;1;;18/07/2026 07:17
2026;Branca;SOLTEIRO;21 a 24 anos;FEMININO;SUPERIOR INCOMPLETO;Transgênero;SIM;ITAJAÍ;Brasil;NÃO;SUL;SC;1;0;0;1;0;;1;;18/07/2026 07:17
2026;Branca;SOLTEIRO;21 a 24 anos;MASCULINO;ANALFABETO;Cisgênero;NÃO;ITAJAÍ;Brasil;NÃO;SUL;SC;7;6;0;7;7;;0;;18/07/2026 07:17
2026;Branca;SOLTEIRO;21 a 24 anos;MASCULINO;ENSINO FUNDAMENTAL COMPLETO;Cisgênero;NÃO;ITAJAÍ;Brasil;NÃO;SUL;SC;81;3;0;97;0;;97;;18/07/2026 07:17
2026;Branca;SOLTEIRO;21 a 24 anos;MASCULINO;ENSINO FUNDAMENTAL COMPLETO;Cisgênero;SIM;ITAJAÍ;Brasil;NÃO;SUL;SC;1;0;0;1;0;;1;;18/07/2026 07:17
2026;Branca;SOLTEIRO;21 a 24 anos;MASCULINO;ENSINO FUNDAMENTAL COMPLETO;Prefere não informar;NÃO;ITAJAÍ;Brasil;NÃO;SUL;SC;0;0;0;2;0;;2;;18/07/2026 07:17
2026;Branca;SOLTEIRO;21 a 24 anos;MASCULINO;ENSINO FUNDAMENTAL INCOMPLETO;Cisgênero;NÃO;ITAJAÍ;Brasil;NÃO;SUL;SC;75;4;0;83;0;;83;;18/07/2026 07:17
2026;Branca;SOLTEIRO;21 a 24 anos;MASCULINO;ENSINO FUNDAMENTAL INCOMPLETO;Cisgênero;SIM;ITAJAÍ;Brasil;NÃO;SUL;SC;1;0;0;1;0;;1;;18/07/2026 07:17
2026;Branca;SOLTEIRO;21 a 24 anos;MASCULINO;ENSINO FUNDAMENTAL INCOMPLETO;Prefere não informar;NÃO;ITAJAÍ;Brasil;NÃO;SUL;SC;4;0;0;5;0;;5;;18/07/2026 07:17
2026;Branca;SOLTEIRO;21 a 24 anos;MASCULINO;ENSINO FUNDAMENTAL INCOMPLETO;Prefere não informar;SIM;ITAJAÍ;Brasil;NÃO;SUL;SC;1;0;0;1;0;;1;;18/07/2026 07:17
2026;Branca;SOLTEIRO;21 a 24 anos;MASCULINO;ENSINO MÉDIO COMPLETO;Cisgênero;NÃO;ITAJAÍ;Brasil;NÃO;SUL;SC;616;14;0;708;0;;708;;18/07/2026 07:17
2026;Branca;SOLTEIRO;21 a 24 anos;MASCULINO;ENSINO MÉDIO COMPLETO;Cisgênero;SIM;ITAJAÍ;Brasil;NÃO;SUL;SC;2;0;0;4;0;;4;;18/07/2026 07:17
2026;Branca;SOLTEIRO;21 a 24 anos;MASCULINO;ENSINO MÉDIO COMPLETO;Prefere não informar;NÃO;ITAJAÍ;Brasil;NÃO;SUL;SC;17;0;0;23;0;;23;;18/07/2026 07:17
2026;Branca;SOLTEIRO;21 a 24 anos;MASCULINO;ENSINO MÉDIO COMPLETO;Transgênero;NÃO;ITAJAÍ;Brasil;NÃO;SUL;SC;2;0;0;2;0;;2;;18/07/2026 07:17
2026;Branca;SOLTEIRO;21 a 24 anos;MASCULINO;ENSINO MÉDIO INCOMPLETO;Cisgênero;NÃO;ITAJAÍ;Brasil;NÃO;SUL;SC;386;8;0;459;0;;459;;18/07/2026 07:17
2026;Branca;SOLTEIRO;21 a 24 anos;MASCULINO;ENSINO MÉDIO INCOMPLETO;Cisgênero;SIM;ITAJAÍ;Brasil;NÃO;SUL;SC;6;0;0;6;0;;6;;18/07/2026 07:17
2026;Branca;SOLTEIRO;21 a 24 anos;MASCULINO;ENSINO MÉDIO INCOMPLETO;Prefere não informar;NÃO;ITAJAÍ;Brasil;NÃO;SUL;SC;7;0;0;12;0;;12;;18/07/2026 07:17
2026;Branca;SOLTEIRO;21 a 24 anos;MASCULINO;ENSINO MÉDIO INCOMPLETO;Transgênero;NÃO;ITAJAÍ;Brasil;NÃO;SUL;SC;2;0;1;3;0;;3;;18/07/2026 07:17
2026;Branca;SOLTEIRO;21 a 24 anos;MASCULINO;LÊ E ESCREVE;Cisgênero;NÃO;ITAJAÍ;Brasil;NÃO;SUL;SC;1;0;0;1;0;;1;;18/07/2026 07:17
2026;Branca;SOLTEIRO;21 a 24 anos;MASCULINO;SUPERIOR COMPLETO;Cisgênero;NÃO;ITAJAÍ;Brasil;NÃO;SUL;SC;25;1;0;26;0;;26;;18/07/2026 07:17
2026;Branca;SOLTEIRO;21 a 24 anos;MASCULINO;SUPERIOR COMPLETO;Transgênero;NÃO;ITAJAÍ;Brasil;NÃO;SUL;SC;1;0;0;1;0;;1;;18/07/2026 07:17
2026;Branca;SOLTEIRO;21 a 24 anos;MASCULINO;SUPERIOR INCOMPLETO;Cisgênero;NÃO;ITAJAÍ;Brasil;NÃO;SUL;SC;341;19;0;358;0;;358;;18/07/2026 07:17
2026;Branca;SOLTEIRO;21 a 24 anos;MASCULINO;SUPERIOR INCOMPLETO;Cisgênero;SIM;ITAJAÍ;Brasil;NÃO;SUL;SC;5;0;0;5;0;;5;;18/07/2026 07:17
2026;Branca;SOLTEIRO;21 a 24 anos;MASCULINO;SUPERIOR INCOMPLETO;Prefere não informar;NÃO;ITAJAÍ;Brasil;NÃO;SUL;SC;6;0;0;7;0;;7;;18/07/2026 07:17
2026;Branca;SOLTEIRO;21 a 24 anos;MASCULINO;SUPERIOR INCOMPLETO;Transgênero;NÃO;ITAJAÍ;Brasil;NÃO;SUL;SC;1;0;1;1;0;;1;;18/07/2026 07:17
2026;Branca;SOLTEIRO;25 a 29 anos;FEMININO;ANALFABETO;Cisgênero;NÃO;ITAJAÍ;Brasil;NÃO;SUL;SC;5;4;0;5;5;;0;;18/07/2026 07:17
2026;Branca;SOLTEIRO;25 a 29 anos;FEMININO;ENSINO FUNDAMENTAL COMPLETO;Cisgênero;NÃO;ITAJAÍ;Brasil;NÃO;SUL;SC;33;0;0;35;0;;35;;18/07/2026 07:17
2026;Branca;SOLTEIRO;25 a 29 anos;FEMININO;ENSINO FUNDAMENTAL COMPLETO;Cisgênero;SIM;ITAJAÍ;Brasil;NÃO;SUL;SC;1;0;0;1;0;;1;;18/07/2026 07:17
2026;Branca;SOLTEIRO;25 a 29 anos;FEMININO;ENSINO FUNDAMENTAL COMPLETO;Prefere não informar;NÃO;ITAJAÍ;Brasil;NÃO;SUL;SC;1;0;0;1;0;;1;;18/07/2026 07:17
2026;Branca;SOLTEIRO;25 a 29 anos;FEMININO;ENSINO FUNDAMENTAL INCOMPLETO;Cisgênero;NÃO;ITAJAÍ;Brasil;NÃO;SUL;SC;37;1;0;41;0;;41;;18/07/2026 07:17
2026;Branca;SOLTEIRO;25 a 29 anos;FEMININO;ENSINO FUNDAMENTAL INCOMPLETO;Cisgênero;SIM;ITAJAÍ;Brasil;NÃO;SUL;SC;1;0;0;1;0;;1;;18/07/2026 07:17
2026;Branca;SOLTEIRO;25 a 29 anos;FEMININO;ENSINO FUNDAMENTAL INCOMPLETO;Prefere não informar;NÃO;ITAJAÍ;Brasil;NÃO;SUL;SC;4;0;0;5;0;;5;;18/07/2026 07:17
2026;Branca;SOLTEIRO;25 a 29 anos;FEMININO;ENSINO FUNDAMENTAL INCOMPLETO;Prefere não informar;SIM;ITAJAÍ;Brasil;NÃO;SUL;SC;1;0;0;1;0;;1;;18/07/2026 07:17
2026;Branca;SOLTEIRO;25 a 29 anos;FEMININO;ENSINO MÉDIO COMPLETO;Cisgênero;NÃO;ITAJAÍ;Brasil;NÃO;SUL;SC;384;4;0;399;0;;399;;18/07/2026 07:17
2026;Branca;SOLTEIRO;25 a 29 anos;FEMININO;ENSINO MÉDIO COMPLETO;Cisgênero;SIM;ITAJAÍ;Brasil;NÃO;SUL;SC;6;0;0;6;0;;6;;18/07/2026 07:17
2026;Branca;SOLTEIRO;25 a 29 anos;FEMININO;ENSINO MÉDIO COMPLETO;Prefere não informar;NÃO;ITAJAÍ;Brasil;NÃO;SUL;SC;15;0;0;15;0;;15;;18/07/2026 07:17
2026;Branca;SOLTEIRO;25 a 29 anos;FEMININO;ENSINO MÉDIO COMPLETO;Prefere não informar;SIM;ITAJAÍ;Brasil;NÃO;SUL;SC;1;0;0;1;0;;1;;18/07/2026 07:17
2026;Branca;SOLTEIRO;25 a 29 anos;FEMININO;ENSINO MÉDIO COMPLETO;Transgênero;NÃO;ITAJAÍ;Brasil;NÃO;SUL;SC;2;0;1;2;0;;2;;18/07/2026 07:17
2026;Branca;SOLTEIRO;25 a 29 anos;FEMININO;ENSINO MÉDIO INCOMPLETO;Cisgênero;NÃO;ITAJAÍ;Brasil;NÃO;SUL;SC;137;4;0;144;0;;144;;18/07/2026 07:17
2026;Branca;SOLTEIRO;25 a 29 anos;FEMININO;ENSINO MÉDIO INCOMPLETO;Cisgênero;SIM;ITAJAÍ;Brasil;NÃO;SUL;SC;6;0;0;6;0;;6;;18/07/2026 07:17
2026;Branca;SOLTEIRO;25 a 29 anos;FEMININO;ENSINO MÉDIO INCOMPLETO;Prefere não informar;NÃO;ITAJAÍ;Brasil;NÃO;SUL;SC;18;0;0;19;0;;19;;18/07/2026 07:17
2026;Branca;SOLTEIRO;25 a 29 anos;FEMININO;SUPERIOR COMPLETO;Cisgênero;NÃO;ITAJAÍ;Brasil;NÃO;SUL;SC;118;1;0;122;0;;122;;18/07/2026 07:17
2026;Branca;SOLTEIRO;25 a 29 anos;FEMININO;SUPERIOR COMPLETO;Prefere não informar;NÃO;ITAJAÍ;Brasil;NÃO;SUL;SC;6;0;0;6;0;;6;;18/07/2026 07:17
2026;Branca;SOLTEIRO;25 a 29 anos;FEMININO;SUPERIOR COMPLETO;Transgênero;NÃO;ITAJAÍ;Brasil;NÃO;SUL;SC;2;0;1;2;0;;2;;18/07/2026 07:17
2026;Branca;SOLTEIRO;25 a 29 anos;FEMININO;SUPERIOR INCOMPLETO;Cisgênero;NÃO;ITAJAÍ;Brasil;NÃO;SUL;SC;224;0;0;230;0;;230;;18/07/2026 07:17
2026;Branca;SOLTEIRO;25 a 29 anos;FEMININO;SUPERIOR INCOMPLETO;Cisgênero;SIM;ITAJAÍ;Brasil;NÃO;SUL;SC;1;0;0;1;0;;1;;18/07/2026 07:17
2026;Branca;SOLTEIRO;25 a 29 anos;FEMININO;SUPERIOR INCOMPLETO;Prefere não informar;NÃO;ITAJAÍ;Brasil;NÃO;SUL;SC;6;0;0;7;0;;7;;18/07/2026 07:17
2026;Branca;SOLTEIRO;25 a 29 anos;FEMININO;SUPERIOR INCOMPLETO;Prefere não informar;SIM;ITAJAÍ;Brasil;NÃO;SUL;SC;1;0;0;1;0;;1;;18/07/2026 07:17
2026;Branca;SOLTEIRO;25 a 29 anos;MASCULINO;ANALFABETO;Cisgênero;NÃO;ITAJAÍ;Brasil;NÃO;SUL;SC;6;7;0;7;7;;0;;18/07/2026 07:17
2026;Branca;SOLTEIRO;25 a 29 anos;MASCULINO;ENSINO FUNDAMENTAL COMPLETO;Cisgênero;NÃO;ITAJAÍ;Brasil;NÃO;SUL;SC;51;4;0;54;0;;54;;18/07/2026 07:17
2026;Branca;SOLTEIRO;25 a 29 anos;MASCULINO;ENSINO FUNDAMENTAL COMPLETO;Cisgênero;SIM;ITAJAÍ;Brasil;NÃO;SUL;SC;1;0;0;1;0;;1;;18/07/2026 07:17
2026;Branca;SOLTEIRO;25 a 29 anos;MASCULINO;ENSINO FUNDAMENTAL COMPLETO;Prefere não informar;NÃO;ITAJAÍ;Brasil;NÃO;SUL;SC;3;0;0;3;0;;3;;18/07/2026 07:17
2026;Branca;SOLTEIRO;25 a 29 anos;MASCULINO;ENSINO FUNDAMENTAL INCOMPLETO;Cisgênero;NÃO;ITAJAÍ;Brasil;NÃO;SUL;SC;50;2;0;56;0;;56;;18/07/2026 07:17
2026;Branca;SOLTEIRO;25 a 29 anos;MASCULINO;ENSINO FUNDAMENTAL INCOMPLETO;Prefere não informar;NÃO;ITAJAÍ;Brasil;NÃO;SUL;SC;2;0;0;3;0;;3;;18/07/2026 07:17
2026;Branca;SOLTEIRO;25 a 29 anos;MASCULINO;ENSINO FUNDAMENTAL INCOMPLETO;Prefere não informar;SIM;ITAJAÍ;Brasil;NÃO;SUL;SC;2;0;0;3;0;;3;;18/07/2026 07:17
2026;Branca;SOLTEIRO;25 a 29 anos;MASCULINO;ENSINO FUNDAMENTAL INCOMPLETO;Transgênero;NÃO;ITAJAÍ;Brasil;NÃO;SUL;SC;1;0;0;1;0;;1;;18/07/2026 07:17
2026;Branca;SOLTEIRO;25 a 29 anos;MASCULINO;ENSINO MÉDIO COMPLETO;Cisgênero;NÃO;ITAJAÍ;Brasil;NÃO;SUL;SC;269;6;0;290;0;;290;;18/07/2026 07:17
2026;Branca;SOLTEIRO;25 a 29 anos;MASCULINO;ENSINO MÉDIO COMPLETO;Cisgênero;SIM;ITAJAÍ;Brasil;NÃO;SUL;SC;3;1;0;3;0;;3;;18/07/2026 07:17
2026;Branca;SOLTEIRO;25 a 29 anos;MASCULINO;ENSINO MÉDIO COMPLETO;Prefere não informar;NÃO;ITAJAÍ;Brasil;NÃO;SUL;SC;10;0;0;11;0;;11;;18/07/2026 07:17
2026;Branca;SOLTEIRO;25 a 29 anos;MASCULINO;ENSINO MÉDIO COMPLETO;Prefere não informar;SIM;ITAJAÍ;Brasil;NÃO;SUL;SC;2;0;0;2;0;;2;;18/07/2026 07:17
2026;Branca;SOLTEIRO;25 a 29 anos;MASCULINO;ENSINO MÉDIO COMPLETO;Transgênero;NÃO;ITAJAÍ;Brasil;NÃO;SUL;SC;1;0;0;1;0;;1;;18/07/2026 07:17
2026;Branca;SOLTEIRO;25 a 29 anos;MASCULINO;ENSINO MÉDIO INCOMPLETO;Cisgênero;NÃO;ITAJAÍ;Brasil;NÃO;SUL;SC;163;2;0;178;0;;178;;18/07/2026 07:17
2026;Branca;SOLTEIRO;25 a 29 anos;MASCULINO;ENSINO MÉDIO INCOMPLETO;Cisgênero;SIM;ITAJAÍ;Brasil;NÃO;SUL;SC;3;0;0;3;0;;3;;18/07/2026 07:17
2026;Branca;SOLTEIRO;25 a 29 anos;MASCULINO;ENSINO MÉDIO INCOMPLETO;Prefere não informar;NÃO;ITAJAÍ;Brasil;NÃO;SUL;SC;8;0;0;9;0;;9;;18/07/2026 07:17
2026;Branca;SOLTEIRO;25 a 29 anos;MASCULINO;ENSINO MÉDIO INCOMPLETO;Prefere não informar;SIM;ITAJAÍ;Brasil;NÃO;SUL;SC;1;0;0;1;0;;1;;18/07/2026 07:17
2026;Branca;SOLTEIRO;25 a 29 anos;MASCULINO;ENSINO MÉDIO INCOMPLETO;Transgênero;NÃO;ITAJAÍ;Brasil;NÃO;SUL;SC;1;0;1;1;0;;1;;18/07/2026 07:17
2026;Branca;SOLTEIRO;25 a 29 anos;MASCULINO;ENSINO MÉDIO INCOMPLETO;Transgênero;SIM;ITAJAÍ;Brasil;NÃO;SUL;SC;1;0;0;1;0;;1;;18/07/2026 07:17
2026;Branca;SOLTEIRO;25 a 29 anos;MASCULINO;LÊ E ESCREVE;Cisgênero;NÃO;ITAJAÍ;Brasil;NÃO;SUL;SC;1;0;0;3;0;;3;;18/07/2026 07:17
2026;Branca;SOLTEIRO;25 a 29 anos;MASCULINO;SUPERIOR COMPLETO;Cisgênero;NÃO;ITAJAÍ;Brasil;NÃO;SUL;SC;88;1;0;88;0;;88;;18/07/2026 07:17
2026;Branca;SOLTEIRO;25 a 29 anos;MASCULINO;SUPERIOR COMPLETO;Prefere não informar;NÃO;ITAJAÍ;Brasil;NÃO;SUL;SC;3;0;0;3;0;;3;;18/07/2026 07:17
2026;Branca;SOLTEIRO;25 a 29 anos;MASCULINO;SUPERIOR COMPLETO;Transgênero;NÃO;ITAJAÍ;Brasil;NÃO;SUL;SC;1;0;1;1;0;;1;;18/07/2026 07:17
2026;Branca;SOLTEIRO;25 a 29 anos;MASCULINO;SUPERIOR INCOMPLETO;Cisgênero;NÃO;ITAJAÍ;Brasil;NÃO;SUL;SC;155;2;0;164;0;;164;;18/07/2026 07:17
2026;Branca;SOLTEIRO;25 a 29 anos;MASCULINO;SUPERIOR INCOMPLETO;Cisgênero;SIM;ITAJAÍ;Brasil;NÃO;SUL;SC;2;0;0;2;0;;2;;18/07/2026 07:17
2026;Branca;SOLTEIRO;25 a 29 anos;MASCULINO;SUPERIOR INCOMPLETO;Prefere não informar;NÃO;ITAJAÍ;Brasil;NÃO;SUL;SC;5;0;0;5;0;;5;;18/07/2026 07:17
2026;Branca;SOLTEIRO;25 a 29 anos;MASCULINO;SUPERIOR INCOMPLETO;Transgênero;NÃO;ITAJAÍ;Brasil;NÃO;SUL;SC;1;0;1;1;0;;1;;18/07/2026 07:17
2026;Branca;SOLTEIRO;30 a 34 anos;FEMININO;ANALFABETO;Cisgênero;NÃO;ITAJAÍ;Brasil;NÃO;SUL;SC;3;1;0;3;3;;0;;18/07/2026 07:17
2026;Branca;SOLTEIRO;30 a 34 anos;FEMININO;ENSINO FUNDAMENTAL COMPLETO;Cisgênero;NÃO;ITAJAÍ;Brasil;NÃO;SUL;SC;38;0;0;39;0;;39;;18/07/2026 07:17
2026;Branca;SOLTEIRO;30 a 34 anos;FEMININO;ENSINO FUNDAMENTAL COMPLETO;Prefere não informar;NÃO;ITAJAÍ;Brasil;NÃO;SUL;SC;3;0;0;3;0;;3;;18/07/2026 07:17
2026;Branca;SOLTEIRO;30 a 34 anos;FEMININO;ENSINO FUNDAMENTAL COMPLETO;Transgênero;NÃO;ITAJAÍ;Brasil;NÃO;SUL;SC;1;0;0;2;0;;2;;18/07/2026 07:17
2026;Branca;SOLTEIRO;30 a 34 anos;FEMININO;ENSINO FUNDAMENTAL INCOMPLETO;Cisgênero;NÃO;ITAJAÍ;Brasil;NÃO;SUL;SC;49;3;0;58;0;;58;;18/07/2026 07:17
2026;Branca;SOLTEIRO;30 a 34 anos;FEMININO;ENSINO FUNDAMENTAL INCOMPLETO;Prefere não informar;SIM;ITAJAÍ;Brasil;NÃO;SUL;SC;2;0;0;2;0;;2;;18/07/2026 07:17
2026;Branca;SOLTEIRO;30 a 34 anos;FEMININO;ENSINO MÉDIO COMPLETO;Cisgênero;NÃO;ITAJAÍ;Brasil;NÃO;SUL;SC;231;3;0;245;0;;245;;18/07/2026 07:17
2026;Branca;SOLTEIRO;30 a 34 anos;FEMININO;ENSINO MÉDIO COMPLETO;Cisgênero;SIM;ITAJAÍ;Brasil;NÃO;SUL;SC;5;1;0;5;0;;5;;18/07/2026 07:17
2026;Branca;SOLTEIRO;30 a 34 anos;FEMININO;ENSINO MÉDIO COMPLETO;Prefere não informar;NÃO;ITAJAÍ;Brasil;NÃO;SUL;SC;9;0;0;10;0;;10;;18/07/2026 07:17
2026;Branca;SOLTEIRO;30 a 34 anos;FEMININO;ENSINO MÉDIO COMPLETO;Prefere não informar;SIM;ITAJAÍ;Brasil;NÃO;SUL;SC;1;0;0;1;0;;1;;18/07/2026 07:17
2026;Branca;SOLTEIRO;30 a 34 anos;FEMININO;ENSINO MÉDIO COMPLETO;Transgênero;NÃO;ITAJAÍ;Brasil;NÃO;SUL;SC;2;0;0;2;0;;2;;18/07/2026 07:17
2026;Branca;SOLTEIRO;30 a 34 anos;FEMININO;ENSINO MÉDIO INCOMPLETO;Cisgênero;NÃO;ITAJAÍ;Brasil;NÃO;SUL;SC;90;2;0;93;0;;93;;18/07/2026 07:17
2026;Branca;SOLTEIRO;30 a 34 anos;FEMININO;ENSINO MÉDIO INCOMPLETO;Cisgênero;SIM;ITAJAÍ;Brasil;NÃO;SUL;SC;3;0;0;3;0;;3;;18/07/2026 07:17
2026;Branca;SOLTEIRO;30 a 34 anos;FEMININO;ENSINO MÉDIO INCOMPLETO;Prefere não informar;NÃO;ITAJAÍ;Brasil;NÃO;SUL;SC;9;0;0;9;0;;9;;18/07/2026 07:17
2026;Branca;SOLTEIRO;30 a 34 anos;FEMININO;SUPERIOR COMPLETO;Cisgênero;NÃO;ITAJAÍ;Brasil;NÃO;SUL;SC;258;4;0;260;0;;260;;18/07/2026 07:17
2026;Branca;SOLTEIRO;30 a 34 anos;FEMININO;SUPERIOR COMPLETO;Cisgênero;SIM;ITAJAÍ;Brasil;NÃO;SUL;SC;2;0;0;2;0;;2;;18/07/2026 07:17
2026;Branca;SOLTEIRO;30 a 34 anos;FEMININO;SUPERIOR COMPLETO;Prefere não informar;NÃO;ITAJAÍ;Brasil;NÃO;SUL;SC;12;0;0;12;0;;12;;18/07/2026 07:17
2026;Branca;SOLTEIRO;30 a 34 anos;FEMININO;SUPERIOR INCOMPLETO;Cisgênero;NÃO;ITAJAÍ;Brasil;NÃO;SUL;SC;173;1;0;174;0;;174;;18/07/2026 07:17
2026;Branca;SOLTEIRO;30 a 34 anos;FEMININO;SUPERIOR INCOMPLETO;Cisgênero;SIM;ITAJAÍ;Brasil;NÃO;SUL;SC;1;0;0;1;0;;1;;18/07/2026 07:17
2026;Branca;SOLTEIRO;30 a 34 anos;FEMININO;SUPERIOR INCOMPLETO;Prefere não informar;NÃO;ITAJAÍ;Brasil;NÃO;SUL;SC;13;0;0;13;0;;13;;18/07/2026 07:17
2026;Branca;SOLTEIRO;30 a 34 anos;MASCULINO;ANALFABETO;Cisgênero;NÃO;ITAJAÍ;Brasil;NÃO;SUL;SC;6;5;0;8;8;;0;;18/07/2026 07:17
2026;Branca;SOLTEIRO;30 a 34 anos;MASCULINO;ANALFABETO;Prefere não informar;NÃO;ITAJAÍ;Brasil;NÃO;SUL;SC;0;1;0;1;1;;0;;18/07/2026 07:17
2026;Branca;SOLTEIRO;30 a 34 anos;MASCULINO;ANALFABETO;Transgênero;NÃO;ITAJAÍ;Brasil;NÃO;SUL;SC;1;1;0;1;1;;0;;18/07/2026 07:17
2026;Branca;SOLTEIRO;30 a 34 anos;MASCULINO;ENSINO FUNDAMENTAL COMPLETO;Cisgênero;NÃO;ITAJAÍ;Brasil;NÃO;SUL;SC;37;0;0;42;0;;42;;18/07/2026 07:17
2026;Branca;SOLTEIRO;30 a 34 anos;MASCULINO;ENSINO FUNDAMENTAL COMPLETO;Cisgênero;SIM;ITAJAÍ;Brasil;NÃO;SUL;SC;1;0;0;1;0;;1;;18/07/2026 07:17
2026;Branca;SOLTEIRO;30 a 34 anos;MASCULINO;ENSINO FUNDAMENTAL COMPLETO;Prefere não informar;NÃO;ITAJAÍ;Brasil;NÃO;SUL;SC;2;0;0;2;0;;2;;18/07/2026 07:17
2026;Branca;SOLTEIRO;30 a 34 anos;MASCULINO;ENSINO FUNDAMENTAL INCOMPLETO;Cisgênero;NÃO;ITAJAÍ;Brasil;NÃO;SUL;SC;57;2;0;60;0;;60;;18/07/2026 07:17
2026;Branca;SOLTEIRO;30 a 34 anos;MASCULINO;ENSINO FUNDAMENTAL INCOMPLETO;Cisgênero;SIM;ITAJAÍ;Brasil;NÃO;SUL;SC;1;0;0;1;0;;1;;18/07/2026 07:17
2026;Branca;SOLTEIRO;30 a 34 anos;MASCULINO;ENSINO FUNDAMENTAL INCOMPLETO;Prefere não informar;NÃO;ITAJAÍ;Brasil;NÃO;SUL;SC;0;0;0;1;0;;1;;18/07/2026 07:17
2026;Branca;SOLTEIRO;30 a 34 anos;MASCULINO;ENSINO MÉDIO COMPLETO;Cisgênero;NÃO;ITAJAÍ;Brasil;NÃO;SUL;SC;219;3;0;238;0;;238;;18/07/2026 07:17
2026;Branca;SOLTEIRO;30 a 34 anos;MASCULINO;ENSINO MÉDIO COMPLETO;Cisgênero;SIM;ITAJAÍ;Brasil;NÃO;SUL;SC;6;1;0;6;0;;6;;18/07/2026 07:17
2026;Branca;SOLTEIRO;30 a 34 anos;MASCULINO;ENSINO MÉDIO COMPLETO;Prefere não informar;NÃO;ITAJAÍ;Brasil;NÃO;SUL;SC;8;0;0;9;0;;9;;18/07/2026 07:17
2026;Branca;SOLTEIRO;30 a 34 anos;MASCULINO;ENSINO MÉDIO COMPLETO;Prefere não informar;SIM;ITAJAÍ;Brasil;NÃO;SUL;SC;1;0;0;1;0;;1;;18/07/2026 07:17
2026;Branca;SOLTEIRO;30 a 34 anos;MASCULINO;ENSINO MÉDIO COMPLETO;Transgênero;NÃO;ITAJAÍ;Brasil;NÃO;SUL;SC;2;0;0;2;0;;2;;18/07/2026 07:17
2026;Branca;SOLTEIRO;30 a 34 anos;MASCULINO;ENSINO MÉDIO INCOMPLETO;Cisgênero;NÃO;ITAJAÍ;Brasil;NÃO;SUL;SC;98;1;0;103;0;;103;;18/07/2026 07:17
2026;Branca;SOLTEIRO;30 a 34 anos;MASCULINO;ENSINO MÉDIO INCOMPLETO;Cisgênero;SIM;ITAJAÍ;Brasil;NÃO;SUL;SC;2;0;0;2;0;;2;;18/07/2026 07:17
2026;Branca;SOLTEIRO;30 a 34 anos;MASCULINO;ENSINO MÉDIO INCOMPLETO;Prefere não informar;NÃO;ITAJAÍ;Brasil;NÃO;SUL;SC;1;0;0;1;0;;1;;18/07/2026 07:17
2026;Branca;SOLTEIRO;30 a 34 anos;MASCULINO;ENSINO MÉDIO INCOMPLETO;Prefere não informar;SIM;ITAJAÍ;Brasil;NÃO;SUL;SC;2;0;0;2;0;;2;;18/07/2026 07:17
2026;Branca;SOLTEIRO;30 a 34 anos;MASCULINO;LÊ E ESCREVE;Cisgênero;NÃO;ITAJAÍ;Brasil;NÃO;SUL;SC;2;0;0;2;0;;2;;18/07/2026 07:17
2026;Branca;SOLTEIRO;30 a 34 anos;MASCULINO;SUPERIOR COMPLETO;Cisgênero;NÃO;ITAJAÍ;Brasil;NÃO;SUL;SC;146;2;0;146;0;;146;;18/07/2026 07:17
2026;Branca;SOLTEIRO;30 a 34 anos;MASCULINO;SUPERIOR COMPLETO;Cisgênero;SIM;ITAJAÍ;Brasil;NÃO;SUL;SC;3;0;0;3;0;;3;;18/07/2026 07:17
2026;Branca;SOLTEIRO;30 a 34 anos;MASCULINO;SUPERIOR COMPLETO;Prefere não informar;NÃO;ITAJAÍ;Brasil;NÃO;SUL;SC;6;0;0;6;0;;6;;18/07/2026 07:17
2026;Branca;SOLTEIRO;30 a 34 anos;MASCULINO;SUPERIOR INCOMPLETO;Cisgênero;NÃO;ITAJAÍ;Brasil;NÃO;SUL;SC;159;0;0;163;0;;163;;18/07/2026 07:17
2026;Branca;SOLTEIRO;30 a 34 anos;MASCULINO;SUPERIOR INCOMPLETO;Cisgênero;SIM;ITAJAÍ;Brasil;NÃO;SUL;SC;3;0;0;3;0;;3;;18/07/2026 07:17
2026;Branca;SOLTEIRO;30 a 34 anos;MASCULINO;SUPERIOR INCOMPLETO;Prefere não informar;NÃO;ITAJAÍ;Brasil;NÃO;SUL;SC;7;0;0;7;0;;7;;18/07/2026 07:17
2026;Branca;SOLTEIRO;35 a 39 anos;FEMININO;ANALFABETO;Cisgênero;NÃO;ITAJAÍ;Brasil;NÃO;SUL;SC;4;2;0;4;4;;0;;18/07/2026 07:17
2026;Branca;SOLTEIRO;35 a 39 anos;FEMININO;ENSINO FUNDAMENTAL COMPLETO;Cisgênero;NÃO;ITAJAÍ;Brasil;NÃO;SUL;SC;38;0;0;41;0;;41;;18/07/2026 07:17
2026;Branca;SOLTEIRO;35 a 39 anos;FEMININO;ENSINO FUNDAMENTAL COMPLETO;Prefere não informar;NÃO;ITAJAÍ;Brasil;NÃO;SUL;SC;3;0;0;3;0;;3;;18/07/2026 07:17
2026;Branca;SOLTEIRO;35 a 39 anos;FEMININO;ENSINO FUNDAMENTAL INCOMPLETO;Cisgênero;NÃO;ITAJAÍ;Brasil;NÃO;SUL;SC;48;1;0;49;0;;49;;18/07/2026 07:17
2026;Branca;SOLTEIRO;35 a 39 anos;FEMININO;ENSINO FUNDAMENTAL INCOMPLETO;Prefere não informar;NÃO;ITAJAÍ;Brasil;NÃO;SUL;SC;1;0;0;1;0;;1;;18/07/2026 07:17
2026;Branca;SOLTEIRO;35 a 39 anos;FEMININO;ENSINO FUNDAMENTAL INCOMPLETO;Prefere não informar;SIM;ITAJAÍ;Brasil;NÃO;SUL;SC;1;0;0;1;0;;1;;18/07/2026 07:17
2026;Branca;SOLTEIRO;35 a 39 anos;FEMININO;ENSINO MÉDIO COMPLETO;Cisgênero;NÃO;ITAJAÍ;Brasil;NÃO;SUL;SC;191;2;0;198;0;;198;;18/07/2026 07:17
2026;Branca;SOLTEIRO;35 a 39 anos;FEMININO;ENSINO MÉDIO COMPLETO;Cisgênero;SIM;ITAJAÍ;Brasil;NÃO;SUL;SC;3;0;0;3;0;;3;;18/07/2026 07:17
2026;Branca;SOLTEIRO;35 a 39 anos;FEMININO;ENSINO MÉDIO COMPLETO;Prefere não informar;NÃO;ITAJAÍ;Brasil;NÃO;SUL;SC;13;1;0;13;0;;13;;18/07/2026 07:17
2026;Branca;SOLTEIRO;35 a 39 anos;FEMININO;ENSINO MÉDIO COMPLETO;Prefere não informar;SIM;ITAJAÍ;Brasil;NÃO;SUL;SC;3;0;0;3;0;;3;;18/07/2026 07:17
2026;Branca;SOLTEIRO;35 a 39 anos;FEMININO;ENSINO MÉDIO INCOMPLETO;Cisgênero;NÃO;ITAJAÍ;Brasil;NÃO;SUL;SC;59;0;0;63;0;;63;;18/07/2026 07:17
2026;Branca;SOLTEIRO;35 a 39 anos;FEMININO;ENSINO MÉDIO INCOMPLETO;Prefere não informar;NÃO;ITAJAÍ;Brasil;NÃO;SUL;SC;7;0;0;8;0;;8;;18/07/2026 07:17
2026;Branca;SOLTEIRO;35 a 39 anos;FEMININO;LÊ E ESCREVE;Cisgênero;NÃO;ITAJAÍ;Brasil;NÃO;SUL;SC;1;0;0;1;0;;1;;18/07/2026 07:17
2026;Branca;SOLTEIRO;35 a 39 anos;FEMININO;SUPERIOR COMPLETO;Cisgênero;NÃO;ITAJAÍ;Brasil;NÃO;SUL;SC;243;3;0;248;0;;248;;18/07/2026 07:17
2026;Branca;SOLTEIRO;35 a 39 anos;FEMININO;SUPERIOR COMPLETO;Cisgênero;SIM;ITAJAÍ;Brasil;NÃO;SUL;SC;5;0;0;5;0;;5;;18/07/2026 07:17
2026;Branca;SOLTEIRO;35 a 39 anos;FEMININO;SUPERIOR COMPLETO;Prefere não informar;NÃO;ITAJAÍ;Brasil;NÃO;SUL;SC;17;0;0;18;0;;18;;18/07/2026 07:17
2026;Branca;SOLTEIRO;35 a 39 anos;FEMININO;SUPERIOR COMPLETO;Prefere não informar;SIM;ITAJAÍ;Brasil;NÃO;SUL;SC;1;0;0;1;0;;1;;18/07/2026 07:17
2026;Branca;SOLTEIRO;35 a 39 anos;FEMININO;SUPERIOR COMPLETO;Transgênero;NÃO;ITAJAÍ;Brasil;NÃO;SUL;SC;0;0;0;1;0;;1;;18/07/2026 07:17
2026;Branca;SOLTEIRO;35 a 39 anos;FEMININO;SUPERIOR INCOMPLETO;Cisgênero;NÃO;ITAJAÍ;Brasil;NÃO;SUL;SC;94;2;0;99;0;;99;;18/07/2026 07:17
2026;Branca;SOLTEIRO;35 a 39 anos;FEMININO;SUPERIOR INCOMPLETO;Prefere não informar;NÃO;ITAJAÍ;Brasil;NÃO;SUL;SC;7;0;0;7;0;;7;;18/07/2026 07:17
2026;Branca;SOLTEIRO;35 a 39 anos;MASCULINO;ANALFABETO;Cisgênero;NÃO;ITAJAÍ;Brasil;NÃO;SUL;SC;1;2;0;4;4;;0;;18/07/2026 07:17
2026;Branca;SOLTEIRO;35 a 39 anos;MASCULINO;ENSINO FUNDAMENTAL COMPLETO;Cisgênero;NÃO;ITAJAÍ;Brasil;NÃO;SUL;SC;40;0;0;44;0;;44;;18/07/2026 07:17
2026;Branca;SOLTEIRO;35 a 39 anos;MASCULINO;ENSINO FUNDAMENTAL COMPLETO;Prefere não informar;NÃO;ITAJAÍ;Brasil;NÃO;SUL;SC;4;0;0;4;0;;4;;18/07/2026 07:17
2026;Branca;SOLTEIRO;35 a 39 anos;MASCULINO;ENSINO FUNDAMENTAL INCOMPLETO;Cisgênero;NÃO;ITAJAÍ;Brasil;NÃO;SUL;SC;37;2;0;45;0;;45;;18/07/2026 07:17
2026;Branca;SOLTEIRO;35 a 39 anos;MASCULINO;ENSINO FUNDAMENTAL INCOMPLETO;Prefere não informar;NÃO;ITAJAÍ;Brasil;NÃO;SUL;SC;2;0;0;2;0;;2;;18/07/2026 07:17
2026;Branca;SOLTEIRO;35 a 39 anos;MASCULINO;ENSINO MÉDIO COMPLETO;Cisgênero;NÃO;ITAJAÍ;Brasil;NÃO;SUL;SC;195;1;0;200;0;;200;;18/07/2026 07:17
2026;Branca;SOLTEIRO;35 a 39 anos;MASCULINO;ENSINO MÉDIO COMPLETO;Cisgênero;SIM;ITAJAÍ;Brasil;NÃO;SUL;SC;5;0;0;5;0;;5;;18/07/2026 07:17
2026;Branca;SOLTEIRO;35 a 39 anos;MASCULINO;ENSINO MÉDIO COMPLETO;Prefere não informar;NÃO;ITAJAÍ;Brasil;NÃO;SUL;SC;11;0;0;13;0;;13;;18/07/2026 07:17
2026;Branca;SOLTEIRO;35 a 39 anos;MASCULINO;ENSINO MÉDIO COMPLETO;Prefere não informar;SIM;ITAJAÍ;Brasil;NÃO;SUL;SC;2;0;0;2;0;;2;;18/07/2026 07:17
2026;Branca;SOLTEIRO;35 a 39 anos;MASCULINO;ENSINO MÉDIO INCOMPLETO;Cisgênero;NÃO;ITAJAÍ;Brasil;NÃO;SUL;SC;84;0;0;89;0;;89;;18/07/2026 07:17
2026;Branca;SOLTEIRO;35 a 39 anos;MASCULINO;ENSINO MÉDIO INCOMPLETO;Cisgênero;SIM;ITAJAÍ;Brasil;NÃO;SUL;SC;1;1;0;1;0;;1;;18/07/2026 07:17
2026;Branca;SOLTEIRO;35 a 39 anos;MASCULINO;ENSINO MÉDIO INCOMPLETO;Prefere não informar;NÃO;ITAJAÍ;Brasil;NÃO;SUL;SC;5;0;0;5;0;;5;;18/07/2026 07:17
2026;Branca;SOLTEIRO;35 a 39 anos;MASCULINO;SUPERIOR COMPLETO;Cisgênero;NÃO;ITAJAÍ;Brasil;NÃO;SUL;SC;233;1;0;237;0;;237;;18/07/2026 07:17
2026;Branca;SOLTEIRO;35 a 39 anos;MASCULINO;SUPERIOR COMPLETO;Cisgênero;SIM;ITAJAÍ;Brasil;NÃO;SUL;SC;3;0;0;3;0;;3;;18/07/2026 07:17
2026;Branca;SOLTEIRO;35 a 39 anos;MASCULINO;SUPERIOR COMPLETO;Prefere não informar;NÃO;ITAJAÍ;Brasil;NÃO;SUL;SC;10;0;0;10;0;;10;;18/07/2026 07:17
2026;Branca;SOLTEIRO;35 a 39 anos;MASCULINO;SUPERIOR INCOMPLETO;Cisgênero;NÃO;ITAJAÍ;Brasil;NÃO;SUL;SC;108;0;0;112;0;;112;;18/07/2026 07:17
2026;Branca;SOLTEIRO;35 a 39 anos;MASCULINO;SUPERIOR INCOMPLETO;Cisgênero;SIM;ITAJAÍ;Brasil;NÃO;SUL;SC;1;0;0;1;0;;1;;18/07/2026 07:17
2026;Branca;SOLTEIRO;35 a 39 anos;MASCULINO;SUPERIOR INCOMPLETO;Prefere não informar;NÃO;ITAJAÍ;Brasil;NÃO;SUL;SC;7;0;0;7;0;;7;;18/07/2026 07:17
2026;Branca;SOLTEIRO;40 a 44 anos;FEMININO;ANALFABETO;Cisgênero;NÃO;ITAJAÍ;Brasil;NÃO;SUL;SC;1;1;0;1;1;;0;;18/07/2026 07:17
2026;Branca;SOLTEIRO;40 a 44 anos;FEMININO;ANALFABETO;Cisgênero;SIM;ITAJAÍ;Brasil;NÃO;SUL;SC;1;1;0;1;1;;0;;18/07/2026 07:17
2026;Branca;SOLTEIRO;40 a 44 anos;FEMININO;ENSINO FUNDAMENTAL COMPLETO;Cisgênero;NÃO;ITAJAÍ;Brasil;NÃO;SUL;SC;26;2;0;27;0;;27;;18/07/2026 07:17
2026;Branca;SOLTEIRO;40 a 44 anos;FEMININO;ENSINO FUNDAMENTAL COMPLETO;Prefere não informar;NÃO;ITAJAÍ;Brasil;NÃO;SUL;SC;1;0;0;1;0;;1;;18/07/2026 07:17
2026;Branca;SOLTEIRO;40 a 44 anos;FEMININO;ENSINO FUNDAMENTAL INCOMPLETO;Cisgênero;NÃO;ITAJAÍ;Brasil;NÃO;SUL;SC;49;1;0;52;0;;52;;18/07/2026 07:17
2026;Branca;SOLTEIRO;40 a 44 anos;FEMININO;ENSINO FUNDAMENTAL INCOMPLETO;Prefere não informar;NÃO;ITAJAÍ;Brasil;NÃO;SUL;SC;1;0;0;1;0;;1;;18/07/2026 07:17
2026;Branca;SOLTEIRO;40 a 44 anos;FEMININO;ENSINO MÉDIO COMPLETO;Cisgênero;NÃO;ITAJAÍ;Brasil;NÃO;SUL;SC;174;4;0;180;0;;180;;18/07/2026 07:17
2026;Branca;SOLTEIRO;40 a 44 anos;FEMININO;ENSINO MÉDIO COMPLETO;Cisgênero;SIM;ITAJAÍ;Brasil;NÃO;SUL;SC;2;1;0;2;0;;2;;18/07/2026 07:17
2026;Branca;SOLTEIRO;40 a 44 anos;FEMININO;ENSINO MÉDIO COMPLETO;Prefere não informar;NÃO;ITAJAÍ;Brasil;NÃO;SUL;SC;11;0;0;12;0;;12;;18/07/2026 07:17
2026;Branca;SOLTEIRO;40 a 44 anos;FEMININO;ENSINO MÉDIO INCOMPLETO;Cisgênero;NÃO;ITAJAÍ;Brasil;NÃO;SUL;SC;53;0;0;56;0;;56;;18/07/2026 07:17
2026;Branca;SOLTEIRO;40 a 44 anos;FEMININO;ENSINO MÉDIO INCOMPLETO;Cisgênero;SIM;ITAJAÍ;Brasil;NÃO;SUL;SC;1;1;0;1;0;;1;;18/07/2026 07:17
2026;Branca;SOLTEIRO;40 a 44 anos;FEMININO;ENSINO MÉDIO INCOMPLETO;Prefere não informar;NÃO;ITAJAÍ;Brasil;NÃO;SUL;SC;4;0;0;4;0;;4;;18/07/2026 07:17
2026;Branca;SOLTEIRO;40 a 44 anos;FEMININO;LÊ E ESCREVE;Cisgênero;NÃO;ITAJAÍ;Brasil;NÃO;SUL;SC;1;0;0;1;0;;1;;18/07/2026 07:17
2026;Branca;SOLTEIRO;40 a 44 anos;FEMININO;SUPERIOR COMPLETO;Cisgênero;NÃO;ITAJAÍ;Brasil;NÃO;SUL;SC;207;1;0;209;0;;209;;18/07/2026 07:17
2026;Branca;SOLTEIRO;40 a 44 anos;FEMININO;SUPERIOR COMPLETO;Cisgênero;SIM;ITAJAÍ;Brasil;NÃO;SUL;SC;3;0;0;3;0;;3;;18/07/2026 07:17
2026;Branca;SOLTEIRO;40 a 44 anos;FEMININO;SUPERIOR COMPLETO;Prefere não informar;NÃO;ITAJAÍ;Brasil;NÃO;SUL;SC;10;0;0;10;0;;10;;18/07/2026 07:17
2026;Branca;SOLTEIRO;40 a 44 anos;FEMININO;SUPERIOR COMPLETO;Transgênero;NÃO;ITAJAÍ;Brasil;NÃO;SUL;SC;1;0;0;1;0;;1;;18/07/2026 07:17
2026;Branca;SOLTEIRO;40 a 44 anos;FEMININO;SUPERIOR INCOMPLETO;Cisgênero;NÃO;ITAJAÍ;Brasil;NÃO;SUL;SC;62;1;0;63;0;;63;;18/07/2026 07:17
2026;Branca;SOLTEIRO;40 a 44 anos;FEMININO;SUPERIOR INCOMPLETO;Prefere não informar;NÃO;ITAJAÍ;Brasil;NÃO;SUL;SC;3;0;0;3;0;;3;;18/07/2026 07:17
2026;Branca;SOLTEIRO;40 a 44 anos;FEMININO;SUPERIOR INCOMPLETO;Transgênero;NÃO;ITAJAÍ;Brasil;NÃO;SUL;SC;1;0;0;1;0;;1;;18/07/2026 07:17
2026;Branca;SOLTEIRO;40 a 44 anos;MASCULINO;ANALFABETO;Cisgênero;NÃO;ITAJAÍ;Brasil;NÃO;SUL;SC;3;2;0;4;4;;0;;18/07/2026 07:17
2026;Branca;SOLTEIRO;40 a 44 anos;MASCULINO;ENSINO FUNDAMENTAL COMPLETO;Cisgênero;NÃO;ITAJAÍ;Brasil;NÃO;SUL;SC;33;3;0;35;0;;35;;18/07/2026 07:17
2026;Branca;SOLTEIRO;40 a 44 anos;MASCULINO;ENSINO FUNDAMENTAL COMPLETO;Prefere não informar;NÃO;ITAJAÍ;Brasil;NÃO;SUL;SC;2;0;0;2;0;;2;;18/07/2026 07:17
2026;Branca;SOLTEIRO;40 a 44 anos;MASCULINO;ENSINO FUNDAMENTAL COMPLETO;Transgênero;NÃO;ITAJAÍ;Brasil;NÃO;SUL;SC;1;0;0;1;0;;1;;18/07/2026 07:17
2026;Branca;SOLTEIRO;40 a 44 anos;MASCULINO;ENSINO FUNDAMENTAL INCOMPLETO;Cisgênero;NÃO;ITAJAÍ;Brasil;NÃO;SUL;SC;63;2;0;65;0;;65;;18/07/2026 07:17
2026;Branca;SOLTEIRO;40 a 44 anos;MASCULINO;ENSINO FUNDAMENTAL INCOMPLETO;Cisgênero;SIM;ITAJAÍ;Brasil;NÃO;SUL;SC;1;0;0;1;0;;1;;18/07/2026 07:17
2026;Branca;SOLTEIRO;40 a 44 anos;MASCULINO;ENSINO FUNDAMENTAL INCOMPLETO;Prefere não informar;NÃO;ITAJAÍ;Brasil;NÃO;SUL;SC;1;0;0;1;0;;1;;18/07/2026 07:17
2026;Branca;SOLTEIRO;40 a 44 anos;MASCULINO;ENSINO MÉDIO COMPLETO;Cisgênero;NÃO;ITAJAÍ;Brasil;NÃO;SUL;SC;161;4;0;169;0;;169;;18/07/2026 07:17
2026;Branca;SOLTEIRO;40 a 44 anos;MASCULINO;ENSINO MÉDIO COMPLETO;Cisgênero;SIM;ITAJAÍ;Brasil;NÃO;SUL;SC;1;0;0;1;0;;1;;18/07/2026 07:17
2026;Branca;SOLTEIRO;40 a 44 anos;MASCULINO;ENSINO MÉDIO COMPLETO;Prefere não informar;NÃO;ITAJAÍ;Brasil;NÃO;SUL;SC;8;0;0;8;0;;8;;18/07/2026 07:17
2026;Branca;SOLTEIRO;40 a 44 anos;MASCULINO;ENSINO MÉDIO COMPLETO;Transgênero;NÃO;ITAJAÍ;Brasil;NÃO;SUL;SC;1;0;0;1;0;;1;;18/07/2026 07:17
2026;Branca;SOLTEIRO;40 a 44 anos;MASCULINO;ENSINO MÉDIO INCOMPLETO;Cisgênero;NÃO;ITAJAÍ;Brasil;NÃO;SUL;SC;62;0;0;66;0;;66;;18/07/2026 07:17
2026;Branca;SOLTEIRO;40 a 44 anos;MASCULINO;ENSINO MÉDIO INCOMPLETO;Prefere não informar;NÃO;ITAJAÍ;Brasil;NÃO;SUL;SC;3;0;0;3;0;;3;;18/07/2026 07:17
2026;Branca;SOLTEIRO;40 a 44 anos;MASCULINO;LÊ E ESCREVE;Cisgênero;NÃO;ITAJAÍ;Brasil;NÃO;SUL;SC;1;0;0;2;0;;2;;18/07/2026 07:17
2026;Branca;SOLTEIRO;40 a 44 anos;MASCULINO;LÊ E ESCREVE;Prefere não informar;NÃO;ITAJAÍ;Brasil;NÃO;SUL;SC;1;0;0;1;0;;1;;18/07/2026 07:17
2026;Branca;SOLTEIRO;40 a 44 anos;MASCULINO;SUPERIOR COMPLETO;Cisgênero;NÃO;ITAJAÍ;Brasil;NÃO;SUL;SC;138;1;0;140;0;;140;;18/07/2026 07:17
2026;Branca;SOLTEIRO;40 a 44 anos;MASCULINO;SUPERIOR COMPLETO;Cisgênero;SIM;ITAJAÍ;Brasil;NÃO;SUL;SC;2;0;0;2;0;;2;;18/07/2026 07:17
2026;Branca;SOLTEIRO;40 a 44 anos;MASCULINO;SUPERIOR COMPLETO;Prefere não informar;NÃO;ITAJAÍ;Brasil;NÃO;SUL;SC;8;0;0;8;0;;8;;18/07/2026 07:17
2026;Branca;SOLTEIRO;40 a 44 anos;MASCULINO;SUPERIOR COMPLETO;Transgênero;NÃO;ITAJAÍ;Brasil;NÃO;SUL;SC;1;0;0;1;0;;1;;18/07/2026 07:17
2026;Branca;SOLTEIRO;40 a 44 anos;MASCULINO;SUPERIOR INCOMPLETO;Cisgênero;NÃO;ITAJAÍ;Brasil;NÃO;SUL;SC;66;1;0;70;0;;70;;18/07/2026 07:17
2026;Branca;SOLTEIRO;40 a 44 anos;MASCULINO;SUPERIOR INCOMPLETO;Prefere não informar;NÃO;ITAJAÍ;Brasil;NÃO;SUL;SC;3;0;0;3;0;;3;;18/07/2026 07:17
2026;Branca;SOLTEIRO;40 a 44 anos;MASCULINO;SUPERIOR INCOMPLETO;Prefere não informar;SIM;ITAJAÍ;Brasil;NÃO;SUL;SC;1;0;0;1;0;;1;;18/07/2026 07:17
2026;Branca;SOLTEIRO;45 a 49 anos;FEMININO;ANALFABETO;Cisgênero;NÃO;ITAJAÍ;Brasil;NÃO;SUL;SC;3;0;0;3;3;;0;;18/07/2026 07:17
2026;Branca;SOLTEIRO;45 a 49 anos;FEMININO;ENSINO FUNDAMENTAL COMPLETO;Cisgênero;NÃO;ITAJAÍ;Brasil;NÃO;SUL;SC;23;0;0;25;0;;25;;18/07/2026 07:17
2026;Branca;SOLTEIRO;45 a 49 anos;FEMININO;ENSINO FUNDAMENTAL COMPLETO;Prefere não informar;NÃO;ITAJAÍ;Brasil;NÃO;SUL;SC;2;0;0;2;0;;2;;18/07/2026 07:17
2026;Branca;SOLTEIRO;45 a 49 anos;FEMININO;ENSINO FUNDAMENTAL INCOMPLETO;Cisgênero;NÃO;ITAJAÍ;Brasil;NÃO;SUL;SC;63;5;0;67;0;;67;;18/07/2026 07:17
2026;Branca;SOLTEIRO;45 a 49 anos;FEMININO;ENSINO FUNDAMENTAL INCOMPLETO;Cisgênero;SIM;ITAJAÍ;Brasil;NÃO;SUL;SC;1;0;0;1;0;;1;;18/07/2026 07:17
2026;Branca;SOLTEIRO;45 a 49 anos;FEMININO;ENSINO FUNDAMENTAL INCOMPLETO;Prefere não informar;NÃO;ITAJAÍ;Brasil;NÃO;SUL;SC;3;0;0;3;0;;3;;18/07/2026 07:17
2026;Branca;SOLTEIRO;45 a 49 anos;FEMININO;ENSINO FUNDAMENTAL INCOMPLETO;Prefere não informar;SIM;ITAJAÍ;Brasil;NÃO;SUL;SC;2;0;0;2;0;;2;;18/07/2026 07:17
2026;Branca;SOLTEIRO;45 a 49 anos;FEMININO;ENSINO MÉDIO COMPLETO;Cisgênero;NÃO;ITAJAÍ;Brasil;NÃO;SUL;SC;114;4;0;117;0;;117;;18/07/2026 07:17
2026;Branca;SOLTEIRO;45 a 49 anos;FEMININO;ENSINO MÉDIO COMPLETO;Prefere não informar;NÃO;ITAJAÍ;Brasil;NÃO;SUL;SC;7;0;0;7;0;;7;;18/07/2026 07:17
2026;Branca;SOLTEIRO;45 a 49 anos;FEMININO;ENSINO MÉDIO COMPLETO;Prefere não informar;SIM;ITAJAÍ;Brasil;NÃO;SUL;SC;1;0;0;1;0;;1;;18/07/2026 07:17
2026;Branca;SOLTEIRO;45 a 49 anos;FEMININO;ENSINO MÉDIO COMPLETO;Transgênero;NÃO;ITAJAÍ;Brasil;NÃO;SUL;SC;1;0;0;1;0;;1;;18/07/2026 07:17
2026;Branca;SOLTEIRO;45 a 49 anos;FEMININO;ENSINO MÉDIO INCOMPLETO;Cisgênero;NÃO;ITAJAÍ;Brasil;NÃO;SUL;SC;26;1;0;26;0;;26;;18/07/2026 07:17
2026;Branca;SOLTEIRO;45 a 49 anos;FEMININO;ENSINO MÉDIO INCOMPLETO;Prefere não informar;NÃO;ITAJAÍ;Brasil;NÃO;SUL;SC;1;0;0;1;0;;1;;18/07/2026 07:17
2026;Branca;SOLTEIRO;45 a 49 anos;FEMININO;ENSINO MÉDIO INCOMPLETO;Transgênero;NÃO;ITAJAÍ;Brasil;NÃO;SUL;SC;1;0;1;1;0;;1;;18/07/2026 07:17
2026;Branca;SOLTEIRO;45 a 49 anos;FEMININO;LÊ E ESCREVE;Cisgênero;NÃO;ITAJAÍ;Brasil;NÃO;SUL;SC;4;0;0;4;0;;4;;18/07/2026 07:17
2026;Branca;SOLTEIRO;45 a 49 anos;FEMININO;SUPERIOR COMPLETO;Cisgênero;NÃO;ITAJAÍ;Brasil;NÃO;SUL;SC;122;3;0;127;0;;127;;18/07/2026 07:17
2026;Branca;SOLTEIRO;45 a 49 anos;FEMININO;SUPERIOR COMPLETO;Cisgênero;SIM;ITAJAÍ;Brasil;NÃO;SUL;SC;3;0;0;3;0;;3;;18/07/2026 07:17
2026;Branca;SOLTEIRO;45 a 49 anos;FEMININO;SUPERIOR COMPLETO;Prefere não informar;NÃO;ITAJAÍ;Brasil;NÃO;SUL;SC;4;0;0;4;0;;4;;18/07/2026 07:17
2026;Branca;SOLTEIRO;45 a 49 anos;FEMININO;SUPERIOR INCOMPLETO;Cisgênero;NÃO;ITAJAÍ;Brasil;NÃO;SUL;SC;31;0;0;32;0;;32;;18/07/2026 07:17
2026;Branca;SOLTEIRO;45 a 49 anos;FEMININO;SUPERIOR INCOMPLETO;Cisgênero;SIM;ITAJAÍ;Brasil;NÃO;SUL;SC;1;0;0;1;0;;1;;18/07/2026 07:17
2026;Branca;SOLTEIRO;45 a 49 anos;MASCULINO;ANALFABETO;Cisgênero;NÃO;ITAJAÍ;Brasil;NÃO;SUL;SC;4;1;0;5;5;;0;;18/07/2026 07:17
2026;Branca;SOLTEIRO;45 a 49 anos;MASCULINO;ENSINO FUNDAMENTAL COMPLETO;Cisgênero;NÃO;ITAJAÍ;Brasil;NÃO;SUL;SC;17;0;0;17;0;;17;;18/07/2026 07:17
2026;Branca;SOLTEIRO;45 a 49 anos;MASCULINO;ENSINO FUNDAMENTAL COMPLETO;Prefere não informar;NÃO;ITAJAÍ;Brasil;NÃO;SUL;SC;2;0;0;2;0;;2;;18/07/2026 07:17
2026;Branca;SOLTEIRO;45 a 49 anos;MASCULINO;ENSINO FUNDAMENTAL INCOMPLETO;Cisgênero;NÃO;ITAJAÍ;Brasil;NÃO;SUL;SC;62;6;0;66;0;;66;;18/07/2026 07:17
2026;Branca;SOLTEIRO;45 a 49 anos;MASCULINO;ENSINO FUNDAMENTAL INCOMPLETO;Prefere não informar;NÃO;ITAJAÍ;Brasil;NÃO;SUL;SC;3;0;0;3;0;;3;;18/07/2026 07:17
2026;Branca;SOLTEIRO;45 a 49 anos;MASCULINO;ENSINO MÉDIO COMPLETO;Cisgênero;NÃO;ITAJAÍ;Brasil;NÃO;SUL;SC;119;3;0;129;0;;129;;18/07/2026 07:17
2026;Branca;SOLTEIRO;45 a 49 anos;MASCULINO;ENSINO MÉDIO COMPLETO;Cisgênero;SIM;ITAJAÍ;Brasil;NÃO;SUL;SC;3;0;0;3;0;;3;;18/07/2026 07:17
2026;Branca;SOLTEIRO;45 a 49 anos;MASCULINO;ENSINO MÉDIO COMPLETO;Prefere não informar;NÃO;ITAJAÍ;Brasil;NÃO;SUL;SC;3;0;0;3;0;;3;;18/07/2026 07:17
2026;Branca;SOLTEIRO;45 a 49 anos;MASCULINO;ENSINO MÉDIO INCOMPLETO;Cisgênero;NÃO;ITAJAÍ;Brasil;NÃO;SUL;SC;41;1;0;42;0;;42;;18/07/2026 07:17
2026;Branca;SOLTEIRO;45 a 49 anos;MASCULINO;LÊ E ESCREVE;Cisgênero;NÃO;ITAJAÍ;Brasil;NÃO;SUL;SC;3;0;0;3;0;;3;;18/07/2026 07:17
2026;Branca;SOLTEIRO;45 a 49 anos;MASCULINO;SUPERIOR COMPLETO;Cisgênero;NÃO;ITAJAÍ;Brasil;NÃO;SUL;SC;84;2;0;87;0;;87;;18/07/2026 07:17
2026;Branca;SOLTEIRO;45 a 49 anos;MASCULINO;SUPERIOR COMPLETO;Prefere não informar;NÃO;ITAJAÍ;Brasil;NÃO;SUL;SC;5;0;0;5;0;;5;;18/07/2026 07:17
2026;Branca;SOLTEIRO;45 a 49 anos;MASCULINO;SUPERIOR COMPLETO;Transgênero;NÃO;ITAJAÍ;Brasil;NÃO;SUL;SC;1;0;0;1;0;;1;;18/07/2026 07:17
2026;Branca;SOLTEIRO;45 a 49 anos;MASCULINO;SUPERIOR INCOMPLETO;Cisgênero;NÃO;ITAJAÍ;Brasil;NÃO;SUL;SC;29;0;0;29;0;;29;;18/07/2026 07:17
2026;Branca;SOLTEIRO;45 a 49 anos;MASCULINO;SUPERIOR INCOMPLETO;Prefere não informar;NÃO;ITAJAÍ;Brasil;NÃO;SUL;SC;2;0;0;2;0;;2;;18/07/2026 07:17
2026;Branca;SOLTEIRO;50 a 54 anos;FEMININO;ANALFABETO;Cisgênero;NÃO;ITAJAÍ;Brasil;NÃO;SUL;SC;7;2;0;8;8;;0;;18/07/2026 07:17
2026;Branca;SOLTEIRO;50 a 54 anos;FEMININO;ENSINO FUNDAMENTAL COMPLETO;Cisgênero;NÃO;ITAJAÍ;Brasil;NÃO;SUL;SC;15;1;0;18;0;;18;;18/07/2026 07:17
2026;Branca;SOLTEIRO;50 a 54 anos;FEMININO;ENSINO FUNDAMENTAL COMPLETO;Prefere não informar;SIM;ITAJAÍ;Brasil;NÃO;SUL;SC;1;0;0;1;0;;1;;18/07/2026 07:17
2026;Branca;SOLTEIRO;50 a 54 anos;FEMININO;ENSINO FUNDAMENTAL COMPLETO;Transgênero;NÃO;ITAJAÍ;Brasil;NÃO;SUL;SC;1;0;0;1;0;;1;;18/07/2026 07:17
2026;Branca;SOLTEIRO;50 a 54 anos;FEMININO;ENSINO FUNDAMENTAL INCOMPLETO;Cisgênero;NÃO;ITAJAÍ;Brasil;NÃO;SUL;SC;56;4;0;62;0;;62;;18/07/2026 07:17
2026;Branca;SOLTEIRO;50 a 54 anos;FEMININO;ENSINO FUNDAMENTAL INCOMPLETO;Prefere não informar;NÃO;ITAJAÍ;Brasil;NÃO;SUL;SC;1;0;0;1;0;;1;;18/07/2026 07:17
2026;Branca;SOLTEIRO;50 a 54 anos;FEMININO;ENSINO MÉDIO COMPLETO;Cisgênero;NÃO;ITAJAÍ;Brasil;NÃO;SUL;SC;81;0;0;83;0;;83;;18/07/2026 07:17
2026;Branca;SOLTEIRO;50 a 54 anos;FEMININO;ENSINO MÉDIO COMPLETO;Prefere não informar;NÃO;ITAJAÍ;Brasil;NÃO;SUL;SC;3;0;0;3;0;;3;;18/07/2026 07:17
2026;Branca;SOLTEIRO;50 a 54 anos;FEMININO;ENSINO MÉDIO COMPLETO;Transgênero;NÃO;ITAJAÍ;Brasil;NÃO;SUL;SC;1;1;1;1;0;;1;;18/07/2026 07:17
2026;Branca;SOLTEIRO;50 a 54 anos;FEMININO;ENSINO MÉDIO INCOMPLETO;Cisgênero;NÃO;ITAJAÍ;Brasil;NÃO;SUL;SC;18;1;0;21;0;;21;;18/07/2026 07:17
2026;Branca;SOLTEIRO;50 a 54 anos;FEMININO;ENSINO MÉDIO INCOMPLETO;Prefere não informar;NÃO;ITAJAÍ;Brasil;NÃO;SUL;SC;2;0;0;2;0;;2;;18/07/2026 07:17
2026;Branca;SOLTEIRO;50 a 54 anos;FEMININO;LÊ E ESCREVE;Cisgênero;NÃO;ITAJAÍ;Brasil;NÃO;SUL;SC;3;0;0;3;0;;3;;18/07/2026 07:17
2026;Branca;SOLTEIRO;50 a 54 anos;FEMININO;SUPERIOR COMPLETO;Cisgênero;NÃO;ITAJAÍ;Brasil;NÃO;SUL;SC;65;1;0;66;0;;66;;18/07/2026 07:17
2026;Branca;SOLTEIRO;50 a 54 anos;FEMININO;SUPERIOR COMPLETO;Cisgênero;SIM;ITAJAÍ;Brasil;NÃO;SUL;SC;2;0;0;2;0;;2;;18/07/2026 07:17
2026;Branca;SOLTEIRO;50 a 54 anos;FEMININO;SUPERIOR COMPLETO;Prefere não informar;NÃO;ITAJAÍ;Brasil;NÃO;SUL;SC;3;0;0;3;0;;3;;18/07/2026 07:17
2026;Branca;SOLTEIRO;50 a 54 anos;FEMININO;SUPERIOR INCOMPLETO;Cisgênero;NÃO;ITAJAÍ;Brasil;NÃO;SUL;SC;20;1;0;20;0;;20;;18/07/2026 07:17
2026;Branca;SOLTEIRO;50 a 54 anos;FEMININO;SUPERIOR INCOMPLETO;Prefere não informar;NÃO;ITAJAÍ;Brasil;NÃO;SUL;SC;1;0;0;1;0;;1;;18/07/2026 07:17
2026;Branca;SOLTEIRO;50 a 54 anos;MASCULINO;ANALFABETO;Cisgênero;NÃO;ITAJAÍ;Brasil;NÃO;SUL;SC;8;0;0;8;8;;0;;18/07/2026 07:17
2026;Branca;SOLTEIRO;50 a 54 anos;MASCULINO;ENSINO FUNDAMENTAL COMPLETO;Cisgênero;NÃO;ITAJAÍ;Brasil;NÃO;SUL;SC;29;3;0;34;0;;34;;18/07/2026 07:17
2026;Branca;SOLTEIRO;50 a 54 anos;MASCULINO;ENSINO FUNDAMENTAL COMPLETO;Prefere não informar;NÃO;ITAJAÍ;Brasil;NÃO;SUL;SC;2;0;0;2;0;;2;;18/07/2026 07:17
2026;Branca;SOLTEIRO;50 a 54 anos;MASCULINO;ENSINO FUNDAMENTAL INCOMPLETO;Cisgênero;NÃO;ITAJAÍ;Brasil;NÃO;SUL;SC;63;4;0;72;0;;72;;18/07/2026 07:17
2026;Branca;SOLTEIRO;50 a 54 anos;MASCULINO;ENSINO FUNDAMENTAL INCOMPLETO;Cisgênero;SIM;ITAJAÍ;Brasil;NÃO;SUL;SC;2;0;0;2;0;;2;;18/07/2026 07:17
2026;Branca;SOLTEIRO;50 a 54 anos;MASCULINO;ENSINO FUNDAMENTAL INCOMPLETO;Prefere não informar;NÃO;ITAJAÍ;Brasil;NÃO;SUL;SC;2;0;0;2;0;;2;;18/07/2026 07:17
2026;Branca;SOLTEIRO;50 a 54 anos;MASCULINO;ENSINO MÉDIO COMPLETO;Cisgênero;NÃO;ITAJAÍ;Brasil;NÃO;SUL;SC;58;4;0;61;0;;61;;18/07/2026 07:17
2026;Branca;SOLTEIRO;50 a 54 anos;MASCULINO;ENSINO MÉDIO COMPLETO;Cisgênero;SIM;ITAJAÍ;Brasil;NÃO;SUL;SC;1;0;0;1;0;;1;;18/07/2026 07:17
2026;Branca;SOLTEIRO;50 a 54 anos;MASCULINO;ENSINO MÉDIO COMPLETO;Prefere não informar;NÃO;ITAJAÍ;Brasil;NÃO;SUL;SC;1;0;0;1;0;;1;;18/07/2026 07:17
2026;Branca;SOLTEIRO;50 a 54 anos;MASCULINO;ENSINO MÉDIO COMPLETO;Prefere não informar;SIM;ITAJAÍ;Brasil;NÃO;SUL;SC;2;0;0;2;0;;2;;18/07/2026 07:17
2026;Branca;SOLTEIRO;50 a 54 anos;MASCULINO;ENSINO MÉDIO INCOMPLETO;Cisgênero;NÃO;ITAJAÍ;Brasil;NÃO;SUL;SC;14;0;0;17;0;;17;;18/07/2026 07:17
2026;Branca;SOLTEIRO;50 a 54 anos;MASCULINO;ENSINO MÉDIO INCOMPLETO;Cisgênero;SIM;ITAJAÍ;Brasil;NÃO;SUL;SC;1;0;0;1;0;;1;;18/07/2026 07:17
2026;Branca;SOLTEIRO;50 a 54 anos;MASCULINO;LÊ E ESCREVE;Cisgênero;NÃO;ITAJAÍ;Brasil;NÃO;SUL;SC;5;0;0;5;0;;5;;18/07/2026 07:17
2026;Branca;SOLTEIRO;50 a 54 anos;MASCULINO;SUPERIOR COMPLETO;Cisgênero;NÃO;ITAJAÍ;Brasil;NÃO;SUL;SC;38;0;0;39;0;;39;;18/07/2026 07:17
2026;Branca;SOLTEIRO;50 a 54 anos;MASCULINO;SUPERIOR COMPLETO;Cisgênero;SIM;ITAJAÍ;Brasil;NÃO;SUL;SC;1;0;0;1;0;;1;;18/07/2026 07:17
2026;Branca;SOLTEIRO;50 a 54 anos;MASCULINO;SUPERIOR COMPLETO;Prefere não informar;NÃO;ITAJAÍ;Brasil;NÃO;SUL;SC;1;0;0;1;0;;1;;18/07/2026 07:17
2026;Branca;SOLTEIRO;50 a 54 anos;MASCULINO;SUPERIOR COMPLETO;Prefere não informar;SIM;ITAJAÍ;Brasil;NÃO;SUL;SC;1;0;0;1;0;;1;;18/07/2026 07:17
2026;Branca;SOLTEIRO;50 a 54 anos;MASCULINO;SUPERIOR INCOMPLETO;Cisgênero;NÃO;ITAJAÍ;Brasil;NÃO;SUL;SC;18;2;0;19;0;;19;;18/07/2026 07:17
2026;Branca;SOLTEIRO;50 a 54 anos;MASCULINO;SUPERIOR INCOMPLETO;Cisgênero;SIM;ITAJAÍ;Brasil;NÃO;SUL;SC;1;0;0;1;0;;1;;18/07/2026 07:17
2026;Branca;SOLTEIRO;55 a 59 anos;FEMININO;ANALFABETO;Cisgênero;NÃO;ITAJAÍ;Brasil;NÃO;SUL;SC;4;1;0;4;4;;0;;18/07/2026 07:17
2026;Branca;SOLTEIRO;55 a 59 anos;FEMININO;ENSINO FUNDAMENTAL COMPLETO;Cisgênero;NÃO;ITAJAÍ;Brasil;NÃO;SUL;SC;13;1;0;14;0;;14;;18/07/2026 07:17
2026;Branca;SOLTEIRO;55 a 59 anos;FEMININO;ENSINO FUNDAMENTAL INCOMPLETO;Cisgênero;NÃO;ITAJAÍ;Brasil;NÃO;SUL;SC;30;3;0;32;0;;32;;18/07/2026 07:17
2026;Branca;SOLTEIRO;55 a 59 anos;FEMININO;ENSINO FUNDAMENTAL INCOMPLETO;Prefere não informar;NÃO;ITAJAÍ;Brasil;NÃO;SUL;SC;3;0;0;3;0;;3;;18/07/2026 07:17
2026;Branca;SOLTEIRO;55 a 59 anos;FEMININO;ENSINO MÉDIO COMPLETO;Cisgênero;NÃO;ITAJAÍ;Brasil;NÃO;SUL;SC;41;0;0;43;0;;43;;18/07/2026 07:17
2026;Branca;SOLTEIRO;55 a 59 anos;FEMININO;ENSINO MÉDIO INCOMPLETO;Cisgênero;NÃO;ITAJAÍ;Brasil;NÃO;SUL;SC;21;2;0;21;0;;21;;18/07/2026 07:17
2026;Branca;SOLTEIRO;55 a 59 anos;FEMININO;ENSINO MÉDIO INCOMPLETO;Prefere não informar;NÃO;ITAJAÍ;Brasil;NÃO;SUL;SC;2;0;0;2;0;;2;;18/07/2026 07:17
2026;Branca;SOLTEIRO;55 a 59 anos;FEMININO;LÊ E ESCREVE;Cisgênero;NÃO;ITAJAÍ;Brasil;NÃO;SUL;SC;7;1;0;7;0;;7;;18/07/2026 07:17
2026;Branca;SOLTEIRO;55 a 59 anos;FEMININO;LÊ E ESCREVE;Prefere não informar;NÃO;ITAJAÍ;Brasil;NÃO;SUL;SC;1;0;0;1;0;;1;;18/07/2026 07:17
2026;Branca;SOLTEIRO;55 a 59 anos;FEMININO;SUPERIOR COMPLETO;Cisgênero;NÃO;ITAJAÍ;Brasil;NÃO;SUL;SC;32;1;0;32;0;;32;;18/07/2026 07:17
2026;Branca;SOLTEIRO;55 a 59 anos;FEMININO;SUPERIOR COMPLETO;Cisgênero;SIM;ITAJAÍ;Brasil;NÃO;SUL;SC;1;0;0;1;0;;1;;18/07/2026 07:17
2026;Branca;SOLTEIRO;55 a 59 anos;FEMININO;SUPERIOR COMPLETO;Prefere não informar;NÃO;ITAJAÍ;Brasil;NÃO;SUL;SC;1;0;0;1;0;;1;;18/07/2026 07:17
2026;Branca;SOLTEIRO;55 a 59 anos;FEMININO;SUPERIOR COMPLETO;Prefere não informar;SIM;ITAJAÍ;Brasil;NÃO;SUL;SC;1;0;0;1;0;;1;;18/07/2026 07:17
2026;Branca;SOLTEIRO;55 a 59 anos;FEMININO;SUPERIOR INCOMPLETO;Cisgênero;NÃO;ITAJAÍ;Brasil;NÃO;SUL;SC;8;1;0;8;0;;8;;18/07/2026 07:17
2026;Branca;SOLTEIRO;55 a 59 anos;FEMININO;SUPERIOR INCOMPLETO;Prefere não informar;NÃO;ITAJAÍ;Brasil;NÃO;SUL;SC;0;0;0;1;0;;1;;18/07/2026 07:17
2026;Branca;SOLTEIRO;55 a 59 anos;MASCULINO;ANALFABETO;Cisgênero;NÃO;ITAJAÍ;Brasil;NÃO;SUL;SC;11;6;0;12;12;;0;;18/07/2026 07:17
2026;Branca;SOLTEIRO;55 a 59 anos;MASCULINO;ENSINO FUNDAMENTAL COMPLETO;Cisgênero;NÃO;ITAJAÍ;Brasil;NÃO;SUL;SC;12;1;0;14;0;;14;;18/07/2026 07:17
2026;Branca;SOLTEIRO;55 a 59 anos;MASCULINO;ENSINO FUNDAMENTAL INCOMPLETO;Cisgênero;NÃO;ITAJAÍ;Brasil;NÃO;SUL;SC;52;4;0;53;0;;53;;18/07/2026 07:17
2026;Branca;SOLTEIRO;55 a 59 anos;MASCULINO;ENSINO FUNDAMENTAL INCOMPLETO;Cisgênero;SIM;ITAJAÍ;Brasil;NÃO;SUL;SC;1;0;0;1;0;;1;;18/07/2026 07:17
2026;Branca;SOLTEIRO;55 a 59 anos;MASCULINO;ENSINO MÉDIO COMPLETO;Cisgênero;NÃO;ITAJAÍ;Brasil;NÃO;SUL;SC;48;2;0;49;0;;49;;18/07/2026 07:17
2026;Branca;SOLTEIRO;55 a 59 anos;MASCULINO;ENSINO MÉDIO COMPLETO;Prefere não informar;NÃO;ITAJAÍ;Brasil;NÃO;SUL;SC;1;0;0;1;0;;1;;18/07/2026 07:17
2026;Branca;SOLTEIRO;55 a 59 anos;MASCULINO;ENSINO MÉDIO INCOMPLETO;Cisgênero;NÃO;ITAJAÍ;Brasil;NÃO;SUL;SC;15;0;0;16;0;;16;;18/07/2026 07:17
2026;Branca;SOLTEIRO;55 a 59 anos;MASCULINO;LÊ E ESCREVE;Cisgênero;NÃO;ITAJAÍ;Brasil;NÃO;SUL;SC;6;1;0;6;0;;6;;18/07/2026 07:17
2026;Branca;SOLTEIRO;55 a 59 anos;MASCULINO;SUPERIOR COMPLETO;Cisgênero;NÃO;ITAJAÍ;Brasil;NÃO;SUL;SC;15;0;0;15;0;;15;;18/07/2026 07:17
2026;Branca;SOLTEIRO;55 a 59 anos;MASCULINO;SUPERIOR COMPLETO;Cisgênero;SIM;ITAJAÍ;Brasil;NÃO;SUL;SC;2;0;0;2;0;;2;;18/07/2026 07:17
2026;Branca;SOLTEIRO;55 a 59 anos;MASCULINO;SUPERIOR COMPLETO;Prefere não informar;NÃO;ITAJAÍ;Brasil;NÃO;SUL;SC;2;0;0;2;0;;2;;18/07/2026 07:17
2026;Branca;SOLTEIRO;55 a 59 anos;MASCULINO;SUPERIOR INCOMPLETO;Cisgênero;NÃO;ITAJAÍ;Brasil;NÃO;SUL;SC;6;1;0;7;0;;7;;18/07/2026 07:17
2026;Branca;SOLTEIRO;60 a 64 anos;FEMININO;ANALFABETO;Cisgênero;NÃO;ITAJAÍ;Brasil;NÃO;SUL;SC;7;4;0;7;7;;0;;18/07/2026 07:17
2026;Branca;SOLTEIRO;60 a 64 anos;FEMININO;ENSINO FUNDAMENTAL COMPLETO;Cisgênero;NÃO;ITAJAÍ;Brasil;NÃO;SUL;SC;15;0;0;15;0;;15;;18/07/2026 07:17
2026;Branca;SOLTEIRO;60 a 64 anos;FEMININO;ENSINO FUNDAMENTAL COMPLETO;Prefere não informar;NÃO;ITAJAÍ;Brasil;NÃO;SUL;SC;1;0;0;1;0;;1;;18/07/2026 07:17
2026;Branca;SOLTEIRO;60 a 64 anos;FEMININO;ENSINO FUNDAMENTAL INCOMPLETO;Cisgênero;NÃO;ITAJAÍ;Brasil;NÃO;SUL;SC;37;1;0;38;0;;38;;18/07/2026 07:17
2026;Branca;SOLTEIRO;60 a 64 anos;FEMININO;ENSINO FUNDAMENTAL INCOMPLETO;Prefere não informar;NÃO;ITAJAÍ;Brasil;NÃO;SUL;SC;1;0;0;1;0;;1;;18/07/2026 07:17
2026;Branca;SOLTEIRO;60 a 64 anos;FEMININO;ENSINO MÉDIO COMPLETO;Cisgênero;NÃO;ITAJAÍ;Brasil;NÃO;SUL;SC;32;2;0;32;0;;32;;18/07/2026 07:17
2026;Branca;SOLTEIRO;60 a 64 anos;FEMININO;ENSINO MÉDIO INCOMPLETO;Cisgênero;NÃO;ITAJAÍ;Brasil;NÃO;SUL;SC;11;0;0;12;0;;12;;18/07/2026 07:17
2026;Branca;SOLTEIRO;60 a 64 anos;FEMININO;LÊ E ESCREVE;Cisgênero;NÃO;ITAJAÍ;Brasil;NÃO;SUL;SC;3;0;0;3;0;;3;;18/07/2026 07:17
2026;Branca;SOLTEIRO;60 a 64 anos;FEMININO;LÊ E ESCREVE;Prefere não informar;NÃO;ITAJAÍ;Brasil;NÃO;SUL;SC;2;0;0;2;0;;2;;18/07/2026 07:17
2026;Branca;SOLTEIRO;60 a 64 anos;FEMININO;SUPERIOR COMPLETO;Cisgênero;NÃO;ITAJAÍ;Brasil;NÃO;SUL;SC;17;0;0;17;0;;17;;18/07/2026 07:17
2026;Branca;SOLTEIRO;60 a 64 anos;FEMININO;SUPERIOR COMPLETO;Prefere não informar;NÃO;ITAJAÍ;Brasil;NÃO;SUL;SC;1;0;0;1;0;;1;;18/07/2026 07:17
2026;Branca;SOLTEIRO;60 a 64 anos;FEMININO;SUPERIOR INCOMPLETO;Cisgênero;NÃO;ITAJAÍ;Brasil;NÃO;SUL;SC;7;0;0;7;0;;7;;18/07/2026 07:17
2026;Branca;SOLTEIRO;60 a 64 anos;MASCULINO;ANALFABETO;Cisgênero;NÃO;ITAJAÍ;Brasil;NÃO;SUL;SC;5;3;0;5;5;;0;;18/07/2026 07:17
2026;Branca;SOLTEIRO;60 a 64 anos;MASCULINO;ENSINO FUNDAMENTAL COMPLETO;Cisgênero;NÃO;ITAJAÍ;Brasil;NÃO;SUL;SC;9;1;0;10;0;;10;;18/07/2026 07:17
2026;Branca;SOLTEIRO;60 a 64 anos;MASCULINO;ENSINO FUNDAMENTAL INCOMPLETO;Cisgênero;NÃO;ITAJAÍ;Brasil;NÃO;SUL;SC;30;2;0;34;0;;34;;18/07/2026 07:17
2026;Branca;SOLTEIRO;60 a 64 anos;MASCULINO;ENSINO FUNDAMENTAL INCOMPLETO;Prefere não informar;NÃO;ITAJAÍ;Brasil;NÃO;SUL;SC;1;0;0;1;0;;1;;18/07/2026 07:17
2026;Branca;SOLTEIRO;60 a 64 anos;MASCULINO;ENSINO MÉDIO COMPLETO;Cisgênero;NÃO;ITAJAÍ;Brasil;NÃO;SUL;SC;25;1;0;30;0;;30;;18/07/2026 07:17
2026;Branca;SOLTEIRO;60 a 64 anos;MASCULINO;ENSINO MÉDIO INCOMPLETO;Cisgênero;NÃO;ITAJAÍ;Brasil;NÃO;SUL;SC;6;1;0;6;0;;6;;18/07/2026 07:17
2026;Branca;SOLTEIRO;60 a 64 anos;MASCULINO;LÊ E ESCREVE;Cisgênero;NÃO;ITAJAÍ;Brasil;NÃO;SUL;SC;6;1;0;6;0;;6;;18/07/2026 07:17
2026;Branca;SOLTEIRO;60 a 64 anos;MASCULINO;SUPERIOR COMPLETO;Cisgênero;NÃO;ITAJAÍ;Brasil;NÃO;SUL;SC;7;1;0;7;0;;7;;18/07/2026 07:17
2026;Branca;SOLTEIRO;60 a 64 anos;MASCULINO;SUPERIOR INCOMPLETO;Cisgênero;NÃO;ITAJAÍ;Brasil;NÃO;SUL;SC;2;0;0;3;0;;3;;18/07/2026 07:17
2026;Branca;SOLTEIRO;65 a 69 anos;FEMININO;ANALFABETO;Cisgênero;NÃO;ITAJAÍ;Brasil;NÃO;SUL;SC;6;3;0;6;6;;0;;18/07/2026 07:17
2026;Branca;SOLTEIRO;65 a 69 anos;FEMININO;ENSINO FUNDAMENTAL COMPLETO;Cisgênero;NÃO;ITAJAÍ;Brasil;NÃO;SUL;SC;7;1;0;7;0;;7;;18/07/2026 07:17
2026;Branca;SOLTEIRO;65 a 69 anos;FEMININO;ENSINO FUNDAMENTAL INCOMPLETO;Cisgênero;NÃO;ITAJAÍ;Brasil;NÃO;SUL;SC;32;1;0;32;0;;32;;18/07/2026 07:17
2026;Branca;SOLTEIRO;65 a 69 anos;FEMININO;ENSINO FUNDAMENTAL INCOMPLETO;Prefere não informar;NÃO;ITAJAÍ;Brasil;NÃO;SUL;SC;1;0;0;1;0;;1;;18/07/2026 07:17
2026;Branca;SOLTEIRO;65 a 69 anos;FEMININO;ENSINO MÉDIO COMPLETO;Cisgênero;NÃO;ITAJAÍ;Brasil;NÃO;SUL;SC;22;0;0;22;0;;22;;18/07/2026 07:17
2026;Branca;SOLTEIRO;65 a 69 anos;FEMININO;ENSINO MÉDIO INCOMPLETO;Cisgênero;NÃO;ITAJAÍ;Brasil;NÃO;SUL;SC;10;1;0;10;0;;10;;18/07/2026 07:17
2026;Branca;SOLTEIRO;65 a 69 anos;FEMININO;LÊ E ESCREVE;Cisgênero;NÃO;ITAJAÍ;Brasil;NÃO;SUL;SC;3;0;0;3;0;;3;;18/07/2026 07:17
2026;Branca;SOLTEIRO;65 a 69 anos;FEMININO;SUPERIOR COMPLETO;Cisgênero;NÃO;ITAJAÍ;Brasil;NÃO;SUL;SC;20;2;0;20;0;;20;;18/07/2026 07:17
2026;Branca;SOLTEIRO;65 a 69 anos;FEMININO;SUPERIOR COMPLETO;Prefere não informar;NÃO;ITAJAÍ;Brasil;NÃO;SUL;SC;1;0;0;1;0;;1;;18/07/2026 07:17
2026;Branca;SOLTEIRO;65 a 69 anos;FEMININO;SUPERIOR INCOMPLETO;Cisgênero;NÃO;ITAJAÍ;Brasil;NÃO;SUL;SC;4;0;0;4;0;;4;;18/07/2026 07:17
2026;Branca;SOLTEIRO;65 a 69 anos;MASCULINO;ANALFABETO;Cisgênero;NÃO;ITAJAÍ;Brasil;NÃO;SUL;SC;9;2;0;9;9;;0;;18/07/2026 07:17
2026;Branca;SOLTEIRO;65 a 69 anos;MASCULINO;ENSINO FUNDAMENTAL COMPLETO;Cisgênero;NÃO;ITAJAÍ;Brasil;NÃO;SUL;SC;11;3;0;11;0;;11;;18/07/2026 07:17
2026;Branca;SOLTEIRO;65 a 69 anos;MASCULINO;ENSINO FUNDAMENTAL INCOMPLETO;Cisgênero;NÃO;ITAJAÍ;Brasil;NÃO;SUL;SC;21;2;0;21;0;;21;;18/07/2026 07:17
2026;Branca;SOLTEIRO;65 a 69 anos;MASCULINO;ENSINO MÉDIO COMPLETO;Cisgênero;NÃO;ITAJAÍ;Brasil;NÃO;SUL;SC;9;1;0;9;0;;9;;18/07/2026 07:17
2026;Branca;SOLTEIRO;65 a 69 anos;MASCULINO;ENSINO MÉDIO INCOMPLETO;Cisgênero;NÃO;ITAJAÍ;Brasil;NÃO;SUL;SC;3;0;0;3;0;;3;;18/07/2026 07:17
2026;Branca;SOLTEIRO;65 a 69 anos;MASCULINO;LÊ E ESCREVE;Cisgênero;NÃO;ITAJAÍ;Brasil;NÃO;SUL;SC;8;1;0;8;0;;8;;18/07/2026 07:17
2026;Branca;SOLTEIRO;65 a 69 anos;MASCULINO;SUPERIOR COMPLETO;Cisgênero;NÃO;ITAJAÍ;Brasil;NÃO;SUL;SC;8;0;0;8;0;;8;;18/07/2026 07:17
2026;Branca;SOLTEIRO;65 a 69 anos;MASCULINO;SUPERIOR COMPLETO;Cisgênero;SIM;ITAJAÍ;Brasil;NÃO;SUL;SC;1;0;0;1;0;;1;;18/07/2026 07:17
2026;Branca;SOLTEIRO;65 a 69 anos;MASCULINO;SUPERIOR INCOMPLETO;Cisgênero;NÃO;ITAJAÍ;Brasil;NÃO;SUL;SC;1;0;0;1;0;;1;;18/07/2026 07:17
2026;Branca;SOLTEIRO;70 a 74 anos;FEMININO;ANALFABETO;Cisgênero;NÃO;ITAJAÍ;Brasil;NÃO;SUL;SC;4;1;0;4;4;;0;;18/07/2026 07:17
2026;Branca;SOLTEIRO;70 a 74 anos;FEMININO;ENSINO FUNDAMENTAL COMPLETO;Cisgênero;NÃO;ITAJAÍ;Brasil;NÃO;SUL;SC;3;0;0;4;4;;0;;18/07/2026 07:17
2026;Branca;SOLTEIRO;70 a 74 anos;FEMININO;ENSINO FUNDAMENTAL INCOMPLETO;Cisgênero;NÃO;ITAJAÍ;Brasil;NÃO;SUL;SC;8;1;0;8;8;;0;;18/07/2026 07:17
2026;Branca;SOLTEIRO;70 a 74 anos;FEMININO;ENSINO MÉDIO COMPLETO;Cisgênero;NÃO;ITAJAÍ;Brasil;NÃO;SUL;SC;6;1;0;6;6;;0;;18/07/2026 07:17
2026;Branca;SOLTEIRO;70 a 74 anos;FEMININO;ENSINO MÉDIO INCOMPLETO;Cisgênero;NÃO;ITAJAÍ;Brasil;NÃO;SUL;SC;3;0;0;3;3;;0;;18/07/2026 07:17
2026;Branca;SOLTEIRO;70 a 74 anos;FEMININO;LÊ E ESCREVE;Cisgênero;NÃO;ITAJAÍ;Brasil;NÃO;SUL;SC;2;0;0;2;2;;0;;18/07/2026 07:17
2026;Branca;SOLTEIRO;70 a 74 anos;FEMININO;LÊ E ESCREVE;Prefere não informar;NÃO;ITAJAÍ;Brasil;NÃO;SUL;SC;1;0;0;1;1;;0;;18/07/2026 07:17
2026;Branca;SOLTEIRO;70 a 74 anos;FEMININO;SUPERIOR COMPLETO;Cisgênero;NÃO;ITAJAÍ;Brasil;NÃO;SUL;SC;2;1;0;2;2;;0;;18/07/2026 07:17
2026;Branca;SOLTEIRO;70 a 74 anos;FEMININO;SUPERIOR INCOMPLETO;Cisgênero;NÃO;ITAJAÍ;Brasil;NÃO;SUL;SC;1;0;0;1;1;;0;;18/07/2026 07:17
2026;Branca;SOLTEIRO;70 a 74 anos;MASCULINO;ANALFABETO;Cisgênero;NÃO;ITAJAÍ;Brasil;NÃO;SUL;SC;1;1;0;2;2;;0;;18/07/2026 07:17
2026;Branca;SOLTEIRO;70 a 74 anos;MASCULINO;ENSINO FUNDAMENTAL COMPLETO;Cisgênero;NÃO;ITAJAÍ;Brasil;NÃO;SUL;SC;1;0;0;1;1;;0;;18/07/2026 07:17
2026;Branca;SOLTEIRO;70 a 74 anos;MASCULINO;ENSINO FUNDAMENTAL INCOMPLETO;Cisgênero;NÃO;ITAJAÍ;Brasil;NÃO;SUL;SC;13;3;0;14;14;;0;;18/07/2026 07:17
2026;Branca;SOLTEIRO;70 a 74 anos;MASCULINO;ENSINO MÉDIO COMPLETO;Cisgênero;NÃO;ITAJAÍ;Brasil;NÃO;SUL;SC;5;0;0;5;5;;0;;18/07/2026 07:17
2026;Branca;SOLTEIRO;70 a 74 anos;MASCULINO;ENSINO MÉDIO INCOMPLETO;Cisgênero;NÃO;ITAJAÍ;Brasil;NÃO;SUL;SC;2;1;0;2;2;;0;;18/07/2026 07:17
2026;Branca;SOLTEIRO;70 a 74 anos;MASCULINO;SUPERIOR COMPLETO;Cisgênero;NÃO;ITAJAÍ;Brasil;NÃO;SUL;SC;4;1;0;4;4;;0;;18/07/2026 07:17
2026;Branca;SOLTEIRO;70 a 74 anos;MASCULINO;SUPERIOR INCOMPLETO;Cisgênero;NÃO;ITAJAÍ;Brasil;NÃO;SUL;SC;1;0;0;1;1;;0;;18/07/2026 07:17
2026;Branca;SOLTEIRO;75 a 79 anos;FEMININO;ANALFABETO;Cisgênero;NÃO;ITAJAÍ;Brasil;NÃO;SUL;SC;2;0;0;2;2;;0;;18/07/2026 07:17
2026;Branca;SOLTEIRO;75 a 79 anos;FEMININO;ENSINO FUNDAMENTAL COMPLETO;Cisgênero;NÃO;ITAJAÍ;Brasil;NÃO;SUL;SC;1;0;0;1;1;;0;;18/07/2026 07:17
2026;Branca;SOLTEIRO;75 a 79 anos;FEMININO;ENSINO FUNDAMENTAL INCOMPLETO;Cisgênero;NÃO;ITAJAÍ;Brasil;NÃO;SUL;SC;6;0;0;6;6;;0;;18/07/2026 07:17
2026;Branca;SOLTEIRO;75 a 79 anos;FEMININO;ENSINO MÉDIO COMPLETO;Cisgênero;NÃO;ITAJAÍ;Brasil;NÃO;SUL;SC;4;0;0;4;4;;0;;18/07/2026 07:17
2026;Branca;SOLTEIRO;75 a 79 anos;FEMININO;ENSINO MÉDIO INCOMPLETO;Cisgênero;NÃO;ITAJAÍ;Brasil;NÃO;SUL;SC;1;0;0;1;1;;0;;18/07/2026 07:17
2026;Branca;SOLTEIRO;75 a 79 anos;FEMININO;LÊ E ESCREVE;Cisgênero;NÃO;ITAJAÍ;Brasil;NÃO;SUL;SC;1;1;0;1;1;;0;;18/07/2026 07:17
2026;Branca;SOLTEIRO;75 a 79 anos;FEMININO;SUPERIOR COMPLETO;Cisgênero;NÃO;ITAJAÍ;Brasil;NÃO;SUL;SC;3;0;0;3;3;;0;;18/07/2026 07:17
2026;Branca;SOLTEIRO;75 a 79 anos;FEMININO;SUPERIOR INCOMPLETO;Cisgênero;NÃO;ITAJAÍ;Brasil;NÃO;SUL;SC;1;0;0;1;1;;0;;18/07/2026 07:17
2026;Branca;SOLTEIRO;75 a 79 anos;MASCULINO;ENSINO FUNDAMENTAL COMPLETO;Cisgênero;NÃO;ITAJAÍ;Brasil;NÃO;SUL;SC;2;0;0;2;2;;0;;18/07/2026 07:17
2026;Branca;SOLTEIRO;75 a 79 anos;MASCULINO;LÊ E ESCREVE;Cisgênero;NÃO;ITAJAÍ;Brasil;NÃO;SUL;SC;1;0;0;1;1;;0;;18/07/2026 07:17
2026;Branca;SOLTEIRO;75 a 79 anos;MASCULINO;SUPERIOR COMPLETO;Cisgênero;NÃO;ITAJAÍ;Brasil;NÃO;SUL;SC;1;0;0;1;1;;0;;18/07/2026 07:17
2026;Branca;SOLTEIRO;80 a 84 anos;FEMININO;ENSINO FUNDAMENTAL COMPLETO;Cisgênero;NÃO;ITAJAÍ;Brasil;NÃO;SUL;SC;1;0;0;1;1;;0;;18/07/2026 07:17
2026;Branca;SOLTEIRO;80 a 84 anos;FEMININO;ENSINO FUNDAMENTAL INCOMPLETO;Cisgênero;NÃO;ITAJAÍ;Brasil;NÃO;SUL;SC;1;0;0;1;1;;0;;18/07/2026 07:17
2026;Branca;SOLTEIRO;80 a 84 anos;FEMININO;SUPERIOR COMPLETO;Cisgênero;NÃO;ITAJAÍ;Brasil;NÃO;SUL;SC;6;0;0;6;6;;0;;18/07/2026 07:17
2026;Branca;SOLTEIRO;80 a 84 anos;MASCULINO;ENSINO FUNDAMENTAL COMPLETO;Cisgênero;NÃO;ITAJAÍ;Brasil;NÃO;SUL;SC;1;0;0;1;1;;0;;18/07/2026 07:17
2026;Branca;SOLTEIRO;85 a 89 anos;FEMININO;ENSINO FUNDAMENTAL INCOMPLETO;Cisgênero;NÃO;ITAJAÍ;Brasil;NÃO;SUL;SC;1;0;0;1;1;;0;;18/07/2026 07:17
2026;Branca;SOLTEIRO;85 a 89 anos;MASCULINO;ENSINO FUNDAMENTAL INCOMPLETO;Cisgênero;NÃO;ITAJAÍ;Brasil;NÃO;SUL;SC;1;0;0;1;1;;0;;18/07/2026 07:17
2026;Branca;SOLTEIRO;85 a 89 anos;MASCULINO;SUPERIOR COMPLETO;Cisgênero;NÃO;ITAJAÍ;Brasil;NÃO;SUL;SC;1;1;0;1;1;;0;;18/07/2026 07:17
2026;Branca;SOLTEIRO;90 a 94 anos;FEMININO;SUPERIOR COMPLETO;Cisgênero;NÃO;ITAJAÍ;Brasil;NÃO;SUL;SC;1;1;0;1;1;;0;;18/07/2026 07:17
2026;Branca;SOLTEIRO;95 a 99 anos;FEMININO;ENSINO MÉDIO COMPLETO;Cisgênero;NÃO;ITAJAÍ;Brasil;NÃO;SUL;SC;1;0;0;1;1;;0;;18/07/2026 07:17
2026;Branca;SOLTEIRO;95 a 99 anos;MASCULINO;ENSINO MÉDIO COMPLETO;Cisgênero;NÃO;ITAJAÍ;Brasil;NÃO;SUL;SC;1;0;0;1;1;;0;;18/07/2026 07:17
2026;Branca;SOLTEIRO;95 a 99 anos;MASCULINO;SUPERIOR COMPLETO;Cisgênero;NÃO;ITAJAÍ;Brasil;NÃO;SUL;SC;1;0;0;1;1;;0;;18/07/2026 07:17
2026;Branca;VIÚVO;21 a 24 anos;MASCULINO;SUPERIOR INCOMPLETO;Cisgênero;NÃO;ITAJAÍ;Brasil;NÃO;SUL;SC;1;0;0;1;0;;1;;18/07/2026 07:17
2026;Branca;VIÚVO;25 a 29 anos;FEMININO;ENSINO MÉDIO INCOMPLETO;Cisgênero;NÃO;ITAJAÍ;Brasil;NÃO;SUL;SC;1;0;0;1;0;;1;;18/07/2026 07:17
2026;Branca;VIÚVO;30 a 34 anos;FEMININO;ENSINO MÉDIO COMPLETO;Cisgênero;NÃO;ITAJAÍ;Brasil;NÃO;SUL;SC;2;0;0;2;0;;2;;18/07/2026 07:17
2026;Branca;VIÚVO;30 a 34 anos;FEMININO;ENSINO MÉDIO COMPLETO;Prefere não informar;NÃO;ITAJAÍ;Brasil;NÃO;SUL;SC;1;0;0;1;0;;1;;18/07/2026 07:17
2026;Branca;VIÚVO;30 a 34 anos;FEMININO;SUPERIOR COMPLETO;Cisgênero;NÃO;ITAJAÍ;Brasil;NÃO;SUL;SC;1;0;0;1;0;;1;;18/07/2026 07:17
2026;Branca;VIÚVO;30 a 34 anos;FEMININO;SUPERIOR INCOMPLETO;Cisgênero;NÃO;ITAJAÍ;Brasil;NÃO;SUL;SC;1;0;0;1;0;;1;;18/07/2026 07:17
2026;Branca;VIÚVO;35 a 39 anos;FEMININO;ENSINO FUNDAMENTAL INCOMPLETO;Cisgênero;NÃO;ITAJAÍ;Brasil;NÃO;SUL;SC;1;0;0;1;0;;1;;18/07/2026 07:17
2026;Branca;VIÚVO;35 a 39 anos;FEMININO;ENSINO MÉDIO COMPLETO;Cisgênero;NÃO;ITAJAÍ;Brasil;NÃO;SUL;SC;1;0;0;1;0;;1;;18/07/2026 07:17
2026;Branca;VIÚVO;40 a 44 anos;FEMININO;ENSINO FUNDAMENTAL COMPLETO;Cisgênero;NÃO;ITAJAÍ;Brasil;NÃO;SUL;SC;1;0;0;1;0;;1;;18/07/2026 07:17
2026;Branca;VIÚVO;40 a 44 anos;FEMININO;ENSINO FUNDAMENTAL INCOMPLETO;Cisgênero;NÃO;ITAJAÍ;Brasil;NÃO;SUL;SC;2;0;0;2;0;;2;;18/07/2026 07:17
2026;Branca;VIÚVO;40 a 44 anos;FEMININO;ENSINO MÉDIO COMPLETO;Cisgênero;NÃO;ITAJAÍ;Brasil;NÃO;SUL;SC;2;0;0;3;0;;3;;18/07/2026 07:17
2026;Branca;VIÚVO;40 a 44 anos;FEMININO;ENSINO MÉDIO INCOMPLETO;Cisgênero;NÃO;ITAJAÍ;Brasil;NÃO;SUL;SC;3;0;0;3;0;;3;;18/07/2026 07:17
2026;Branca;VIÚVO;40 a 44 anos;FEMININO;SUPERIOR INCOMPLETO;Cisgênero;NÃO;ITAJAÍ;Brasil;NÃO;SUL;SC;4;0;0;4;0;;4;;18/07/2026 07:17
2026;Branca;VIÚVO;40 a 44 anos;MASCULINO;ENSINO MÉDIO COMPLETO;Cisgênero;NÃO;ITAJAÍ;Brasil;NÃO;SUL;SC;1;0;0;1;0;;1;;18/07/2026 07:17
2026;Branca;VIÚVO;40 a 44 anos;MASCULINO;SUPERIOR COMPLETO;Cisgênero;NÃO;ITAJAÍ;Brasil;NÃO;SUL;SC;2;0;0;2;0;;2;;18/07/2026 07:17
2026;Branca;VIÚVO;45 a 49 anos;FEMININO;ENSINO FUNDAMENTAL COMPLETO;Cisgênero;NÃO;ITAJAÍ;Brasil;NÃO;SUL;SC;1;0;0;1;0;;1;;18/07/2026 07:17
2026;Branca;VIÚVO;45 a 49 anos;FEMININO;ENSINO FUNDAMENTAL INCOMPLETO;Cisgênero;NÃO;ITAJAÍ;Brasil;NÃO;SUL;SC;4;0;0;4;0;;4;;18/07/2026 07:17
2026;Branca;VIÚVO;45 a 49 anos;FEMININO;ENSINO MÉDIO COMPLETO;Cisgênero;NÃO;ITAJAÍ;Brasil;NÃO;SUL;SC;6;0;0;6;0;;6;;18/07/2026 07:17
2026;Branca;VIÚVO;45 a 49 anos;FEMININO;ENSINO MÉDIO INCOMPLETO;Cisgênero;NÃO;ITAJAÍ;Brasil;NÃO;SUL;SC;3;0;0;3;0;;3;;18/07/2026 07:17
2026;Branca;VIÚVO;45 a 49 anos;FEMININO;SUPERIOR COMPLETO;Cisgênero;NÃO;ITAJAÍ;Brasil;NÃO;SUL;SC;4;0;0;4;0;;4;;18/07/2026 07:17
2026;Branca;VIÚVO;45 a 49 anos;MASCULINO;ENSINO FUNDAMENTAL COMPLETO;Cisgênero;NÃO;ITAJAÍ;Brasil;NÃO;SUL;SC;1;0;0;1;0;;1;;18/07/2026 07:17
2026;Branca;VIÚVO;45 a 49 anos;MASCULINO;SUPERIOR COMPLETO;Cisgênero;NÃO;ITAJAÍ;Brasil;NÃO;SUL;SC;1;0;0;1;0;;1;;18/07/2026 07:17
2026;Branca;VIÚVO;45 a 49 anos;MASCULINO;SUPERIOR INCOMPLETO;Cisgênero;NÃO;ITAJAÍ;Brasil;NÃO;SUL;SC;1;0;0;1;0;;1;;18/07/2026 07:17
2026;Branca;VIÚVO;50 a 54 anos;FEMININO;ENSINO FUNDAMENTAL COMPLETO;Prefere não informar;NÃO;ITAJAÍ;Brasil;NÃO;SUL;SC;1;0;0;1;0;;1;;18/07/2026 07:17
2026;Branca;VIÚVO;50 a 54 anos;FEMININO;ENSINO FUNDAMENTAL INCOMPLETO;Cisgênero;NÃO;ITAJAÍ;Brasil;NÃO;SUL;SC;5;0;0;5;0;;5;;18/07/2026 07:17
2026;Branca;VIÚVO;50 a 54 anos;FEMININO;ENSINO MÉDIO COMPLETO;Cisgênero;NÃO;ITAJAÍ;Brasil;NÃO;SUL;SC;8;0;0;8;0;;8;;18/07/2026 07:17
2026;Branca;VIÚVO;50 a 54 anos;FEMININO;ENSINO MÉDIO INCOMPLETO;Cisgênero;NÃO;ITAJAÍ;Brasil;NÃO;SUL;SC;2;0;0;2;0;;2;;18/07/2026 07:17
2026;Branca;VIÚVO;50 a 54 anos;FEMININO;SUPERIOR COMPLETO;Cisgênero;NÃO;ITAJAÍ;Brasil;NÃO;SUL;SC;3;0;0;3;0;;3;;18/07/2026 07:17
2026;Branca;VIÚVO;50 a 54 anos;FEMININO;SUPERIOR INCOMPLETO;Cisgênero;NÃO;ITAJAÍ;Brasil;NÃO;SUL;SC;1;0;0;1;0;;1;;18/07/2026 07:17
2026;Branca;VIÚVO;50 a 54 anos;MASCULINO;ENSINO FUNDAMENTAL INCOMPLETO;Cisgênero;NÃO;ITAJAÍ;Brasil;NÃO;SUL;SC;1;0;0;2;0;;2;;18/07/2026 07:17
2026;Branca;VIÚVO;50 a 54 anos;MASCULINO;LÊ E ESCREVE;Cisgênero;NÃO;ITAJAÍ;Brasil;NÃO;SUL;SC;0;0;0;1;0;;1;;18/07/2026 07:17
2026;Branca;VIÚVO;55 a 59 anos;FEMININO;ENSINO FUNDAMENTAL COMPLETO;Cisgênero;NÃO;ITAJAÍ;Brasil;NÃO;SUL;SC;4;0;0;5;0;;5;;18/07/2026 07:17
2026;Branca;VIÚVO;55 a 59 anos;FEMININO;ENSINO FUNDAMENTAL COMPLETO;Prefere não informar;NÃO;ITAJAÍ;Brasil;NÃO;SUL;SC;1;0;0;1;0;;1;;18/07/2026 07:17
2026;Branca;VIÚVO;55 a 59 anos;FEMININO;ENSINO FUNDAMENTAL INCOMPLETO;Cisgênero;NÃO;ITAJAÍ;Brasil;NÃO;SUL;SC;20;0;0;20;0;;20;;18/07/2026 07:17
2026;Branca;VIÚVO;55 a 59 anos;FEMININO;ENSINO MÉDIO COMPLETO;Cisgênero;NÃO;ITAJAÍ;Brasil;NÃO;SUL;SC;14;3;0;14;0;;14;;18/07/2026 07:17
2026;Branca;VIÚVO;55 a 59 anos;FEMININO;ENSINO MÉDIO COMPLETO;Cisgênero;SIM;ITAJAÍ;Brasil;NÃO;SUL;SC;1;0;0;1;0;;1;;18/07/2026 07:17
2026;Branca;VIÚVO;55 a 59 anos;FEMININO;ENSINO MÉDIO INCOMPLETO;Cisgênero;NÃO;ITAJAÍ;Brasil;NÃO;SUL;SC;1;0;0;1;0;;1;;18/07/2026 07:17
2026;Branca;VIÚVO;55 a 59 anos;FEMININO;LÊ E ESCREVE;Cisgênero;NÃO;ITAJAÍ;Brasil;NÃO;SUL;SC;2;0;0;2;0;;2;;18/07/2026 07:17
2026;Branca;VIÚVO;55 a 59 anos;FEMININO;SUPERIOR COMPLETO;Cisgênero;NÃO;ITAJAÍ;Brasil;NÃO;SUL;SC;8;0;0;8;0;;8;;18/07/2026 07:17
2026;Branca;VIÚVO;55 a 59 anos;FEMININO;SUPERIOR COMPLETO;Prefere não informar;NÃO;ITAJAÍ;Brasil;NÃO;SUL;SC;1;0;0;1;0;;1;;18/07/2026 07:17
2026;Branca;VIÚVO;55 a 59 anos;FEMININO;SUPERIOR INCOMPLETO;Cisgênero;NÃO;ITAJAÍ;Brasil;NÃO;SUL;SC;4;0;0;4;0;;4;;18/07/2026 07:17
2026;Branca;VIÚVO;55 a 59 anos;MASCULINO;ENSINO FUNDAMENTAL COMPLETO;Cisgênero;NÃO;ITAJAÍ;Brasil;NÃO;SUL;SC;1;1;0;1;0;;1;;18/07/2026 07:17
2026;Branca;VIÚVO;55 a 59 anos;MASCULINO;ENSINO FUNDAMENTAL INCOMPLETO;Cisgênero;NÃO;ITAJAÍ;Brasil;NÃO;SUL;SC;3;1;0;3;0;;3;;18/07/2026 07:17
2026;Branca;VIÚVO;55 a 59 anos;MASCULINO;ENSINO MÉDIO COMPLETO;Cisgênero;NÃO;ITAJAÍ;Brasil;NÃO;SUL;SC;1;0;0;1;0;;1;;18/07/2026 07:17
2026;Branca;VIÚVO;55 a 59 anos;MASCULINO;SUPERIOR COMPLETO;Cisgênero;NÃO;ITAJAÍ;Brasil;NÃO;SUL;SC;1;0;0;2;0;;2;;18/07/2026 07:17
2026;Branca;VIÚVO;60 a 64 anos;FEMININO;ANALFABETO;Cisgênero;NÃO;ITAJAÍ;Brasil;NÃO;SUL;SC;4;1;0;4;4;;0;;18/07/2026 07:17
2026;Branca;VIÚVO;60 a 64 anos;FEMININO;ENSINO FUNDAMENTAL COMPLETO;Cisgênero;NÃO;ITAJAÍ;Brasil;NÃO;SUL;SC;9;0;0;10;0;;10;;18/07/2026 07:17
2026;Branca;VIÚVO;60 a 64 anos;FEMININO;ENSINO FUNDAMENTAL INCOMPLETO;Cisgênero;NÃO;ITAJAÍ;Brasil;NÃO;SUL;SC;25;2;0;25;0;;25;;18/07/2026 07:17
2026;Branca;VIÚVO;60 a 64 anos;FEMININO;ENSINO MÉDIO COMPLETO;Cisgênero;NÃO;ITAJAÍ;Brasil;NÃO;SUL;SC;22;1;0;22;0;;22;;18/07/2026 07:17
2026;Branca;VIÚVO;60 a 64 anos;FEMININO;ENSINO MÉDIO INCOMPLETO;Cisgênero;NÃO;ITAJAÍ;Brasil;NÃO;SUL;SC;7;0;0;7;0;;7;;18/07/2026 07:17
2026;Branca;VIÚVO;60 a 64 anos;FEMININO;LÊ E ESCREVE;Cisgênero;NÃO;ITAJAÍ;Brasil;NÃO;SUL;SC;1;0;0;1;0;;1;;18/07/2026 07:17
2026;Branca;VIÚVO;60 a 64 anos;FEMININO;SUPERIOR COMPLETO;Cisgênero;NÃO;ITAJAÍ;Brasil;NÃO;SUL;SC;6;0;0;6;0;;6;;18/07/2026 07:17
2026;Branca;VIÚVO;60 a 64 anos;FEMININO;SUPERIOR INCOMPLETO;Cisgênero;NÃO;ITAJAÍ;Brasil;NÃO;SUL;SC;6;0;0;6;0;;6;;18/07/2026 07:17
2026;Branca;VIÚVO;60 a 64 anos;MASCULINO;ENSINO FUNDAMENTAL COMPLETO;Cisgênero;NÃO;ITAJAÍ;Brasil;NÃO;SUL;SC;5;0;0;5;0;;5;;18/07/2026 07:17
2026;Branca;VIÚVO;60 a 64 anos;MASCULINO;ENSINO FUNDAMENTAL INCOMPLETO;Cisgênero;NÃO;ITAJAÍ;Brasil;NÃO;SUL;SC;4;0;0;4;0;;4;;18/07/2026 07:17
2026;Branca;VIÚVO;60 a 64 anos;MASCULINO;ENSINO MÉDIO COMPLETO;Cisgênero;NÃO;ITAJAÍ;Brasil;NÃO;SUL;SC;4;0;0;4;0;;4;;18/07/2026 07:17
2026;Branca;VIÚVO;60 a 64 anos;MASCULINO;ENSINO MÉDIO INCOMPLETO;Cisgênero;NÃO;ITAJAÍ;Brasil;NÃO;SUL;SC;3;0;0;3;0;;3;;18/07/2026 07:17
2026;Branca;VIÚVO;60 a 64 anos;MASCULINO;SUPERIOR COMPLETO;Cisgênero;NÃO;ITAJAÍ;Brasil;NÃO;SUL;SC;1;0;0;1;0;;1;;18/07/2026 07:17
2026;Branca;VIÚVO;60 a 64 anos;MASCULINO;SUPERIOR INCOMPLETO;Cisgênero;NÃO;ITAJAÍ;Brasil;NÃO;SUL;SC;1;0;0;1;0;;1;;18/07/2026 07:17
2026;Branca;VIÚVO;65 a 69 anos;FEMININO;ANALFABETO;Cisgênero;NÃO;ITAJAÍ;Brasil;NÃO;SUL;SC;7;1;0;7;7;;0;;18/07/2026 07:17
2026;Branca;VIÚVO;65 a 69 anos;FEMININO;ENSINO FUNDAMENTAL COMPLETO;Cisgênero;NÃO;ITAJAÍ;Brasil;NÃO;SUL;SC;12;0;0;12;0;;12;;18/07/2026 07:17
2026;Branca;VIÚVO;65 a 69 anos;FEMININO;ENSINO FUNDAMENTAL INCOMPLETO;Cisgênero;NÃO;ITAJAÍ;Brasil;NÃO;SUL;SC;40;1;0;41;0;;41;;18/07/2026 07:17
2026;Branca;VIÚVO;65 a 69 anos;FEMININO;ENSINO FUNDAMENTAL INCOMPLETO;Prefere não informar;NÃO;ITAJAÍ;Brasil;NÃO;SUL;SC;2;0;0;2;0;;2;;18/07/2026 07:17
2026;Branca;VIÚVO;65 a 69 anos;FEMININO;ENSINO MÉDIO COMPLETO;Cisgênero;NÃO;ITAJAÍ;Brasil;NÃO;SUL;SC;18;0;0;18;0;;18;;18/07/2026 07:17
2026;Branca;VIÚVO;65 a 69 anos;FEMININO;ENSINO MÉDIO INCOMPLETO;Cisgênero;NÃO;ITAJAÍ;Brasil;NÃO;SUL;SC;5;0;0;5;0;;5;;18/07/2026 07:17
2026;Branca;VIÚVO;65 a 69 anos;FEMININO;LÊ E ESCREVE;Cisgênero;NÃO;ITAJAÍ;Brasil;NÃO;SUL;SC;4;1;0;4;0;;4;;18/07/2026 07:17
2026;Branca;VIÚVO;65 a 69 anos;FEMININO;SUPERIOR COMPLETO;Cisgênero;NÃO;ITAJAÍ;Brasil;NÃO;SUL;SC;8;0;0;8;0;;8;;18/07/2026 07:17
2026;Branca;VIÚVO;65 a 69 anos;FEMININO;SUPERIOR INCOMPLETO;Cisgênero;NÃO;ITAJAÍ;Brasil;NÃO;SUL;SC;2;0;0;2;0;;2;;18/07/2026 07:17
2026;Branca;VIÚVO;65 a 69 anos;MASCULINO;ANALFABETO;Cisgênero;NÃO;ITAJAÍ;Brasil;NÃO;SUL;SC;1;0;0;1;1;;0;;18/07/2026 07:17
2026;Branca;VIÚVO;65 a 69 anos;MASCULINO;ENSINO FUNDAMENTAL COMPLETO;Cisgênero;NÃO;ITAJAÍ;Brasil;NÃO;SUL;SC;6;1;0;6;0;;6;;18/07/2026 07:17
2026;Branca;VIÚVO;65 a 69 anos;MASCULINO;ENSINO FUNDAMENTAL INCOMPLETO;Cisgênero;NÃO;ITAJAÍ;Brasil;NÃO;SUL;SC;6;1;0;7;0;;7;;18/07/2026 07:17
2026;Branca;VIÚVO;65 a 69 anos;MASCULINO;ENSINO MÉDIO COMPLETO;Cisgênero;NÃO;ITAJAÍ;Brasil;NÃO;SUL;SC;5;0;0;5;0;;5;;18/07/2026 07:17
2026;Branca;VIÚVO;65 a 69 anos;MASCULINO;ENSINO MÉDIO INCOMPLETO;Cisgênero;NÃO;ITAJAÍ;Brasil;NÃO;SUL;SC;1;0;0;1;0;;1;;18/07/2026 07:17
2026;Branca;VIÚVO;65 a 69 anos;MASCULINO;SUPERIOR INCOMPLETO;Cisgênero;NÃO;ITAJAÍ;Brasil;NÃO;SUL;SC;3;0;0;3;0;;3;;18/07/2026 07:17
2026;Branca;VIÚVO;70 a 74 anos;FEMININO;ANALFABETO;Cisgênero;NÃO;ITAJAÍ;Brasil;NÃO;SUL;SC;4;0;0;4;4;;0;;18/07/2026 07:17
2026;Branca;VIÚVO;70 a 74 anos;FEMININO;ENSINO FUNDAMENTAL COMPLETO;Cisgênero;NÃO;ITAJAÍ;Brasil;NÃO;SUL;SC;13;4;0;13;13;;0;;18/07/2026 07:17
2026;Branca;VIÚVO;70 a 74 anos;FEMININO;ENSINO FUNDAMENTAL INCOMPLETO;Cisgênero;NÃO;ITAJAÍ;Brasil;NÃO;SUL;SC;38;1;0;38;38;;0;;18/07/2026 07:17
2026;Branca;VIÚVO;70 a 74 anos;FEMININO;ENSINO FUNDAMENTAL INCOMPLETO;Prefere não informar;NÃO;ITAJAÍ;Brasil;NÃO;SUL;SC;1;0;0;1;1;;0;;18/07/2026 07:17
2026;Branca;VIÚVO;70 a 74 anos;FEMININO;ENSINO MÉDIO COMPLETO;Cisgênero;NÃO;ITAJAÍ;Brasil;NÃO;SUL;SC;26;0;0;26;26;;0;;18/07/2026 07:17
2026;Branca;VIÚVO;70 a 74 anos;FEMININO;ENSINO MÉDIO INCOMPLETO;Cisgênero;NÃO;ITAJAÍ;Brasil;NÃO;SUL;SC;6;1;0;7;7;;0;;18/07/2026 07:17
2026;Branca;VIÚVO;70 a 74 anos;FEMININO;LÊ E ESCREVE;Cisgênero;NÃO;ITAJAÍ;Brasil;NÃO;SUL;SC;5;2;0;5;5;;0;;18/07/2026 07:17
2026;Branca;VIÚVO;70 a 74 anos;FEMININO;SUPERIOR COMPLETO;Cisgênero;NÃO;ITAJAÍ;Brasil;NÃO;SUL;SC;12;0;0;12;12;;0;;18/07/2026 07:17
2026;Branca;VIÚVO;70 a 74 anos;FEMININO;SUPERIOR INCOMPLETO;Cisgênero;NÃO;ITAJAÍ;Brasil;NÃO;SUL;SC;3;0;0;3;3;;0;;18/07/2026 07:17
2026;Branca;VIÚVO;70 a 74 anos;MASCULINO;ANALFABETO;Cisgênero;NÃO;ITAJAÍ;Brasil;NÃO;SUL;SC;1;0;0;1;1;;0;;18/07/2026 07:17
2026;Branca;VIÚVO;70 a 74 anos;MASCULINO;ENSINO FUNDAMENTAL COMPLETO;Cisgênero;NÃO;ITAJAÍ;Brasil;NÃO;SUL;SC;5;2;0;5;5;;0;;18/07/2026 07:17
2026;Branca;VIÚVO;70 a 74 anos;MASCULINO;ENSINO FUNDAMENTAL INCOMPLETO;Cisgênero;NÃO;ITAJAÍ;Brasil;NÃO;SUL;SC;7;0;0;7;7;;0;;18/07/2026 07:17
2026;Branca;VIÚVO;70 a 74 anos;MASCULINO;ENSINO MÉDIO COMPLETO;Cisgênero;NÃO;ITAJAÍ;Brasil;NÃO;SUL;SC;3;0;0;3;3;;0;;18/07/2026 07:17
2026;Branca;VIÚVO;70 a 74 anos;MASCULINO;LÊ E ESCREVE;Cisgênero;NÃO;ITAJAÍ;Brasil;NÃO;SUL;SC;3;1;0;3;3;;0;;18/07/2026 07:17
2026;Branca;VIÚVO;70 a 74 anos;MASCULINO;SUPERIOR COMPLETO;Cisgênero;NÃO;ITAJAÍ;Brasil;NÃO;SUL;SC;3;0;0;3;3;;0;;18/07/2026 07:17
2026;Branca;VIÚVO;70 a 74 anos;MASCULINO;SUPERIOR COMPLETO;Prefere não informar;SIM;ITAJAÍ;Brasil;NÃO;SUL;SC;1;0;0;1;1;;0;;18/07/2026 07:17
2026;Branca;VIÚVO;70 a 74 anos;MASCULINO;SUPERIOR INCOMPLETO;Cisgênero;NÃO;ITAJAÍ;Brasil;NÃO;SUL;SC;1;0;0;1;1;;0;;18/07/2026 07:17
2026;Branca;VIÚVO;75 a 79 anos;FEMININO;ANALFABETO;Cisgênero;NÃO;ITAJAÍ;Brasil;NÃO;SUL;SC;4;0;0;4;4;;0;;18/07/2026 07:17
2026;Branca;VIÚVO;75 a 79 anos;FEMININO;ENSINO FUNDAMENTAL COMPLETO;Cisgênero;NÃO;ITAJAÍ;Brasil;NÃO;SUL;SC;7;1;0;7;7;;0;;18/07/2026 07:17
2026;Branca;VIÚVO;75 a 79 anos;FEMININO;ENSINO FUNDAMENTAL INCOMPLETO;Cisgênero;NÃO;ITAJAÍ;Brasil;NÃO;SUL;SC;22;4;0;22;22;;0;;18/07/2026 07:17
2026;Branca;VIÚVO;75 a 79 anos;FEMININO;ENSINO MÉDIO COMPLETO;Cisgênero;NÃO;ITAJAÍ;Brasil;NÃO;SUL;SC;14;1;0;14;14;;0;;18/07/2026 07:17
2026;Branca;VIÚVO;75 a 79 anos;FEMININO;LÊ E ESCREVE;Cisgênero;NÃO;ITAJAÍ;Brasil;NÃO;SUL;SC;3;0;0;3;3;;0;;18/07/2026 07:17
2026;Branca;VIÚVO;75 a 79 anos;FEMININO;SUPERIOR COMPLETO;Cisgênero;NÃO;ITAJAÍ;Brasil;NÃO;SUL;SC;9;3;0;9;9;;0;;18/07/2026 07:17
2026;Branca;VIÚVO;75 a 79 anos;FEMININO;SUPERIOR INCOMPLETO;Cisgênero;NÃO;ITAJAÍ;Brasil;NÃO;SUL;SC;2;0;0;2;2;;0;;18/07/2026 07:17
2026;Branca;VIÚVO;75 a 79 anos;MASCULINO;ENSINO FUNDAMENTAL COMPLETO;Cisgênero;NÃO;ITAJAÍ;Brasil;NÃO;SUL;SC;2;0;0;2;2;;0;;18/07/2026 07:17
2026;Branca;VIÚVO;75 a 79 anos;MASCULINO;ENSINO FUNDAMENTAL INCOMPLETO;Cisgênero;NÃO;ITAJAÍ;Brasil;NÃO;SUL;SC;7;0;0;7;7;;0;;18/07/2026 07:17
2026;Branca;VIÚVO;75 a 79 anos;MASCULINO;ENSINO MÉDIO COMPLETO;Cisgênero;NÃO;ITAJAÍ;Brasil;NÃO;SUL;SC;2;0;0;2;2;;0;;18/07/2026 07:17
2026;Branca;VIÚVO;75 a 79 anos;MASCULINO;SUPERIOR COMPLETO;Cisgênero;NÃO;ITAJAÍ;Brasil;NÃO;SUL;SC;2;1;0;2;2;;0;;18/07/2026 07:17
2026;Branca;VIÚVO;80 a 84 anos;FEMININO;ANALFABETO;Cisgênero;NÃO;ITAJAÍ;Brasil;NÃO;SUL;SC;3;0;0;3;3;;0;;18/07/2026 07:17
2026;Branca;VIÚVO;80 a 84 anos;FEMININO;ENSINO FUNDAMENTAL COMPLETO;Cisgênero;NÃO;ITAJAÍ;Brasil;NÃO;SUL;SC;4;0;0;4;4;;0;;18/07/2026 07:17
2026;Branca;VIÚVO;80 a 84 anos;FEMININO;ENSINO FUNDAMENTAL INCOMPLETO;Cisgênero;NÃO;ITAJAÍ;Brasil;NÃO;SUL;SC;14;1;0;14;14;;0;;18/07/2026 07:17
2026;Branca;VIÚVO;80 a 84 anos;FEMININO;ENSINO MÉDIO COMPLETO;Cisgênero;NÃO;ITAJAÍ;Brasil;NÃO;SUL;SC;9;0;0;9;9;;0;;18/07/2026 07:17
2026;Branca;VIÚVO;80 a 84 anos;FEMININO;ENSINO MÉDIO COMPLETO;Cisgênero;SIM;ITAJAÍ;Brasil;NÃO;SUL;SC;1;0;0;1;1;;0;;18/07/2026 07:17
2026;Branca;VIÚVO;80 a 84 anos;FEMININO;LÊ E ESCREVE;Cisgênero;NÃO;ITAJAÍ;Brasil;NÃO;SUL;SC;7;1;0;8;8;;0;;18/07/2026 07:17
2026;Branca;VIÚVO;80 a 84 anos;FEMININO;SUPERIOR COMPLETO;Cisgênero;NÃO;ITAJAÍ;Brasil;NÃO;SUL;SC;2;0;0;2;2;;0;;18/07/2026 07:17
2026;Branca;VIÚVO;80 a 84 anos;MASCULINO;ANALFABETO;Cisgênero;NÃO;ITAJAÍ;Brasil;NÃO;SUL;SC;1;0;0;1;1;;0;;18/07/2026 07:17
2026;Branca;VIÚVO;80 a 84 anos;MASCULINO;ENSINO FUNDAMENTAL COMPLETO;Cisgênero;NÃO;ITAJAÍ;Brasil;NÃO;SUL;SC;2;0;0;2;2;;0;;18/07/2026 07:17
2026;Branca;VIÚVO;80 a 84 anos;MASCULINO;ENSINO FUNDAMENTAL INCOMPLETO;Cisgênero;NÃO;ITAJAÍ;Brasil;NÃO;SUL;SC;3;0;0;3;3;;0;;18/07/2026 07:17
2026;Branca;VIÚVO;80 a 84 anos;MASCULINO;ENSINO MÉDIO COMPLETO;Cisgênero;NÃO;ITAJAÍ;Brasil;NÃO;SUL;SC;1;0;0;1;1;;0;;18/07/2026 07:17
2026;Branca;VIÚVO;80 a 84 anos;MASCULINO;ENSINO MÉDIO INCOMPLETO;Cisgênero;NÃO;ITAJAÍ;Brasil;NÃO;SUL;SC;1;0;0;1;1;;0;;18/07/2026 07:17
2026;Branca;VIÚVO;80 a 84 anos;MASCULINO;LÊ E ESCREVE;Cisgênero;NÃO;ITAJAÍ;Brasil;NÃO;SUL;SC;1;0;0;1;1;;0;;18/07/2026 07:17
2026;Branca;VIÚVO;85 a 89 anos;FEMININO;ANALFABETO;Cisgênero;NÃO;ITAJAÍ;Brasil;NÃO;SUL;SC;3;0;0;3;3;;0;;18/07/2026 07:17
2026;Branca;VIÚVO;85 a 89 anos;FEMININO;ENSINO FUNDAMENTAL COMPLETO;Cisgênero;NÃO;ITAJAÍ;Brasil;NÃO;SUL;SC;3;0;0;3;3;;0;;18/07/2026 07:17
2026;Branca;VIÚVO;85 a 89 anos;FEMININO;ENSINO FUNDAMENTAL INCOMPLETO;Cisgênero;NÃO;ITAJAÍ;Brasil;NÃO;SUL;SC;10;3;0;10;10;;0;;18/07/2026 07:17
2026;Branca;VIÚVO;85 a 89 anos;FEMININO;ENSINO FUNDAMENTAL INCOMPLETO;Prefere não informar;NÃO;ITAJAÍ;Brasil;NÃO;SUL;SC;1;0;0;1;1;;0;;18/07/2026 07:17
2026;Branca;VIÚVO;85 a 89 anos;FEMININO;ENSINO MÉDIO COMPLETO;Cisgênero;NÃO;ITAJAÍ;Brasil;NÃO;SUL;SC;2;0;0;2;2;;0;;18/07/2026 07:17
2026;Branca;VIÚVO;85 a 89 anos;FEMININO;LÊ E ESCREVE;Cisgênero;NÃO;ITAJAÍ;Brasil;NÃO;SUL;SC;3;0;0;3;3;;0;;18/07/2026 07:17
2026;Branca;VIÚVO;85 a 89 anos;FEMININO;SUPERIOR COMPLETO;Cisgênero;NÃO;ITAJAÍ;Brasil;NÃO;SUL;SC;1;0;0;1;1;;0;;18/07/2026 07:17
2026;Branca;VIÚVO;85 a 89 anos;MASCULINO;ENSINO FUNDAMENTAL COMPLETO;Cisgênero;NÃO;ITAJAÍ;Brasil;NÃO;SUL;SC;2;0;0;2;2;;0;;18/07/2026 07:17
2026;Branca;VIÚVO;85 a 89 anos;MASCULINO;ENSINO FUNDAMENTAL INCOMPLETO;Cisgênero;NÃO;ITAJAÍ;Brasil;NÃO;SUL;SC;2;0;0;2;2;;0;;18/07/2026 07:17
2026;Branca;VIÚVO;85 a 89 anos;MASCULINO;ENSINO MÉDIO COMPLETO;Cisgênero;NÃO;ITAJAÍ;Brasil;NÃO;SUL;SC;1;0;0;1;1;;0;;18/07/2026 07:17
2026;Branca;VIÚVO;90 a 94 anos;FEMININO;ENSINO FUNDAMENTAL COMPLETO;Cisgênero;NÃO;ITAJAÍ;Brasil;NÃO;SUL;SC;2;0;0;2;2;;0;;18/07/2026 07:17
2026;Branca;VIÚVO;90 a 94 anos;FEMININO;ENSINO MÉDIO COMPLETO;Cisgênero;NÃO;ITAJAÍ;Brasil;NÃO;SUL;SC;1;0;0;1;1;;0;;18/07/2026 07:17
2026;Branca;VIÚVO;90 a 94 anos;FEMININO;SUPERIOR COMPLETO;Cisgênero;NÃO;ITAJAÍ;Brasil;NÃO;SUL;SC;1;0;0;1;1;;0;;18/07/2026 07:17
2026;Branca;VIÚVO;95 a 99 anos;FEMININO;ANALFABETO;Cisgênero;NÃO;ITAJAÍ;Brasil;NÃO;SUL;SC;1;0;0;1;1;;0;;18/07/2026 07:17
2026;Branca;VIÚVO;95 a 99 anos;FEMININO;ENSINO FUNDAMENTAL INCOMPLETO;Cisgênero;NÃO;ITAJAÍ;Brasil;NÃO;SUL;SC;2;0;0;2;2;;0;;18/07/2026 07:17
2026;Branca;VIÚVO;95 a 99 anos;FEMININO;LÊ E ESCREVE;Cisgênero;NÃO;ITAJAÍ;Brasil;NÃO;SUL;SC;1;1;0;1;1;;0;;18/07/2026 07:17
2026;Indígena;CASADO;25 a 29 anos;MASCULINO;ENSINO MÉDIO COMPLETO;Cisgênero;NÃO;ITAJAÍ;Brasil;NÃO;SUL;SC;1;0;0;1;0;;1;;18/07/2026 07:17
2026;Indígena;CASADO;30 a 34 anos;FEMININO;SUPERIOR INCOMPLETO;Cisgênero;NÃO;ITAJAÍ;Brasil;NÃO;SUL;SC;1;0;0;1;0;;1;;18/07/2026 07:17
2026;Indígena;CASADO;40 a 44 anos;FEMININO;ENSINO FUNDAMENTAL INCOMPLETO;Cisgênero;NÃO;ITAJAÍ;Brasil;NÃO;SUL;SC;2;0;0;2;0;;2;;18/07/2026 07:17
2026;Indígena;CASADO;40 a 44 anos;MASCULINO;ENSINO MÉDIO INCOMPLETO;Cisgênero;NÃO;ITAJAÍ;Brasil;NÃO;SUL;SC;2;1;0;2;0;;2;;18/07/2026 07:17
2026;Indígena;CASADO;45 a 49 anos;FEMININO;ENSINO MÉDIO INCOMPLETO;Cisgênero;NÃO;ITAJAÍ;Brasil;NÃO;SUL;SC;1;0;0;1;0;;1;;18/07/2026 07:17
2026;Indígena;CASADO;45 a 49 anos;MASCULINO;ENSINO MÉDIO COMPLETO;Cisgênero;NÃO;ITAJAÍ;Brasil;NÃO;SUL;SC;1;0;0;1;0;;1;;18/07/2026 07:17
2026;Indígena;CASADO;45 a 49 anos;MASCULINO;SUPERIOR COMPLETO;Cisgênero;NÃO;ITAJAÍ;Brasil;NÃO;SUL;SC;1;0;0;1;0;;1;;18/07/2026 07:17
2026;Indígena;CASADO;45 a 49 anos;MASCULINO;SUPERIOR COMPLETO;Prefere não informar;NÃO;ITAJAÍ;Brasil;NÃO;SUL;SC;1;0;0;1;0;;1;;18/07/2026 07:17
2026;Indígena;CASADO;50 a 54 anos;FEMININO;ENSINO FUNDAMENTAL INCOMPLETO;Cisgênero;NÃO;ITAJAÍ;Brasil;NÃO;SUL;SC;2;0;0;2;0;;2;;18/07/2026 07:17
2026;Indígena;CASADO;50 a 54 anos;MASCULINO;ENSINO FUNDAMENTAL INCOMPLETO;Cisgênero;NÃO;ITAJAÍ;Brasil;NÃO;SUL;SC;2;0;0;2;0;;2;;18/07/2026 07:17
2026;Indígena;CASADO;55 a 59 anos;FEMININO;ENSINO FUNDAMENTAL COMPLETO;Cisgênero;NÃO;ITAJAÍ;Brasil;NÃO;SUL;SC;1;0;0;1;0;;1;;18/07/2026 07:17
2026;Indígena;CASADO;55 a 59 anos;MASCULINO;ANALFABETO;Cisgênero;NÃO;ITAJAÍ;Brasil;NÃO;SUL;SC;1;0;0;1;1;;0;;18/07/2026 07:17
2026;Indígena;CASADO;60 a 64 anos;MASCULINO;ENSINO FUNDAMENTAL COMPLETO;Cisgênero;NÃO;ITAJAÍ;Brasil;NÃO;SUL;SC;1;0;0;1;0;;1;;18/07/2026 07:17
2026;Indígena;DIVORCIADO;25 a 29 anos;FEMININO;SUPERIOR INCOMPLETO;Cisgênero;NÃO;ITAJAÍ;Brasil;NÃO;SUL;SC;1;0;0;1;0;;1;;18/07/2026 07:17
2026;Indígena;DIVORCIADO;40 a 44 anos;MASCULINO;ENSINO MÉDIO COMPLETO;Cisgênero;NÃO;ITAJAÍ;Brasil;NÃO;SUL;SC;1;0;0;1;0;;1;;18/07/2026 07:17
2026;Indígena;DIVORCIADO;45 a 49 anos;MASCULINO;SUPERIOR COMPLETO;Cisgênero;NÃO;ITAJAÍ;Brasil;NÃO;SUL;SC;1;0;0;1;0;;1;;18/07/2026 07:17
2026;Indígena;DIVORCIADO;55 a 59 anos;FEMININO;SUPERIOR COMPLETO;Cisgênero;NÃO;ITAJAÍ;Brasil;NÃO;SUL;SC;1;0;0;1;0;;1;;18/07/2026 07:17
2026;Indígena;SOLTEIRO;17 anos;MASCULINO;ENSINO MÉDIO INCOMPLETO;Cisgênero;NÃO;ITAJAÍ;Brasil;NÃO;SUL;SC;1;0;0;1;1;;0;;18/07/2026 07:17
2026;Indígena;SOLTEIRO;18 anos;FEMININO;ENSINO MÉDIO INCOMPLETO;Cisgênero;NÃO;ITAJAÍ;Brasil;NÃO;SUL;SC;1;0;0;1;0;;1;;18/07/2026 07:17
2026;Indígena;SOLTEIRO;19 anos;FEMININO;ENSINO MÉDIO COMPLETO;Cisgênero;NÃO;ITAJAÍ;Brasil;NÃO;SUL;SC;1;0;0;1;0;;1;;18/07/2026 07:17
2026;Indígena;SOLTEIRO;19 anos;FEMININO;ENSINO MÉDIO INCOMPLETO;Cisgênero;NÃO;ITAJAÍ;Brasil;NÃO;SUL;SC;1;0;0;1;0;;1;;18/07/2026 07:17
2026;Indígena;SOLTEIRO;19 anos;MASCULINO;ENSINO MÉDIO INCOMPLETO;Cisgênero;NÃO;ITAJAÍ;Brasil;NÃO;SUL;SC;1;0;0;1;0;;1;;18/07/2026 07:17
2026;Indígena;SOLTEIRO;20 anos;FEMININO;ENSINO FUNDAMENTAL COMPLETO;Cisgênero;NÃO;ITAJAÍ;Brasil;NÃO;SUL;SC;1;0;0;1;0;;1;;18/07/2026 07:17
2026;Indígena;SOLTEIRO;20 anos;FEMININO;ENSINO FUNDAMENTAL INCOMPLETO;Cisgênero;NÃO;ITAJAÍ;Brasil;NÃO;SUL;SC;1;0;0;1;0;;1;;18/07/2026 07:17
2026;Indígena;SOLTEIRO;20 anos;FEMININO;ENSINO MÉDIO INCOMPLETO;Prefere não informar;NÃO;ITAJAÍ;Brasil;NÃO;SUL;SC;1;0;0;1;0;;1;;18/07/2026 07:17
2026;Indígena;SOLTEIRO;21 a 24 anos;FEMININO;ENSINO MÉDIO COMPLETO;Cisgênero;NÃO;ITAJAÍ;Brasil;NÃO;SUL;SC;3;0;0;3;0;;3;;18/07/2026 07:17
2026;Indígena;SOLTEIRO;21 a 24 anos;MASCULINO;ENSINO MÉDIO COMPLETO;Cisgênero;NÃO;ITAJAÍ;Brasil;NÃO;SUL;SC;2;0;0;2;0;;2;;18/07/2026 07:17
2026;Indígena;SOLTEIRO;21 a 24 anos;MASCULINO;ENSINO MÉDIO INCOMPLETO;Cisgênero;NÃO;ITAJAÍ;Brasil;NÃO;SUL;SC;1;0;0;2;0;;2;;18/07/2026 07:17
2026;Indígena;SOLTEIRO;25 a 29 anos;FEMININO;ENSINO MÉDIO INCOMPLETO;Cisgênero;NÃO;ITAJAÍ;Brasil;NÃO;SUL;SC;1;0;0;1;0;;1;;18/07/2026 07:17
2026;Indígena;SOLTEIRO;25 a 29 anos;FEMININO;SUPERIOR COMPLETO;Cisgênero;NÃO;ITAJAÍ;Brasil;NÃO;SUL;SC;1;0;0;1;0;;1;;18/07/2026 07:17
2026;Indígena;SOLTEIRO;25 a 29 anos;FEMININO;SUPERIOR INCOMPLETO;Cisgênero;NÃO;ITAJAÍ;Brasil;NÃO;SUL;SC;1;0;0;1;0;;1;;18/07/2026 07:17
2026;Indígena;SOLTEIRO;25 a 29 anos;MASCULINO;ENSINO MÉDIO COMPLETO;Cisgênero;NÃO;ITAJAÍ;Brasil;NÃO;SUL;SC;2;0;0;2;0;;2;;18/07/2026 07:17
2026;Indígena;SOLTEIRO;25 a 29 anos;MASCULINO;ENSINO MÉDIO INCOMPLETO;Cisgênero;NÃO;ITAJAÍ;Brasil;NÃO;SUL;SC;1;0;0;1;0;;1;;18/07/2026 07:17
2026;Indígena;SOLTEIRO;25 a 29 anos;MASCULINO;SUPERIOR INCOMPLETO;Cisgênero;NÃO;ITAJAÍ;Brasil;NÃO;SUL;SC;1;0;0;1;0;;1;;18/07/2026 07:17
2026;Indígena;SOLTEIRO;30 a 34 anos;FEMININO;LÊ E ESCREVE;Prefere não informar;SIM;ITAJAÍ;Brasil;NÃO;SUL;SC;1;0;0;1;0;;1;;18/07/2026 07:17
2026;Indígena;SOLTEIRO;30 a 34 anos;MASCULINO;ENSINO FUNDAMENTAL INCOMPLETO;Cisgênero;NÃO;ITAJAÍ;Brasil;NÃO;SUL;SC;1;0;0;1;0;;1;;18/07/2026 07:17
2026;Indígena;SOLTEIRO;30 a 34 anos;MASCULINO;ENSINO MÉDIO COMPLETO;Cisgênero;NÃO;ITAJAÍ;Brasil;NÃO;SUL;SC;1;0;0;1;0;;1;;18/07/2026 07:17
2026;Indígena;SOLTEIRO;35 a 39 anos;FEMININO;SUPERIOR COMPLETO;Cisgênero;NÃO;ITAJAÍ;Brasil;NÃO;SUL;SC;1;0;0;1;0;;1;;18/07/2026 07:17
2026;Indígena;SOLTEIRO;35 a 39 anos;MASCULINO;ENSINO FUNDAMENTAL COMPLETO;Cisgênero;NÃO;ITAJAÍ;Brasil;NÃO;SUL;SC;1;0;0;1;0;;1;;18/07/2026 07:17
2026;Indígena;SOLTEIRO;35 a 39 anos;MASCULINO;ENSINO MÉDIO COMPLETO;Cisgênero;NÃO;ITAJAÍ;Brasil;NÃO;SUL;SC;1;0;0;1;0;;1;;18/07/2026 07:17
2026;Indígena;SOLTEIRO;35 a 39 anos;MASCULINO;SUPERIOR INCOMPLETO;Cisgênero;NÃO;ITAJAÍ;Brasil;NÃO;SUL;SC;1;0;0;1;0;;1;;18/07/2026 07:17
2026;Indígena;SOLTEIRO;40 a 44 anos;FEMININO;ENSINO FUNDAMENTAL INCOMPLETO;Cisgênero;NÃO;ITAJAÍ;Brasil;NÃO;SUL;SC;1;0;0;1;0;;1;;18/07/2026 07:17
2026;Indígena;SOLTEIRO;40 a 44 anos;FEMININO;SUPERIOR COMPLETO;Prefere não informar;NÃO;ITAJAÍ;Brasil;NÃO;SUL;SC;1;0;0;1;0;;1;;18/07/2026 07:17
2026;Indígena;SOLTEIRO;45 a 49 anos;MASCULINO;ENSINO FUNDAMENTAL INCOMPLETO;Cisgênero;NÃO;ITAJAÍ;Brasil;NÃO;SUL;SC;1;0;0;1;0;;1;;18/07/2026 07:17
2026;Indígena;SOLTEIRO;45 a 49 anos;MASCULINO;SUPERIOR COMPLETO;Cisgênero;NÃO;ITAJAÍ;Brasil;NÃO;SUL;SC;1;0;0;1;0;;1;;18/07/2026 07:17
2026;Indígena;SOLTEIRO;50 a 54 anos;FEMININO;ENSINO MÉDIO COMPLETO;Cisgênero;NÃO;ITAJAÍ;Brasil;NÃO;SUL;SC;1;0;0;1;0;;1;;18/07/2026 07:17
2026;Indígena;SOLTEIRO;60 a 64 anos;FEMININO;ENSINO FUNDAMENTAL COMPLETO;Cisgênero;NÃO;ITAJAÍ;Brasil;NÃO;SUL;SC;1;0;0;1;0;;1;;18/07/2026 07:17
2026;Indígena;VIÚVO;60 a 64 anos;FEMININO;ENSINO FUNDAMENTAL INCOMPLETO;Cisgênero;NÃO;ITAJAÍ;Brasil;NÃO;SUL;SC;1;0;0;1;0;;1;;18/07/2026 07:17
2026;Indígena;VIÚVO;65 a 69 anos;FEMININO;ENSINO FUNDAMENTAL COMPLETO;Cisgênero;NÃO;ITAJAÍ;Brasil;NÃO;SUL;SC;1;0;0;1;0;;1;;18/07/2026 07:17
2026;Indígena;VIÚVO;70 a 74 anos;FEMININO;ENSINO FUNDAMENTAL COMPLETO;Cisgênero;NÃO;ITAJAÍ;Brasil;NÃO;SUL;SC;1;0;0;1;1;;0;;18/07/2026 07:17
2026;NÃO INFORMADO;CASADO;100 anos ou mais;MASCULINO;ENSINO FUNDAMENTAL INCOMPLETO;NÃO INFORMADO;NÃO INFORMADO;ITAJAÍ;Brasil;NÃO INFORMADO;SUL;SC;1;0;0;1;1;;0;;18/07/2026 07:17
2026;NÃO INFORMADO;CASADO;20 anos;FEMININO;ENSINO MÉDIO INCOMPLETO;NÃO INFORMADO;NÃO INFORMADO;ITAJAÍ;Brasil;NÃO INFORMADO;SUL;SC;0;0;0;1;0;;1;;18/07/2026 07:17
2026;NÃO INFORMADO;CASADO;21 a 24 anos;FEMININO;ENSINO FUNDAMENTAL COMPLETO;NÃO INFORMADO;NÃO INFORMADO;ITAJAÍ;Brasil;NÃO INFORMADO;SUL;SC;1;0;0;2;0;;2;;18/07/2026 07:17
2026;NÃO INFORMADO;CASADO;21 a 24 anos;FEMININO;ENSINO FUNDAMENTAL INCOMPLETO;NÃO INFORMADO;NÃO INFORMADO;ITAJAÍ;Brasil;NÃO INFORMADO;SUL;SC;0;0;0;2;0;;2;;18/07/2026 07:17
2026;NÃO INFORMADO;CASADO;21 a 24 anos;FEMININO;ENSINO MÉDIO COMPLETO;NÃO INFORMADO;NÃO INFORMADO;ITAJAÍ;Brasil;NÃO INFORMADO;SUL;SC;11;0;0;28;0;;28;;18/07/2026 07:17
2026;NÃO INFORMADO;CASADO;21 a 24 anos;FEMININO;ENSINO MÉDIO INCOMPLETO;NÃO INFORMADO;NÃO INFORMADO;ITAJAÍ;Brasil;NÃO INFORMADO;SUL;SC;3;0;0;17;0;;17;;18/07/2026 07:17
2026;NÃO INFORMADO;CASADO;21 a 24 anos;FEMININO;SUPERIOR INCOMPLETO;NÃO INFORMADO;NÃO INFORMADO;ITAJAÍ;Brasil;NÃO INFORMADO;SUL;SC;0;0;0;1;0;;1;;18/07/2026 07:17
2026;NÃO INFORMADO;CASADO;21 a 24 anos;MASCULINO;ENSINO FUNDAMENTAL COMPLETO;NÃO INFORMADO;NÃO INFORMADO;ITAJAÍ;Brasil;NÃO INFORMADO;SUL;SC;0;0;0;1;0;;1;;18/07/2026 07:17
2026;NÃO INFORMADO;CASADO;21 a 24 anos;MASCULINO;ENSINO MÉDIO COMPLETO;NÃO INFORMADO;NÃO INFORMADO;ITAJAÍ;Brasil;NÃO INFORMADO;SUL;SC;1;0;0;3;0;;3;;18/07/2026 07:17
2026;NÃO INFORMADO;CASADO;21 a 24 anos;MASCULINO;ENSINO MÉDIO INCOMPLETO;NÃO INFORMADO;NÃO INFORMADO;ITAJAÍ;Brasil;NÃO INFORMADO;SUL;SC;2;0;0;4;0;;4;;18/07/2026 07:17
2026;NÃO INFORMADO;CASADO;25 a 29 anos;FEMININO;ENSINO FUNDAMENTAL COMPLETO;NÃO INFORMADO;NÃO INFORMADO;ITAJAÍ;Brasil;NÃO INFORMADO;SUL;SC;42;0;0;42;0;;42;;18/07/2026 07:17
2026;NÃO INFORMADO;CASADO;25 a 29 anos;FEMININO;ENSINO FUNDAMENTAL INCOMPLETO;NÃO INFORMADO;NÃO INFORMADO;ITAJAÍ;Brasil;NÃO INFORMADO;SUL;SC;15;0;0;17;0;;17;;18/07/2026 07:17
2026;NÃO INFORMADO;CASADO;25 a 29 anos;FEMININO;ENSINO MÉDIO COMPLETO;NÃO INFORMADO;NÃO INFORMADO;ITAJAÍ;Brasil;NÃO INFORMADO;SUL;SC;229;1;0;248;0;;248;;18/07/2026 07:17
2026;NÃO INFORMADO;CASADO;25 a 29 anos;FEMININO;ENSINO MÉDIO INCOMPLETO;NÃO INFORMADO;NÃO INFORMADO;ITAJAÍ;Brasil;NÃO INFORMADO;SUL;SC;96;0;0;103;0;;103;;18/07/2026 07:17
2026;NÃO INFORMADO;CASADO;25 a 29 anos;FEMININO;LÊ E ESCREVE;NÃO INFORMADO;NÃO INFORMADO;ITAJAÍ;Brasil;NÃO INFORMADO;SUL;SC;0;0;0;1;0;;1;;18/07/2026 07:17
2026;NÃO INFORMADO;CASADO;25 a 29 anos;FEMININO;SUPERIOR COMPLETO;NÃO INFORMADO;NÃO INFORMADO;ITAJAÍ;Brasil;NÃO INFORMADO;SUL;SC;39;0;0;40;0;;40;;18/07/2026 07:17
2026;NÃO INFORMADO;CASADO;25 a 29 anos;FEMININO;SUPERIOR INCOMPLETO;NÃO INFORMADO;NÃO INFORMADO;ITAJAÍ;Brasil;NÃO INFORMADO;SUL;SC;104;1;0;110;0;;110;;18/07/2026 07:17
2026;NÃO INFORMADO;CASADO;25 a 29 anos;MASCULINO;ENSINO FUNDAMENTAL COMPLETO;NÃO INFORMADO;NÃO INFORMADO;ITAJAÍ;Brasil;NÃO INFORMADO;SUL;SC;16;0;0;18;0;;18;;18/07/2026 07:17
2026;NÃO INFORMADO;CASADO;25 a 29 anos;MASCULINO;ENSINO FUNDAMENTAL INCOMPLETO;NÃO INFORMADO;NÃO INFORMADO;ITAJAÍ;Brasil;NÃO INFORMADO;SUL;SC;8;0;0;9;0;;9;;18/07/2026 07:17
2026;NÃO INFORMADO;CASADO;25 a 29 anos;MASCULINO;ENSINO MÉDIO COMPLETO;NÃO INFORMADO;NÃO INFORMADO;ITAJAÍ;Brasil;NÃO INFORMADO;SUL;SC;63;1;0;70;0;;70;;18/07/2026 07:17
2026;NÃO INFORMADO;CASADO;25 a 29 anos;MASCULINO;ENSINO MÉDIO INCOMPLETO;NÃO INFORMADO;NÃO INFORMADO;ITAJAÍ;Brasil;NÃO INFORMADO;SUL;SC;35;0;0;39;0;;39;;18/07/2026 07:17
2026;NÃO INFORMADO;CASADO;25 a 29 anos;MASCULINO;SUPERIOR COMPLETO;NÃO INFORMADO;NÃO INFORMADO;ITAJAÍ;Brasil;NÃO INFORMADO;SUL;SC;6;0;0;7;0;;7;;18/07/2026 07:17
2026;NÃO INFORMADO;CASADO;25 a 29 anos;MASCULINO;SUPERIOR INCOMPLETO;NÃO INFORMADO;NÃO INFORMADO;ITAJAÍ;Brasil;NÃO INFORMADO;SUL;SC;12;0;0;13;0;;13;;18/07/2026 07:17
2026;NÃO INFORMADO;CASADO;30 a 34 anos;FEMININO;ENSINO FUNDAMENTAL COMPLETO;NÃO INFORMADO;NÃO INFORMADO;ITAJAÍ;Brasil;NÃO INFORMADO;SUL;SC;101;0;0;104;0;;104;;18/07/2026 07:17
2026;NÃO INFORMADO;CASADO;30 a 34 anos;FEMININO;ENSINO FUNDAMENTAL INCOMPLETO;NÃO INFORMADO;NÃO INFORMADO;ITAJAÍ;Brasil;NÃO INFORMADO;SUL;SC;55;0;0;59;0;;59;;18/07/2026 07:17
2026;NÃO INFORMADO;CASADO;30 a 34 anos;FEMININO;ENSINO MÉDIO COMPLETO;NÃO INFORMADO;NÃO INFORMADO;ITAJAÍ;Brasil;NÃO INFORMADO;SUL;SC;698;2;0;728;0;;728;;18/07/2026 07:17
2026;NÃO INFORMADO;CASADO;30 a 34 anos;FEMININO;ENSINO MÉDIO INCOMPLETO;NÃO INFORMADO;NÃO INFORMADO;ITAJAÍ;Brasil;NÃO INFORMADO;SUL;SC;195;1;0;202;0;;202;;18/07/2026 07:17
2026;NÃO INFORMADO;CASADO;30 a 34 anos;FEMININO;LÊ E ESCREVE;NÃO INFORMADO;NÃO INFORMADO;ITAJAÍ;Brasil;NÃO INFORMADO;SUL;SC;1;0;0;1;0;;1;;18/07/2026 07:17
2026;NÃO INFORMADO;CASADO;30 a 34 anos;FEMININO;SUPERIOR COMPLETO;NÃO INFORMADO;NÃO INFORMADO;ITAJAÍ;Brasil;NÃO INFORMADO;SUL;SC;362;0;0;374;0;;374;;18/07/2026 07:17
2026;NÃO INFORMADO;CASADO;30 a 34 anos;FEMININO;SUPERIOR INCOMPLETO;NÃO INFORMADO;NÃO INFORMADO;ITAJAÍ;Brasil;NÃO INFORMADO;SUL;SC;334;1;0;349;0;;349;;18/07/2026 07:17
2026;NÃO INFORMADO;CASADO;30 a 34 anos;MASCULINO;ENSINO FUNDAMENTAL COMPLETO;NÃO INFORMADO;NÃO INFORMADO;ITAJAÍ;Brasil;NÃO INFORMADO;SUL;SC;90;0;0;91;0;;91;;18/07/2026 07:17
2026;NÃO INFORMADO;CASADO;30 a 34 anos;MASCULINO;ENSINO FUNDAMENTAL INCOMPLETO;NÃO INFORMADO;NÃO INFORMADO;ITAJAÍ;Brasil;NÃO INFORMADO;SUL;SC;48;0;0;49;0;;49;;18/07/2026 07:17
2026;NÃO INFORMADO;CASADO;30 a 34 anos;MASCULINO;ENSINO MÉDIO COMPLETO;NÃO INFORMADO;NÃO INFORMADO;ITAJAÍ;Brasil;NÃO INFORMADO;SUL;SC;438;2;0;455;0;;455;;18/07/2026 07:17
2026;NÃO INFORMADO;CASADO;30 a 34 anos;MASCULINO;ENSINO MÉDIO INCOMPLETO;NÃO INFORMADO;NÃO INFORMADO;ITAJAÍ;Brasil;NÃO INFORMADO;SUL;SC;166;0;0;172;0;;172;;18/07/2026 07:17
2026;NÃO INFORMADO;CASADO;30 a 34 anos;MASCULINO;SUPERIOR COMPLETO;NÃO INFORMADO;NÃO INFORMADO;ITAJAÍ;Brasil;NÃO INFORMADO;SUL;SC;112;0;0;115;0;;115;;18/07/2026 07:17
2026;NÃO INFORMADO;CASADO;30 a 34 anos;MASCULINO;SUPERIOR INCOMPLETO;NÃO INFORMADO;NÃO INFORMADO;ITAJAÍ;Brasil;NÃO INFORMADO;SUL;SC;130;1;0;142;0;;142;;18/07/2026 07:17
2026;NÃO INFORMADO;CASADO;35 a 39 anos;FEMININO;ANALFABETO;NÃO INFORMADO;NÃO INFORMADO;ITAJAÍ;Brasil;NÃO INFORMADO;SUL;SC;1;0;0;1;1;;0;;18/07/2026 07:17
2026;NÃO INFORMADO;CASADO;35 a 39 anos;FEMININO;ENSINO FUNDAMENTAL COMPLETO;NÃO INFORMADO;NÃO INFORMADO;ITAJAÍ;Brasil;NÃO INFORMADO;SUL;SC;136;1;0;139;0;;139;;18/07/2026 07:17
2026;NÃO INFORMADO;CASADO;35 a 39 anos;FEMININO;ENSINO FUNDAMENTAL INCOMPLETO;NÃO INFORMADO;NÃO INFORMADO;ITAJAÍ;Brasil;NÃO INFORMADO;SUL;SC;91;0;0;95;0;;95;;18/07/2026 07:17
2026;NÃO INFORMADO;CASADO;35 a 39 anos;FEMININO;ENSINO MÉDIO COMPLETO;NÃO INFORMADO;NÃO INFORMADO;ITAJAÍ;Brasil;NÃO INFORMADO;SUL;SC;1071;2;0;1096;0;;1096;;18/07/2026 07:17
2026;NÃO INFORMADO;CASADO;35 a 39 anos;FEMININO;ENSINO MÉDIO INCOMPLETO;NÃO INFORMADO;NÃO INFORMADO;ITAJAÍ;Brasil;NÃO INFORMADO;SUL;SC;228;0;0;237;0;;237;;18/07/2026 07:17
2026;NÃO INFORMADO;CASADO;35 a 39 anos;FEMININO;LÊ E ESCREVE;NÃO INFORMADO;NÃO INFORMADO;ITAJAÍ;Brasil;NÃO INFORMADO;SUL;SC;1;0;0;1;0;;1;;18/07/2026 07:17
2026;NÃO INFORMADO;CASADO;35 a 39 anos;FEMININO;SUPERIOR COMPLETO;NÃO INFORMADO;NÃO INFORMADO;ITAJAÍ;Brasil;NÃO INFORMADO;SUL;SC;1069;2;0;1084;0;;1084;;18/07/2026 07:17
2026;NÃO INFORMADO;CASADO;35 a 39 anos;FEMININO;SUPERIOR INCOMPLETO;NÃO INFORMADO;NÃO INFORMADO;ITAJAÍ;Brasil;NÃO INFORMADO;SUL;SC;437;2;0;449;0;;449;;18/07/2026 07:17
2026;NÃO INFORMADO;CASADO;35 a 39 anos;MASCULINO;ANALFABETO;NÃO INFORMADO;NÃO INFORMADO;ITAJAÍ;Brasil;NÃO INFORMADO;SUL;SC;1;0;0;1;1;;0;;18/07/2026 07:17
2026;NÃO INFORMADO;CASADO;35 a 39 anos;MASCULINO;ENSINO FUNDAMENTAL COMPLETO;NÃO INFORMADO;NÃO INFORMADO;ITAJAÍ;Brasil;NÃO INFORMADO;SUL;SC;129;1;0;132;0;;132;;18/07/2026 07:17
2026;NÃO INFORMADO;CASADO;35 a 39 anos;MASCULINO;ENSINO FUNDAMENTAL INCOMPLETO;NÃO INFORMADO;NÃO INFORMADO;ITAJAÍ;Brasil;NÃO INFORMADO;SUL;SC;116;0;0;121;0;;121;;18/07/2026 07:17
2026;NÃO INFORMADO;CASADO;35 a 39 anos;MASCULINO;ENSINO MÉDIO COMPLETO;NÃO INFORMADO;NÃO INFORMADO;ITAJAÍ;Brasil;NÃO INFORMADO;SUL;SC;870;0;0;899;0;;899;;18/07/2026 07:17
2026;NÃO INFORMADO;CASADO;35 a 39 anos;MASCULINO;ENSINO MÉDIO INCOMPLETO;NÃO INFORMADO;NÃO INFORMADO;ITAJAÍ;Brasil;NÃO INFORMADO;SUL;SC;258;0;0;269;0;;269;;18/07/2026 07:17
2026;NÃO INFORMADO;CASADO;35 a 39 anos;MASCULINO;LÊ E ESCREVE;NÃO INFORMADO;NÃO INFORMADO;ITAJAÍ;Brasil;NÃO INFORMADO;SUL;SC;3;0;0;3;0;;3;;18/07/2026 07:17
2026;NÃO INFORMADO;CASADO;35 a 39 anos;MASCULINO;SUPERIOR COMPLETO;NÃO INFORMADO;NÃO INFORMADO;ITAJAÍ;Brasil;NÃO INFORMADO;SUL;SC;589;2;0;601;0;;601;;18/07/2026 07:17
2026;NÃO INFORMADO;CASADO;35 a 39 anos;MASCULINO;SUPERIOR INCOMPLETO;NÃO INFORMADO;NÃO INFORMADO;ITAJAÍ;Brasil;NÃO INFORMADO;SUL;SC;323;0;0;339;0;;339;;18/07/2026 07:17
2026;NÃO INFORMADO;CASADO;40 a 44 anos;FEMININO;ANALFABETO;NÃO INFORMADO;NÃO INFORMADO;ITAJAÍ;Brasil;NÃO INFORMADO;SUL;SC;1;0;0;1;1;;0;;18/07/2026 07:17
2026;NÃO INFORMADO;CASADO;40 a 44 anos;FEMININO;ENSINO FUNDAMENTAL COMPLETO;NÃO INFORMADO;NÃO INFORMADO;ITAJAÍ;Brasil;NÃO INFORMADO;SUL;SC;180;0;0;187;0;;187;;18/07/2026 07:17
2026;NÃO INFORMADO;CASADO;40 a 44 anos;FEMININO;ENSINO FUNDAMENTAL INCOMPLETO;NÃO INFORMADO;NÃO INFORMADO;ITAJAÍ;Brasil;NÃO INFORMADO;SUL;SC;218;0;0;226;0;;226;;18/07/2026 07:17
2026;NÃO INFORMADO;CASADO;40 a 44 anos;FEMININO;ENSINO MÉDIO COMPLETO;NÃO INFORMADO;NÃO INFORMADO;ITAJAÍ;Brasil;NÃO INFORMADO;SUL;SC;1279;1;0;1308;0;;1308;;18/07/2026 07:17
2026;NÃO INFORMADO;CASADO;40 a 44 anos;FEMININO;ENSINO MÉDIO INCOMPLETO;NÃO INFORMADO;NÃO INFORMADO;ITAJAÍ;Brasil;NÃO INFORMADO;SUL;SC;256;0;0;261;0;;261;;18/07/2026 07:17
2026;NÃO INFORMADO;CASADO;40 a 44 anos;FEMININO;LÊ E ESCREVE;NÃO INFORMADO;NÃO INFORMADO;ITAJAÍ;Brasil;NÃO INFORMADO;SUL;SC;9;0;0;9;0;;9;;18/07/2026 07:17
2026;NÃO INFORMADO;CASADO;40 a 44 anos;FEMININO;SUPERIOR COMPLETO;NÃO INFORMADO;NÃO INFORMADO;ITAJAÍ;Brasil;NÃO INFORMADO;SUL;SC;1480;3;0;1519;0;;1519;;18/07/2026 07:17
2026;NÃO INFORMADO;CASADO;40 a 44 anos;FEMININO;SUPERIOR INCOMPLETO;NÃO INFORMADO;NÃO INFORMADO;ITAJAÍ;Brasil;NÃO INFORMADO;SUL;SC;461;0;0;476;0;;476;;18/07/2026 07:17
2026;NÃO INFORMADO;CASADO;40 a 44 anos;MASCULINO;ANALFABETO;NÃO INFORMADO;NÃO INFORMADO;ITAJAÍ;Brasil;NÃO INFORMADO;SUL;SC;3;0;0;3;3;;0;;18/07/2026 07:17
2026;NÃO INFORMADO;CASADO;40 a 44 anos;MASCULINO;ENSINO FUNDAMENTAL COMPLETO;NÃO INFORMADO;NÃO INFORMADO;ITAJAÍ;Brasil;NÃO INFORMADO;SUL;SC;225;0;0;229;0;;229;;18/07/2026 07:17
2026;NÃO INFORMADO;CASADO;40 a 44 anos;MASCULINO;ENSINO FUNDAMENTAL INCOMPLETO;NÃO INFORMADO;NÃO INFORMADO;ITAJAÍ;Brasil;NÃO INFORMADO;SUL;SC;235;1;0;238;0;;238;;18/07/2026 07:17
2026;NÃO INFORMADO;CASADO;40 a 44 anos;MASCULINO;ENSINO MÉDIO COMPLETO;NÃO INFORMADO;NÃO INFORMADO;ITAJAÍ;Brasil;NÃO INFORMADO;SUL;SC;1269;2;0;1300;0;;1300;;18/07/2026 07:17
2026;NÃO INFORMADO;CASADO;40 a 44 anos;MASCULINO;ENSINO MÉDIO INCOMPLETO;NÃO INFORMADO;NÃO INFORMADO;ITAJAÍ;Brasil;NÃO INFORMADO;SUL;SC;297;2;0;308;0;;308;;18/07/2026 07:17
2026;NÃO INFORMADO;CASADO;40 a 44 anos;MASCULINO;LÊ E ESCREVE;NÃO INFORMADO;NÃO INFORMADO;ITAJAÍ;Brasil;NÃO INFORMADO;SUL;SC;5;0;0;5;0;;5;;18/07/2026 07:17
2026;NÃO INFORMADO;CASADO;40 a 44 anos;MASCULINO;SUPERIOR COMPLETO;NÃO INFORMADO;NÃO INFORMADO;ITAJAÍ;Brasil;NÃO INFORMADO;SUL;SC;1043;0;0;1063;0;;1063;;18/07/2026 07:17
2026;NÃO INFORMADO;CASADO;40 a 44 anos;MASCULINO;SUPERIOR INCOMPLETO;NÃO INFORMADO;NÃO INFORMADO;ITAJAÍ;Brasil;NÃO INFORMADO;SUL;SC;444;2;0;458;0;;458;;18/07/2026 07:17
2026;NÃO INFORMADO;CASADO;45 a 49 anos;FEMININO;ANALFABETO;NÃO INFORMADO;NÃO INFORMADO;ITAJAÍ;Brasil;NÃO INFORMADO;SUL;SC;8;0;0;10;10;;0;;18/07/2026 07:17
2026;NÃO INFORMADO;CASADO;45 a 49 anos;FEMININO;ENSINO FUNDAMENTAL COMPLETO;NÃO INFORMADO;NÃO INFORMADO;ITAJAÍ;Brasil;NÃO INFORMADO;SUL;SC;258;1;0;263;0;;263;;18/07/2026 07:17
2026;NÃO INFORMADO;CASADO;45 a 49 anos;FEMININO;ENSINO FUNDAMENTAL INCOMPLETO;NÃO INFORMADO;NÃO INFORMADO;ITAJAÍ;Brasil;NÃO INFORMADO;SUL;SC;418;0;0;429;0;;429;;18/07/2026 07:17
2026;NÃO INFORMADO;CASADO;45 a 49 anos;FEMININO;ENSINO MÉDIO COMPLETO;NÃO INFORMADO;NÃO INFORMADO;ITAJAÍ;Brasil;NÃO INFORMADO;SUL;SC;1205;3;0;1227;0;;1227;;18/07/2026 07:17
2026;NÃO INFORMADO;CASADO;45 a 49 anos;FEMININO;ENSINO MÉDIO INCOMPLETO;NÃO INFORMADO;NÃO INFORMADO;ITAJAÍ;Brasil;NÃO INFORMADO;SUL;SC;262;0;0;271;0;;271;;18/07/2026 07:17
2026;NÃO INFORMADO;CASADO;45 a 49 anos;FEMININO;LÊ E ESCREVE;NÃO INFORMADO;NÃO INFORMADO;ITAJAÍ;Brasil;NÃO INFORMADO;SUL;SC;21;0;0;21;0;;21;;18/07/2026 07:17
2026;NÃO INFORMADO;CASADO;45 a 49 anos;FEMININO;SUPERIOR COMPLETO;NÃO INFORMADO;NÃO INFORMADO;ITAJAÍ;Brasil;NÃO INFORMADO;SUL;SC;1412;4;0;1428;0;;1428;;18/07/2026 07:17
2026;NÃO INFORMADO;CASADO;45 a 49 anos;FEMININO;SUPERIOR INCOMPLETO;NÃO INFORMADO;NÃO INFORMADO;ITAJAÍ;Brasil;NÃO INFORMADO;SUL;SC;384;0;0;395;0;;395;;18/07/2026 07:17
2026;NÃO INFORMADO;CASADO;45 a 49 anos;MASCULINO;ANALFABETO;NÃO INFORMADO;NÃO INFORMADO;ITAJAÍ;Brasil;NÃO INFORMADO;SUL;SC;13;1;0;13;13;;0;;18/07/2026 07:17
2026;NÃO INFORMADO;CASADO;45 a 49 anos;MASCULINO;ENSINO FUNDAMENTAL COMPLETO;NÃO INFORMADO;NÃO INFORMADO;ITAJAÍ;Brasil;NÃO INFORMADO;SUL;SC;315;2;0;326;0;;326;;18/07/2026 07:17
2026;NÃO INFORMADO;CASADO;45 a 49 anos;MASCULINO;ENSINO FUNDAMENTAL INCOMPLETO;NÃO INFORMADO;NÃO INFORMADO;ITAJAÍ;Brasil;NÃO INFORMADO;SUL;SC;447;4;0;464;0;;464;;18/07/2026 07:17
2026;NÃO INFORMADO;CASADO;45 a 49 anos;MASCULINO;ENSINO MÉDIO COMPLETO;NÃO INFORMADO;NÃO INFORMADO;ITAJAÍ;Brasil;NÃO INFORMADO;SUL;SC;1231;2;0;1259;0;;1259;;18/07/2026 07:17
2026;NÃO INFORMADO;CASADO;45 a 49 anos;MASCULINO;ENSINO MÉDIO INCOMPLETO;NÃO INFORMADO;NÃO INFORMADO;ITAJAÍ;Brasil;NÃO INFORMADO;SUL;SC;290;0;0;301;0;;301;;18/07/2026 07:17
2026;NÃO INFORMADO;CASADO;45 a 49 anos;MASCULINO;LÊ E ESCREVE;NÃO INFORMADO;NÃO INFORMADO;ITAJAÍ;Brasil;NÃO INFORMADO;SUL;SC;15;0;0;15;0;;15;;18/07/2026 07:17
2026;NÃO INFORMADO;CASADO;45 a 49 anos;MASCULINO;SUPERIOR COMPLETO;NÃO INFORMADO;NÃO INFORMADO;ITAJAÍ;Brasil;NÃO INFORMADO;SUL;SC;1135;3;0;1155;0;;1155;;18/07/2026 07:17
2026;NÃO INFORMADO;CASADO;45 a 49 anos;MASCULINO;SUPERIOR INCOMPLETO;NÃO INFORMADO;NÃO INFORMADO;ITAJAÍ;Brasil;NÃO INFORMADO;SUL;SC;334;1;0;341;0;;341;;18/07/2026 07:17
2026;NÃO INFORMADO;CASADO;50 a 54 anos;FEMININO;ANALFABETO;NÃO INFORMADO;NÃO INFORMADO;ITAJAÍ;Brasil;NÃO INFORMADO;SUL;SC;15;2;0;15;15;;0;;18/07/2026 07:17
2026;NÃO INFORMADO;CASADO;50 a 54 anos;FEMININO;ENSINO FUNDAMENTAL COMPLETO;NÃO INFORMADO;NÃO INFORMADO;ITAJAÍ;Brasil;NÃO INFORMADO;SUL;SC;310;3;0;316;0;;316;;18/07/2026 07:17
2026;NÃO INFORMADO;CASADO;50 a 54 anos;FEMININO;ENSINO FUNDAMENTAL INCOMPLETO;NÃO INFORMADO;NÃO INFORMADO;ITAJAÍ;Brasil;NÃO INFORMADO;SUL;SC;605;2;0;617;0;;617;;18/07/2026 07:17
2026;NÃO INFORMADO;CASADO;50 a 54 anos;FEMININO;ENSINO MÉDIO COMPLETO;NÃO INFORMADO;NÃO INFORMADO;ITAJAÍ;Brasil;NÃO INFORMADO;SUL;SC;934;4;0;949;0;;949;;18/07/2026 07:17
2026;NÃO INFORMADO;CASADO;50 a 54 anos;FEMININO;ENSINO MÉDIO INCOMPLETO;NÃO INFORMADO;NÃO INFORMADO;ITAJAÍ;Brasil;NÃO INFORMADO;SUL;SC;198;0;0;205;0;;205;;18/07/2026 07:17
2026;NÃO INFORMADO;CASADO;50 a 54 anos;FEMININO;LÊ E ESCREVE;NÃO INFORMADO;NÃO INFORMADO;ITAJAÍ;Brasil;NÃO INFORMADO;SUL;SC;37;0;0;38;0;;38;;18/07/2026 07:17
2026;NÃO INFORMADO;CASADO;50 a 54 anos;FEMININO;SUPERIOR COMPLETO;NÃO INFORMADO;NÃO INFORMADO;ITAJAÍ;Brasil;NÃO INFORMADO;SUL;SC;968;4;0;983;0;;983;;18/07/2026 07:17
2026;NÃO INFORMADO;CASADO;50 a 54 anos;FEMININO;SUPERIOR INCOMPLETO;NÃO INFORMADO;NÃO INFORMADO;ITAJAÍ;Brasil;NÃO INFORMADO;SUL;SC;223;0;0;228;0;;228;;18/07/2026 07:17
2026;NÃO INFORMADO;CASADO;50 a 54 anos;MASCULINO;ANALFABETO;NÃO INFORMADO;NÃO INFORMADO;ITAJAÍ;Brasil;NÃO INFORMADO;SUL;SC;13;0;0;13;13;;0;;18/07/2026 07:17
2026;NÃO INFORMADO;CASADO;50 a 54 anos;MASCULINO;ENSINO FUNDAMENTAL COMPLETO;NÃO INFORMADO;NÃO INFORMADO;ITAJAÍ;Brasil;NÃO INFORMADO;SUL;SC;365;2;0;376;0;;376;;18/07/2026 07:17
2026;NÃO INFORMADO;CASADO;50 a 54 anos;MASCULINO;ENSINO FUNDAMENTAL INCOMPLETO;NÃO INFORMADO;NÃO INFORMADO;ITAJAÍ;Brasil;NÃO INFORMADO;SUL;SC;619;1;0;630;0;;630;;18/07/2026 07:17
2026;NÃO INFORMADO;CASADO;50 a 54 anos;MASCULINO;ENSINO MÉDIO COMPLETO;NÃO INFORMADO;NÃO INFORMADO;ITAJAÍ;Brasil;NÃO INFORMADO;SUL;SC;984;3;0;1007;0;;1007;;18/07/2026 07:17
2026;NÃO INFORMADO;CASADO;50 a 54 anos;MASCULINO;ENSINO MÉDIO INCOMPLETO;NÃO INFORMADO;NÃO INFORMADO;ITAJAÍ;Brasil;NÃO INFORMADO;SUL;SC;213;0;0;224;0;;224;;18/07/2026 07:17
2026;NÃO INFORMADO;CASADO;50 a 54 anos;MASCULINO;LÊ E ESCREVE;NÃO INFORMADO;NÃO INFORMADO;ITAJAÍ;Brasil;NÃO INFORMADO;SUL;SC;27;0;0;28;0;;28;;18/07/2026 07:17
2026;NÃO INFORMADO;CASADO;50 a 54 anos;MASCULINO;SUPERIOR COMPLETO;NÃO INFORMADO;NÃO INFORMADO;ITAJAÍ;Brasil;NÃO INFORMADO;SUL;SC;822;4;0;833;0;;833;;18/07/2026 07:17
2026;NÃO INFORMADO;CASADO;50 a 54 anos;MASCULINO;SUPERIOR INCOMPLETO;NÃO INFORMADO;NÃO INFORMADO;ITAJAÍ;Brasil;NÃO INFORMADO;SUL;SC;250;2;0;259;0;;259;;18/07/2026 07:17
2026;NÃO INFORMADO;CASADO;55 a 59 anos;FEMININO;ANALFABETO;NÃO INFORMADO;NÃO INFORMADO;ITAJAÍ;Brasil;NÃO INFORMADO;SUL;SC;18;0;0;18;18;;0;;18/07/2026 07:17
2026;NÃO INFORMADO;CASADO;55 a 59 anos;FEMININO;ENSINO FUNDAMENTAL COMPLETO;NÃO INFORMADO;NÃO INFORMADO;ITAJAÍ;Brasil;NÃO INFORMADO;SUL;SC;437;2;0;442;0;;442;;18/07/2026 07:17
2026;NÃO INFORMADO;CASADO;55 a 59 anos;FEMININO;ENSINO FUNDAMENTAL INCOMPLETO;NÃO INFORMADO;NÃO INFORMADO;ITAJAÍ;Brasil;NÃO INFORMADO;SUL;SC;725;1;0;737;0;;737;;18/07/2026 07:17
2026;NÃO INFORMADO;CASADO;55 a 59 anos;FEMININO;ENSINO MÉDIO COMPLETO;NÃO INFORMADO;NÃO INFORMADO;ITAJAÍ;Brasil;NÃO INFORMADO;SUL;SC;861;1;0;880;0;;880;;18/07/2026 07:17
2026;NÃO INFORMADO;CASADO;55 a 59 anos;FEMININO;ENSINO MÉDIO INCOMPLETO;NÃO INFORMADO;NÃO INFORMADO;ITAJAÍ;Brasil;NÃO INFORMADO;SUL;SC;180;1;0;186;0;;186;;18/07/2026 07:17
2026;NÃO INFORMADO;CASADO;55 a 59 anos;FEMININO;LÊ E ESCREVE;NÃO INFORMADO;NÃO INFORMADO;ITAJAÍ;Brasil;NÃO INFORMADO;SUL;SC;60;0;0;60;0;;60;;18/07/2026 07:17
2026;NÃO INFORMADO;CASADO;55 a 59 anos;FEMININO;SUPERIOR COMPLETO;NÃO INFORMADO;NÃO INFORMADO;ITAJAÍ;Brasil;NÃO INFORMADO;SUL;SC;667;3;0;674;0;;674;;18/07/2026 07:17
2026;NÃO INFORMADO;CASADO;55 a 59 anos;FEMININO;SUPERIOR INCOMPLETO;NÃO INFORMADO;NÃO INFORMADO;ITAJAÍ;Brasil;NÃO INFORMADO;SUL;SC;139;0;0;142;0;;142;;18/07/2026 07:17
2026;NÃO INFORMADO;CASADO;55 a 59 anos;MASCULINO;ANALFABETO;NÃO INFORMADO;NÃO INFORMADO;ITAJAÍ;Brasil;NÃO INFORMADO;SUL;SC;13;1;0;13;13;;0;;18/07/2026 07:17
2026;NÃO INFORMADO;CASADO;55 a 59 anos;MASCULINO;ENSINO FUNDAMENTAL COMPLETO;NÃO INFORMADO;NÃO INFORMADO;ITAJAÍ;Brasil;NÃO INFORMADO;SUL;SC;444;8;0;455;0;;455;;18/07/2026 07:17
2026;NÃO INFORMADO;CASADO;55 a 59 anos;MASCULINO;ENSINO FUNDAMENTAL INCOMPLETO;NÃO INFORMADO;NÃO INFORMADO;ITAJAÍ;Brasil;NÃO INFORMADO;SUL;SC;616;1;0;628;0;;628;;18/07/2026 07:17
2026;NÃO INFORMADO;CASADO;55 a 59 anos;MASCULINO;ENSINO MÉDIO COMPLETO;NÃO INFORMADO;NÃO INFORMADO;ITAJAÍ;Brasil;NÃO INFORMADO;SUL;SC;878;2;0;889;0;;889;;18/07/2026 07:17
2026;NÃO INFORMADO;CASADO;55 a 59 anos;MASCULINO;ENSINO MÉDIO INCOMPLETO;NÃO INFORMADO;NÃO INFORMADO;ITAJAÍ;Brasil;NÃO INFORMADO;SUL;SC;216;3;0;223;0;;223;;18/07/2026 07:17
2026;NÃO INFORMADO;CASADO;55 a 59 anos;MASCULINO;LÊ E ESCREVE;NÃO INFORMADO;NÃO INFORMADO;ITAJAÍ;Brasil;NÃO INFORMADO;SUL;SC;43;0;0;44;0;;44;;18/07/2026 07:17
2026;NÃO INFORMADO;CASADO;55 a 59 anos;MASCULINO;SUPERIOR COMPLETO;NÃO INFORMADO;NÃO INFORMADO;ITAJAÍ;Brasil;NÃO INFORMADO;SUL;SC;601;3;0;609;0;;609;;18/07/2026 07:17
2026;NÃO INFORMADO;CASADO;55 a 59 anos;MASCULINO;SUPERIOR INCOMPLETO;NÃO INFORMADO;NÃO INFORMADO;ITAJAÍ;Brasil;NÃO INFORMADO;SUL;SC;191;1;0;197;0;;197;;18/07/2026 07:17
2026;NÃO INFORMADO;CASADO;60 a 64 anos;FEMININO;ANALFABETO;NÃO INFORMADO;NÃO INFORMADO;ITAJAÍ;Brasil;NÃO INFORMADO;SUL;SC;31;2;0;31;31;;0;;18/07/2026 07:17
2026;NÃO INFORMADO;CASADO;60 a 64 anos;FEMININO;ENSINO FUNDAMENTAL COMPLETO;NÃO INFORMADO;NÃO INFORMADO;ITAJAÍ;Brasil;NÃO INFORMADO;SUL;SC;477;2;0;482;0;;482;;18/07/2026 07:17
2026;NÃO INFORMADO;CASADO;60 a 64 anos;FEMININO;ENSINO FUNDAMENTAL INCOMPLETO;NÃO INFORMADO;NÃO INFORMADO;ITAJAÍ;Brasil;NÃO INFORMADO;SUL;SC;799;7;0;805;0;;805;;18/07/2026 07:17
2026;NÃO INFORMADO;CASADO;60 a 64 anos;FEMININO;ENSINO MÉDIO COMPLETO;NÃO INFORMADO;NÃO INFORMADO;ITAJAÍ;Brasil;NÃO INFORMADO;SUL;SC;775;5;0;785;0;;785;;18/07/2026 07:17
2026;NÃO INFORMADO;CASADO;60 a 64 anos;FEMININO;ENSINO MÉDIO INCOMPLETO;NÃO INFORMADO;NÃO INFORMADO;ITAJAÍ;Brasil;NÃO INFORMADO;SUL;SC;138;1;0;140;0;;140;;18/07/2026 07:17
2026;NÃO INFORMADO;CASADO;60 a 64 anos;FEMININO;LÊ E ESCREVE;NÃO INFORMADO;NÃO INFORMADO;ITAJAÍ;Brasil;NÃO INFORMADO;SUL;SC;113;3;0;113;0;;113;;18/07/2026 07:17
2026;NÃO INFORMADO;CASADO;60 a 64 anos;FEMININO;SUPERIOR COMPLETO;NÃO INFORMADO;NÃO INFORMADO;ITAJAÍ;Brasil;NÃO INFORMADO;SUL;SC;591;5;0;597;0;;597;;18/07/2026 07:17
2026;NÃO INFORMADO;CASADO;60 a 64 anos;FEMININO;SUPERIOR INCOMPLETO;NÃO INFORMADO;NÃO INFORMADO;ITAJAÍ;Brasil;NÃO INFORMADO;SUL;SC;115;1;0;115;0;;115;;18/07/2026 07:17
2026;NÃO INFORMADO;CASADO;60 a 64 anos;MASCULINO;ANALFABETO;NÃO INFORMADO;NÃO INFORMADO;ITAJAÍ;Brasil;NÃO INFORMADO;SUL;SC;24;1;0;25;25;;0;;18/07/2026 07:17
2026;NÃO INFORMADO;CASADO;60 a 64 anos;MASCULINO;ENSINO FUNDAMENTAL COMPLETO;NÃO INFORMADO;NÃO INFORMADO;ITAJAÍ;Brasil;NÃO INFORMADO;SUL;SC;485;3;0;494;0;;494;;18/07/2026 07:17
2026;NÃO INFORMADO;CASADO;60 a 64 anos;MASCULINO;ENSINO FUNDAMENTAL INCOMPLETO;NÃO INFORMADO;NÃO INFORMADO;ITAJAÍ;Brasil;NÃO INFORMADO;SUL;SC;729;6;0;749;0;;749;;18/07/2026 07:17
2026;NÃO INFORMADO;CASADO;60 a 64 anos;MASCULINO;ENSINO MÉDIO COMPLETO;NÃO INFORMADO;NÃO INFORMADO;ITAJAÍ;Brasil;NÃO INFORMADO;SUL;SC;866;2;0;875;0;;875;;18/07/2026 07:17
2026;NÃO INFORMADO;CASADO;60 a 64 anos;MASCULINO;ENSINO MÉDIO INCOMPLETO;NÃO INFORMADO;NÃO INFORMADO;ITAJAÍ;Brasil;NÃO INFORMADO;SUL;SC;166;2;0;167;0;;167;;18/07/2026 07:17
2026;NÃO INFORMADO;CASADO;60 a 64 anos;MASCULINO;LÊ E ESCREVE;NÃO INFORMADO;NÃO INFORMADO;ITAJAÍ;Brasil;NÃO INFORMADO;SUL;SC;60;0;0;60;0;;60;;18/07/2026 07:17
2026;NÃO INFORMADO;CASADO;60 a 64 anos;MASCULINO;SUPERIOR COMPLETO;NÃO INFORMADO;NÃO INFORMADO;ITAJAÍ;Brasil;NÃO INFORMADO;SUL;SC;543;1;1;550;0;;550;;18/07/2026 07:17
2026;NÃO INFORMADO;CASADO;60 a 64 anos;MASCULINO;SUPERIOR INCOMPLETO;NÃO INFORMADO;NÃO INFORMADO;ITAJAÍ;Brasil;NÃO INFORMADO;SUL;SC;153;0;0;154;0;;154;;18/07/2026 07:17
2026;NÃO INFORMADO;CASADO;65 a 69 anos;FEMININO;ANALFABETO;NÃO INFORMADO;NÃO INFORMADO;ITAJAÍ;Brasil;NÃO INFORMADO;SUL;SC;34;2;0;34;34;;0;;18/07/2026 07:17
2026;NÃO INFORMADO;CASADO;65 a 69 anos;FEMININO;ENSINO FUNDAMENTAL COMPLETO;NÃO INFORMADO;NÃO INFORMADO;ITAJAÍ;Brasil;NÃO INFORMADO;SUL;SC;351;5;0;353;0;;353;;18/07/2026 07:17
2026;NÃO INFORMADO;CASADO;65 a 69 anos;FEMININO;ENSINO FUNDAMENTAL INCOMPLETO;NÃO INFORMADO;NÃO INFORMADO;ITAJAÍ;Brasil;NÃO INFORMADO;SUL;SC;794;5;0;797;0;;797;;18/07/2026 07:17
2026;NÃO INFORMADO;CASADO;65 a 69 anos;FEMININO;ENSINO MÉDIO COMPLETO;NÃO INFORMADO;NÃO INFORMADO;ITAJAÍ;Brasil;NÃO INFORMADO;SUL;SC;540;1;0;545;0;;545;;18/07/2026 07:17
2026;NÃO INFORMADO;CASADO;65 a 69 anos;FEMININO;ENSINO MÉDIO INCOMPLETO;NÃO INFORMADO;NÃO INFORMADO;ITAJAÍ;Brasil;NÃO INFORMADO;SUL;SC;94;1;0;98;0;;98;;18/07/2026 07:17
2026;NÃO INFORMADO;CASADO;65 a 69 anos;FEMININO;LÊ E ESCREVE;NÃO INFORMADO;NÃO INFORMADO;ITAJAÍ;Brasil;NÃO INFORMADO;SUL;SC;123;6;0;126;0;;126;;18/07/2026 07:17
2026;NÃO INFORMADO;CASADO;65 a 69 anos;FEMININO;SUPERIOR COMPLETO;NÃO INFORMADO;NÃO INFORMADO;ITAJAÍ;Brasil;NÃO INFORMADO;SUL;SC;406;4;0;410;0;;410;;18/07/2026 07:17
2026;NÃO INFORMADO;CASADO;65 a 69 anos;FEMININO;SUPERIOR INCOMPLETO;NÃO INFORMADO;NÃO INFORMADO;ITAJAÍ;Brasil;NÃO INFORMADO;SUL;SC;66;0;0;67;0;;67;;18/07/2026 07:17
2026;NÃO INFORMADO;CASADO;65 a 69 anos;MASCULINO;ANALFABETO;NÃO INFORMADO;NÃO INFORMADO;ITAJAÍ;Brasil;NÃO INFORMADO;SUL;SC;10;1;0;10;10;;0;;18/07/2026 07:17
2026;NÃO INFORMADO;CASADO;65 a 69 anos;MASCULINO;ENSINO FUNDAMENTAL COMPLETO;NÃO INFORMADO;NÃO INFORMADO;ITAJAÍ;Brasil;NÃO INFORMADO;SUL;SC;358;4;0;366;0;;366;;18/07/2026 07:17
2026;NÃO INFORMADO;CASADO;65 a 69 anos;MASCULINO;ENSINO FUNDAMENTAL INCOMPLETO;NÃO INFORMADO;NÃO INFORMADO;ITAJAÍ;Brasil;NÃO INFORMADO;SUL;SC;700;8;0;703;0;;703;;18/07/2026 07:17
2026;NÃO INFORMADO;CASADO;65 a 69 anos;MASCULINO;ENSINO MÉDIO COMPLETO;NÃO INFORMADO;NÃO INFORMADO;ITAJAÍ;Brasil;NÃO INFORMADO;SUL;SC;608;8;0;616;0;;616;;18/07/2026 07:17
2026;NÃO INFORMADO;CASADO;65 a 69 anos;MASCULINO;ENSINO MÉDIO INCOMPLETO;NÃO INFORMADO;NÃO INFORMADO;ITAJAÍ;Brasil;NÃO INFORMADO;SUL;SC;146;1;0;146;0;;146;;18/07/2026 07:17
2026;NÃO INFORMADO;CASADO;65 a 69 anos;MASCULINO;LÊ E ESCREVE;NÃO INFORMADO;NÃO INFORMADO;ITAJAÍ;Brasil;NÃO INFORMADO;SUL;SC;95;1;0;98;0;;98;;18/07/2026 07:17
2026;NÃO INFORMADO;CASADO;65 a 69 anos;MASCULINO;SUPERIOR COMPLETO;NÃO INFORMADO;NÃO INFORMADO;ITAJAÍ;Brasil;NÃO INFORMADO;SUL;SC;453;1;0;456;0;;456;;18/07/2026 07:17
2026;NÃO INFORMADO;CASADO;65 a 69 anos;MASCULINO;SUPERIOR INCOMPLETO;NÃO INFORMADO;NÃO INFORMADO;ITAJAÍ;Brasil;NÃO INFORMADO;SUL;SC;121;0;0;124;0;;124;;18/07/2026 07:17
2026;NÃO INFORMADO;CASADO;70 a 74 anos;FEMININO;ANALFABETO;NÃO INFORMADO;NÃO INFORMADO;ITAJAÍ;Brasil;NÃO INFORMADO;SUL;SC;39;2;0;40;40;;0;;18/07/2026 07:17
2026;NÃO INFORMADO;CASADO;70 a 74 anos;FEMININO;ENSINO FUNDAMENTAL COMPLETO;NÃO INFORMADO;NÃO INFORMADO;ITAJAÍ;Brasil;NÃO INFORMADO;SUL;SC;202;6;0;207;207;;0;;18/07/2026 07:17
2026;NÃO INFORMADO;CASADO;70 a 74 anos;FEMININO;ENSINO FUNDAMENTAL INCOMPLETO;NÃO INFORMADO;NÃO INFORMADO;ITAJAÍ;Brasil;NÃO INFORMADO;SUL;SC;692;8;0;694;694;;0;;18/07/2026 07:17
2026;NÃO INFORMADO;CASADO;70 a 74 anos;FEMININO;ENSINO MÉDIO COMPLETO;NÃO INFORMADO;NÃO INFORMADO;ITAJAÍ;Brasil;NÃO INFORMADO;SUL;SC;332;5;0;333;333;;0;;18/07/2026 07:17
2026;NÃO INFORMADO;CASADO;70 a 74 anos;FEMININO;ENSINO MÉDIO INCOMPLETO;NÃO INFORMADO;NÃO INFORMADO;ITAJAÍ;Brasil;NÃO INFORMADO;SUL;SC;66;1;0;67;67;;0;;18/07/2026 07:17
2026;NÃO INFORMADO;CASADO;70 a 74 anos;FEMININO;LÊ E ESCREVE;NÃO INFORMADO;NÃO INFORMADO;ITAJAÍ;Brasil;NÃO INFORMADO;SUL;SC;161;2;0;162;162;;0;;18/07/2026 07:17
2026;NÃO INFORMADO;CASADO;70 a 74 anos;FEMININO;SUPERIOR COMPLETO;NÃO INFORMADO;NÃO INFORMADO;ITAJAÍ;Brasil;NÃO INFORMADO;SUL;SC;227;3;0;227;227;;0;;18/07/2026 07:17
2026;NÃO INFORMADO;CASADO;70 a 74 anos;FEMININO;SUPERIOR INCOMPLETO;NÃO INFORMADO;NÃO INFORMADO;ITAJAÍ;Brasil;NÃO INFORMADO;SUL;SC;57;1;0;58;58;;0;;18/07/2026 07:17
2026;NÃO INFORMADO;CASADO;70 a 74 anos;MASCULINO;ANALFABETO;NÃO INFORMADO;NÃO INFORMADO;ITAJAÍ;Brasil;NÃO INFORMADO;SUL;SC;25;3;0;25;25;;0;;18/07/2026 07:17
2026;NÃO INFORMADO;CASADO;70 a 74 anos;MASCULINO;ENSINO FUNDAMENTAL COMPLETO;NÃO INFORMADO;NÃO INFORMADO;ITAJAÍ;Brasil;NÃO INFORMADO;SUL;SC;235;3;0;235;235;;0;;18/07/2026 07:17
2026;NÃO INFORMADO;CASADO;70 a 74 anos;MASCULINO;ENSINO FUNDAMENTAL INCOMPLETO;NÃO INFORMADO;NÃO INFORMADO;ITAJAÍ;Brasil;NÃO INFORMADO;SUL;SC;636;11;0;643;643;;0;;18/07/2026 07:17
2026;NÃO INFORMADO;CASADO;70 a 74 anos;MASCULINO;ENSINO MÉDIO COMPLETO;NÃO INFORMADO;NÃO INFORMADO;ITAJAÍ;Brasil;NÃO INFORMADO;SUL;SC;362;5;0;367;367;;0;;18/07/2026 07:17
2026;NÃO INFORMADO;CASADO;70 a 74 anos;MASCULINO;ENSINO MÉDIO INCOMPLETO;NÃO INFORMADO;NÃO INFORMADO;ITAJAÍ;Brasil;NÃO INFORMADO;SUL;SC;84;1;0;85;85;;0;;18/07/2026 07:17
2026;NÃO INFORMADO;CASADO;70 a 74 anos;MASCULINO;LÊ E ESCREVE;NÃO INFORMADO;NÃO INFORMADO;ITAJAÍ;Brasil;NÃO INFORMADO;SUL;SC;131;4;0;134;134;;0;;18/07/2026 07:17
2026;NÃO INFORMADO;CASADO;70 a 74 anos;MASCULINO;SUPERIOR COMPLETO;NÃO INFORMADO;NÃO INFORMADO;ITAJAÍ;Brasil;NÃO INFORMADO;SUL;SC;298;10;0;300;300;;0;;18/07/2026 07:17
2026;NÃO INFORMADO;CASADO;70 a 74 anos;MASCULINO;SUPERIOR INCOMPLETO;NÃO INFORMADO;NÃO INFORMADO;ITAJAÍ;Brasil;NÃO INFORMADO;SUL;SC;72;1;0;72;72;;0;;18/07/2026 07:17
2026;NÃO INFORMADO;CASADO;75 a 79 anos;FEMININO;ANALFABETO;NÃO INFORMADO;NÃO INFORMADO;ITAJAÍ;Brasil;NÃO INFORMADO;SUL;SC;26;0;0;26;26;;0;;18/07/2026 07:17
2026;NÃO INFORMADO;CASADO;75 a 79 anos;FEMININO;ENSINO FUNDAMENTAL COMPLETO;NÃO INFORMADO;NÃO INFORMADO;ITAJAÍ;Brasil;NÃO INFORMADO;SUL;SC;116;1;0;117;117;;0;;18/07/2026 07:17
2026;NÃO INFORMADO;CASADO;75 a 79 anos;FEMININO;ENSINO FUNDAMENTAL INCOMPLETO;NÃO INFORMADO;NÃO INFORMADO;ITAJAÍ;Brasil;NÃO INFORMADO;SUL;SC;403;7;0;404;404;;0;;18/07/2026 07:17
2026;NÃO INFORMADO;CASADO;75 a 79 anos;FEMININO;ENSINO MÉDIO COMPLETO;NÃO INFORMADO;NÃO INFORMADO;ITAJAÍ;Brasil;NÃO INFORMADO;SUL;SC;161;0;0;165;165;;0;;18/07/2026 07:17
2026;NÃO INFORMADO;CASADO;75 a 79 anos;FEMININO;ENSINO MÉDIO INCOMPLETO;NÃO INFORMADO;NÃO INFORMADO;ITAJAÍ;Brasil;NÃO INFORMADO;SUL;SC;28;0;0;28;28;;0;;18/07/2026 07:17
2026;NÃO INFORMADO;CASADO;75 a 79 anos;FEMININO;LÊ E ESCREVE;NÃO INFORMADO;NÃO INFORMADO;ITAJAÍ;Brasil;NÃO INFORMADO;SUL;SC;127;3;0;127;127;;0;;18/07/2026 07:17
2026;NÃO INFORMADO;CASADO;75 a 79 anos;FEMININO;SUPERIOR COMPLETO;NÃO INFORMADO;NÃO INFORMADO;ITAJAÍ;Brasil;NÃO INFORMADO;SUL;SC;130;1;0;130;130;;0;;18/07/2026 07:17
2026;NÃO INFORMADO;CASADO;75 a 79 anos;FEMININO;SUPERIOR INCOMPLETO;NÃO INFORMADO;NÃO INFORMADO;ITAJAÍ;Brasil;NÃO INFORMADO;SUL;SC;22;0;0;22;22;;0;;18/07/2026 07:17
2026;NÃO INFORMADO;CASADO;75 a 79 anos;MASCULINO;ANALFABETO;NÃO INFORMADO;NÃO INFORMADO;ITAJAÍ;Brasil;NÃO INFORMADO;SUL;SC;24;3;0;24;24;;0;;18/07/2026 07:17
2026;NÃO INFORMADO;CASADO;75 a 79 anos;MASCULINO;ENSINO FUNDAMENTAL COMPLETO;NÃO INFORMADO;NÃO INFORMADO;ITAJAÍ;Brasil;NÃO INFORMADO;SUL;SC;117;1;0;118;118;;0;;18/07/2026 07:17
2026;NÃO INFORMADO;CASADO;75 a 79 anos;MASCULINO;ENSINO FUNDAMENTAL INCOMPLETO;NÃO INFORMADO;NÃO INFORMADO;ITAJAÍ;Brasil;NÃO INFORMADO;SUL;SC;427;4;0;432;432;;0;;18/07/2026 07:17
2026;NÃO INFORMADO;CASADO;75 a 79 anos;MASCULINO;ENSINO MÉDIO COMPLETO;NÃO INFORMADO;NÃO INFORMADO;ITAJAÍ;Brasil;NÃO INFORMADO;SUL;SC;171;2;0;172;172;;0;;18/07/2026 07:17
2026;NÃO INFORMADO;CASADO;75 a 79 anos;MASCULINO;ENSINO MÉDIO INCOMPLETO;NÃO INFORMADO;NÃO INFORMADO;ITAJAÍ;Brasil;NÃO INFORMADO;SUL;SC;46;1;0;47;47;;0;;18/07/2026 07:17
2026;NÃO INFORMADO;CASADO;75 a 79 anos;MASCULINO;LÊ E ESCREVE;NÃO INFORMADO;NÃO INFORMADO;ITAJAÍ;Brasil;NÃO INFORMADO;SUL;SC;132;3;0;134;134;;0;;18/07/2026 07:17
2026;NÃO INFORMADO;CASADO;75 a 79 anos;MASCULINO;SUPERIOR COMPLETO;NÃO INFORMADO;NÃO INFORMADO;ITAJAÍ;Brasil;NÃO INFORMADO;SUL;SC;193;0;0;195;195;;0;;18/07/2026 07:17
2026;NÃO INFORMADO;CASADO;75 a 79 anos;MASCULINO;SUPERIOR INCOMPLETO;NÃO INFORMADO;NÃO INFORMADO;ITAJAÍ;Brasil;NÃO INFORMADO;SUL;SC;37;0;0;37;37;;0;;18/07/2026 07:17
2026;NÃO INFORMADO;CASADO;80 a 84 anos;FEMININO;ANALFABETO;NÃO INFORMADO;NÃO INFORMADO;ITAJAÍ;Brasil;NÃO INFORMADO;SUL;SC;8;1;0;8;8;;0;;18/07/2026 07:17
2026;NÃO INFORMADO;CASADO;80 a 84 anos;FEMININO;ENSINO FUNDAMENTAL COMPLETO;NÃO INFORMADO;NÃO INFORMADO;ITAJAÍ;Brasil;NÃO INFORMADO;SUL;SC;27;0;0;29;29;;0;;18/07/2026 07:17
2026;NÃO INFORMADO;CASADO;80 a 84 anos;FEMININO;ENSINO FUNDAMENTAL INCOMPLETO;NÃO INFORMADO;NÃO INFORMADO;ITAJAÍ;Brasil;NÃO INFORMADO;SUL;SC;100;1;0;100;100;;0;;18/07/2026 07:17
2026;NÃO INFORMADO;CASADO;80 a 84 anos;FEMININO;ENSINO MÉDIO COMPLETO;NÃO INFORMADO;NÃO INFORMADO;ITAJAÍ;Brasil;NÃO INFORMADO;SUL;SC;34;0;0;36;36;;0;;18/07/2026 07:17
2026;NÃO INFORMADO;CASADO;80 a 84 anos;FEMININO;ENSINO MÉDIO INCOMPLETO;NÃO INFORMADO;NÃO INFORMADO;ITAJAÍ;Brasil;NÃO INFORMADO;SUL;SC;10;1;0;10;10;;0;;18/07/2026 07:17
2026;NÃO INFORMADO;CASADO;80 a 84 anos;FEMININO;LÊ E ESCREVE;NÃO INFORMADO;NÃO INFORMADO;ITAJAÍ;Brasil;NÃO INFORMADO;SUL;SC;32;0;0;33;33;;0;;18/07/2026 07:17
2026;NÃO INFORMADO;CASADO;80 a 84 anos;FEMININO;SUPERIOR COMPLETO;NÃO INFORMADO;NÃO INFORMADO;ITAJAÍ;Brasil;NÃO INFORMADO;SUL;SC;27;1;0;29;29;;0;;18/07/2026 07:17
2026;NÃO INFORMADO;CASADO;80 a 84 anos;FEMININO;SUPERIOR INCOMPLETO;NÃO INFORMADO;NÃO INFORMADO;ITAJAÍ;Brasil;NÃO INFORMADO;SUL;SC;1;0;0;2;2;;0;;18/07/2026 07:17
2026;NÃO INFORMADO;CASADO;80 a 84 anos;MASCULINO;ANALFABETO;NÃO INFORMADO;NÃO INFORMADO;ITAJAÍ;Brasil;NÃO INFORMADO;SUL;SC;10;1;0;10;10;;0;;18/07/2026 07:17
2026;NÃO INFORMADO;CASADO;80 a 84 anos;MASCULINO;ENSINO FUNDAMENTAL COMPLETO;NÃO INFORMADO;NÃO INFORMADO;ITAJAÍ;Brasil;NÃO INFORMADO;SUL;SC;41;0;0;42;42;;0;;18/07/2026 07:17
2026;NÃO INFORMADO;CASADO;80 a 84 anos;MASCULINO;ENSINO FUNDAMENTAL INCOMPLETO;NÃO INFORMADO;NÃO INFORMADO;ITAJAÍ;Brasil;NÃO INFORMADO;SUL;SC;161;5;0;163;163;;0;;18/07/2026 07:17
2026;NÃO INFORMADO;CASADO;80 a 84 anos;MASCULINO;ENSINO MÉDIO COMPLETO;NÃO INFORMADO;NÃO INFORMADO;ITAJAÍ;Brasil;NÃO INFORMADO;SUL;SC;58;0;0;62;62;;0;;18/07/2026 07:17
2026;NÃO INFORMADO;CASADO;80 a 84 anos;MASCULINO;ENSINO MÉDIO INCOMPLETO;NÃO INFORMADO;NÃO INFORMADO;ITAJAÍ;Brasil;NÃO INFORMADO;SUL;SC;12;0;0;13;13;;0;;18/07/2026 07:17
2026;NÃO INFORMADO;CASADO;80 a 84 anos;MASCULINO;LÊ E ESCREVE;NÃO INFORMADO;NÃO INFORMADO;ITAJAÍ;Brasil;NÃO INFORMADO;SUL;SC;40;1;0;41;41;;0;;18/07/2026 07:17
2026;NÃO INFORMADO;CASADO;80 a 84 anos;MASCULINO;SUPERIOR COMPLETO;NÃO INFORMADO;NÃO INFORMADO;ITAJAÍ;Brasil;NÃO INFORMADO;SUL;SC;85;1;0;85;85;;0;;18/07/2026 07:17
2026;NÃO INFORMADO;CASADO;80 a 84 anos;MASCULINO;SUPERIOR INCOMPLETO;NÃO INFORMADO;NÃO INFORMADO;ITAJAÍ;Brasil;NÃO INFORMADO;SUL;SC;9;0;0;9;9;;0;;18/07/2026 07:17
2026;NÃO INFORMADO;CASADO;85 a 89 anos;FEMININO;ANALFABETO;NÃO INFORMADO;NÃO INFORMADO;ITAJAÍ;Brasil;NÃO INFORMADO;SUL;SC;3;1;0;4;4;;0;;18/07/2026 07:17
2026;NÃO INFORMADO;CASADO;85 a 89 anos;FEMININO;ENSINO FUNDAMENTAL COMPLETO;NÃO INFORMADO;NÃO INFORMADO;ITAJAÍ;Brasil;NÃO INFORMADO;SUL;SC;7;0;0;9;9;;0;;18/07/2026 07:17
2026;NÃO INFORMADO;CASADO;85 a 89 anos;FEMININO;ENSINO FUNDAMENTAL INCOMPLETO;NÃO INFORMADO;NÃO INFORMADO;ITAJAÍ;Brasil;NÃO INFORMADO;SUL;SC;34;2;0;35;35;;0;;18/07/2026 07:17
2026;NÃO INFORMADO;CASADO;85 a 89 anos;FEMININO;ENSINO MÉDIO COMPLETO;NÃO INFORMADO;NÃO INFORMADO;ITAJAÍ;Brasil;NÃO INFORMADO;SUL;SC;15;1;0;16;16;;0;;18/07/2026 07:17
2026;NÃO INFORMADO;CASADO;85 a 89 anos;FEMININO;ENSINO MÉDIO INCOMPLETO;NÃO INFORMADO;NÃO INFORMADO;ITAJAÍ;Brasil;NÃO INFORMADO;SUL;SC;1;0;0;1;1;;0;;18/07/2026 07:17
2026;NÃO INFORMADO;CASADO;85 a 89 anos;FEMININO;LÊ E ESCREVE;NÃO INFORMADO;NÃO INFORMADO;ITAJAÍ;Brasil;NÃO INFORMADO;SUL;SC;12;1;0;12;12;;0;;18/07/2026 07:17
2026;NÃO INFORMADO;CASADO;85 a 89 anos;FEMININO;SUPERIOR COMPLETO;NÃO INFORMADO;NÃO INFORMADO;ITAJAÍ;Brasil;NÃO INFORMADO;SUL;SC;6;0;0;6;6;;0;;18/07/2026 07:17
2026;NÃO INFORMADO;CASADO;85 a 89 anos;FEMININO;SUPERIOR INCOMPLETO;NÃO INFORMADO;NÃO INFORMADO;ITAJAÍ;Brasil;NÃO INFORMADO;SUL;SC;1;0;0;1;1;;0;;18/07/2026 07:17
2026;NÃO INFORMADO;CASADO;85 a 89 anos;MASCULINO;ANALFABETO;NÃO INFORMADO;NÃO INFORMADO;ITAJAÍ;Brasil;NÃO INFORMADO;SUL;SC;3;0;0;3;3;;0;;18/07/2026 07:17
2026;NÃO INFORMADO;CASADO;85 a 89 anos;MASCULINO;ENSINO FUNDAMENTAL COMPLETO;NÃO INFORMADO;NÃO INFORMADO;ITAJAÍ;Brasil;NÃO INFORMADO;SUL;SC;30;0;0;31;31;;0;;18/07/2026 07:17
2026;NÃO INFORMADO;CASADO;85 a 89 anos;MASCULINO;ENSINO FUNDAMENTAL INCOMPLETO;NÃO INFORMADO;NÃO INFORMADO;ITAJAÍ;Brasil;NÃO INFORMADO;SUL;SC;49;2;0;50;50;;0;;18/07/2026 07:17
2026;NÃO INFORMADO;CASADO;85 a 89 anos;MASCULINO;ENSINO MÉDIO COMPLETO;NÃO INFORMADO;NÃO INFORMADO;ITAJAÍ;Brasil;NÃO INFORMADO;SUL;SC;20;1;0;21;21;;0;;18/07/2026 07:17
2026;NÃO INFORMADO;CASADO;85 a 89 anos;MASCULINO;ENSINO MÉDIO INCOMPLETO;NÃO INFORMADO;NÃO INFORMADO;ITAJAÍ;Brasil;NÃO INFORMADO;SUL;SC;4;0;0;4;4;;0;;18/07/2026 07:17
2026;NÃO INFORMADO;CASADO;85 a 89 anos;MASCULINO;LÊ E ESCREVE;NÃO INFORMADO;NÃO INFORMADO;ITAJAÍ;Brasil;NÃO INFORMADO;SUL;SC;17;0;0;17;17;;0;;18/07/2026 07:17
2026;NÃO INFORMADO;CASADO;85 a 89 anos;MASCULINO;SUPERIOR COMPLETO;NÃO INFORMADO;NÃO INFORMADO;ITAJAÍ;Brasil;NÃO INFORMADO;SUL;SC;22;0;0;22;22;;0;;18/07/2026 07:17
2026;NÃO INFORMADO;CASADO;85 a 89 anos;MASCULINO;SUPERIOR INCOMPLETO;NÃO INFORMADO;NÃO INFORMADO;ITAJAÍ;Brasil;NÃO INFORMADO;SUL;SC;2;0;0;2;2;;0;;18/07/2026 07:17
2026;NÃO INFORMADO;CASADO;90 a 94 anos;FEMININO;ENSINO FUNDAMENTAL COMPLETO;NÃO INFORMADO;NÃO INFORMADO;ITAJAÍ;Brasil;NÃO INFORMADO;SUL;SC;4;0;0;4;4;;0;;18/07/2026 07:17
2026;NÃO INFORMADO;CASADO;90 a 94 anos;FEMININO;ENSINO FUNDAMENTAL INCOMPLETO;NÃO INFORMADO;NÃO INFORMADO;ITAJAÍ;Brasil;NÃO INFORMADO;SUL;SC;5;0;0;5;5;;0;;18/07/2026 07:17
2026;NÃO INFORMADO;CASADO;90 a 94 anos;FEMININO;ENSINO MÉDIO COMPLETO;NÃO INFORMADO;NÃO INFORMADO;ITAJAÍ;Brasil;NÃO INFORMADO;SUL;SC;4;1;0;4;4;;0;;18/07/2026 07:17
2026;NÃO INFORMADO;CASADO;90 a 94 anos;FEMININO;SUPERIOR COMPLETO;NÃO INFORMADO;NÃO INFORMADO;ITAJAÍ;Brasil;NÃO INFORMADO;SUL;SC;2;0;0;2;2;;0;;18/07/2026 07:17
2026;NÃO INFORMADO;CASADO;90 a 94 anos;MASCULINO;ENSINO FUNDAMENTAL COMPLETO;NÃO INFORMADO;NÃO INFORMADO;ITAJAÍ;Brasil;NÃO INFORMADO;SUL;SC;4;1;0;4;4;;0;;18/07/2026 07:17
2026;NÃO INFORMADO;CASADO;90 a 94 anos;MASCULINO;ENSINO FUNDAMENTAL INCOMPLETO;NÃO INFORMADO;NÃO INFORMADO;ITAJAÍ;Brasil;NÃO INFORMADO;SUL;SC;14;1;0;15;15;;0;;18/07/2026 07:17
2026;NÃO INFORMADO;CASADO;90 a 94 anos;MASCULINO;ENSINO MÉDIO COMPLETO;NÃO INFORMADO;NÃO INFORMADO;ITAJAÍ;Brasil;NÃO INFORMADO;SUL;SC;4;0;0;5;5;;0;;18/07/2026 07:17
2026;NÃO INFORMADO;CASADO;90 a 94 anos;MASCULINO;LÊ E ESCREVE;NÃO INFORMADO;NÃO INFORMADO;ITAJAÍ;Brasil;NÃO INFORMADO;SUL;SC;5;0;0;5;5;;0;;18/07/2026 07:17
2026;NÃO INFORMADO;CASADO;90 a 94 anos;MASCULINO;SUPERIOR COMPLETO;NÃO INFORMADO;NÃO INFORMADO;ITAJAÍ;Brasil;NÃO INFORMADO;SUL;SC;4;1;0;5;5;;0;;18/07/2026 07:17
2026;NÃO INFORMADO;CASADO;90 a 94 anos;MASCULINO;SUPERIOR INCOMPLETO;NÃO INFORMADO;NÃO INFORMADO;ITAJAÍ;Brasil;NÃO INFORMADO;SUL;SC;3;0;0;3;3;;0;;18/07/2026 07:17
2026;NÃO INFORMADO;CASADO;95 a 99 anos;FEMININO;ENSINO MÉDIO COMPLETO;NÃO INFORMADO;NÃO INFORMADO;ITAJAÍ;Brasil;NÃO INFORMADO;SUL;SC;0;0;0;1;1;;0;;18/07/2026 07:17
2026;NÃO INFORMADO;CASADO;95 a 99 anos;MASCULINO;ANALFABETO;NÃO INFORMADO;NÃO INFORMADO;ITAJAÍ;Brasil;NÃO INFORMADO;SUL;SC;1;0;0;1;1;;0;;18/07/2026 07:17
2026;NÃO INFORMADO;CASADO;95 a 99 anos;MASCULINO;ENSINO FUNDAMENTAL INCOMPLETO;NÃO INFORMADO;NÃO INFORMADO;ITAJAÍ;Brasil;NÃO INFORMADO;SUL;SC;4;0;0;4;4;;0;;18/07/2026 07:17
2026;NÃO INFORMADO;CASADO;95 a 99 anos;MASCULINO;SUPERIOR COMPLETO;NÃO INFORMADO;NÃO INFORMADO;ITAJAÍ;Brasil;NÃO INFORMADO;SUL;SC;1;0;0;1;1;;0;;18/07/2026 07:17
2026;NÃO INFORMADO;DIVORCIADO;21 a 24 anos;FEMININO;SUPERIOR INCOMPLETO;NÃO INFORMADO;NÃO INFORMADO;ITAJAÍ;Brasil;NÃO INFORMADO;SUL;SC;1;0;0;1;0;;1;;18/07/2026 07:17
2026;NÃO INFORMADO;DIVORCIADO;25 a 29 anos;FEMININO;ENSINO FUNDAMENTAL COMPLETO;NÃO INFORMADO;NÃO INFORMADO;ITAJAÍ;Brasil;NÃO INFORMADO;SUL;SC;1;0;0;1;0;;1;;18/07/2026 07:17
2026;NÃO INFORMADO;DIVORCIADO;25 a 29 anos;FEMININO;ENSINO MÉDIO COMPLETO;NÃO INFORMADO;NÃO INFORMADO;ITAJAÍ;Brasil;NÃO INFORMADO;SUL;SC;8;0;0;8;0;;8;;18/07/2026 07:17
2026;NÃO INFORMADO;DIVORCIADO;25 a 29 anos;FEMININO;ENSINO MÉDIO INCOMPLETO;NÃO INFORMADO;NÃO INFORMADO;ITAJAÍ;Brasil;NÃO INFORMADO;SUL;SC;3;0;0;3;0;;3;;18/07/2026 07:17
2026;NÃO INFORMADO;DIVORCIADO;25 a 29 anos;FEMININO;SUPERIOR COMPLETO;NÃO INFORMADO;NÃO INFORMADO;ITAJAÍ;Brasil;NÃO INFORMADO;SUL;SC;1;0;0;1;0;;1;;18/07/2026 07:17
2026;NÃO INFORMADO;DIVORCIADO;25 a 29 anos;FEMININO;SUPERIOR INCOMPLETO;NÃO INFORMADO;NÃO INFORMADO;ITAJAÍ;Brasil;NÃO INFORMADO;SUL;SC;2;0;0;3;0;;3;;18/07/2026 07:17
2026;NÃO INFORMADO;DIVORCIADO;25 a 29 anos;MASCULINO;ENSINO MÉDIO COMPLETO;NÃO INFORMADO;NÃO INFORMADO;ITAJAÍ;Brasil;NÃO INFORMADO;SUL;SC;1;0;0;1;0;;1;;18/07/2026 07:17
2026;NÃO INFORMADO;DIVORCIADO;25 a 29 anos;MASCULINO;SUPERIOR COMPLETO;NÃO INFORMADO;NÃO INFORMADO;ITAJAÍ;Brasil;NÃO INFORMADO;SUL;SC;1;0;0;1;0;;1;;18/07/2026 07:17
2026;NÃO INFORMADO;DIVORCIADO;30 a 34 anos;FEMININO;ENSINO FUNDAMENTAL COMPLETO;NÃO INFORMADO;NÃO INFORMADO;ITAJAÍ;Brasil;NÃO INFORMADO;SUL;SC;6;0;0;6;0;;6;;18/07/2026 07:17
2026;NÃO INFORMADO;DIVORCIADO;30 a 34 anos;FEMININO;ENSINO FUNDAMENTAL INCOMPLETO;NÃO INFORMADO;NÃO INFORMADO;ITAJAÍ;Brasil;NÃO INFORMADO;SUL;SC;1;0;0;1;0;;1;;18/07/2026 07:17
2026;NÃO INFORMADO;DIVORCIADO;30 a 34 anos;FEMININO;ENSINO MÉDIO COMPLETO;NÃO INFORMADO;NÃO INFORMADO;ITAJAÍ;Brasil;NÃO INFORMADO;SUL;SC;47;0;0;53;0;;53;;18/07/2026 07:17
2026;NÃO INFORMADO;DIVORCIADO;30 a 34 anos;FEMININO;ENSINO MÉDIO INCOMPLETO;NÃO INFORMADO;NÃO INFORMADO;ITAJAÍ;Brasil;NÃO INFORMADO;SUL;SC;11;0;0;11;0;;11;;18/07/2026 07:17
2026;NÃO INFORMADO;DIVORCIADO;30 a 34 anos;FEMININO;SUPERIOR COMPLETO;NÃO INFORMADO;NÃO INFORMADO;ITAJAÍ;Brasil;NÃO INFORMADO;SUL;SC;20;0;0;20;0;;20;;18/07/2026 07:17
2026;NÃO INFORMADO;DIVORCIADO;30 a 34 anos;FEMININO;SUPERIOR INCOMPLETO;NÃO INFORMADO;NÃO INFORMADO;ITAJAÍ;Brasil;NÃO INFORMADO;SUL;SC;30;0;0;33;0;;33;;18/07/2026 07:17
2026;NÃO INFORMADO;DIVORCIADO;30 a 34 anos;MASCULINO;ENSINO FUNDAMENTAL COMPLETO;NÃO INFORMADO;NÃO INFORMADO;ITAJAÍ;Brasil;NÃO INFORMADO;SUL;SC;1;0;0;1;0;;1;;18/07/2026 07:17
2026;NÃO INFORMADO;DIVORCIADO;30 a 34 anos;MASCULINO;ENSINO FUNDAMENTAL INCOMPLETO;NÃO INFORMADO;NÃO INFORMADO;ITAJAÍ;Brasil;NÃO INFORMADO;SUL;SC;1;0;0;1;0;;1;;18/07/2026 07:17
2026;NÃO INFORMADO;DIVORCIADO;30 a 34 anos;MASCULINO;ENSINO MÉDIO COMPLETO;NÃO INFORMADO;NÃO INFORMADO;ITAJAÍ;Brasil;NÃO INFORMADO;SUL;SC;21;0;0;23;0;;23;;18/07/2026 07:17
2026;NÃO INFORMADO;DIVORCIADO;30 a 34 anos;MASCULINO;ENSINO MÉDIO INCOMPLETO;NÃO INFORMADO;NÃO INFORMADO;ITAJAÍ;Brasil;NÃO INFORMADO;SUL;SC;5;0;0;5;0;;5;;18/07/2026 07:17
2026;NÃO INFORMADO;DIVORCIADO;30 a 34 anos;MASCULINO;SUPERIOR COMPLETO;NÃO INFORMADO;NÃO INFORMADO;ITAJAÍ;Brasil;NÃO INFORMADO;SUL;SC;3;0;0;4;0;;4;;18/07/2026 07:17
2026;NÃO INFORMADO;DIVORCIADO;30 a 34 anos;MASCULINO;SUPERIOR INCOMPLETO;NÃO INFORMADO;NÃO INFORMADO;ITAJAÍ;Brasil;NÃO INFORMADO;SUL;SC;12;0;0;12;0;;12;;18/07/2026 07:17
2026;NÃO INFORMADO;DIVORCIADO;35 a 39 anos;FEMININO;ENSINO FUNDAMENTAL COMPLETO;NÃO INFORMADO;NÃO INFORMADO;ITAJAÍ;Brasil;NÃO INFORMADO;SUL;SC;7;0;0;7;0;;7;;18/07/2026 07:17
2026;NÃO INFORMADO;DIVORCIADO;35 a 39 anos;FEMININO;ENSINO FUNDAMENTAL INCOMPLETO;NÃO INFORMADO;NÃO INFORMADO;ITAJAÍ;Brasil;NÃO INFORMADO;SUL;SC;4;0;0;4;0;;4;;18/07/2026 07:17
2026;NÃO INFORMADO;DIVORCIADO;35 a 39 anos;FEMININO;ENSINO MÉDIO COMPLETO;NÃO INFORMADO;NÃO INFORMADO;ITAJAÍ;Brasil;NÃO INFORMADO;SUL;SC;83;0;0;88;0;;88;;18/07/2026 07:17
2026;NÃO INFORMADO;DIVORCIADO;35 a 39 anos;FEMININO;ENSINO MÉDIO INCOMPLETO;NÃO INFORMADO;NÃO INFORMADO;ITAJAÍ;Brasil;NÃO INFORMADO;SUL;SC;22;0;0;23;0;;23;;18/07/2026 07:17
2026;NÃO INFORMADO;DIVORCIADO;35 a 39 anos;FEMININO;SUPERIOR COMPLETO;NÃO INFORMADO;NÃO INFORMADO;ITAJAÍ;Brasil;NÃO INFORMADO;SUL;SC;86;2;0;88;0;;88;;18/07/2026 07:17
2026;NÃO INFORMADO;DIVORCIADO;35 a 39 anos;FEMININO;SUPERIOR INCOMPLETO;NÃO INFORMADO;NÃO INFORMADO;ITAJAÍ;Brasil;NÃO INFORMADO;SUL;SC;59;0;0;63;0;;63;;18/07/2026 07:17
2026;NÃO INFORMADO;DIVORCIADO;35 a 39 anos;MASCULINO;ENSINO FUNDAMENTAL COMPLETO;NÃO INFORMADO;NÃO INFORMADO;ITAJAÍ;Brasil;NÃO INFORMADO;SUL;SC;7;0;0;7;0;;7;;18/07/2026 07:17
2026;NÃO INFORMADO;DIVORCIADO;35 a 39 anos;MASCULINO;ENSINO FUNDAMENTAL INCOMPLETO;NÃO INFORMADO;NÃO INFORMADO;ITAJAÍ;Brasil;NÃO INFORMADO;SUL;SC;1;0;0;2;0;;2;;18/07/2026 07:17
2026;NÃO INFORMADO;DIVORCIADO;35 a 39 anos;MASCULINO;ENSINO MÉDIO COMPLETO;NÃO INFORMADO;NÃO INFORMADO;ITAJAÍ;Brasil;NÃO INFORMADO;SUL;SC;36;0;0;39;0;;39;;18/07/2026 07:17
2026;NÃO INFORMADO;DIVORCIADO;35 a 39 anos;MASCULINO;ENSINO MÉDIO INCOMPLETO;NÃO INFORMADO;NÃO INFORMADO;ITAJAÍ;Brasil;NÃO INFORMADO;SUL;SC;14;0;0;15;0;;15;;18/07/2026 07:17
2026;NÃO INFORMADO;DIVORCIADO;35 a 39 anos;MASCULINO;SUPERIOR COMPLETO;NÃO INFORMADO;NÃO INFORMADO;ITAJAÍ;Brasil;NÃO INFORMADO;SUL;SC;26;0;0;26;0;;26;;18/07/2026 07:17
2026;NÃO INFORMADO;DIVORCIADO;35 a 39 anos;MASCULINO;SUPERIOR INCOMPLETO;NÃO INFORMADO;NÃO INFORMADO;ITAJAÍ;Brasil;NÃO INFORMADO;SUL;SC;26;0;0;27;0;;27;;18/07/2026 07:17
2026;NÃO INFORMADO;DIVORCIADO;40 a 44 anos;FEMININO;ENSINO FUNDAMENTAL COMPLETO;NÃO INFORMADO;NÃO INFORMADO;ITAJAÍ;Brasil;NÃO INFORMADO;SUL;SC;19;0;0;20;0;;20;;18/07/2026 07:17
2026;NÃO INFORMADO;DIVORCIADO;40 a 44 anos;FEMININO;ENSINO FUNDAMENTAL INCOMPLETO;NÃO INFORMADO;NÃO INFORMADO;ITAJAÍ;Brasil;NÃO INFORMADO;SUL;SC;32;0;0;33;0;;33;;18/07/2026 07:17
2026;NÃO INFORMADO;DIVORCIADO;40 a 44 anos;FEMININO;ENSINO MÉDIO COMPLETO;NÃO INFORMADO;NÃO INFORMADO;ITAJAÍ;Brasil;NÃO INFORMADO;SUL;SC;138;0;0;144;0;;144;;18/07/2026 07:17
2026;NÃO INFORMADO;DIVORCIADO;40 a 44 anos;FEMININO;ENSINO MÉDIO INCOMPLETO;NÃO INFORMADO;NÃO INFORMADO;ITAJAÍ;Brasil;NÃO INFORMADO;SUL;SC;28;0;0;31;0;;31;;18/07/2026 07:17
2026;NÃO INFORMADO;DIVORCIADO;40 a 44 anos;FEMININO;SUPERIOR COMPLETO;NÃO INFORMADO;NÃO INFORMADO;ITAJAÍ;Brasil;NÃO INFORMADO;SUL;SC;173;1;0;178;0;;178;;18/07/2026 07:17
2026;NÃO INFORMADO;DIVORCIADO;40 a 44 anos;FEMININO;SUPERIOR INCOMPLETO;NÃO INFORMADO;NÃO INFORMADO;ITAJAÍ;Brasil;NÃO INFORMADO;SUL;SC;65;2;0;70;0;;70;;18/07/2026 07:17
2026;NÃO INFORMADO;DIVORCIADO;40 a 44 anos;MASCULINO;ENSINO FUNDAMENTAL COMPLETO;NÃO INFORMADO;NÃO INFORMADO;ITAJAÍ;Brasil;NÃO INFORMADO;SUL;SC;13;0;0;13;0;;13;;18/07/2026 07:17
2026;NÃO INFORMADO;DIVORCIADO;40 a 44 anos;MASCULINO;ENSINO FUNDAMENTAL INCOMPLETO;NÃO INFORMADO;NÃO INFORMADO;ITAJAÍ;Brasil;NÃO INFORMADO;SUL;SC;15;0;0;17;0;;17;;18/07/2026 07:17
2026;NÃO INFORMADO;DIVORCIADO;40 a 44 anos;MASCULINO;ENSINO MÉDIO COMPLETO;NÃO INFORMADO;NÃO INFORMADO;ITAJAÍ;Brasil;NÃO INFORMADO;SUL;SC;75;0;0;82;0;;82;;18/07/2026 07:17
2026;NÃO INFORMADO;DIVORCIADO;40 a 44 anos;MASCULINO;ENSINO MÉDIO INCOMPLETO;NÃO INFORMADO;NÃO INFORMADO;ITAJAÍ;Brasil;NÃO INFORMADO;SUL;SC;16;0;0;16;0;;16;;18/07/2026 07:17
2026;NÃO INFORMADO;DIVORCIADO;40 a 44 anos;MASCULINO;SUPERIOR COMPLETO;NÃO INFORMADO;NÃO INFORMADO;ITAJAÍ;Brasil;NÃO INFORMADO;SUL;SC;66;0;0;71;0;;71;;18/07/2026 07:17
2026;NÃO INFORMADO;DIVORCIADO;40 a 44 anos;MASCULINO;SUPERIOR INCOMPLETO;NÃO INFORMADO;NÃO INFORMADO;ITAJAÍ;Brasil;NÃO INFORMADO;SUL;SC;38;0;0;40;0;;40;;18/07/2026 07:17
2026;NÃO INFORMADO;DIVORCIADO;45 a 49 anos;FEMININO;ENSINO FUNDAMENTAL COMPLETO;NÃO INFORMADO;NÃO INFORMADO;ITAJAÍ;Brasil;NÃO INFORMADO;SUL;SC;34;0;0;35;0;;35;;18/07/2026 07:17
2026;NÃO INFORMADO;DIVORCIADO;45 a 49 anos;FEMININO;ENSINO FUNDAMENTAL INCOMPLETO;NÃO INFORMADO;NÃO INFORMADO;ITAJAÍ;Brasil;NÃO INFORMADO;SUL;SC;47;0;0;48;0;;48;;18/07/2026 07:17
2026;NÃO INFORMADO;DIVORCIADO;45 a 49 anos;FEMININO;ENSINO MÉDIO COMPLETO;NÃO INFORMADO;NÃO INFORMADO;ITAJAÍ;Brasil;NÃO INFORMADO;SUL;SC;184;0;0;187;0;;187;;18/07/2026 07:17
2026;NÃO INFORMADO;DIVORCIADO;45 a 49 anos;FEMININO;ENSINO MÉDIO INCOMPLETO;NÃO INFORMADO;NÃO INFORMADO;ITAJAÍ;Brasil;NÃO INFORMADO;SUL;SC;26;0;0;28;0;;28;;18/07/2026 07:17
2026;NÃO INFORMADO;DIVORCIADO;45 a 49 anos;FEMININO;LÊ E ESCREVE;NÃO INFORMADO;NÃO INFORMADO;ITAJAÍ;Brasil;NÃO INFORMADO;SUL;SC;0;0;0;1;0;;1;;18/07/2026 07:17
2026;NÃO INFORMADO;DIVORCIADO;45 a 49 anos;FEMININO;SUPERIOR COMPLETO;NÃO INFORMADO;NÃO INFORMADO;ITAJAÍ;Brasil;NÃO INFORMADO;SUL;SC;239;0;0;246;0;;246;;18/07/2026 07:17
2026;NÃO INFORMADO;DIVORCIADO;45 a 49 anos;FEMININO;SUPERIOR INCOMPLETO;NÃO INFORMADO;NÃO INFORMADO;ITAJAÍ;Brasil;NÃO INFORMADO;SUL;SC;77;0;0;80;0;;80;;18/07/2026 07:17
2026;NÃO INFORMADO;DIVORCIADO;45 a 49 anos;MASCULINO;ENSINO FUNDAMENTAL COMPLETO;NÃO INFORMADO;NÃO INFORMADO;ITAJAÍ;Brasil;NÃO INFORMADO;SUL;SC;29;0;0;32;0;;32;;18/07/2026 07:17
2026;NÃO INFORMADO;DIVORCIADO;45 a 49 anos;MASCULINO;ENSINO FUNDAMENTAL INCOMPLETO;NÃO INFORMADO;NÃO INFORMADO;ITAJAÍ;Brasil;NÃO INFORMADO;SUL;SC;31;0;0;33;0;;33;;18/07/2026 07:17
2026;NÃO INFORMADO;DIVORCIADO;45 a 49 anos;MASCULINO;ENSINO MÉDIO COMPLETO;NÃO INFORMADO;NÃO INFORMADO;ITAJAÍ;Brasil;NÃO INFORMADO;SUL;SC;96;1;0;100;0;;100;;18/07/2026 07:17
2026;NÃO INFORMADO;DIVORCIADO;45 a 49 anos;MASCULINO;ENSINO MÉDIO INCOMPLETO;NÃO INFORMADO;NÃO INFORMADO;ITAJAÍ;Brasil;NÃO INFORMADO;SUL;SC;26;0;0;28;0;;28;;18/07/2026 07:17
2026;NÃO INFORMADO;DIVORCIADO;45 a 49 anos;MASCULINO;SUPERIOR COMPLETO;NÃO INFORMADO;NÃO INFORMADO;ITAJAÍ;Brasil;NÃO INFORMADO;SUL;SC;98;0;0;100;0;;100;;18/07/2026 07:17
2026;NÃO INFORMADO;DIVORCIADO;45 a 49 anos;MASCULINO;SUPERIOR INCOMPLETO;NÃO INFORMADO;NÃO INFORMADO;ITAJAÍ;Brasil;NÃO INFORMADO;SUL;SC;48;0;0;50;0;;50;;18/07/2026 07:17
2026;NÃO INFORMADO;DIVORCIADO;50 a 54 anos;FEMININO;ANALFABETO;NÃO INFORMADO;NÃO INFORMADO;ITAJAÍ;Brasil;NÃO INFORMADO;SUL;SC;1;0;0;1;1;;0;;18/07/2026 07:17
2026;NÃO INFORMADO;DIVORCIADO;50 a 54 anos;FEMININO;ENSINO FUNDAMENTAL COMPLETO;NÃO INFORMADO;NÃO INFORMADO;ITAJAÍ;Brasil;NÃO INFORMADO;SUL;SC;48;1;0;49;0;;49;;18/07/2026 07:17
2026;NÃO INFORMADO;DIVORCIADO;50 a 54 anos;FEMININO;ENSINO FUNDAMENTAL INCOMPLETO;NÃO INFORMADO;NÃO INFORMADO;ITAJAÍ;Brasil;NÃO INFORMADO;SUL;SC;83;1;0;88;0;;88;;18/07/2026 07:17
2026;NÃO INFORMADO;DIVORCIADO;50 a 54 anos;FEMININO;ENSINO MÉDIO COMPLETO;NÃO INFORMADO;NÃO INFORMADO;ITAJAÍ;Brasil;NÃO INFORMADO;SUL;SC;182;2;0;189;0;;189;;18/07/2026 07:17
2026;NÃO INFORMADO;DIVORCIADO;50 a 54 anos;FEMININO;ENSINO MÉDIO INCOMPLETO;NÃO INFORMADO;NÃO INFORMADO;ITAJAÍ;Brasil;NÃO INFORMADO;SUL;SC;33;0;0;35;0;;35;;18/07/2026 07:17
2026;NÃO INFORMADO;DIVORCIADO;50 a 54 anos;FEMININO;LÊ E ESCREVE;NÃO INFORMADO;NÃO INFORMADO;ITAJAÍ;Brasil;NÃO INFORMADO;SUL;SC;3;0;0;3;0;;3;;18/07/2026 07:17
2026;NÃO INFORMADO;DIVORCIADO;50 a 54 anos;FEMININO;SUPERIOR COMPLETO;NÃO INFORMADO;NÃO INFORMADO;ITAJAÍ;Brasil;NÃO INFORMADO;SUL;SC;228;0;0;230;0;;230;;18/07/2026 07:17
2026;NÃO INFORMADO;DIVORCIADO;50 a 54 anos;FEMININO;SUPERIOR INCOMPLETO;NÃO INFORMADO;NÃO INFORMADO;ITAJAÍ;Brasil;NÃO INFORMADO;SUL;SC;65;0;0;67;0;;67;;18/07/2026 07:17
2026;NÃO INFORMADO;DIVORCIADO;50 a 54 anos;MASCULINO;ANALFABETO;NÃO INFORMADO;NÃO INFORMADO;ITAJAÍ;Brasil;NÃO INFORMADO;SUL;SC;1;0;0;1;1;;0;;18/07/2026 07:17
2026;NÃO INFORMADO;DIVORCIADO;50 a 54 anos;MASCULINO;ENSINO FUNDAMENTAL COMPLETO;NÃO INFORMADO;NÃO INFORMADO;ITAJAÍ;Brasil;NÃO INFORMADO;SUL;SC;32;1;0;35;0;;35;;18/07/2026 07:17
2026;NÃO INFORMADO;DIVORCIADO;50 a 54 anos;MASCULINO;ENSINO FUNDAMENTAL INCOMPLETO;NÃO INFORMADO;NÃO INFORMADO;ITAJAÍ;Brasil;NÃO INFORMADO;SUL;SC;47;0;0;50;0;;50;;18/07/2026 07:17
2026;NÃO INFORMADO;DIVORCIADO;50 a 54 anos;MASCULINO;ENSINO MÉDIO COMPLETO;NÃO INFORMADO;NÃO INFORMADO;ITAJAÍ;Brasil;NÃO INFORMADO;SUL;SC;101;2;0;104;0;;104;;18/07/2026 07:17
2026;NÃO INFORMADO;DIVORCIADO;50 a 54 anos;MASCULINO;ENSINO MÉDIO INCOMPLETO;NÃO INFORMADO;NÃO INFORMADO;ITAJAÍ;Brasil;NÃO INFORMADO;SUL;SC;22;0;0;26;0;;26;;18/07/2026 07:17
2026;NÃO INFORMADO;DIVORCIADO;50 a 54 anos;MASCULINO;LÊ E ESCREVE;NÃO INFORMADO;NÃO INFORMADO;ITAJAÍ;Brasil;NÃO INFORMADO;SUL;SC;1;0;0;1;0;;1;;18/07/2026 07:17
2026;NÃO INFORMADO;DIVORCIADO;50 a 54 anos;MASCULINO;SUPERIOR COMPLETO;NÃO INFORMADO;NÃO INFORMADO;ITAJAÍ;Brasil;NÃO INFORMADO;SUL;SC;94;0;0;99;0;;99;;18/07/2026 07:17
2026;NÃO INFORMADO;DIVORCIADO;50 a 54 anos;MASCULINO;SUPERIOR INCOMPLETO;NÃO INFORMADO;NÃO INFORMADO;ITAJAÍ;Brasil;NÃO INFORMADO;SUL;SC;48;1;0;49;0;;49;;18/07/2026 07:17
2026;NÃO INFORMADO;DIVORCIADO;55 a 59 anos;FEMININO;ANALFABETO;NÃO INFORMADO;NÃO INFORMADO;ITAJAÍ;Brasil;NÃO INFORMADO;SUL;SC;3;0;0;3;3;;0;;18/07/2026 07:17
2026;NÃO INFORMADO;DIVORCIADO;55 a 59 anos;FEMININO;ENSINO FUNDAMENTAL COMPLETO;NÃO INFORMADO;NÃO INFORMADO;ITAJAÍ;Brasil;NÃO INFORMADO;SUL;SC;82;0;0;85;0;;85;;18/07/2026 07:17
2026;NÃO INFORMADO;DIVORCIADO;55 a 59 anos;FEMININO;ENSINO FUNDAMENTAL INCOMPLETO;NÃO INFORMADO;NÃO INFORMADO;ITAJAÍ;Brasil;NÃO INFORMADO;SUL;SC;133;1;0;134;0;;134;;18/07/2026 07:17
2026;NÃO INFORMADO;DIVORCIADO;55 a 59 anos;FEMININO;ENSINO MÉDIO COMPLETO;NÃO INFORMADO;NÃO INFORMADO;ITAJAÍ;Brasil;NÃO INFORMADO;SUL;SC;230;0;0;233;0;;233;;18/07/2026 07:17
2026;NÃO INFORMADO;DIVORCIADO;55 a 59 anos;FEMININO;ENSINO MÉDIO INCOMPLETO;NÃO INFORMADO;NÃO INFORMADO;ITAJAÍ;Brasil;NÃO INFORMADO;SUL;SC;44;0;0;44;0;;44;;18/07/2026 07:17
2026;NÃO INFORMADO;DIVORCIADO;55 a 59 anos;FEMININO;LÊ E ESCREVE;NÃO INFORMADO;NÃO INFORMADO;ITAJAÍ;Brasil;NÃO INFORMADO;SUL;SC;11;0;0;11;0;;11;;18/07/2026 07:17
2026;NÃO INFORMADO;DIVORCIADO;55 a 59 anos;FEMININO;SUPERIOR COMPLETO;NÃO INFORMADO;NÃO INFORMADO;ITAJAÍ;Brasil;NÃO INFORMADO;SUL;SC;222;3;0;222;0;;222;;18/07/2026 07:17
2026;NÃO INFORMADO;DIVORCIADO;55 a 59 anos;FEMININO;SUPERIOR INCOMPLETO;NÃO INFORMADO;NÃO INFORMADO;ITAJAÍ;Brasil;NÃO INFORMADO;SUL;SC;46;1;0;48;0;;48;;18/07/2026 07:17
2026;NÃO INFORMADO;DIVORCIADO;55 a 59 anos;MASCULINO;ANALFABETO;NÃO INFORMADO;NÃO INFORMADO;ITAJAÍ;Brasil;NÃO INFORMADO;SUL;SC;1;0;0;1;1;;0;;18/07/2026 07:17
2026;NÃO INFORMADO;DIVORCIADO;55 a 59 anos;MASCULINO;ENSINO FUNDAMENTAL COMPLETO;NÃO INFORMADO;NÃO INFORMADO;ITAJAÍ;Brasil;NÃO INFORMADO;SUL;SC;46;0;0;49;0;;49;;18/07/2026 07:17
2026;NÃO INFORMADO;DIVORCIADO;55 a 59 anos;MASCULINO;ENSINO FUNDAMENTAL INCOMPLETO;NÃO INFORMADO;NÃO INFORMADO;ITAJAÍ;Brasil;NÃO INFORMADO;SUL;SC;63;2;0;66;0;;66;;18/07/2026 07:17
2026;NÃO INFORMADO;DIVORCIADO;55 a 59 anos;MASCULINO;ENSINO MÉDIO COMPLETO;NÃO INFORMADO;NÃO INFORMADO;ITAJAÍ;Brasil;NÃO INFORMADO;SUL;SC;103;0;0;107;0;;107;;18/07/2026 07:17
2026;NÃO INFORMADO;DIVORCIADO;55 a 59 anos;MASCULINO;ENSINO MÉDIO INCOMPLETO;NÃO INFORMADO;NÃO INFORMADO;ITAJAÍ;Brasil;NÃO INFORMADO;SUL;SC;34;0;0;35;0;;35;;18/07/2026 07:17
2026;NÃO INFORMADO;DIVORCIADO;55 a 59 anos;MASCULINO;LÊ E ESCREVE;NÃO INFORMADO;NÃO INFORMADO;ITAJAÍ;Brasil;NÃO INFORMADO;SUL;SC;4;0;0;6;0;;6;;18/07/2026 07:17
2026;NÃO INFORMADO;DIVORCIADO;55 a 59 anos;MASCULINO;SUPERIOR COMPLETO;NÃO INFORMADO;NÃO INFORMADO;ITAJAÍ;Brasil;NÃO INFORMADO;SUL;SC;87;1;0;91;0;;91;;18/07/2026 07:17
2026;NÃO INFORMADO;DIVORCIADO;55 a 59 anos;MASCULINO;SUPERIOR INCOMPLETO;NÃO INFORMADO;NÃO INFORMADO;ITAJAÍ;Brasil;NÃO INFORMADO;SUL;SC;44;1;0;46;0;;46;;18/07/2026 07:17
2026;NÃO INFORMADO;DIVORCIADO;60 a 64 anos;FEMININO;ANALFABETO;NÃO INFORMADO;NÃO INFORMADO;ITAJAÍ;Brasil;NÃO INFORMADO;SUL;SC;4;1;0;4;4;;0;;18/07/2026 07:17
2026;NÃO INFORMADO;DIVORCIADO;60 a 64 anos;FEMININO;ENSINO FUNDAMENTAL COMPLETO;NÃO INFORMADO;NÃO INFORMADO;ITAJAÍ;Brasil;NÃO INFORMADO;SUL;SC;112;2;0;113;0;;113;;18/07/2026 07:17
2026;NÃO INFORMADO;DIVORCIADO;60 a 64 anos;FEMININO;ENSINO FUNDAMENTAL INCOMPLETO;NÃO INFORMADO;NÃO INFORMADO;ITAJAÍ;Brasil;NÃO INFORMADO;SUL;SC;206;1;0;208;0;;208;;18/07/2026 07:17
2026;NÃO INFORMADO;DIVORCIADO;60 a 64 anos;FEMININO;ENSINO MÉDIO COMPLETO;NÃO INFORMADO;NÃO INFORMADO;ITAJAÍ;Brasil;NÃO INFORMADO;SUL;SC;211;1;0;213;0;;213;;18/07/2026 07:17
2026;NÃO INFORMADO;DIVORCIADO;60 a 64 anos;FEMININO;ENSINO MÉDIO INCOMPLETO;NÃO INFORMADO;NÃO INFORMADO;ITAJAÍ;Brasil;NÃO INFORMADO;SUL;SC;45;0;0;47;0;;47;;18/07/2026 07:17
2026;NÃO INFORMADO;DIVORCIADO;60 a 64 anos;FEMININO;LÊ E ESCREVE;NÃO INFORMADO;NÃO INFORMADO;ITAJAÍ;Brasil;NÃO INFORMADO;SUL;SC;15;1;0;15;0;;15;;18/07/2026 07:17
2026;NÃO INFORMADO;DIVORCIADO;60 a 64 anos;FEMININO;SUPERIOR COMPLETO;NÃO INFORMADO;NÃO INFORMADO;ITAJAÍ;Brasil;NÃO INFORMADO;SUL;SC;214;3;0;217;0;;217;;18/07/2026 07:17
2026;NÃO INFORMADO;DIVORCIADO;60 a 64 anos;FEMININO;SUPERIOR INCOMPLETO;NÃO INFORMADO;NÃO INFORMADO;ITAJAÍ;Brasil;NÃO INFORMADO;SUL;SC;47;2;0;48;0;;48;;18/07/2026 07:17
2026;NÃO INFORMADO;DIVORCIADO;60 a 64 anos;MASCULINO;ANALFABETO;NÃO INFORMADO;NÃO INFORMADO;ITAJAÍ;Brasil;NÃO INFORMADO;SUL;SC;2;0;0;2;2;;0;;18/07/2026 07:17
2026;NÃO INFORMADO;DIVORCIADO;60 a 64 anos;MASCULINO;ENSINO FUNDAMENTAL COMPLETO;NÃO INFORMADO;NÃO INFORMADO;ITAJAÍ;Brasil;NÃO INFORMADO;SUL;SC;62;1;0;65;0;;65;;18/07/2026 07:17
2026;NÃO INFORMADO;DIVORCIADO;60 a 64 anos;MASCULINO;ENSINO FUNDAMENTAL INCOMPLETO;NÃO INFORMADO;NÃO INFORMADO;ITAJAÍ;Brasil;NÃO INFORMADO;SUL;SC;93;0;0;103;0;;103;;18/07/2026 07:17
2026;NÃO INFORMADO;DIVORCIADO;60 a 64 anos;MASCULINO;ENSINO MÉDIO COMPLETO;NÃO INFORMADO;NÃO INFORMADO;ITAJAÍ;Brasil;NÃO INFORMADO;SUL;SC;126;0;0;129;0;;129;;18/07/2026 07:17
2026;NÃO INFORMADO;DIVORCIADO;60 a 64 anos;MASCULINO;ENSINO MÉDIO INCOMPLETO;NÃO INFORMADO;NÃO INFORMADO;ITAJAÍ;Brasil;NÃO INFORMADO;SUL;SC;28;1;0;28;0;;28;;18/07/2026 07:17
2026;NÃO INFORMADO;DIVORCIADO;60 a 64 anos;MASCULINO;LÊ E ESCREVE;NÃO INFORMADO;NÃO INFORMADO;ITAJAÍ;Brasil;NÃO INFORMADO;SUL;SC;10;1;0;10;0;;10;;18/07/2026 07:17
2026;NÃO INFORMADO;DIVORCIADO;60 a 64 anos;MASCULINO;SUPERIOR COMPLETO;NÃO INFORMADO;NÃO INFORMADO;ITAJAÍ;Brasil;NÃO INFORMADO;SUL;SC;100;2;0;101;0;;101;;18/07/2026 07:17
2026;NÃO INFORMADO;DIVORCIADO;60 a 64 anos;MASCULINO;SUPERIOR INCOMPLETO;NÃO INFORMADO;NÃO INFORMADO;ITAJAÍ;Brasil;NÃO INFORMADO;SUL;SC;46;0;0;48;0;;48;;18/07/2026 07:17
2026;NÃO INFORMADO;DIVORCIADO;65 a 69 anos;FEMININO;ANALFABETO;NÃO INFORMADO;NÃO INFORMADO;ITAJAÍ;Brasil;NÃO INFORMADO;SUL;SC;10;1;0;11;11;;0;;18/07/2026 07:17
2026;NÃO INFORMADO;DIVORCIADO;65 a 69 anos;FEMININO;ENSINO FUNDAMENTAL COMPLETO;NÃO INFORMADO;NÃO INFORMADO;ITAJAÍ;Brasil;NÃO INFORMADO;SUL;SC;92;0;0;93;0;;93;;18/07/2026 07:17
2026;NÃO INFORMADO;DIVORCIADO;65 a 69 anos;FEMININO;ENSINO FUNDAMENTAL INCOMPLETO;NÃO INFORMADO;NÃO INFORMADO;ITAJAÍ;Brasil;NÃO INFORMADO;SUL;SC;189;0;0;190;0;;190;;18/07/2026 07:17
2026;NÃO INFORMADO;DIVORCIADO;65 a 69 anos;FEMININO;ENSINO MÉDIO COMPLETO;NÃO INFORMADO;NÃO INFORMADO;ITAJAÍ;Brasil;NÃO INFORMADO;SUL;SC;158;1;0;160;0;;160;;18/07/2026 07:17
2026;NÃO INFORMADO;DIVORCIADO;65 a 69 anos;FEMININO;ENSINO MÉDIO INCOMPLETO;NÃO INFORMADO;NÃO INFORMADO;ITAJAÍ;Brasil;NÃO INFORMADO;SUL;SC;40;0;0;41;0;;41;;18/07/2026 07:17
2026;NÃO INFORMADO;DIVORCIADO;65 a 69 anos;FEMININO;LÊ E ESCREVE;NÃO INFORMADO;NÃO INFORMADO;ITAJAÍ;Brasil;NÃO INFORMADO;SUL;SC;24;1;0;24;0;;24;;18/07/2026 07:17
2026;NÃO INFORMADO;DIVORCIADO;65 a 69 anos;FEMININO;SUPERIOR COMPLETO;NÃO INFORMADO;NÃO INFORMADO;ITAJAÍ;Brasil;NÃO INFORMADO;SUL;SC;158;1;0;160;0;;160;;18/07/2026 07:17
2026;NÃO INFORMADO;DIVORCIADO;65 a 69 anos;FEMININO;SUPERIOR INCOMPLETO;NÃO INFORMADO;NÃO INFORMADO;ITAJAÍ;Brasil;NÃO INFORMADO;SUL;SC;34;1;0;35;0;;35;;18/07/2026 07:17
2026;NÃO INFORMADO;DIVORCIADO;65 a 69 anos;MASCULINO;ANALFABETO;NÃO INFORMADO;NÃO INFORMADO;ITAJAÍ;Brasil;NÃO INFORMADO;SUL;SC;1;0;0;1;1;;0;;18/07/2026 07:17
2026;NÃO INFORMADO;DIVORCIADO;65 a 69 anos;MASCULINO;ENSINO FUNDAMENTAL COMPLETO;NÃO INFORMADO;NÃO INFORMADO;ITAJAÍ;Brasil;NÃO INFORMADO;SUL;SC;57;0;0;59;0;;59;;18/07/2026 07:17
2026;NÃO INFORMADO;DIVORCIADO;65 a 69 anos;MASCULINO;ENSINO FUNDAMENTAL INCOMPLETO;NÃO INFORMADO;NÃO INFORMADO;ITAJAÍ;Brasil;NÃO INFORMADO;SUL;SC;95;0;0;99;0;;99;;18/07/2026 07:17
2026;NÃO INFORMADO;DIVORCIADO;65 a 69 anos;MASCULINO;ENSINO MÉDIO COMPLETO;NÃO INFORMADO;NÃO INFORMADO;ITAJAÍ;Brasil;NÃO INFORMADO;SUL;SC;74;1;0;77;0;;77;;18/07/2026 07:17
2026;NÃO INFORMADO;DIVORCIADO;65 a 69 anos;MASCULINO;ENSINO MÉDIO INCOMPLETO;NÃO INFORMADO;NÃO INFORMADO;ITAJAÍ;Brasil;NÃO INFORMADO;SUL;SC;27;0;0;27;0;;27;;18/07/2026 07:17
2026;NÃO INFORMADO;DIVORCIADO;65 a 69 anos;MASCULINO;LÊ E ESCREVE;NÃO INFORMADO;NÃO INFORMADO;ITAJAÍ;Brasil;NÃO INFORMADO;SUL;SC;10;0;0;11;0;;11;;18/07/2026 07:17
2026;NÃO INFORMADO;DIVORCIADO;65 a 69 anos;MASCULINO;SUPERIOR COMPLETO;NÃO INFORMADO;NÃO INFORMADO;ITAJAÍ;Brasil;NÃO INFORMADO;SUL;SC;73;0;0;75;0;;75;;18/07/2026 07:17
2026;NÃO INFORMADO;DIVORCIADO;65 a 69 anos;MASCULINO;SUPERIOR INCOMPLETO;NÃO INFORMADO;NÃO INFORMADO;ITAJAÍ;Brasil;NÃO INFORMADO;SUL;SC;25;1;0;26;0;;26;;18/07/2026 07:17
2026;NÃO INFORMADO;DIVORCIADO;70 a 74 anos;FEMININO;ANALFABETO;NÃO INFORMADO;NÃO INFORMADO;ITAJAÍ;Brasil;NÃO INFORMADO;SUL;SC;6;1;0;6;6;;0;;18/07/2026 07:17
2026;NÃO INFORMADO;DIVORCIADO;70 a 74 anos;FEMININO;ENSINO FUNDAMENTAL COMPLETO;NÃO INFORMADO;NÃO INFORMADO;ITAJAÍ;Brasil;NÃO INFORMADO;SUL;SC;52;1;0;52;52;;0;;18/07/2026 07:17
2026;NÃO INFORMADO;DIVORCIADO;70 a 74 anos;FEMININO;ENSINO FUNDAMENTAL INCOMPLETO;NÃO INFORMADO;NÃO INFORMADO;ITAJAÍ;Brasil;NÃO INFORMADO;SUL;SC;169;4;0;170;170;;0;;18/07/2026 07:17
2026;NÃO INFORMADO;DIVORCIADO;70 a 74 anos;FEMININO;ENSINO MÉDIO COMPLETO;NÃO INFORMADO;NÃO INFORMADO;ITAJAÍ;Brasil;NÃO INFORMADO;SUL;SC;89;2;0;89;89;;0;;18/07/2026 07:17
2026;NÃO INFORMADO;DIVORCIADO;70 a 74 anos;FEMININO;ENSINO MÉDIO INCOMPLETO;NÃO INFORMADO;NÃO INFORMADO;ITAJAÍ;Brasil;NÃO INFORMADO;SUL;SC;32;0;0;32;32;;0;;18/07/2026 07:17
2026;NÃO INFORMADO;DIVORCIADO;70 a 74 anos;FEMININO;LÊ E ESCREVE;NÃO INFORMADO;NÃO INFORMADO;ITAJAÍ;Brasil;NÃO INFORMADO;SUL;SC;44;0;0;44;44;;0;;18/07/2026 07:17
2026;NÃO INFORMADO;DIVORCIADO;70 a 74 anos;FEMININO;SUPERIOR COMPLETO;NÃO INFORMADO;NÃO INFORMADO;ITAJAÍ;Brasil;NÃO INFORMADO;SUL;SC;80;2;0;81;81;;0;;18/07/2026 07:17
2026;NÃO INFORMADO;DIVORCIADO;70 a 74 anos;FEMININO;SUPERIOR INCOMPLETO;NÃO INFORMADO;NÃO INFORMADO;ITAJAÍ;Brasil;NÃO INFORMADO;SUL;SC;21;0;0;21;21;;0;;18/07/2026 07:17
2026;NÃO INFORMADO;DIVORCIADO;70 a 74 anos;MASCULINO;ANALFABETO;NÃO INFORMADO;NÃO INFORMADO;ITAJAÍ;Brasil;NÃO INFORMADO;SUL;SC;3;0;0;3;3;;0;;18/07/2026 07:17
2026;NÃO INFORMADO;DIVORCIADO;70 a 74 anos;MASCULINO;ENSINO FUNDAMENTAL COMPLETO;NÃO INFORMADO;NÃO INFORMADO;ITAJAÍ;Brasil;NÃO INFORMADO;SUL;SC;43;1;0;45;45;;0;;18/07/2026 07:17
2026;NÃO INFORMADO;DIVORCIADO;70 a 74 anos;MASCULINO;ENSINO FUNDAMENTAL INCOMPLETO;NÃO INFORMADO;NÃO INFORMADO;ITAJAÍ;Brasil;NÃO INFORMADO;SUL;SC;73;0;0;73;73;;0;;18/07/2026 07:17
2026;NÃO INFORMADO;DIVORCIADO;70 a 74 anos;MASCULINO;ENSINO MÉDIO COMPLETO;NÃO INFORMADO;NÃO INFORMADO;ITAJAÍ;Brasil;NÃO INFORMADO;SUL;SC;61;0;0;62;62;;0;;18/07/2026 07:17
2026;NÃO INFORMADO;DIVORCIADO;70 a 74 anos;MASCULINO;ENSINO MÉDIO INCOMPLETO;NÃO INFORMADO;NÃO INFORMADO;ITAJAÍ;Brasil;NÃO INFORMADO;SUL;SC;18;0;0;18;18;;0;;18/07/2026 07:17
2026;NÃO INFORMADO;DIVORCIADO;70 a 74 anos;MASCULINO;LÊ E ESCREVE;NÃO INFORMADO;NÃO INFORMADO;ITAJAÍ;Brasil;NÃO INFORMADO;SUL;SC;18;1;0;18;18;;0;;18/07/2026 07:17
2026;NÃO INFORMADO;DIVORCIADO;70 a 74 anos;MASCULINO;SUPERIOR COMPLETO;NÃO INFORMADO;NÃO INFORMADO;ITAJAÍ;Brasil;NÃO INFORMADO;SUL;SC;48;0;0;50;50;;0;;18/07/2026 07:17
2026;NÃO INFORMADO;DIVORCIADO;70 a 74 anos;MASCULINO;SUPERIOR INCOMPLETO;NÃO INFORMADO;NÃO INFORMADO;ITAJAÍ;Brasil;NÃO INFORMADO;SUL;SC;21;0;0;21;21;;0;;18/07/2026 07:17
2026;NÃO INFORMADO;DIVORCIADO;75 a 79 anos;FEMININO;ANALFABETO;NÃO INFORMADO;NÃO INFORMADO;ITAJAÍ;Brasil;NÃO INFORMADO;SUL;SC;6;0;0;7;7;;0;;18/07/2026 07:17
2026;NÃO INFORMADO;DIVORCIADO;75 a 79 anos;FEMININO;ENSINO FUNDAMENTAL COMPLETO;NÃO INFORMADO;NÃO INFORMADO;ITAJAÍ;Brasil;NÃO INFORMADO;SUL;SC;28;0;0;28;28;;0;;18/07/2026 07:17
2026;NÃO INFORMADO;DIVORCIADO;75 a 79 anos;FEMININO;ENSINO FUNDAMENTAL INCOMPLETO;NÃO INFORMADO;NÃO INFORMADO;ITAJAÍ;Brasil;NÃO INFORMADO;SUL;SC;79;1;0;80;80;;0;;18/07/2026 07:17
2026;NÃO INFORMADO;DIVORCIADO;75 a 79 anos;FEMININO;ENSINO MÉDIO COMPLETO;NÃO INFORMADO;NÃO INFORMADO;ITAJAÍ;Brasil;NÃO INFORMADO;SUL;SC;33;1;0;33;33;;0;;18/07/2026 07:17
2026;NÃO INFORMADO;DIVORCIADO;75 a 79 anos;FEMININO;ENSINO MÉDIO INCOMPLETO;NÃO INFORMADO;NÃO INFORMADO;ITAJAÍ;Brasil;NÃO INFORMADO;SUL;SC;4;0;0;4;4;;0;;18/07/2026 07:17
2026;NÃO INFORMADO;DIVORCIADO;75 a 79 anos;FEMININO;LÊ E ESCREVE;NÃO INFORMADO;NÃO INFORMADO;ITAJAÍ;Brasil;NÃO INFORMADO;SUL;SC;23;1;0;23;23;;0;;18/07/2026 07:17
2026;NÃO INFORMADO;DIVORCIADO;75 a 79 anos;FEMININO;SUPERIOR COMPLETO;NÃO INFORMADO;NÃO INFORMADO;ITAJAÍ;Brasil;NÃO INFORMADO;SUL;SC;31;0;0;31;31;;0;;18/07/2026 07:17
2026;NÃO INFORMADO;DIVORCIADO;75 a 79 anos;FEMININO;SUPERIOR INCOMPLETO;NÃO INFORMADO;NÃO INFORMADO;ITAJAÍ;Brasil;NÃO INFORMADO;SUL;SC;7;0;0;7;7;;0;;18/07/2026 07:17
2026;NÃO INFORMADO;DIVORCIADO;75 a 79 anos;MASCULINO;ENSINO FUNDAMENTAL COMPLETO;NÃO INFORMADO;NÃO INFORMADO;ITAJAÍ;Brasil;NÃO INFORMADO;SUL;SC;15;1;0;15;15;;0;;18/07/2026 07:17
2026;NÃO INFORMADO;DIVORCIADO;75 a 79 anos;MASCULINO;ENSINO FUNDAMENTAL INCOMPLETO;NÃO INFORMADO;NÃO INFORMADO;ITAJAÍ;Brasil;NÃO INFORMADO;SUL;SC;41;1;0;41;41;;0;;18/07/2026 07:17
2026;NÃO INFORMADO;DIVORCIADO;75 a 79 anos;MASCULINO;ENSINO MÉDIO COMPLETO;NÃO INFORMADO;NÃO INFORMADO;ITAJAÍ;Brasil;NÃO INFORMADO;SUL;SC;32;0;0;32;32;;0;;18/07/2026 07:17
2026;NÃO INFORMADO;DIVORCIADO;75 a 79 anos;MASCULINO;ENSINO MÉDIO INCOMPLETO;NÃO INFORMADO;NÃO INFORMADO;ITAJAÍ;Brasil;NÃO INFORMADO;SUL;SC;10;0;0;10;10;;0;;18/07/2026 07:17
2026;NÃO INFORMADO;DIVORCIADO;75 a 79 anos;MASCULINO;LÊ E ESCREVE;NÃO INFORMADO;NÃO INFORMADO;ITAJAÍ;Brasil;NÃO INFORMADO;SUL;SC;10;0;0;10;10;;0;;18/07/2026 07:17
2026;NÃO INFORMADO;DIVORCIADO;75 a 79 anos;MASCULINO;SUPERIOR COMPLETO;NÃO INFORMADO;NÃO INFORMADO;ITAJAÍ;Brasil;NÃO INFORMADO;SUL;SC;24;0;0;24;24;;0;;18/07/2026 07:17
2026;NÃO INFORMADO;DIVORCIADO;75 a 79 anos;MASCULINO;SUPERIOR INCOMPLETO;NÃO INFORMADO;NÃO INFORMADO;ITAJAÍ;Brasil;NÃO INFORMADO;SUL;SC;6;0;0;7;7;;0;;18/07/2026 07:17
2026;NÃO INFORMADO;DIVORCIADO;80 a 84 anos;FEMININO;ANALFABETO;NÃO INFORMADO;NÃO INFORMADO;ITAJAÍ;Brasil;NÃO INFORMADO;SUL;SC;1;0;0;1;1;;0;;18/07/2026 07:17
2026;NÃO INFORMADO;DIVORCIADO;80 a 84 anos;FEMININO;ENSINO FUNDAMENTAL COMPLETO;NÃO INFORMADO;NÃO INFORMADO;ITAJAÍ;Brasil;NÃO INFORMADO;SUL;SC;6;1;0;6;6;;0;;18/07/2026 07:17
2026;NÃO INFORMADO;DIVORCIADO;80 a 84 anos;FEMININO;ENSINO FUNDAMENTAL INCOMPLETO;NÃO INFORMADO;NÃO INFORMADO;ITAJAÍ;Brasil;NÃO INFORMADO;SUL;SC;18;3;0;18;18;;0;;18/07/2026 07:17
2026;NÃO INFORMADO;DIVORCIADO;80 a 84 anos;FEMININO;ENSINO MÉDIO COMPLETO;NÃO INFORMADO;NÃO INFORMADO;ITAJAÍ;Brasil;NÃO INFORMADO;SUL;SC;10;0;0;11;11;;0;;18/07/2026 07:17
2026;NÃO INFORMADO;DIVORCIADO;80 a 84 anos;FEMININO;ENSINO MÉDIO INCOMPLETO;NÃO INFORMADO;NÃO INFORMADO;ITAJAÍ;Brasil;NÃO INFORMADO;SUL;SC;1;0;0;1;1;;0;;18/07/2026 07:17
2026;NÃO INFORMADO;DIVORCIADO;80 a 84 anos;FEMININO;LÊ E ESCREVE;NÃO INFORMADO;NÃO INFORMADO;ITAJAÍ;Brasil;NÃO INFORMADO;SUL;SC;5;0;0;5;5;;0;;18/07/2026 07:17
2026;NÃO INFORMADO;DIVORCIADO;80 a 84 anos;FEMININO;SUPERIOR COMPLETO;NÃO INFORMADO;NÃO INFORMADO;ITAJAÍ;Brasil;NÃO INFORMADO;SUL;SC;10;0;0;11;11;;0;;18/07/2026 07:17
2026;NÃO INFORMADO;DIVORCIADO;80 a 84 anos;FEMININO;SUPERIOR INCOMPLETO;NÃO INFORMADO;NÃO INFORMADO;ITAJAÍ;Brasil;NÃO INFORMADO;SUL;SC;2;0;0;2;2;;0;;18/07/2026 07:17
2026;NÃO INFORMADO;DIVORCIADO;80 a 84 anos;MASCULINO;ENSINO FUNDAMENTAL COMPLETO;NÃO INFORMADO;NÃO INFORMADO;ITAJAÍ;Brasil;NÃO INFORMADO;SUL;SC;6;0;0;6;6;;0;;18/07/2026 07:17
2026;NÃO INFORMADO;DIVORCIADO;80 a 84 anos;MASCULINO;ENSINO FUNDAMENTAL INCOMPLETO;NÃO INFORMADO;NÃO INFORMADO;ITAJAÍ;Brasil;NÃO INFORMADO;SUL;SC;13;0;0;15;15;;0;;18/07/2026 07:17
2026;NÃO INFORMADO;DIVORCIADO;80 a 84 anos;MASCULINO;ENSINO MÉDIO COMPLETO;NÃO INFORMADO;NÃO INFORMADO;ITAJAÍ;Brasil;NÃO INFORMADO;SUL;SC;11;1;0;11;11;;0;;18/07/2026 07:17
2026;NÃO INFORMADO;DIVORCIADO;80 a 84 anos;MASCULINO;ENSINO MÉDIO INCOMPLETO;NÃO INFORMADO;NÃO INFORMADO;ITAJAÍ;Brasil;NÃO INFORMADO;SUL;SC;1;0;0;1;1;;0;;18/07/2026 07:17
2026;NÃO INFORMADO;DIVORCIADO;80 a 84 anos;MASCULINO;LÊ E ESCREVE;NÃO INFORMADO;NÃO INFORMADO;ITAJAÍ;Brasil;NÃO INFORMADO;SUL;SC;2;0;0;2;2;;0;;18/07/2026 07:17
2026;NÃO INFORMADO;DIVORCIADO;80 a 84 anos;MASCULINO;SUPERIOR COMPLETO;NÃO INFORMADO;NÃO INFORMADO;ITAJAÍ;Brasil;NÃO INFORMADO;SUL;SC;8;1;0;9;9;;0;;18/07/2026 07:17
2026;NÃO INFORMADO;DIVORCIADO;80 a 84 anos;MASCULINO;SUPERIOR INCOMPLETO;NÃO INFORMADO;NÃO INFORMADO;ITAJAÍ;Brasil;NÃO INFORMADO;SUL;SC;2;0;0;2;2;;0;;18/07/2026 07:17
2026;NÃO INFORMADO;DIVORCIADO;85 a 89 anos;FEMININO;ENSINO FUNDAMENTAL COMPLETO;NÃO INFORMADO;NÃO INFORMADO;ITAJAÍ;Brasil;NÃO INFORMADO;SUL;SC;1;0;0;1;1;;0;;18/07/2026 07:17
2026;NÃO INFORMADO;DIVORCIADO;85 a 89 anos;FEMININO;ENSINO FUNDAMENTAL INCOMPLETO;NÃO INFORMADO;NÃO INFORMADO;ITAJAÍ;Brasil;NÃO INFORMADO;SUL;SC;5;0;0;5;5;;0;;18/07/2026 07:17
2026;NÃO INFORMADO;DIVORCIADO;85 a 89 anos;FEMININO;ENSINO MÉDIO COMPLETO;NÃO INFORMADO;NÃO INFORMADO;ITAJAÍ;Brasil;NÃO INFORMADO;SUL;SC;2;0;0;2;2;;0;;18/07/2026 07:17
2026;NÃO INFORMADO;DIVORCIADO;85 a 89 anos;FEMININO;SUPERIOR COMPLETO;NÃO INFORMADO;NÃO INFORMADO;ITAJAÍ;Brasil;NÃO INFORMADO;SUL;SC;1;0;0;1;1;;0;;18/07/2026 07:17
2026;NÃO INFORMADO;DIVORCIADO;85 a 89 anos;MASCULINO;ENSINO FUNDAMENTAL COMPLETO;NÃO INFORMADO;NÃO INFORMADO;ITAJAÍ;Brasil;NÃO INFORMADO;SUL;SC;2;0;0;2;2;;0;;18/07/2026 07:17
2026;NÃO INFORMADO;DIVORCIADO;85 a 89 anos;MASCULINO;ENSINO FUNDAMENTAL INCOMPLETO;NÃO INFORMADO;NÃO INFORMADO;ITAJAÍ;Brasil;NÃO INFORMADO;SUL;SC;3;0;0;3;3;;0;;18/07/2026 07:17
2026;NÃO INFORMADO;DIVORCIADO;85 a 89 anos;MASCULINO;ENSINO MÉDIO COMPLETO;NÃO INFORMADO;NÃO INFORMADO;ITAJAÍ;Brasil;NÃO INFORMADO;SUL;SC;4;0;0;4;4;;0;;18/07/2026 07:17
2026;NÃO INFORMADO;DIVORCIADO;85 a 89 anos;MASCULINO;LÊ E ESCREVE;NÃO INFORMADO;NÃO INFORMADO;ITAJAÍ;Brasil;NÃO INFORMADO;SUL;SC;1;0;0;1;1;;0;;18/07/2026 07:17
2026;NÃO INFORMADO;DIVORCIADO;85 a 89 anos;MASCULINO;SUPERIOR COMPLETO;NÃO INFORMADO;NÃO INFORMADO;ITAJAÍ;Brasil;NÃO INFORMADO;SUL;SC;4;0;0;5;5;;0;;18/07/2026 07:17
2026;NÃO INFORMADO;DIVORCIADO;90 a 94 anos;FEMININO;ENSINO MÉDIO COMPLETO;NÃO INFORMADO;NÃO INFORMADO;ITAJAÍ;Brasil;NÃO INFORMADO;SUL;SC;1;1;0;1;1;;0;;18/07/2026 07:17
2026;NÃO INFORMADO;DIVORCIADO;90 a 94 anos;MASCULINO;ANALFABETO;NÃO INFORMADO;NÃO INFORMADO;ITAJAÍ;Brasil;NÃO INFORMADO;SUL;SC;1;0;0;1;1;;0;;18/07/2026 07:17
2026;NÃO INFORMADO;DIVORCIADO;90 a 94 anos;MASCULINO;ENSINO FUNDAMENTAL INCOMPLETO;NÃO INFORMADO;NÃO INFORMADO;ITAJAÍ;Brasil;NÃO INFORMADO;SUL;SC;5;0;0;5;5;;0;;18/07/2026 07:17
2026;NÃO INFORMADO;DIVORCIADO;90 a 94 anos;MASCULINO;SUPERIOR COMPLETO;NÃO INFORMADO;NÃO INFORMADO;ITAJAÍ;Brasil;NÃO INFORMADO;SUL;SC;1;0;0;1;1;;0;;18/07/2026 07:17
2026;NÃO INFORMADO;SEPARADO JUDICIALMENTE;20 anos;FEMININO;ENSINO MÉDIO INCOMPLETO;NÃO INFORMADO;NÃO INFORMADO;ITAJAÍ;Brasil;NÃO INFORMADO;SUL;SC;0;0;0;1;0;;1;;18/07/2026 07:17
2026;NÃO INFORMADO;SEPARADO JUDICIALMENTE;20 anos;MASCULINO;ENSINO MÉDIO INCOMPLETO;NÃO INFORMADO;NÃO INFORMADO;ITAJAÍ;Brasil;NÃO INFORMADO;SUL;SC;0;0;0;1;0;;1;;18/07/2026 07:17
2026;NÃO INFORMADO;SEPARADO JUDICIALMENTE;21 a 24 anos;FEMININO;ENSINO MÉDIO COMPLETO;NÃO INFORMADO;NÃO INFORMADO;ITAJAÍ;Brasil;NÃO INFORMADO;SUL;SC;1;0;0;4;0;;4;;18/07/2026 07:17
2026;NÃO INFORMADO;SEPARADO JUDICIALMENTE;21 a 24 anos;FEMININO;ENSINO MÉDIO INCOMPLETO;NÃO INFORMADO;NÃO INFORMADO;ITAJAÍ;Brasil;NÃO INFORMADO;SUL;SC;0;0;0;4;0;;4;;18/07/2026 07:17
2026;NÃO INFORMADO;SEPARADO JUDICIALMENTE;21 a 24 anos;FEMININO;SUPERIOR INCOMPLETO;NÃO INFORMADO;NÃO INFORMADO;ITAJAÍ;Brasil;NÃO INFORMADO;SUL;SC;0;0;0;1;0;;1;;18/07/2026 07:17
2026;NÃO INFORMADO;SEPARADO JUDICIALMENTE;21 a 24 anos;MASCULINO;ENSINO MÉDIO COMPLETO;NÃO INFORMADO;NÃO INFORMADO;ITAJAÍ;Brasil;NÃO INFORMADO;SUL;SC;1;0;0;2;0;;2;;18/07/2026 07:17
2026;NÃO INFORMADO;SEPARADO JUDICIALMENTE;21 a 24 anos;MASCULINO;ENSINO MÉDIO INCOMPLETO;NÃO INFORMADO;NÃO INFORMADO;ITAJAÍ;Brasil;NÃO INFORMADO;SUL;SC;0;0;0;2;0;;2;;18/07/2026 07:17
2026;NÃO INFORMADO;SEPARADO JUDICIALMENTE;25 a 29 anos;FEMININO;ENSINO FUNDAMENTAL COMPLETO;NÃO INFORMADO;NÃO INFORMADO;ITAJAÍ;Brasil;NÃO INFORMADO;SUL;SC;1;0;0;1;0;;1;;18/07/2026 07:17
2026;NÃO INFORMADO;SEPARADO JUDICIALMENTE;25 a 29 anos;FEMININO;ENSINO MÉDIO INCOMPLETO;NÃO INFORMADO;NÃO INFORMADO;ITAJAÍ;Brasil;NÃO INFORMADO;SUL;SC;1;0;0;1;0;;1;;18/07/2026 07:17
2026;NÃO INFORMADO;SEPARADO JUDICIALMENTE;25 a 29 anos;FEMININO;SUPERIOR INCOMPLETO;NÃO INFORMADO;NÃO INFORMADO;ITAJAÍ;Brasil;NÃO INFORMADO;SUL;SC;1;0;0;1;0;;1;;18/07/2026 07:17
2026;NÃO INFORMADO;SEPARADO JUDICIALMENTE;25 a 29 anos;MASCULINO;ENSINO MÉDIO INCOMPLETO;NÃO INFORMADO;NÃO INFORMADO;ITAJAÍ;Brasil;NÃO INFORMADO;SUL;SC;1;0;0;1;0;;1;;18/07/2026 07:17
2026;NÃO INFORMADO;SEPARADO JUDICIALMENTE;30 a 34 anos;FEMININO;ENSINO MÉDIO COMPLETO;NÃO INFORMADO;NÃO INFORMADO;ITAJAÍ;Brasil;NÃO INFORMADO;SUL;SC;3;0;0;3;0;;3;;18/07/2026 07:17
2026;NÃO INFORMADO;SEPARADO JUDICIALMENTE;30 a 34 anos;MASCULINO;ENSINO FUNDAMENTAL COMPLETO;NÃO INFORMADO;NÃO INFORMADO;ITAJAÍ;Brasil;NÃO INFORMADO;SUL;SC;1;0;0;1;0;;1;;18/07/2026 07:17
2026;NÃO INFORMADO;SEPARADO JUDICIALMENTE;30 a 34 anos;MASCULINO;ENSINO FUNDAMENTAL INCOMPLETO;NÃO INFORMADO;NÃO INFORMADO;ITAJAÍ;Brasil;NÃO INFORMADO;SUL;SC;1;0;0;1;0;;1;;18/07/2026 07:17
2026;NÃO INFORMADO;SEPARADO JUDICIALMENTE;30 a 34 anos;MASCULINO;ENSINO MÉDIO COMPLETO;NÃO INFORMADO;NÃO INFORMADO;ITAJAÍ;Brasil;NÃO INFORMADO;SUL;SC;1;0;0;1;0;;1;;18/07/2026 07:17
2026;NÃO INFORMADO;SEPARADO JUDICIALMENTE;30 a 34 anos;MASCULINO;ENSINO MÉDIO INCOMPLETO;NÃO INFORMADO;NÃO INFORMADO;ITAJAÍ;Brasil;NÃO INFORMADO;SUL;SC;1;0;0;1;0;;1;;18/07/2026 07:17
2026;NÃO INFORMADO;SEPARADO JUDICIALMENTE;30 a 34 anos;MASCULINO;SUPERIOR INCOMPLETO;NÃO INFORMADO;NÃO INFORMADO;ITAJAÍ;Brasil;NÃO INFORMADO;SUL;SC;1;0;0;1;0;;1;;18/07/2026 07:17
2026;NÃO INFORMADO;SEPARADO JUDICIALMENTE;35 a 39 anos;FEMININO;ENSINO FUNDAMENTAL INCOMPLETO;NÃO INFORMADO;NÃO INFORMADO;ITAJAÍ;Brasil;NÃO INFORMADO;SUL;SC;2;0;0;2;0;;2;;18/07/2026 07:17
2026;NÃO INFORMADO;SEPARADO JUDICIALMENTE;35 a 39 anos;FEMININO;ENSINO MÉDIO COMPLETO;NÃO INFORMADO;NÃO INFORMADO;ITAJAÍ;Brasil;NÃO INFORMADO;SUL;SC;10;0;0;10;0;;10;;18/07/2026 07:17
2026;NÃO INFORMADO;SEPARADO JUDICIALMENTE;35 a 39 anos;FEMININO;ENSINO MÉDIO INCOMPLETO;NÃO INFORMADO;NÃO INFORMADO;ITAJAÍ;Brasil;NÃO INFORMADO;SUL;SC;3;0;0;3;0;;3;;18/07/2026 07:17
2026;NÃO INFORMADO;SEPARADO JUDICIALMENTE;35 a 39 anos;FEMININO;SUPERIOR COMPLETO;NÃO INFORMADO;NÃO INFORMADO;ITAJAÍ;Brasil;NÃO INFORMADO;SUL;SC;5;0;0;5;0;;5;;18/07/2026 07:17
2026;NÃO INFORMADO;SEPARADO JUDICIALMENTE;35 a 39 anos;FEMININO;SUPERIOR INCOMPLETO;NÃO INFORMADO;NÃO INFORMADO;ITAJAÍ;Brasil;NÃO INFORMADO;SUL;SC;2;0;0;3;0;;3;;18/07/2026 07:17
2026;NÃO INFORMADO;SEPARADO JUDICIALMENTE;35 a 39 anos;MASCULINO;ENSINO FUNDAMENTAL COMPLETO;NÃO INFORMADO;NÃO INFORMADO;ITAJAÍ;Brasil;NÃO INFORMADO;SUL;SC;1;0;0;1;0;;1;;18/07/2026 07:17
2026;NÃO INFORMADO;SEPARADO JUDICIALMENTE;35 a 39 anos;MASCULINO;ENSINO MÉDIO COMPLETO;NÃO INFORMADO;NÃO INFORMADO;ITAJAÍ;Brasil;NÃO INFORMADO;SUL;SC;3;0;0;3;0;;3;;18/07/2026 07:17
2026;NÃO INFORMADO;SEPARADO JUDICIALMENTE;35 a 39 anos;MASCULINO;ENSINO MÉDIO INCOMPLETO;NÃO INFORMADO;NÃO INFORMADO;ITAJAÍ;Brasil;NÃO INFORMADO;SUL;SC;2;0;0;2;0;;2;;18/07/2026 07:17
2026;NÃO INFORMADO;SEPARADO JUDICIALMENTE;35 a 39 anos;MASCULINO;SUPERIOR COMPLETO;NÃO INFORMADO;NÃO INFORMADO;ITAJAÍ;Brasil;NÃO INFORMADO;SUL;SC;5;0;0;5;0;;5;;18/07/2026 07:17
2026;NÃO INFORMADO;SEPARADO JUDICIALMENTE;35 a 39 anos;MASCULINO;SUPERIOR INCOMPLETO;NÃO INFORMADO;NÃO INFORMADO;ITAJAÍ;Brasil;NÃO INFORMADO;SUL;SC;1;0;0;1;0;;1;;18/07/2026 07:17
2026;NÃO INFORMADO;SEPARADO JUDICIALMENTE;40 a 44 anos;FEMININO;ENSINO FUNDAMENTAL COMPLETO;NÃO INFORMADO;NÃO INFORMADO;ITAJAÍ;Brasil;NÃO INFORMADO;SUL;SC;4;0;0;5;0;;5;;18/07/2026 07:17
2026;NÃO INFORMADO;SEPARADO JUDICIALMENTE;40 a 44 anos;FEMININO;ENSINO FUNDAMENTAL INCOMPLETO;NÃO INFORMADO;NÃO INFORMADO;ITAJAÍ;Brasil;NÃO INFORMADO;SUL;SC;0;0;0;2;0;;2;;18/07/2026 07:17
2026;NÃO INFORMADO;SEPARADO JUDICIALMENTE;40 a 44 anos;FEMININO;ENSINO MÉDIO COMPLETO;NÃO INFORMADO;NÃO INFORMADO;ITAJAÍ;Brasil;NÃO INFORMADO;SUL;SC;15;0;0;15;0;;15;;18/07/2026 07:17
2026;NÃO INFORMADO;SEPARADO JUDICIALMENTE;40 a 44 anos;FEMININO;ENSINO MÉDIO INCOMPLETO;NÃO INFORMADO;NÃO INFORMADO;ITAJAÍ;Brasil;NÃO INFORMADO;SUL;SC;4;0;0;4;0;;4;;18/07/2026 07:17
2026;NÃO INFORMADO;SEPARADO JUDICIALMENTE;40 a 44 anos;FEMININO;SUPERIOR COMPLETO;NÃO INFORMADO;NÃO INFORMADO;ITAJAÍ;Brasil;NÃO INFORMADO;SUL;SC;10;0;0;10;0;;10;;18/07/2026 07:17
2026;NÃO INFORMADO;SEPARADO JUDICIALMENTE;40 a 44 anos;FEMININO;SUPERIOR INCOMPLETO;NÃO INFORMADO;NÃO INFORMADO;ITAJAÍ;Brasil;NÃO INFORMADO;SUL;SC;6;0;0;6;0;;6;;18/07/2026 07:17
2026;NÃO INFORMADO;SEPARADO JUDICIALMENTE;40 a 44 anos;MASCULINO;ENSINO FUNDAMENTAL COMPLETO;NÃO INFORMADO;NÃO INFORMADO;ITAJAÍ;Brasil;NÃO INFORMADO;SUL;SC;1;0;0;1;0;;1;;18/07/2026 07:17
2026;NÃO INFORMADO;SEPARADO JUDICIALMENTE;40 a 44 anos;MASCULINO;ENSINO FUNDAMENTAL INCOMPLETO;NÃO INFORMADO;NÃO INFORMADO;ITAJAÍ;Brasil;NÃO INFORMADO;SUL;SC;6;0;0;6;0;;6;;18/07/2026 07:17
2026;NÃO INFORMADO;SEPARADO JUDICIALMENTE;40 a 44 anos;MASCULINO;ENSINO MÉDIO COMPLETO;NÃO INFORMADO;NÃO INFORMADO;ITAJAÍ;Brasil;NÃO INFORMADO;SUL;SC;14;0;0;14;0;;14;;18/07/2026 07:17
2026;NÃO INFORMADO;SEPARADO JUDICIALMENTE;40 a 44 anos;MASCULINO;ENSINO MÉDIO INCOMPLETO;NÃO INFORMADO;NÃO INFORMADO;ITAJAÍ;Brasil;NÃO INFORMADO;SUL;SC;8;0;0;9;0;;9;;18/07/2026 07:17
2026;NÃO INFORMADO;SEPARADO JUDICIALMENTE;40 a 44 anos;MASCULINO;SUPERIOR COMPLETO;NÃO INFORMADO;NÃO INFORMADO;ITAJAÍ;Brasil;NÃO INFORMADO;SUL;SC;7;0;0;7;0;;7;;18/07/2026 07:17
2026;NÃO INFORMADO;SEPARADO JUDICIALMENTE;40 a 44 anos;MASCULINO;SUPERIOR INCOMPLETO;NÃO INFORMADO;NÃO INFORMADO;ITAJAÍ;Brasil;NÃO INFORMADO;SUL;SC;7;0;0;8;0;;8;;18/07/2026 07:17
2026;NÃO INFORMADO;SEPARADO JUDICIALMENTE;45 a 49 anos;FEMININO;ENSINO FUNDAMENTAL COMPLETO;NÃO INFORMADO;NÃO INFORMADO;ITAJAÍ;Brasil;NÃO INFORMADO;SUL;SC;3;0;0;3;0;;3;;18/07/2026 07:17
2026;NÃO INFORMADO;SEPARADO JUDICIALMENTE;45 a 49 anos;FEMININO;ENSINO FUNDAMENTAL INCOMPLETO;NÃO INFORMADO;NÃO INFORMADO;ITAJAÍ;Brasil;NÃO INFORMADO;SUL;SC;10;0;0;10;0;;10;;18/07/2026 07:17
2026;NÃO INFORMADO;SEPARADO JUDICIALMENTE;45 a 49 anos;FEMININO;ENSINO MÉDIO COMPLETO;NÃO INFORMADO;NÃO INFORMADO;ITAJAÍ;Brasil;NÃO INFORMADO;SUL;SC;34;0;0;35;0;;35;;18/07/2026 07:17
2026;NÃO INFORMADO;SEPARADO JUDICIALMENTE;45 a 49 anos;FEMININO;ENSINO MÉDIO INCOMPLETO;NÃO INFORMADO;NÃO INFORMADO;ITAJAÍ;Brasil;NÃO INFORMADO;SUL;SC;1;0;0;1;0;;1;;18/07/2026 07:17
2026;NÃO INFORMADO;SEPARADO JUDICIALMENTE;45 a 49 anos;FEMININO;SUPERIOR COMPLETO;NÃO INFORMADO;NÃO INFORMADO;ITAJAÍ;Brasil;NÃO INFORMADO;SUL;SC;28;0;0;29;0;;29;;18/07/2026 07:17
2026;NÃO INFORMADO;SEPARADO JUDICIALMENTE;45 a 49 anos;FEMININO;SUPERIOR INCOMPLETO;NÃO INFORMADO;NÃO INFORMADO;ITAJAÍ;Brasil;NÃO INFORMADO;SUL;SC;14;0;0;14;0;;14;;18/07/2026 07:17
2026;NÃO INFORMADO;SEPARADO JUDICIALMENTE;45 a 49 anos;MASCULINO;ENSINO FUNDAMENTAL COMPLETO;NÃO INFORMADO;NÃO INFORMADO;ITAJAÍ;Brasil;NÃO INFORMADO;SUL;SC;4;0;0;4;0;;4;;18/07/2026 07:17
2026;NÃO INFORMADO;SEPARADO JUDICIALMENTE;45 a 49 anos;MASCULINO;ENSINO FUNDAMENTAL INCOMPLETO;NÃO INFORMADO;NÃO INFORMADO;ITAJAÍ;Brasil;NÃO INFORMADO;SUL;SC;11;0;0;11;0;;11;;18/07/2026 07:17
2026;NÃO INFORMADO;SEPARADO JUDICIALMENTE;45 a 49 anos;MASCULINO;ENSINO MÉDIO COMPLETO;NÃO INFORMADO;NÃO INFORMADO;ITAJAÍ;Brasil;NÃO INFORMADO;SUL;SC;21;0;0;22;0;;22;;18/07/2026 07:17
2026;NÃO INFORMADO;SEPARADO JUDICIALMENTE;45 a 49 anos;MASCULINO;ENSINO MÉDIO INCOMPLETO;NÃO INFORMADO;NÃO INFORMADO;ITAJAÍ;Brasil;NÃO INFORMADO;SUL;SC;4;0;0;4;0;;4;;18/07/2026 07:17
2026;NÃO INFORMADO;SEPARADO JUDICIALMENTE;45 a 49 anos;MASCULINO;SUPERIOR COMPLETO;NÃO INFORMADO;NÃO INFORMADO;ITAJAÍ;Brasil;NÃO INFORMADO;SUL;SC;10;0;0;10;0;;10;;18/07/2026 07:17
2026;NÃO INFORMADO;SEPARADO JUDICIALMENTE;45 a 49 anos;MASCULINO;SUPERIOR INCOMPLETO;NÃO INFORMADO;NÃO INFORMADO;ITAJAÍ;Brasil;NÃO INFORMADO;SUL;SC;9;0;0;9;0;;9;;18/07/2026 07:17
2026;NÃO INFORMADO;SEPARADO JUDICIALMENTE;50 a 54 anos;FEMININO;ENSINO FUNDAMENTAL COMPLETO;NÃO INFORMADO;NÃO INFORMADO;ITAJAÍ;Brasil;NÃO INFORMADO;SUL;SC;20;0;0;20;0;;20;;18/07/2026 07:17
2026;NÃO INFORMADO;SEPARADO JUDICIALMENTE;50 a 54 anos;FEMININO;ENSINO FUNDAMENTAL INCOMPLETO;NÃO INFORMADO;NÃO INFORMADO;ITAJAÍ;Brasil;NÃO INFORMADO;SUL;SC;15;0;0;16;0;;16;;18/07/2026 07:17
2026;NÃO INFORMADO;SEPARADO JUDICIALMENTE;50 a 54 anos;FEMININO;ENSINO MÉDIO COMPLETO;NÃO INFORMADO;NÃO INFORMADO;ITAJAÍ;Brasil;NÃO INFORMADO;SUL;SC;30;0;0;31;0;;31;;18/07/2026 07:17
2026;NÃO INFORMADO;SEPARADO JUDICIALMENTE;50 a 54 anos;FEMININO;ENSINO MÉDIO INCOMPLETO;NÃO INFORMADO;NÃO INFORMADO;ITAJAÍ;Brasil;NÃO INFORMADO;SUL;SC;8;0;0;8;0;;8;;18/07/2026 07:17
2026;NÃO INFORMADO;SEPARADO JUDICIALMENTE;50 a 54 anos;FEMININO;LÊ E ESCREVE;NÃO INFORMADO;NÃO INFORMADO;ITAJAÍ;Brasil;NÃO INFORMADO;SUL;SC;3;0;0;3;0;;3;;18/07/2026 07:17
2026;NÃO INFORMADO;SEPARADO JUDICIALMENTE;50 a 54 anos;FEMININO;SUPERIOR COMPLETO;NÃO INFORMADO;NÃO INFORMADO;ITAJAÍ;Brasil;NÃO INFORMADO;SUL;SC;33;0;0;33;0;;33;;18/07/2026 07:17
2026;NÃO INFORMADO;SEPARADO JUDICIALMENTE;50 a 54 anos;FEMININO;SUPERIOR INCOMPLETO;NÃO INFORMADO;NÃO INFORMADO;ITAJAÍ;Brasil;NÃO INFORMADO;SUL;SC;19;0;0;19;0;;19;;18/07/2026 07:17
2026;NÃO INFORMADO;SEPARADO JUDICIALMENTE;50 a 54 anos;MASCULINO;ENSINO FUNDAMENTAL COMPLETO;NÃO INFORMADO;NÃO INFORMADO;ITAJAÍ;Brasil;NÃO INFORMADO;SUL;SC;9;1;0;9;0;;9;;18/07/2026 07:17
2026;NÃO INFORMADO;SEPARADO JUDICIALMENTE;50 a 54 anos;MASCULINO;ENSINO FUNDAMENTAL INCOMPLETO;NÃO INFORMADO;NÃO INFORMADO;ITAJAÍ;Brasil;NÃO INFORMADO;SUL;SC;20;0;0;21;0;;21;;18/07/2026 07:17
2026;NÃO INFORMADO;SEPARADO JUDICIALMENTE;50 a 54 anos;MASCULINO;ENSINO MÉDIO COMPLETO;NÃO INFORMADO;NÃO INFORMADO;ITAJAÍ;Brasil;NÃO INFORMADO;SUL;SC;17;0;0;18;0;;18;;18/07/2026 07:17
2026;NÃO INFORMADO;SEPARADO JUDICIALMENTE;50 a 54 anos;MASCULINO;ENSINO MÉDIO INCOMPLETO;NÃO INFORMADO;NÃO INFORMADO;ITAJAÍ;Brasil;NÃO INFORMADO;SUL;SC;3;0;0;3;0;;3;;18/07/2026 07:17
2026;NÃO INFORMADO;SEPARADO JUDICIALMENTE;50 a 54 anos;MASCULINO;LÊ E ESCREVE;NÃO INFORMADO;NÃO INFORMADO;ITAJAÍ;Brasil;NÃO INFORMADO;SUL;SC;1;0;0;1;0;;1;;18/07/2026 07:17
2026;NÃO INFORMADO;SEPARADO JUDICIALMENTE;50 a 54 anos;MASCULINO;SUPERIOR COMPLETO;NÃO INFORMADO;NÃO INFORMADO;ITAJAÍ;Brasil;NÃO INFORMADO;SUL;SC;13;0;0;13;0;;13;;18/07/2026 07:17
2026;NÃO INFORMADO;SEPARADO JUDICIALMENTE;50 a 54 anos;MASCULINO;SUPERIOR INCOMPLETO;NÃO INFORMADO;NÃO INFORMADO;ITAJAÍ;Brasil;NÃO INFORMADO;SUL;SC;8;0;0;10;0;;10;;18/07/2026 07:17
2026;NÃO INFORMADO;SEPARADO JUDICIALMENTE;55 a 59 anos;FEMININO;ANALFABETO;NÃO INFORMADO;NÃO INFORMADO;ITAJAÍ;Brasil;NÃO INFORMADO;SUL;SC;4;0;0;4;4;;0;;18/07/2026 07:17
2026;NÃO INFORMADO;SEPARADO JUDICIALMENTE;55 a 59 anos;FEMININO;ENSINO FUNDAMENTAL COMPLETO;NÃO INFORMADO;NÃO INFORMADO;ITAJAÍ;Brasil;NÃO INFORMADO;SUL;SC;25;0;0;25;0;;25;;18/07/2026 07:17
2026;NÃO INFORMADO;SEPARADO JUDICIALMENTE;55 a 59 anos;FEMININO;ENSINO FUNDAMENTAL INCOMPLETO;NÃO INFORMADO;NÃO INFORMADO;ITAJAÍ;Brasil;NÃO INFORMADO;SUL;SC;44;1;0;44;0;;44;;18/07/2026 07:17
2026;NÃO INFORMADO;SEPARADO JUDICIALMENTE;55 a 59 anos;FEMININO;ENSINO MÉDIO COMPLETO;NÃO INFORMADO;NÃO INFORMADO;ITAJAÍ;Brasil;NÃO INFORMADO;SUL;SC;48;0;0;48;0;;48;;18/07/2026 07:17
2026;NÃO INFORMADO;SEPARADO JUDICIALMENTE;55 a 59 anos;FEMININO;ENSINO MÉDIO INCOMPLETO;NÃO INFORMADO;NÃO INFORMADO;ITAJAÍ;Brasil;NÃO INFORMADO;SUL;SC;14;0;0;15;0;;15;;18/07/2026 07:17
2026;NÃO INFORMADO;SEPARADO JUDICIALMENTE;55 a 59 anos;FEMININO;LÊ E ESCREVE;NÃO INFORMADO;NÃO INFORMADO;ITAJAÍ;Brasil;NÃO INFORMADO;SUL;SC;2;0;0;2;0;;2;;18/07/2026 07:17
2026;NÃO INFORMADO;SEPARADO JUDICIALMENTE;55 a 59 anos;FEMININO;SUPERIOR COMPLETO;NÃO INFORMADO;NÃO INFORMADO;ITAJAÍ;Brasil;NÃO INFORMADO;SUL;SC;45;0;0;45;0;;45;;18/07/2026 07:17
2026;NÃO INFORMADO;SEPARADO JUDICIALMENTE;55 a 59 anos;FEMININO;SUPERIOR INCOMPLETO;NÃO INFORMADO;NÃO INFORMADO;ITAJAÍ;Brasil;NÃO INFORMADO;SUL;SC;11;0;0;11;0;;11;;18/07/2026 07:17
2026;NÃO INFORMADO;SEPARADO JUDICIALMENTE;55 a 59 anos;MASCULINO;ANALFABETO;NÃO INFORMADO;NÃO INFORMADO;ITAJAÍ;Brasil;NÃO INFORMADO;SUL;SC;2;0;0;2;2;;0;;18/07/2026 07:17
2026;NÃO INFORMADO;SEPARADO JUDICIALMENTE;55 a 59 anos;MASCULINO;ENSINO FUNDAMENTAL COMPLETO;NÃO INFORMADO;NÃO INFORMADO;ITAJAÍ;Brasil;NÃO INFORMADO;SUL;SC;21;0;0;22;0;;22;;18/07/2026 07:17
2026;NÃO INFORMADO;SEPARADO JUDICIALMENTE;55 a 59 anos;MASCULINO;ENSINO FUNDAMENTAL INCOMPLETO;NÃO INFORMADO;NÃO INFORMADO;ITAJAÍ;Brasil;NÃO INFORMADO;SUL;SC;29;0;0;30;0;;30;;18/07/2026 07:17
2026;NÃO INFORMADO;SEPARADO JUDICIALMENTE;55 a 59 anos;MASCULINO;ENSINO MÉDIO COMPLETO;NÃO INFORMADO;NÃO INFORMADO;ITAJAÍ;Brasil;NÃO INFORMADO;SUL;SC;45;2;0;47;0;;47;;18/07/2026 07:17
2026;NÃO INFORMADO;SEPARADO JUDICIALMENTE;55 a 59 anos;MASCULINO;ENSINO MÉDIO INCOMPLETO;NÃO INFORMADO;NÃO INFORMADO;ITAJAÍ;Brasil;NÃO INFORMADO;SUL;SC;11;0;0;11;0;;11;;18/07/2026 07:17
2026;NÃO INFORMADO;SEPARADO JUDICIALMENTE;55 a 59 anos;MASCULINO;LÊ E ESCREVE;NÃO INFORMADO;NÃO INFORMADO;ITAJAÍ;Brasil;NÃO INFORMADO;SUL;SC;2;0;0;3;0;;3;;18/07/2026 07:17
2026;NÃO INFORMADO;SEPARADO JUDICIALMENTE;55 a 59 anos;MASCULINO;SUPERIOR COMPLETO;NÃO INFORMADO;NÃO INFORMADO;ITAJAÍ;Brasil;NÃO INFORMADO;SUL;SC;25;0;0;25;0;;25;;18/07/2026 07:17
2026;NÃO INFORMADO;SEPARADO JUDICIALMENTE;55 a 59 anos;MASCULINO;SUPERIOR INCOMPLETO;NÃO INFORMADO;NÃO INFORMADO;ITAJAÍ;Brasil;NÃO INFORMADO;SUL;SC;4;0;0;4;0;;4;;18/07/2026 07:17
2026;NÃO INFORMADO;SEPARADO JUDICIALMENTE;60 a 64 anos;FEMININO;ANALFABETO;NÃO INFORMADO;NÃO INFORMADO;ITAJAÍ;Brasil;NÃO INFORMADO;SUL;SC;4;0;0;4;4;;0;;18/07/2026 07:17
2026;NÃO INFORMADO;SEPARADO JUDICIALMENTE;60 a 64 anos;FEMININO;ENSINO FUNDAMENTAL COMPLETO;NÃO INFORMADO;NÃO INFORMADO;ITAJAÍ;Brasil;NÃO INFORMADO;SUL;SC;30;0;0;31;0;;31;;18/07/2026 07:17
2026;NÃO INFORMADO;SEPARADO JUDICIALMENTE;60 a 64 anos;FEMININO;ENSINO FUNDAMENTAL INCOMPLETO;NÃO INFORMADO;NÃO INFORMADO;ITAJAÍ;Brasil;NÃO INFORMADO;SUL;SC;41;0;0;41;0;;41;;18/07/2026 07:17
2026;NÃO INFORMADO;SEPARADO JUDICIALMENTE;60 a 64 anos;FEMININO;ENSINO MÉDIO COMPLETO;NÃO INFORMADO;NÃO INFORMADO;ITAJAÍ;Brasil;NÃO INFORMADO;SUL;SC;60;0;0;60;0;;60;;18/07/2026 07:17
2026;NÃO INFORMADO;SEPARADO JUDICIALMENTE;60 a 64 anos;FEMININO;ENSINO MÉDIO INCOMPLETO;NÃO INFORMADO;NÃO INFORMADO;ITAJAÍ;Brasil;NÃO INFORMADO;SUL;SC;14;0;0;14;0;;14;;18/07/2026 07:17
2026;NÃO INFORMADO;SEPARADO JUDICIALMENTE;60 a 64 anos;FEMININO;LÊ E ESCREVE;NÃO INFORMADO;NÃO INFORMADO;ITAJAÍ;Brasil;NÃO INFORMADO;SUL;SC;7;0;0;7;0;;7;;18/07/2026 07:17
2026;NÃO INFORMADO;SEPARADO JUDICIALMENTE;60 a 64 anos;FEMININO;SUPERIOR COMPLETO;NÃO INFORMADO;NÃO INFORMADO;ITAJAÍ;Brasil;NÃO INFORMADO;SUL;SC;42;0;0;42;0;;42;;18/07/2026 07:17
2026;NÃO INFORMADO;SEPARADO JUDICIALMENTE;60 a 64 anos;FEMININO;SUPERIOR INCOMPLETO;NÃO INFORMADO;NÃO INFORMADO;ITAJAÍ;Brasil;NÃO INFORMADO;SUL;SC;10;0;0;10;0;;10;;18/07/2026 07:17
2026;NÃO INFORMADO;SEPARADO JUDICIALMENTE;60 a 64 anos;MASCULINO;ANALFABETO;NÃO INFORMADO;NÃO INFORMADO;ITAJAÍ;Brasil;NÃO INFORMADO;SUL;SC;2;1;0;2;2;;0;;18/07/2026 07:17
2026;NÃO INFORMADO;SEPARADO JUDICIALMENTE;60 a 64 anos;MASCULINO;ENSINO FUNDAMENTAL COMPLETO;NÃO INFORMADO;NÃO INFORMADO;ITAJAÍ;Brasil;NÃO INFORMADO;SUL;SC;30;1;0;30;0;;30;;18/07/2026 07:17
2026;NÃO INFORMADO;SEPARADO JUDICIALMENTE;60 a 64 anos;MASCULINO;ENSINO FUNDAMENTAL INCOMPLETO;NÃO INFORMADO;NÃO INFORMADO;ITAJAÍ;Brasil;NÃO INFORMADO;SUL;SC;57;2;0;57;0;;57;;18/07/2026 07:17
2026;NÃO INFORMADO;SEPARADO JUDICIALMENTE;60 a 64 anos;MASCULINO;ENSINO MÉDIO COMPLETO;NÃO INFORMADO;NÃO INFORMADO;ITAJAÍ;Brasil;NÃO INFORMADO;SUL;SC;36;0;0;36;0;;36;;18/07/2026 07:17
2026;NÃO INFORMADO;SEPARADO JUDICIALMENTE;60 a 64 anos;MASCULINO;ENSINO MÉDIO INCOMPLETO;NÃO INFORMADO;NÃO INFORMADO;ITAJAÍ;Brasil;NÃO INFORMADO;SUL;SC;9;0;0;9;0;;9;;18/07/2026 07:17
2026;NÃO INFORMADO;SEPARADO JUDICIALMENTE;60 a 64 anos;MASCULINO;LÊ E ESCREVE;NÃO INFORMADO;NÃO INFORMADO;ITAJAÍ;Brasil;NÃO INFORMADO;SUL;SC;7;0;0;7;0;;7;;18/07/2026 07:17
2026;NÃO INFORMADO;SEPARADO JUDICIALMENTE;60 a 64 anos;MASCULINO;SUPERIOR COMPLETO;NÃO INFORMADO;NÃO INFORMADO;ITAJAÍ;Brasil;NÃO INFORMADO;SUL;SC;20;0;0;21;0;;21;;18/07/2026 07:17
2026;NÃO INFORMADO;SEPARADO JUDICIALMENTE;60 a 64 anos;MASCULINO;SUPERIOR INCOMPLETO;NÃO INFORMADO;NÃO INFORMADO;ITAJAÍ;Brasil;NÃO INFORMADO;SUL;SC;8;0;0;8;0;;8;;18/07/2026 07:17
2026;NÃO INFORMADO;SEPARADO JUDICIALMENTE;65 a 69 anos;FEMININO;ANALFABETO;NÃO INFORMADO;NÃO INFORMADO;ITAJAÍ;Brasil;NÃO INFORMADO;SUL;SC;3;1;0;3;3;;0;;18/07/2026 07:17
2026;NÃO INFORMADO;SEPARADO JUDICIALMENTE;65 a 69 anos;FEMININO;ENSINO FUNDAMENTAL COMPLETO;NÃO INFORMADO;NÃO INFORMADO;ITAJAÍ;Brasil;NÃO INFORMADO;SUL;SC;26;0;0;26;0;;26;;18/07/2026 07:17
2026;NÃO INFORMADO;SEPARADO JUDICIALMENTE;65 a 69 anos;FEMININO;ENSINO FUNDAMENTAL INCOMPLETO;NÃO INFORMADO;NÃO INFORMADO;ITAJAÍ;Brasil;NÃO INFORMADO;SUL;SC;44;0;0;44;0;;44;;18/07/2026 07:17
2026;NÃO INFORMADO;SEPARADO JUDICIALMENTE;65 a 69 anos;FEMININO;ENSINO MÉDIO COMPLETO;NÃO INFORMADO;NÃO INFORMADO;ITAJAÍ;Brasil;NÃO INFORMADO;SUL;SC;37;0;0;37;0;;37;;18/07/2026 07:17
2026;NÃO INFORMADO;SEPARADO JUDICIALMENTE;65 a 69 anos;FEMININO;ENSINO MÉDIO INCOMPLETO;NÃO INFORMADO;NÃO INFORMADO;ITAJAÍ;Brasil;NÃO INFORMADO;SUL;SC;16;2;0;16;0;;16;;18/07/2026 07:17
2026;NÃO INFORMADO;SEPARADO JUDICIALMENTE;65 a 69 anos;FEMININO;LÊ E ESCREVE;NÃO INFORMADO;NÃO INFORMADO;ITAJAÍ;Brasil;NÃO INFORMADO;SUL;SC;6;1;0;6;0;;6;;18/07/2026 07:17
2026;NÃO INFORMADO;SEPARADO JUDICIALMENTE;65 a 69 anos;FEMININO;SUPERIOR COMPLETO;NÃO INFORMADO;NÃO INFORMADO;ITAJAÍ;Brasil;NÃO INFORMADO;SUL;SC;40;0;0;40;0;;40;;18/07/2026 07:17
2026;NÃO INFORMADO;SEPARADO JUDICIALMENTE;65 a 69 anos;FEMININO;SUPERIOR INCOMPLETO;NÃO INFORMADO;NÃO INFORMADO;ITAJAÍ;Brasil;NÃO INFORMADO;SUL;SC;8;1;0;8;0;;8;;18/07/2026 07:17
2026;NÃO INFORMADO;SEPARADO JUDICIALMENTE;65 a 69 anos;MASCULINO;ANALFABETO;NÃO INFORMADO;NÃO INFORMADO;ITAJAÍ;Brasil;NÃO INFORMADO;SUL;SC;1;0;0;1;1;;0;;18/07/2026 07:17
2026;NÃO INFORMADO;SEPARADO JUDICIALMENTE;65 a 69 anos;MASCULINO;ENSINO FUNDAMENTAL COMPLETO;NÃO INFORMADO;NÃO INFORMADO;ITAJAÍ;Brasil;NÃO INFORMADO;SUL;SC;30;2;0;31;0;;31;;18/07/2026 07:17
2026;NÃO INFORMADO;SEPARADO JUDICIALMENTE;65 a 69 anos;MASCULINO;ENSINO FUNDAMENTAL INCOMPLETO;NÃO INFORMADO;NÃO INFORMADO;ITAJAÍ;Brasil;NÃO INFORMADO;SUL;SC;39;0;0;40;0;;40;;18/07/2026 07:17
2026;NÃO INFORMADO;SEPARADO JUDICIALMENTE;65 a 69 anos;MASCULINO;ENSINO MÉDIO COMPLETO;NÃO INFORMADO;NÃO INFORMADO;ITAJAÍ;Brasil;NÃO INFORMADO;SUL;SC;21;1;0;23;0;;23;;18/07/2026 07:17
2026;NÃO INFORMADO;SEPARADO JUDICIALMENTE;65 a 69 anos;MASCULINO;ENSINO MÉDIO INCOMPLETO;NÃO INFORMADO;NÃO INFORMADO;ITAJAÍ;Brasil;NÃO INFORMADO;SUL;SC;9;0;0;9;0;;9;;18/07/2026 07:17
2026;NÃO INFORMADO;SEPARADO JUDICIALMENTE;65 a 69 anos;MASCULINO;LÊ E ESCREVE;NÃO INFORMADO;NÃO INFORMADO;ITAJAÍ;Brasil;NÃO INFORMADO;SUL;SC;10;0;0;10;0;;10;;18/07/2026 07:17
2026;NÃO INFORMADO;SEPARADO JUDICIALMENTE;65 a 69 anos;MASCULINO;SUPERIOR COMPLETO;NÃO INFORMADO;NÃO INFORMADO;ITAJAÍ;Brasil;NÃO INFORMADO;SUL;SC;13;0;0;15;0;;15;;18/07/2026 07:17
2026;NÃO INFORMADO;SEPARADO JUDICIALMENTE;65 a 69 anos;MASCULINO;SUPERIOR INCOMPLETO;NÃO INFORMADO;NÃO INFORMADO;ITAJAÍ;Brasil;NÃO INFORMADO;SUL;SC;11;1;0;12;0;;12;;18/07/2026 07:17
2026;NÃO INFORMADO;SEPARADO JUDICIALMENTE;70 a 74 anos;FEMININO;ANALFABETO;NÃO INFORMADO;NÃO INFORMADO;ITAJAÍ;Brasil;NÃO INFORMADO;SUL;SC;3;0;0;3;3;;0;;18/07/2026 07:17
2026;NÃO INFORMADO;SEPARADO JUDICIALMENTE;70 a 74 anos;FEMININO;ENSINO FUNDAMENTAL COMPLETO;NÃO INFORMADO;NÃO INFORMADO;ITAJAÍ;Brasil;NÃO INFORMADO;SUL;SC;10;0;0;10;10;;0;;18/07/2026 07:17
2026;NÃO INFORMADO;SEPARADO JUDICIALMENTE;70 a 74 anos;FEMININO;ENSINO FUNDAMENTAL INCOMPLETO;NÃO INFORMADO;NÃO INFORMADO;ITAJAÍ;Brasil;NÃO INFORMADO;SUL;SC;52;2;0;52;52;;0;;18/07/2026 07:17
2026;NÃO INFORMADO;SEPARADO JUDICIALMENTE;70 a 74 anos;FEMININO;ENSINO MÉDIO COMPLETO;NÃO INFORMADO;NÃO INFORMADO;ITAJAÍ;Brasil;NÃO INFORMADO;SUL;SC;33;1;0;33;33;;0;;18/07/2026 07:17
2026;NÃO INFORMADO;SEPARADO JUDICIALMENTE;70 a 74 anos;FEMININO;ENSINO MÉDIO INCOMPLETO;NÃO INFORMADO;NÃO INFORMADO;ITAJAÍ;Brasil;NÃO INFORMADO;SUL;SC;7;0;0;7;7;;0;;18/07/2026 07:17
2026;NÃO INFORMADO;SEPARADO JUDICIALMENTE;70 a 74 anos;FEMININO;LÊ E ESCREVE;NÃO INFORMADO;NÃO INFORMADO;ITAJAÍ;Brasil;NÃO INFORMADO;SUL;SC;12;1;0;12;12;;0;;18/07/2026 07:17
2026;NÃO INFORMADO;SEPARADO JUDICIALMENTE;70 a 74 anos;FEMININO;SUPERIOR COMPLETO;NÃO INFORMADO;NÃO INFORMADO;ITAJAÍ;Brasil;NÃO INFORMADO;SUL;SC;16;0;0;17;17;;0;;18/07/2026 07:17
2026;NÃO INFORMADO;SEPARADO JUDICIALMENTE;70 a 74 anos;FEMININO;SUPERIOR INCOMPLETO;NÃO INFORMADO;NÃO INFORMADO;ITAJAÍ;Brasil;NÃO INFORMADO;SUL;SC;10;0;0;10;10;;0;;18/07/2026 07:17
2026;NÃO INFORMADO;SEPARADO JUDICIALMENTE;70 a 74 anos;MASCULINO;ENSINO FUNDAMENTAL COMPLETO;NÃO INFORMADO;NÃO INFORMADO;ITAJAÍ;Brasil;NÃO INFORMADO;SUL;SC;9;1;0;9;9;;0;;18/07/2026 07:17
2026;NÃO INFORMADO;SEPARADO JUDICIALMENTE;70 a 74 anos;MASCULINO;ENSINO FUNDAMENTAL INCOMPLETO;NÃO INFORMADO;NÃO INFORMADO;ITAJAÍ;Brasil;NÃO INFORMADO;SUL;SC;34;1;0;35;35;;0;;18/07/2026 07:17
2026;NÃO INFORMADO;SEPARADO JUDICIALMENTE;70 a 74 anos;MASCULINO;ENSINO MÉDIO COMPLETO;NÃO INFORMADO;NÃO INFORMADO;ITAJAÍ;Brasil;NÃO INFORMADO;SUL;SC;20;0;0;20;20;;0;;18/07/2026 07:17
2026;NÃO INFORMADO;SEPARADO JUDICIALMENTE;70 a 74 anos;MASCULINO;ENSINO MÉDIO INCOMPLETO;NÃO INFORMADO;NÃO INFORMADO;ITAJAÍ;Brasil;NÃO INFORMADO;SUL;SC;12;0;0;12;12;;0;;18/07/2026 07:17
2026;NÃO INFORMADO;SEPARADO JUDICIALMENTE;70 a 74 anos;MASCULINO;LÊ E ESCREVE;NÃO INFORMADO;NÃO INFORMADO;ITAJAÍ;Brasil;NÃO INFORMADO;SUL;SC;9;1;0;9;9;;0;;18/07/2026 07:17
2026;NÃO INFORMADO;SEPARADO JUDICIALMENTE;70 a 74 anos;MASCULINO;SUPERIOR COMPLETO;NÃO INFORMADO;NÃO INFORMADO;ITAJAÍ;Brasil;NÃO INFORMADO;SUL;SC;3;0;0;3;3;;0;;18/07/2026 07:17
2026;NÃO INFORMADO;SEPARADO JUDICIALMENTE;70 a 74 anos;MASCULINO;SUPERIOR INCOMPLETO;NÃO INFORMADO;NÃO INFORMADO;ITAJAÍ;Brasil;NÃO INFORMADO;SUL;SC;3;0;0;3;3;;0;;18/07/2026 07:17
2026;NÃO INFORMADO;SEPARADO JUDICIALMENTE;75 a 79 anos;FEMININO;ENSINO FUNDAMENTAL COMPLETO;NÃO INFORMADO;NÃO INFORMADO;ITAJAÍ;Brasil;NÃO INFORMADO;SUL;SC;8;0;0;8;8;;0;;18/07/2026 07:17
2026;NÃO INFORMADO;SEPARADO JUDICIALMENTE;75 a 79 anos;FEMININO;ENSINO FUNDAMENTAL INCOMPLETO;NÃO INFORMADO;NÃO INFORMADO;ITAJAÍ;Brasil;NÃO INFORMADO;SUL;SC;17;0;0;17;17;;0;;18/07/2026 07:17
2026;NÃO INFORMADO;SEPARADO JUDICIALMENTE;75 a 79 anos;FEMININO;ENSINO MÉDIO COMPLETO;NÃO INFORMADO;NÃO INFORMADO;ITAJAÍ;Brasil;NÃO INFORMADO;SUL;SC;14;0;0;14;14;;0;;18/07/2026 07:17
2026;NÃO INFORMADO;SEPARADO JUDICIALMENTE;75 a 79 anos;FEMININO;ENSINO MÉDIO INCOMPLETO;NÃO INFORMADO;NÃO INFORMADO;ITAJAÍ;Brasil;NÃO INFORMADO;SUL;SC;4;0;0;4;4;;0;;18/07/2026 07:17
2026;NÃO INFORMADO;SEPARADO JUDICIALMENTE;75 a 79 anos;FEMININO;LÊ E ESCREVE;NÃO INFORMADO;NÃO INFORMADO;ITAJAÍ;Brasil;NÃO INFORMADO;SUL;SC;4;1;0;4;4;;0;;18/07/2026 07:17
2026;NÃO INFORMADO;SEPARADO JUDICIALMENTE;75 a 79 anos;FEMININO;SUPERIOR COMPLETO;NÃO INFORMADO;NÃO INFORMADO;ITAJAÍ;Brasil;NÃO INFORMADO;SUL;SC;12;2;0;12;12;;0;;18/07/2026 07:17
2026;NÃO INFORMADO;SEPARADO JUDICIALMENTE;75 a 79 anos;MASCULINO;ENSINO FUNDAMENTAL COMPLETO;NÃO INFORMADO;NÃO INFORMADO;ITAJAÍ;Brasil;NÃO INFORMADO;SUL;SC;4;0;0;5;5;;0;;18/07/2026 07:17
2026;NÃO INFORMADO;SEPARADO JUDICIALMENTE;75 a 79 anos;MASCULINO;ENSINO FUNDAMENTAL INCOMPLETO;NÃO INFORMADO;NÃO INFORMADO;ITAJAÍ;Brasil;NÃO INFORMADO;SUL;SC;19;0;0;19;19;;0;;18/07/2026 07:17
2026;NÃO INFORMADO;SEPARADO JUDICIALMENTE;75 a 79 anos;MASCULINO;ENSINO MÉDIO COMPLETO;NÃO INFORMADO;NÃO INFORMADO;ITAJAÍ;Brasil;NÃO INFORMADO;SUL;SC;14;0;0;14;14;;0;;18/07/2026 07:17
2026;NÃO INFORMADO;SEPARADO JUDICIALMENTE;75 a 79 anos;MASCULINO;ENSINO MÉDIO INCOMPLETO;NÃO INFORMADO;NÃO INFORMADO;ITAJAÍ;Brasil;NÃO INFORMADO;SUL;SC;1;0;0;1;1;;0;;18/07/2026 07:17
2026;NÃO INFORMADO;SEPARADO JUDICIALMENTE;75 a 79 anos;MASCULINO;LÊ E ESCREVE;NÃO INFORMADO;NÃO INFORMADO;ITAJAÍ;Brasil;NÃO INFORMADO;SUL;SC;4;0;0;4;4;;0;;18/07/2026 07:17
2026;NÃO INFORMADO;SEPARADO JUDICIALMENTE;75 a 79 anos;MASCULINO;SUPERIOR COMPLETO;NÃO INFORMADO;NÃO INFORMADO;ITAJAÍ;Brasil;NÃO INFORMADO;SUL;SC;9;0;0;9;9;;0;;18/07/2026 07:17
2026;NÃO INFORMADO;SEPARADO JUDICIALMENTE;75 a 79 anos;MASCULINO;SUPERIOR INCOMPLETO;NÃO INFORMADO;NÃO INFORMADO;ITAJAÍ;Brasil;NÃO INFORMADO;SUL;SC;4;0;0;4;4;;0;;18/07/2026 07:17
2026;NÃO INFORMADO;SEPARADO JUDICIALMENTE;80 a 84 anos;FEMININO;ENSINO FUNDAMENTAL INCOMPLETO;NÃO INFORMADO;NÃO INFORMADO;ITAJAÍ;Brasil;NÃO INFORMADO;SUL;SC;7;0;0;7;7;;0;;18/07/2026 07:17
2026;NÃO INFORMADO;SEPARADO JUDICIALMENTE;80 a 84 anos;FEMININO;ENSINO MÉDIO COMPLETO;NÃO INFORMADO;NÃO INFORMADO;ITAJAÍ;Brasil;NÃO INFORMADO;SUL;SC;3;0;0;3;3;;0;;18/07/2026 07:17
2026;NÃO INFORMADO;SEPARADO JUDICIALMENTE;80 a 84 anos;FEMININO;ENSINO MÉDIO INCOMPLETO;NÃO INFORMADO;NÃO INFORMADO;ITAJAÍ;Brasil;NÃO INFORMADO;SUL;SC;2;0;0;2;2;;0;;18/07/2026 07:17
2026;NÃO INFORMADO;SEPARADO JUDICIALMENTE;80 a 84 anos;FEMININO;LÊ E ESCREVE;NÃO INFORMADO;NÃO INFORMADO;ITAJAÍ;Brasil;NÃO INFORMADO;SUL;SC;1;0;0;1;1;;0;;18/07/2026 07:17
2026;NÃO INFORMADO;SEPARADO JUDICIALMENTE;80 a 84 anos;FEMININO;SUPERIOR COMPLETO;NÃO INFORMADO;NÃO INFORMADO;ITAJAÍ;Brasil;NÃO INFORMADO;SUL;SC;4;0;0;4;4;;0;;18/07/2026 07:17
2026;NÃO INFORMADO;SEPARADO JUDICIALMENTE;80 a 84 anos;MASCULINO;ANALFABETO;NÃO INFORMADO;NÃO INFORMADO;ITAJAÍ;Brasil;NÃO INFORMADO;SUL;SC;1;0;0;1;1;;0;;18/07/2026 07:17
2026;NÃO INFORMADO;SEPARADO JUDICIALMENTE;80 a 84 anos;MASCULINO;ENSINO FUNDAMENTAL COMPLETO;NÃO INFORMADO;NÃO INFORMADO;ITAJAÍ;Brasil;NÃO INFORMADO;SUL;SC;3;0;0;4;4;;0;;18/07/2026 07:17
2026;NÃO INFORMADO;SEPARADO JUDICIALMENTE;80 a 84 anos;MASCULINO;ENSINO FUNDAMENTAL INCOMPLETO;NÃO INFORMADO;NÃO INFORMADO;ITAJAÍ;Brasil;NÃO INFORMADO;SUL;SC;3;0;0;3;3;;0;;18/07/2026 07:17
2026;NÃO INFORMADO;SEPARADO JUDICIALMENTE;80 a 84 anos;MASCULINO;ENSINO MÉDIO COMPLETO;NÃO INFORMADO;NÃO INFORMADO;ITAJAÍ;Brasil;NÃO INFORMADO;SUL;SC;1;0;0;1;1;;0;;18/07/2026 07:17
2026;NÃO INFORMADO;SEPARADO JUDICIALMENTE;80 a 84 anos;MASCULINO;LÊ E ESCREVE;NÃO INFORMADO;NÃO INFORMADO;ITAJAÍ;Brasil;NÃO INFORMADO;SUL;SC;4;0;0;4;4;;0;;18/07/2026 07:17
2026;NÃO INFORMADO;SEPARADO JUDICIALMENTE;80 a 84 anos;MASCULINO;SUPERIOR COMPLETO;NÃO INFORMADO;NÃO INFORMADO;ITAJAÍ;Brasil;NÃO INFORMADO;SUL;SC;2;0;0;2;2;;0;;18/07/2026 07:17
2026;NÃO INFORMADO;SEPARADO JUDICIALMENTE;85 a 89 anos;FEMININO;ENSINO FUNDAMENTAL INCOMPLETO;NÃO INFORMADO;NÃO INFORMADO;ITAJAÍ;Brasil;NÃO INFORMADO;SUL;SC;3;1;0;3;3;;0;;18/07/2026 07:17
2026;NÃO INFORMADO;SEPARADO JUDICIALMENTE;85 a 89 anos;FEMININO;LÊ E ESCREVE;NÃO INFORMADO;NÃO INFORMADO;ITAJAÍ;Brasil;NÃO INFORMADO;SUL;SC;1;0;0;1;1;;0;;18/07/2026 07:17
2026;NÃO INFORMADO;SEPARADO JUDICIALMENTE;85 a 89 anos;MASCULINO;ENSINO FUNDAMENTAL INCOMPLETO;NÃO INFORMADO;NÃO INFORMADO;ITAJAÍ;Brasil;NÃO INFORMADO;SUL;SC;1;0;0;1;1;;0;;18/07/2026 07:17
2026;NÃO INFORMADO;SEPARADO JUDICIALMENTE;85 a 89 anos;MASCULINO;ENSINO MÉDIO COMPLETO;NÃO INFORMADO;NÃO INFORMADO;ITAJAÍ;Brasil;NÃO INFORMADO;SUL;SC;1;0;0;1;1;;0;;18/07/2026 07:17
2026;NÃO INFORMADO;SEPARADO JUDICIALMENTE;85 a 89 anos;MASCULINO;SUPERIOR COMPLETO;NÃO INFORMADO;NÃO INFORMADO;ITAJAÍ;Brasil;NÃO INFORMADO;SUL;SC;1;0;0;1;1;;0;;18/07/2026 07:17
2026;NÃO INFORMADO;SEPARADO JUDICIALMENTE;90 a 94 anos;MASCULINO;ENSINO FUNDAMENTAL INCOMPLETO;NÃO INFORMADO;NÃO INFORMADO;ITAJAÍ;Brasil;NÃO INFORMADO;SUL;SC;1;0;0;1;1;;0;;18/07/2026 07:17
2026;NÃO INFORMADO;SEPARADO JUDICIALMENTE;95 a 99 anos;FEMININO;ANALFABETO;NÃO INFORMADO;NÃO INFORMADO;ITAJAÍ;Brasil;NÃO INFORMADO;SUL;SC;1;1;0;1;1;;0;;18/07/2026 07:17
2026;NÃO INFORMADO;SEPARADO JUDICIALMENTE;95 a 99 anos;FEMININO;ENSINO FUNDAMENTAL INCOMPLETO;NÃO INFORMADO;NÃO INFORMADO;ITAJAÍ;Brasil;NÃO INFORMADO;SUL;SC;1;0;0;1;1;;0;;18/07/2026 07:17
2026;NÃO INFORMADO;SOLTEIRO;20 anos;FEMININO;ENSINO FUNDAMENTAL COMPLETO;NÃO INFORMADO;NÃO INFORMADO;ITAJAÍ;Brasil;NÃO INFORMADO;SUL;SC;0;0;0;27;0;;27;;18/07/2026 07:17
2026;NÃO INFORMADO;SOLTEIRO;20 anos;FEMININO;ENSINO FUNDAMENTAL INCOMPLETO;NÃO INFORMADO;NÃO INFORMADO;ITAJAÍ;Brasil;NÃO INFORMADO;SUL;SC;0;0;0;13;0;;13;;18/07/2026 07:17
2026;NÃO INFORMADO;SOLTEIRO;20 anos;FEMININO;ENSINO MÉDIO COMPLETO;NÃO INFORMADO;NÃO INFORMADO;ITAJAÍ;Brasil;NÃO INFORMADO;SUL;SC;0;0;0;2;0;;2;;18/07/2026 07:17
2026;NÃO INFORMADO;SOLTEIRO;20 anos;FEMININO;ENSINO MÉDIO INCOMPLETO;NÃO INFORMADO;NÃO INFORMADO;ITAJAÍ;Brasil;NÃO INFORMADO;SUL;SC;5;1;1;206;0;;206;;18/07/2026 07:17
2026;NÃO INFORMADO;SOLTEIRO;20 anos;MASCULINO;ENSINO FUNDAMENTAL COMPLETO;NÃO INFORMADO;NÃO INFORMADO;ITAJAÍ;Brasil;NÃO INFORMADO;SUL;SC;0;0;0;17;0;;17;;18/07/2026 07:17
2026;NÃO INFORMADO;SOLTEIRO;20 anos;MASCULINO;ENSINO FUNDAMENTAL INCOMPLETO;NÃO INFORMADO;NÃO INFORMADO;ITAJAÍ;Brasil;NÃO INFORMADO;SUL;SC;1;0;0;11;0;;11;;18/07/2026 07:17
2026;NÃO INFORMADO;SOLTEIRO;20 anos;MASCULINO;ENSINO MÉDIO COMPLETO;NÃO INFORMADO;NÃO INFORMADO;ITAJAÍ;Brasil;NÃO INFORMADO;SUL;SC;0;0;0;7;0;;7;;18/07/2026 07:17
2026;NÃO INFORMADO;SOLTEIRO;20 anos;MASCULINO;ENSINO MÉDIO INCOMPLETO;NÃO INFORMADO;NÃO INFORMADO;ITAJAÍ;Brasil;NÃO INFORMADO;SUL;SC;10;0;0;171;0;;171;;18/07/2026 07:17
2026;NÃO INFORMADO;SOLTEIRO;21 a 24 anos;FEMININO;ANALFABETO;NÃO INFORMADO;NÃO INFORMADO;ITAJAÍ;Brasil;NÃO INFORMADO;SUL;SC;0;0;0;1;1;;0;;18/07/2026 07:17
2026;NÃO INFORMADO;SOLTEIRO;21 a 24 anos;FEMININO;ENSINO FUNDAMENTAL COMPLETO;NÃO INFORMADO;NÃO INFORMADO;ITAJAÍ;Brasil;NÃO INFORMADO;SUL;SC;39;0;0;136;0;;136;;18/07/2026 07:17
2026;NÃO INFORMADO;SOLTEIRO;21 a 24 anos;FEMININO;ENSINO FUNDAMENTAL INCOMPLETO;NÃO INFORMADO;NÃO INFORMADO;ITAJAÍ;Brasil;NÃO INFORMADO;SUL;SC;13;1;0;64;0;;64;;18/07/2026 07:17
2026;NÃO INFORMADO;SOLTEIRO;21 a 24 anos;FEMININO;ENSINO MÉDIO COMPLETO;NÃO INFORMADO;NÃO INFORMADO;ITAJAÍ;Brasil;NÃO INFORMADO;SUL;SC;433;5;2;1389;0;;1389;;18/07/2026 07:17
2026;NÃO INFORMADO;SOLTEIRO;21 a 24 anos;FEMININO;ENSINO MÉDIO INCOMPLETO;NÃO INFORMADO;NÃO INFORMADO;ITAJAÍ;Brasil;NÃO INFORMADO;SUL;SC;593;8;1;1481;0;;1481;;18/07/2026 07:17
2026;NÃO INFORMADO;SOLTEIRO;21 a 24 anos;FEMININO;LÊ E ESCREVE;NÃO INFORMADO;NÃO INFORMADO;ITAJAÍ;Brasil;NÃO INFORMADO;SUL;SC;0;0;0;6;0;;6;;18/07/2026 07:17
2026;NÃO INFORMADO;SOLTEIRO;21 a 24 anos;FEMININO;SUPERIOR COMPLETO;NÃO INFORMADO;NÃO INFORMADO;ITAJAÍ;Brasil;NÃO INFORMADO;SUL;SC;2;0;0;7;0;;7;;18/07/2026 07:17
2026;NÃO INFORMADO;SOLTEIRO;21 a 24 anos;FEMININO;SUPERIOR INCOMPLETO;NÃO INFORMADO;NÃO INFORMADO;ITAJAÍ;Brasil;NÃO INFORMADO;SUL;SC;106;0;0;281;0;;281;;18/07/2026 07:17
2026;NÃO INFORMADO;SOLTEIRO;21 a 24 anos;MASCULINO;ANALFABETO;NÃO INFORMADO;NÃO INFORMADO;ITAJAÍ;Brasil;NÃO INFORMADO;SUL;SC;3;4;0;6;6;;0;;18/07/2026 07:17
2026;NÃO INFORMADO;SOLTEIRO;21 a 24 anos;MASCULINO;ENSINO FUNDAMENTAL COMPLETO;NÃO INFORMADO;NÃO INFORMADO;ITAJAÍ;Brasil;NÃO INFORMADO;SUL;SC;31;4;0;119;0;;119;;18/07/2026 07:17
2026;NÃO INFORMADO;SOLTEIRO;21 a 24 anos;MASCULINO;ENSINO FUNDAMENTAL INCOMPLETO;NÃO INFORMADO;NÃO INFORMADO;ITAJAÍ;Brasil;NÃO INFORMADO;SUL;SC;32;2;0;96;0;;96;;18/07/2026 07:17
2026;NÃO INFORMADO;SOLTEIRO;21 a 24 anos;MASCULINO;ENSINO MÉDIO COMPLETO;NÃO INFORMADO;NÃO INFORMADO;ITAJAÍ;Brasil;NÃO INFORMADO;SUL;SC;350;15;0;1091;0;;1091;;18/07/2026 07:17
2026;NÃO INFORMADO;SOLTEIRO;21 a 24 anos;MASCULINO;ENSINO MÉDIO INCOMPLETO;NÃO INFORMADO;NÃO INFORMADO;ITAJAÍ;Brasil;NÃO INFORMADO;SUL;SC;683;14;0;1629;0;;1629;;18/07/2026 07:17
2026;NÃO INFORMADO;SOLTEIRO;21 a 24 anos;MASCULINO;LÊ E ESCREVE;NÃO INFORMADO;NÃO INFORMADO;ITAJAÍ;Brasil;NÃO INFORMADO;SUL;SC;0;0;0;4;0;;4;;18/07/2026 07:17
2026;NÃO INFORMADO;SOLTEIRO;21 a 24 anos;MASCULINO;SUPERIOR COMPLETO;NÃO INFORMADO;NÃO INFORMADO;ITAJAÍ;Brasil;NÃO INFORMADO;SUL;SC;3;0;0;9;0;;9;;18/07/2026 07:17
2026;NÃO INFORMADO;SOLTEIRO;21 a 24 anos;MASCULINO;SUPERIOR INCOMPLETO;NÃO INFORMADO;NÃO INFORMADO;ITAJAÍ;Brasil;NÃO INFORMADO;SUL;SC;87;1;0;233;0;;233;;18/07/2026 07:17
2026;NÃO INFORMADO;SOLTEIRO;25 a 29 anos;FEMININO;ANALFABETO;NÃO INFORMADO;NÃO INFORMADO;ITAJAÍ;Brasil;NÃO INFORMADO;SUL;SC;3;1;0;3;3;;0;;18/07/2026 07:17
2026;NÃO INFORMADO;SOLTEIRO;25 a 29 anos;FEMININO;ENSINO FUNDAMENTAL COMPLETO;NÃO INFORMADO;NÃO INFORMADO;ITAJAÍ;Brasil;NÃO INFORMADO;SUL;SC;270;0;0;297;0;;297;;18/07/2026 07:17
2026;NÃO INFORMADO;SOLTEIRO;25 a 29 anos;FEMININO;ENSINO FUNDAMENTAL INCOMPLETO;NÃO INFORMADO;NÃO INFORMADO;ITAJAÍ;Brasil;NÃO INFORMADO;SUL;SC;175;2;0;200;0;;200;;18/07/2026 07:17
2026;NÃO INFORMADO;SOLTEIRO;25 a 29 anos;FEMININO;ENSINO MÉDIO COMPLETO;NÃO INFORMADO;NÃO INFORMADO;ITAJAÍ;Brasil;NÃO INFORMADO;SUL;SC;2348;4;0;2534;0;;2534;;18/07/2026 07:17
2026;NÃO INFORMADO;SOLTEIRO;25 a 29 anos;FEMININO;ENSINO MÉDIO INCOMPLETO;NÃO INFORMADO;NÃO INFORMADO;ITAJAÍ;Brasil;NÃO INFORMADO;SUL;SC;1590;2;1;1656;0;;1656;;18/07/2026 07:17
2026;NÃO INFORMADO;SOLTEIRO;25 a 29 anos;FEMININO;LÊ E ESCREVE;NÃO INFORMADO;NÃO INFORMADO;ITAJAÍ;Brasil;NÃO INFORMADO;SUL;SC;2;0;0;2;0;;2;;18/07/2026 07:17
2026;NÃO INFORMADO;SOLTEIRO;25 a 29 anos;FEMININO;SUPERIOR COMPLETO;NÃO INFORMADO;NÃO INFORMADO;ITAJAÍ;Brasil;NÃO INFORMADO;SUL;SC;115;0;0;126;0;;126;;18/07/2026 07:17
2026;NÃO INFORMADO;SOLTEIRO;25 a 29 anos;FEMININO;SUPERIOR INCOMPLETO;NÃO INFORMADO;NÃO INFORMADO;ITAJAÍ;Brasil;NÃO INFORMADO;SUL;SC;1558;2;0;1640;0;;1640;;18/07/2026 07:17
2026;NÃO INFORMADO;SOLTEIRO;25 a 29 anos;MASCULINO;ANALFABETO;NÃO INFORMADO;NÃO INFORMADO;ITAJAÍ;Brasil;NÃO INFORMADO;SUL;SC;10;4;0;12;12;;0;;18/07/2026 07:17
2026;NÃO INFORMADO;SOLTEIRO;25 a 29 anos;MASCULINO;ENSINO FUNDAMENTAL COMPLETO;NÃO INFORMADO;NÃO INFORMADO;ITAJAÍ;Brasil;NÃO INFORMADO;SUL;SC;306;2;0;320;0;;320;;18/07/2026 07:17
2026;NÃO INFORMADO;SOLTEIRO;25 a 29 anos;MASCULINO;ENSINO FUNDAMENTAL INCOMPLETO;NÃO INFORMADO;NÃO INFORMADO;ITAJAÍ;Brasil;NÃO INFORMADO;SUL;SC;204;2;0;221;0;;221;;18/07/2026 07:17
2026;NÃO INFORMADO;SOLTEIRO;25 a 29 anos;MASCULINO;ENSINO MÉDIO COMPLETO;NÃO INFORMADO;NÃO INFORMADO;ITAJAÍ;Brasil;NÃO INFORMADO;SUL;SC;2225;13;1;2366;0;;2366;;18/07/2026 07:17
2026;NÃO INFORMADO;SOLTEIRO;25 a 29 anos;MASCULINO;ENSINO MÉDIO INCOMPLETO;NÃO INFORMADO;NÃO INFORMADO;ITAJAÍ;Brasil;NÃO INFORMADO;SUL;SC;1993;9;0;2081;0;;2081;;18/07/2026 07:17
2026;NÃO INFORMADO;SOLTEIRO;25 a 29 anos;MASCULINO;LÊ E ESCREVE;NÃO INFORMADO;NÃO INFORMADO;ITAJAÍ;Brasil;NÃO INFORMADO;SUL;SC;2;0;0;3;0;;3;;18/07/2026 07:17
2026;NÃO INFORMADO;SOLTEIRO;25 a 29 anos;MASCULINO;SUPERIOR COMPLETO;NÃO INFORMADO;NÃO INFORMADO;ITAJAÍ;Brasil;NÃO INFORMADO;SUL;SC;64;0;0;69;0;;69;;18/07/2026 07:17
2026;NÃO INFORMADO;SOLTEIRO;25 a 29 anos;MASCULINO;SUPERIOR INCOMPLETO;NÃO INFORMADO;NÃO INFORMADO;ITAJAÍ;Brasil;NÃO INFORMADO;SUL;SC;1184;2;0;1232;0;;1232;;18/07/2026 07:17
2026;NÃO INFORMADO;SOLTEIRO;30 a 34 anos;FEMININO;ANALFABETO;NÃO INFORMADO;NÃO INFORMADO;ITAJAÍ;Brasil;NÃO INFORMADO;SUL;SC;12;3;0;14;14;;0;;18/07/2026 07:17
2026;NÃO INFORMADO;SOLTEIRO;30 a 34 anos;FEMININO;ENSINO FUNDAMENTAL COMPLETO;NÃO INFORMADO;NÃO INFORMADO;ITAJAÍ;Brasil;NÃO INFORMADO;SUL;SC;333;4;0;349;0;;349;;18/07/2026 07:17
2026;NÃO INFORMADO;SOLTEIRO;30 a 34 anos;FEMININO;ENSINO FUNDAMENTAL INCOMPLETO;NÃO INFORMADO;NÃO INFORMADO;ITAJAÍ;Brasil;NÃO INFORMADO;SUL;SC;237;1;1;250;0;;250;;18/07/2026 07:17
2026;NÃO INFORMADO;SOLTEIRO;30 a 34 anos;FEMININO;ENSINO MÉDIO COMPLETO;NÃO INFORMADO;NÃO INFORMADO;ITAJAÍ;Brasil;NÃO INFORMADO;SUL;SC;2079;11;0;2148;0;;2148;;18/07/2026 07:17
2026;NÃO INFORMADO;SOLTEIRO;30 a 34 anos;FEMININO;ENSINO MÉDIO INCOMPLETO;NÃO INFORMADO;NÃO INFORMADO;ITAJAÍ;Brasil;NÃO INFORMADO;SUL;SC;665;1;0;695;0;;695;;18/07/2026 07:17
2026;NÃO INFORMADO;SOLTEIRO;30 a 34 anos;FEMININO;LÊ E ESCREVE;NÃO INFORMADO;NÃO INFORMADO;ITAJAÍ;Brasil;NÃO INFORMADO;SUL;SC;2;1;0;3;0;;3;;18/07/2026 07:17
2026;NÃO INFORMADO;SOLTEIRO;30 a 34 anos;FEMININO;SUPERIOR COMPLETO;NÃO INFORMADO;NÃO INFORMADO;ITAJAÍ;Brasil;NÃO INFORMADO;SUL;SC;997;2;1;1025;0;;1025;;18/07/2026 07:17
2026;NÃO INFORMADO;SOLTEIRO;30 a 34 anos;FEMININO;SUPERIOR INCOMPLETO;NÃO INFORMADO;NÃO INFORMADO;ITAJAÍ;Brasil;NÃO INFORMADO;SUL;SC;1518;3;0;1548;0;;1548;;18/07/2026 07:17
2026;NÃO INFORMADO;SOLTEIRO;30 a 34 anos;MASCULINO;ANALFABETO;NÃO INFORMADO;NÃO INFORMADO;ITAJAÍ;Brasil;NÃO INFORMADO;SUL;SC;15;8;0;18;18;;0;;18/07/2026 07:17
2026;NÃO INFORMADO;SOLTEIRO;30 a 34 anos;MASCULINO;ENSINO FUNDAMENTAL COMPLETO;NÃO INFORMADO;NÃO INFORMADO;ITAJAÍ;Brasil;NÃO INFORMADO;SUL;SC;444;7;0;457;0;;457;;18/07/2026 07:17
2026;NÃO INFORMADO;SOLTEIRO;30 a 34 anos;MASCULINO;ENSINO FUNDAMENTAL INCOMPLETO;NÃO INFORMADO;NÃO INFORMADO;ITAJAÍ;Brasil;NÃO INFORMADO;SUL;SC;318;3;0;343;0;;343;;18/07/2026 07:17
2026;NÃO INFORMADO;SOLTEIRO;30 a 34 anos;MASCULINO;ENSINO MÉDIO COMPLETO;NÃO INFORMADO;NÃO INFORMADO;ITAJAÍ;Brasil;NÃO INFORMADO;SUL;SC;2106;7;0;2170;0;;2170;;18/07/2026 07:17
2026;NÃO INFORMADO;SOLTEIRO;30 a 34 anos;MASCULINO;ENSINO MÉDIO INCOMPLETO;NÃO INFORMADO;NÃO INFORMADO;ITAJAÍ;Brasil;NÃO INFORMADO;SUL;SC;918;3;0;947;0;;947;;18/07/2026 07:17
2026;NÃO INFORMADO;SOLTEIRO;30 a 34 anos;MASCULINO;LÊ E ESCREVE;NÃO INFORMADO;NÃO INFORMADO;ITAJAÍ;Brasil;NÃO INFORMADO;SUL;SC;5;0;0;8;0;;8;;18/07/2026 07:17
2026;NÃO INFORMADO;SOLTEIRO;30 a 34 anos;MASCULINO;SUPERIOR COMPLETO;NÃO INFORMADO;NÃO INFORMADO;ITAJAÍ;Brasil;NÃO INFORMADO;SUL;SC;639;2;0;662;0;;662;;18/07/2026 07:17
2026;NÃO INFORMADO;SOLTEIRO;30 a 34 anos;MASCULINO;SUPERIOR INCOMPLETO;NÃO INFORMADO;NÃO INFORMADO;ITAJAÍ;Brasil;NÃO INFORMADO;SUL;SC;1391;1;0;1424;0;;1424;;18/07/2026 07:17
2026;NÃO INFORMADO;SOLTEIRO;35 a 39 anos;FEMININO;ANALFABETO;NÃO INFORMADO;NÃO INFORMADO;ITAJAÍ;Brasil;NÃO INFORMADO;SUL;SC;6;2;0;7;7;;0;;18/07/2026 07:17
2026;NÃO INFORMADO;SOLTEIRO;35 a 39 anos;FEMININO;ENSINO FUNDAMENTAL COMPLETO;NÃO INFORMADO;NÃO INFORMADO;ITAJAÍ;Brasil;NÃO INFORMADO;SUL;SC;266;4;0;270;0;;270;;18/07/2026 07:17
2026;NÃO INFORMADO;SOLTEIRO;35 a 39 anos;FEMININO;ENSINO FUNDAMENTAL INCOMPLETO;NÃO INFORMADO;NÃO INFORMADO;ITAJAÍ;Brasil;NÃO INFORMADO;SUL;SC;284;0;0;295;0;;295;;18/07/2026 07:17
2026;NÃO INFORMADO;SOLTEIRO;35 a 39 anos;FEMININO;ENSINO MÉDIO COMPLETO;NÃO INFORMADO;NÃO INFORMADO;ITAJAÍ;Brasil;NÃO INFORMADO;SUL;SC;1597;4;0;1660;0;;1660;;18/07/2026 07:17
2026;NÃO INFORMADO;SOLTEIRO;35 a 39 anos;FEMININO;ENSINO MÉDIO INCOMPLETO;NÃO INFORMADO;NÃO INFORMADO;ITAJAÍ;Brasil;NÃO INFORMADO;SUL;SC;481;0;0;503;0;;503;;18/07/2026 07:17
2026;NÃO INFORMADO;SOLTEIRO;35 a 39 anos;FEMININO;LÊ E ESCREVE;NÃO INFORMADO;NÃO INFORMADO;ITAJAÍ;Brasil;NÃO INFORMADO;SUL;SC;12;1;0;12;0;;12;;18/07/2026 07:17
2026;NÃO INFORMADO;SOLTEIRO;35 a 39 anos;FEMININO;SUPERIOR COMPLETO;NÃO INFORMADO;NÃO INFORMADO;ITAJAÍ;Brasil;NÃO INFORMADO;SUL;SC;1359;1;0;1387;0;;1387;;18/07/2026 07:17
2026;NÃO INFORMADO;SOLTEIRO;35 a 39 anos;FEMININO;SUPERIOR INCOMPLETO;NÃO INFORMADO;NÃO INFORMADO;ITAJAÍ;Brasil;NÃO INFORMADO;SUL;SC;688;0;0;713;0;;713;;18/07/2026 07:17
2026;NÃO INFORMADO;SOLTEIRO;35 a 39 anos;MASCULINO;ANALFABETO;NÃO INFORMADO;NÃO INFORMADO;ITAJAÍ;Brasil;NÃO INFORMADO;SUL;SC;14;6;0;16;16;;0;;18/07/2026 07:17
2026;NÃO INFORMADO;SOLTEIRO;35 a 39 anos;MASCULINO;ENSINO FUNDAMENTAL COMPLETO;NÃO INFORMADO;NÃO INFORMADO;ITAJAÍ;Brasil;NÃO INFORMADO;SUL;SC;377;2;0;396;0;;396;;18/07/2026 07:17
2026;NÃO INFORMADO;SOLTEIRO;35 a 39 anos;MASCULINO;ENSINO FUNDAMENTAL INCOMPLETO;NÃO INFORMADO;NÃO INFORMADO;ITAJAÍ;Brasil;NÃO INFORMADO;SUL;SC;366;4;0;385;0;;385;;18/07/2026 07:17
2026;NÃO INFORMADO;SOLTEIRO;35 a 39 anos;MASCULINO;ENSINO MÉDIO COMPLETO;NÃO INFORMADO;NÃO INFORMADO;ITAJAÍ;Brasil;NÃO INFORMADO;SUL;SC;1707;6;0;1772;0;;1772;;18/07/2026 07:17
2026;NÃO INFORMADO;SOLTEIRO;35 a 39 anos;MASCULINO;ENSINO MÉDIO INCOMPLETO;NÃO INFORMADO;NÃO INFORMADO;ITAJAÍ;Brasil;NÃO INFORMADO;SUL;SC;719;3;0;752;0;;752;;18/07/2026 07:17
2026;NÃO INFORMADO;SOLTEIRO;35 a 39 anos;MASCULINO;LÊ E ESCREVE;NÃO INFORMADO;NÃO INFORMADO;ITAJAÍ;Brasil;NÃO INFORMADO;SUL;SC;10;0;0;12;0;;12;;18/07/2026 07:17
2026;NÃO INFORMADO;SOLTEIRO;35 a 39 anos;MASCULINO;SUPERIOR COMPLETO;NÃO INFORMADO;NÃO INFORMADO;ITAJAÍ;Brasil;NÃO INFORMADO;SUL;SC;1103;12;0;1136;0;;1136;;18/07/2026 07:17
2026;NÃO INFORMADO;SOLTEIRO;35 a 39 anos;MASCULINO;SUPERIOR INCOMPLETO;NÃO INFORMADO;NÃO INFORMADO;ITAJAÍ;Brasil;NÃO INFORMADO;SUL;SC;717;2;0;747;0;;747;;18/07/2026 07:17
2026;NÃO INFORMADO;SOLTEIRO;40 a 44 anos;FEMININO;ANALFABETO;NÃO INFORMADO;NÃO INFORMADO;ITAJAÍ;Brasil;NÃO INFORMADO;SUL;SC;7;0;0;7;7;;0;;18/07/2026 07:17
2026;NÃO INFORMADO;SOLTEIRO;40 a 44 anos;FEMININO;ENSINO FUNDAMENTAL COMPLETO;NÃO INFORMADO;NÃO INFORMADO;ITAJAÍ;Brasil;NÃO INFORMADO;SUL;SC;254;0;0;260;0;;260;;18/07/2026 07:17
2026;NÃO INFORMADO;SOLTEIRO;40 a 44 anos;FEMININO;ENSINO FUNDAMENTAL INCOMPLETO;NÃO INFORMADO;NÃO INFORMADO;ITAJAÍ;Brasil;NÃO INFORMADO;SUL;SC;401;2;0;421;0;;421;;18/07/2026 07:17
2026;NÃO INFORMADO;SOLTEIRO;40 a 44 anos;FEMININO;ENSINO MÉDIO COMPLETO;NÃO INFORMADO;NÃO INFORMADO;ITAJAÍ;Brasil;NÃO INFORMADO;SUL;SC;1316;2;0;1350;0;;1350;;18/07/2026 07:17
2026;NÃO INFORMADO;SOLTEIRO;40 a 44 anos;FEMININO;ENSINO MÉDIO INCOMPLETO;NÃO INFORMADO;NÃO INFORMADO;ITAJAÍ;Brasil;NÃO INFORMADO;SUL;SC;360;1;0;374;0;;374;;18/07/2026 07:17
2026;NÃO INFORMADO;SOLTEIRO;40 a 44 anos;FEMININO;LÊ E ESCREVE;NÃO INFORMADO;NÃO INFORMADO;ITAJAÍ;Brasil;NÃO INFORMADO;SUL;SC;12;0;0;12;0;;12;;18/07/2026 07:17
2026;NÃO INFORMADO;SOLTEIRO;40 a 44 anos;FEMININO;SUPERIOR COMPLETO;NÃO INFORMADO;NÃO INFORMADO;ITAJAÍ;Brasil;NÃO INFORMADO;SUL;SC;1190;1;0;1211;0;;1211;;18/07/2026 07:17
2026;NÃO INFORMADO;SOLTEIRO;40 a 44 anos;FEMININO;SUPERIOR INCOMPLETO;NÃO INFORMADO;NÃO INFORMADO;ITAJAÍ;Brasil;NÃO INFORMADO;SUL;SC;469;1;0;482;0;;482;;18/07/2026 07:17
2026;NÃO INFORMADO;SOLTEIRO;40 a 44 anos;MASCULINO;ANALFABETO;NÃO INFORMADO;NÃO INFORMADO;ITAJAÍ;Brasil;NÃO INFORMADO;SUL;SC;15;2;0;17;17;;0;;18/07/2026 07:17
2026;NÃO INFORMADO;SOLTEIRO;40 a 44 anos;MASCULINO;ENSINO FUNDAMENTAL COMPLETO;NÃO INFORMADO;NÃO INFORMADO;ITAJAÍ;Brasil;NÃO INFORMADO;SUL;SC;332;2;0;345;0;;345;;18/07/2026 07:17
2026;NÃO INFORMADO;SOLTEIRO;40 a 44 anos;MASCULINO;ENSINO FUNDAMENTAL INCOMPLETO;NÃO INFORMADO;NÃO INFORMADO;ITAJAÍ;Brasil;NÃO INFORMADO;SUL;SC;500;5;0;533;0;;533;;18/07/2026 07:17
2026;NÃO INFORMADO;SOLTEIRO;40 a 44 anos;MASCULINO;ENSINO MÉDIO COMPLETO;NÃO INFORMADO;NÃO INFORMADO;ITAJAÍ;Brasil;NÃO INFORMADO;SUL;SC;1361;4;0;1411;0;;1411;;18/07/2026 07:17
2026;NÃO INFORMADO;SOLTEIRO;40 a 44 anos;MASCULINO;ENSINO MÉDIO INCOMPLETO;NÃO INFORMADO;NÃO INFORMADO;ITAJAÍ;Brasil;NÃO INFORMADO;SUL;SC;440;6;0;470;0;;470;;18/07/2026 07:17
2026;NÃO INFORMADO;SOLTEIRO;40 a 44 anos;MASCULINO;LÊ E ESCREVE;NÃO INFORMADO;NÃO INFORMADO;ITAJAÍ;Brasil;NÃO INFORMADO;SUL;SC;20;1;0;23;0;;23;;18/07/2026 07:17
2026;NÃO INFORMADO;SOLTEIRO;40 a 44 anos;MASCULINO;SUPERIOR COMPLETO;NÃO INFORMADO;NÃO INFORMADO;ITAJAÍ;Brasil;NÃO INFORMADO;SUL;SC;818;3;0;841;0;;841;;18/07/2026 07:17
2026;NÃO INFORMADO;SOLTEIRO;40 a 44 anos;MASCULINO;SUPERIOR INCOMPLETO;NÃO INFORMADO;NÃO INFORMADO;ITAJAÍ;Brasil;NÃO INFORMADO;SUL;SC;448;0;0;473;0;;473;;18/07/2026 07:17
2026;NÃO INFORMADO;SOLTEIRO;45 a 49 anos;FEMININO;ANALFABETO;NÃO INFORMADO;NÃO INFORMADO;ITAJAÍ;Brasil;NÃO INFORMADO;SUL;SC;15;2;0;17;17;;0;;18/07/2026 07:17
2026;NÃO INFORMADO;SOLTEIRO;45 a 49 anos;FEMININO;ENSINO FUNDAMENTAL COMPLETO;NÃO INFORMADO;NÃO INFORMADO;ITAJAÍ;Brasil;NÃO INFORMADO;SUL;SC;252;0;0;255;0;;255;;18/07/2026 07:17
2026;NÃO INFORMADO;SOLTEIRO;45 a 49 anos;FEMININO;ENSINO FUNDAMENTAL INCOMPLETO;NÃO INFORMADO;NÃO INFORMADO;ITAJAÍ;Brasil;NÃO INFORMADO;SUL;SC;489;3;0;513;0;;513;;18/07/2026 07:17
2026;NÃO INFORMADO;SOLTEIRO;45 a 49 anos;FEMININO;ENSINO MÉDIO COMPLETO;NÃO INFORMADO;NÃO INFORMADO;ITAJAÍ;Brasil;NÃO INFORMADO;SUL;SC;974;2;0;1000;0;;1000;;18/07/2026 07:17
2026;NÃO INFORMADO;SOLTEIRO;45 a 49 anos;FEMININO;ENSINO MÉDIO INCOMPLETO;NÃO INFORMADO;NÃO INFORMADO;ITAJAÍ;Brasil;NÃO INFORMADO;SUL;SC;249;0;0;259;0;;259;;18/07/2026 07:17
2026;NÃO INFORMADO;SOLTEIRO;45 a 49 anos;FEMININO;LÊ E ESCREVE;NÃO INFORMADO;NÃO INFORMADO;ITAJAÍ;Brasil;NÃO INFORMADO;SUL;SC;37;1;0;41;0;;41;;18/07/2026 07:17
2026;NÃO INFORMADO;SOLTEIRO;45 a 49 anos;FEMININO;SUPERIOR COMPLETO;NÃO INFORMADO;NÃO INFORMADO;ITAJAÍ;Brasil;NÃO INFORMADO;SUL;SC;832;4;0;852;0;;852;;18/07/2026 07:17
2026;NÃO INFORMADO;SOLTEIRO;45 a 49 anos;FEMININO;SUPERIOR INCOMPLETO;NÃO INFORMADO;NÃO INFORMADO;ITAJAÍ;Brasil;NÃO INFORMADO;SUL;SC;287;1;0;297;0;;297;;18/07/2026 07:17
2026;NÃO INFORMADO;SOLTEIRO;45 a 49 anos;MASCULINO;ANALFABETO;NÃO INFORMADO;NÃO INFORMADO;ITAJAÍ;Brasil;NÃO INFORMADO;SUL;SC;27;3;0;27;27;;0;;18/07/2026 07:17
2026;NÃO INFORMADO;SOLTEIRO;45 a 49 anos;MASCULINO;ENSINO FUNDAMENTAL COMPLETO;NÃO INFORMADO;NÃO INFORMADO;ITAJAÍ;Brasil;NÃO INFORMADO;SUL;SC;282;1;0;297;0;;297;;18/07/2026 07:17
2026;NÃO INFORMADO;SOLTEIRO;45 a 49 anos;MASCULINO;ENSINO FUNDAMENTAL INCOMPLETO;NÃO INFORMADO;NÃO INFORMADO;ITAJAÍ;Brasil;NÃO INFORMADO;SUL;SC;569;2;0;598;0;;598;;18/07/2026 07:17
2026;NÃO INFORMADO;SOLTEIRO;45 a 49 anos;MASCULINO;ENSINO MÉDIO COMPLETO;NÃO INFORMADO;NÃO INFORMADO;ITAJAÍ;Brasil;NÃO INFORMADO;SUL;SC;955;8;0;983;0;;983;;18/07/2026 07:17
2026;NÃO INFORMADO;SOLTEIRO;45 a 49 anos;MASCULINO;ENSINO MÉDIO INCOMPLETO;NÃO INFORMADO;NÃO INFORMADO;ITAJAÍ;Brasil;NÃO INFORMADO;SUL;SC;264;1;0;277;0;;277;;18/07/2026 07:17
2026;NÃO INFORMADO;SOLTEIRO;45 a 49 anos;MASCULINO;LÊ E ESCREVE;NÃO INFORMADO;NÃO INFORMADO;ITAJAÍ;Brasil;NÃO INFORMADO;SUL;SC;43;1;0;46;0;;46;;18/07/2026 07:17
2026;NÃO INFORMADO;SOLTEIRO;45 a 49 anos;MASCULINO;SUPERIOR COMPLETO;NÃO INFORMADO;NÃO INFORMADO;ITAJAÍ;Brasil;NÃO INFORMADO;SUL;SC;608;1;0;624;0;;624;;18/07/2026 07:17
2026;NÃO INFORMADO;SOLTEIRO;45 a 49 anos;MASCULINO;SUPERIOR INCOMPLETO;NÃO INFORMADO;NÃO INFORMADO;ITAJAÍ;Brasil;NÃO INFORMADO;SUL;SC;311;4;0;329;0;;329;;18/07/2026 07:17
2026;NÃO INFORMADO;SOLTEIRO;50 a 54 anos;FEMININO;ANALFABETO;NÃO INFORMADO;NÃO INFORMADO;ITAJAÍ;Brasil;NÃO INFORMADO;SUL;SC;35;2;0;35;35;;0;;18/07/2026 07:17
2026;NÃO INFORMADO;SOLTEIRO;50 a 54 anos;FEMININO;ENSINO FUNDAMENTAL COMPLETO;NÃO INFORMADO;NÃO INFORMADO;ITAJAÍ;Brasil;NÃO INFORMADO;SUL;SC;257;1;0;262;0;;262;;18/07/2026 07:17
2026;NÃO INFORMADO;SOLTEIRO;50 a 54 anos;FEMININO;ENSINO FUNDAMENTAL INCOMPLETO;NÃO INFORMADO;NÃO INFORMADO;ITAJAÍ;Brasil;NÃO INFORMADO;SUL;SC;576;5;0;596;0;;596;;18/07/2026 07:17
2026;NÃO INFORMADO;SOLTEIRO;50 a 54 anos;FEMININO;ENSINO MÉDIO COMPLETO;NÃO INFORMADO;NÃO INFORMADO;ITAJAÍ;Brasil;NÃO INFORMADO;SUL;SC;557;1;1;574;0;;574;;18/07/2026 07:17
2026;NÃO INFORMADO;SOLTEIRO;50 a 54 anos;FEMININO;ENSINO MÉDIO INCOMPLETO;NÃO INFORMADO;NÃO INFORMADO;ITAJAÍ;Brasil;NÃO INFORMADO;SUL;SC;138;0;0;146;0;;146;;18/07/2026 07:17
2026;NÃO INFORMADO;SOLTEIRO;50 a 54 anos;FEMININO;LÊ E ESCREVE;NÃO INFORMADO;NÃO INFORMADO;ITAJAÍ;Brasil;NÃO INFORMADO;SUL;SC;48;1;0;49;0;;49;;18/07/2026 07:17
2026;NÃO INFORMADO;SOLTEIRO;50 a 54 anos;FEMININO;SUPERIOR COMPLETO;NÃO INFORMADO;NÃO INFORMADO;ITAJAÍ;Brasil;NÃO INFORMADO;SUL;SC;449;0;0;458;0;;458;;18/07/2026 07:17
2026;NÃO INFORMADO;SOLTEIRO;50 a 54 anos;FEMININO;SUPERIOR INCOMPLETO;NÃO INFORMADO;NÃO INFORMADO;ITAJAÍ;Brasil;NÃO INFORMADO;SUL;SC;168;0;0;168;0;;168;;18/07/2026 07:17
2026;NÃO INFORMADO;SOLTEIRO;50 a 54 anos;MASCULINO;ANALFABETO;NÃO INFORMADO;NÃO INFORMADO;ITAJAÍ;Brasil;NÃO INFORMADO;SUL;SC;35;0;0;39;39;;0;;18/07/2026 07:17
2026;NÃO INFORMADO;SOLTEIRO;50 a 54 anos;MASCULINO;ENSINO FUNDAMENTAL COMPLETO;NÃO INFORMADO;NÃO INFORMADO;ITAJAÍ;Brasil;NÃO INFORMADO;SUL;SC;246;4;0;254;0;;254;;18/07/2026 07:17
2026;NÃO INFORMADO;SOLTEIRO;50 a 54 anos;MASCULINO;ENSINO FUNDAMENTAL INCOMPLETO;NÃO INFORMADO;NÃO INFORMADO;ITAJAÍ;Brasil;NÃO INFORMADO;SUL;SC;619;3;0;636;0;;636;;18/07/2026 07:17
2026;NÃO INFORMADO;SOLTEIRO;50 a 54 anos;MASCULINO;ENSINO MÉDIO COMPLETO;NÃO INFORMADO;NÃO INFORMADO;ITAJAÍ;Brasil;NÃO INFORMADO;SUL;SC;536;3;0;551;0;;551;;18/07/2026 07:17
2026;NÃO INFORMADO;SOLTEIRO;50 a 54 anos;MASCULINO;ENSINO MÉDIO INCOMPLETO;NÃO INFORMADO;NÃO INFORMADO;ITAJAÍ;Brasil;NÃO INFORMADO;SUL;SC;158;1;0;165;0;;165;;18/07/2026 07:17
2026;NÃO INFORMADO;SOLTEIRO;50 a 54 anos;MASCULINO;LÊ E ESCREVE;NÃO INFORMADO;NÃO INFORMADO;ITAJAÍ;Brasil;NÃO INFORMADO;SUL;SC;54;0;0;57;0;;57;;18/07/2026 07:17
2026;NÃO INFORMADO;SOLTEIRO;50 a 54 anos;MASCULINO;SUPERIOR COMPLETO;NÃO INFORMADO;NÃO INFORMADO;ITAJAÍ;Brasil;NÃO INFORMADO;SUL;SC;280;0;0;289;0;;289;;18/07/2026 07:17
2026;NÃO INFORMADO;SOLTEIRO;50 a 54 anos;MASCULINO;SUPERIOR INCOMPLETO;NÃO INFORMADO;NÃO INFORMADO;ITAJAÍ;Brasil;NÃO INFORMADO;SUL;SC;140;0;0;151;0;;151;;18/07/2026 07:17
2026;NÃO INFORMADO;SOLTEIRO;55 a 59 anos;FEMININO;ANALFABETO;NÃO INFORMADO;NÃO INFORMADO;ITAJAÍ;Brasil;NÃO INFORMADO;SUL;SC;40;3;0;42;42;;0;;18/07/2026 07:17
2026;NÃO INFORMADO;SOLTEIRO;55 a 59 anos;FEMININO;ENSINO FUNDAMENTAL COMPLETO;NÃO INFORMADO;NÃO INFORMADO;ITAJAÍ;Brasil;NÃO INFORMADO;SUL;SC;243;0;0;248;0;;248;;18/07/2026 07:17
2026;NÃO INFORMADO;SOLTEIRO;55 a 59 anos;FEMININO;ENSINO FUNDAMENTAL INCOMPLETO;NÃO INFORMADO;NÃO INFORMADO;ITAJAÍ;Brasil;NÃO INFORMADO;SUL;SC;502;4;0;513;0;;513;;18/07/2026 07:17
2026;NÃO INFORMADO;SOLTEIRO;55 a 59 anos;FEMININO;ENSINO MÉDIO COMPLETO;NÃO INFORMADO;NÃO INFORMADO;ITAJAÍ;Brasil;NÃO INFORMADO;SUL;SC;385;2;0;392;0;;392;;18/07/2026 07:17
2026;NÃO INFORMADO;SOLTEIRO;55 a 59 anos;FEMININO;ENSINO MÉDIO INCOMPLETO;NÃO INFORMADO;NÃO INFORMADO;ITAJAÍ;Brasil;NÃO INFORMADO;SUL;SC;103;0;0;107;0;;107;;18/07/2026 07:17
2026;NÃO INFORMADO;SOLTEIRO;55 a 59 anos;FEMININO;LÊ E ESCREVE;NÃO INFORMADO;NÃO INFORMADO;ITAJAÍ;Brasil;NÃO INFORMADO;SUL;SC;55;1;0;55;0;;55;;18/07/2026 07:17
2026;NÃO INFORMADO;SOLTEIRO;55 a 59 anos;FEMININO;SUPERIOR COMPLETO;NÃO INFORMADO;NÃO INFORMADO;ITAJAÍ;Brasil;NÃO INFORMADO;SUL;SC;296;4;0;299;0;;299;;18/07/2026 07:17
2026;NÃO INFORMADO;SOLTEIRO;55 a 59 anos;FEMININO;SUPERIOR INCOMPLETO;NÃO INFORMADO;NÃO INFORMADO;ITAJAÍ;Brasil;NÃO INFORMADO;SUL;SC;65;0;0;67;0;;67;;18/07/2026 07:17
2026;NÃO INFORMADO;SOLTEIRO;55 a 59 anos;MASCULINO;ANALFABETO;NÃO INFORMADO;NÃO INFORMADO;ITAJAÍ;Brasil;NÃO INFORMADO;SUL;SC;46;8;0;48;48;;0;;18/07/2026 07:17
2026;NÃO INFORMADO;SOLTEIRO;55 a 59 anos;MASCULINO;ENSINO FUNDAMENTAL COMPLETO;NÃO INFORMADO;NÃO INFORMADO;ITAJAÍ;Brasil;NÃO INFORMADO;SUL;SC;245;3;0;247;0;;247;;18/07/2026 07:17
2026;NÃO INFORMADO;SOLTEIRO;55 a 59 anos;MASCULINO;ENSINO FUNDAMENTAL INCOMPLETO;NÃO INFORMADO;NÃO INFORMADO;ITAJAÍ;Brasil;NÃO INFORMADO;SUL;SC;499;7;0;516;0;;516;;18/07/2026 07:17
2026;NÃO INFORMADO;SOLTEIRO;55 a 59 anos;MASCULINO;ENSINO MÉDIO COMPLETO;NÃO INFORMADO;NÃO INFORMADO;ITAJAÍ;Brasil;NÃO INFORMADO;SUL;SC;361;5;0;374;0;;374;;18/07/2026 07:17
2026;NÃO INFORMADO;SOLTEIRO;55 a 59 anos;MASCULINO;ENSINO MÉDIO INCOMPLETO;NÃO INFORMADO;NÃO INFORMADO;ITAJAÍ;Brasil;NÃO INFORMADO;SUL;SC;113;2;0;117;0;;117;;18/07/2026 07:17
2026;NÃO INFORMADO;SOLTEIRO;55 a 59 anos;MASCULINO;LÊ E ESCREVE;NÃO INFORMADO;NÃO INFORMADO;ITAJAÍ;Brasil;NÃO INFORMADO;SUL;SC;50;3;0;52;0;;52;;18/07/2026 07:17
2026;NÃO INFORMADO;SOLTEIRO;55 a 59 anos;MASCULINO;SUPERIOR COMPLETO;NÃO INFORMADO;NÃO INFORMADO;ITAJAÍ;Brasil;NÃO INFORMADO;SUL;SC;145;3;0;148;0;;148;;18/07/2026 07:17
2026;NÃO INFORMADO;SOLTEIRO;55 a 59 anos;MASCULINO;SUPERIOR INCOMPLETO;NÃO INFORMADO;NÃO INFORMADO;ITAJAÍ;Brasil;NÃO INFORMADO;SUL;SC;73;1;0;73;0;;73;;18/07/2026 07:17
2026;NÃO INFORMADO;SOLTEIRO;60 a 64 anos;FEMININO;ANALFABETO;NÃO INFORMADO;NÃO INFORMADO;ITAJAÍ;Brasil;NÃO INFORMADO;SUL;SC;35;2;0;36;36;;0;;18/07/2026 07:17
2026;NÃO INFORMADO;SOLTEIRO;60 a 64 anos;FEMININO;ENSINO FUNDAMENTAL COMPLETO;NÃO INFORMADO;NÃO INFORMADO;ITAJAÍ;Brasil;NÃO INFORMADO;SUL;SC;158;1;0;165;0;;165;;18/07/2026 07:17
2026;NÃO INFORMADO;SOLTEIRO;60 a 64 anos;FEMININO;ENSINO FUNDAMENTAL INCOMPLETO;NÃO INFORMADO;NÃO INFORMADO;ITAJAÍ;Brasil;NÃO INFORMADO;SUL;SC;353;7;0;357;0;;357;;18/07/2026 07:17
2026;NÃO INFORMADO;SOLTEIRO;60 a 64 anos;FEMININO;ENSINO MÉDIO COMPLETO;NÃO INFORMADO;NÃO INFORMADO;ITAJAÍ;Brasil;NÃO INFORMADO;SUL;SC;250;1;0;254;0;;254;;18/07/2026 07:17
2026;NÃO INFORMADO;SOLTEIRO;60 a 64 anos;FEMININO;ENSINO MÉDIO INCOMPLETO;NÃO INFORMADO;NÃO INFORMADO;ITAJAÍ;Brasil;NÃO INFORMADO;SUL;SC;71;0;0;74;0;;74;;18/07/2026 07:17
2026;NÃO INFORMADO;SOLTEIRO;60 a 64 anos;FEMININO;LÊ E ESCREVE;NÃO INFORMADO;NÃO INFORMADO;ITAJAÍ;Brasil;NÃO INFORMADO;SUL;SC;65;1;0;65;0;;65;;18/07/2026 07:17
2026;NÃO INFORMADO;SOLTEIRO;60 a 64 anos;FEMININO;SUPERIOR COMPLETO;NÃO INFORMADO;NÃO INFORMADO;ITAJAÍ;Brasil;NÃO INFORMADO;SUL;SC;189;0;0;189;0;;189;;18/07/2026 07:17
2026;NÃO INFORMADO;SOLTEIRO;60 a 64 anos;FEMININO;SUPERIOR INCOMPLETO;NÃO INFORMADO;NÃO INFORMADO;ITAJAÍ;Brasil;NÃO INFORMADO;SUL;SC;52;0;0;52;0;;52;;18/07/2026 07:17
2026;NÃO INFORMADO;SOLTEIRO;60 a 64 anos;MASCULINO;ANALFABETO;NÃO INFORMADO;NÃO INFORMADO;ITAJAÍ;Brasil;NÃO INFORMADO;SUL;SC;33;0;0;34;34;;0;;18/07/2026 07:17
2026;NÃO INFORMADO;SOLTEIRO;60 a 64 anos;MASCULINO;ENSINO FUNDAMENTAL COMPLETO;NÃO INFORMADO;NÃO INFORMADO;ITAJAÍ;Brasil;NÃO INFORMADO;SUL;SC;135;1;0;139;0;;139;;18/07/2026 07:17
2026;NÃO INFORMADO;SOLTEIRO;60 a 64 anos;MASCULINO;ENSINO FUNDAMENTAL INCOMPLETO;NÃO INFORMADO;NÃO INFORMADO;ITAJAÍ;Brasil;NÃO INFORMADO;SUL;SC;339;3;0;349;0;;349;;18/07/2026 07:17
2026;NÃO INFORMADO;SOLTEIRO;60 a 64 anos;MASCULINO;ENSINO MÉDIO COMPLETO;NÃO INFORMADO;NÃO INFORMADO;ITAJAÍ;Brasil;NÃO INFORMADO;SUL;SC;201;4;0;209;0;;209;;18/07/2026 07:17
2026;NÃO INFORMADO;SOLTEIRO;60 a 64 anos;MASCULINO;ENSINO MÉDIO INCOMPLETO;NÃO INFORMADO;NÃO INFORMADO;ITAJAÍ;Brasil;NÃO INFORMADO;SUL;SC;58;0;0;62;0;;62;;18/07/2026 07:17
2026;NÃO INFORMADO;SOLTEIRO;60 a 64 anos;MASCULINO;LÊ E ESCREVE;NÃO INFORMADO;NÃO INFORMADO;ITAJAÍ;Brasil;NÃO INFORMADO;SUL;SC;50;1;0;50;0;;50;;18/07/2026 07:17
2026;NÃO INFORMADO;SOLTEIRO;60 a 64 anos;MASCULINO;SUPERIOR COMPLETO;NÃO INFORMADO;NÃO INFORMADO;ITAJAÍ;Brasil;NÃO INFORMADO;SUL;SC;107;2;0;110;0;;110;;18/07/2026 07:17
2026;NÃO INFORMADO;SOLTEIRO;60 a 64 anos;MASCULINO;SUPERIOR INCOMPLETO;NÃO INFORMADO;NÃO INFORMADO;ITAJAÍ;Brasil;NÃO INFORMADO;SUL;SC;48;0;0;49;0;;49;;18/07/2026 07:17
2026;NÃO INFORMADO;SOLTEIRO;65 a 69 anos;FEMININO;ANALFABETO;NÃO INFORMADO;NÃO INFORMADO;ITAJAÍ;Brasil;NÃO INFORMADO;SUL;SC;29;1;0;29;29;;0;;18/07/2026 07:17
2026;NÃO INFORMADO;SOLTEIRO;65 a 69 anos;FEMININO;ENSINO FUNDAMENTAL COMPLETO;NÃO INFORMADO;NÃO INFORMADO;ITAJAÍ;Brasil;NÃO INFORMADO;SUL;SC;91;1;0;92;0;;92;;18/07/2026 07:17
2026;NÃO INFORMADO;SOLTEIRO;65 a 69 anos;FEMININO;ENSINO FUNDAMENTAL INCOMPLETO;NÃO INFORMADO;NÃO INFORMADO;ITAJAÍ;Brasil;NÃO INFORMADO;SUL;SC;188;3;0;191;0;;191;;18/07/2026 07:17
2026;NÃO INFORMADO;SOLTEIRO;65 a 69 anos;FEMININO;ENSINO MÉDIO COMPLETO;NÃO INFORMADO;NÃO INFORMADO;ITAJAÍ;Brasil;NÃO INFORMADO;SUL;SC;158;4;0;161;0;;161;;18/07/2026 07:17
2026;NÃO INFORMADO;SOLTEIRO;65 a 69 anos;FEMININO;ENSINO MÉDIO INCOMPLETO;NÃO INFORMADO;NÃO INFORMADO;ITAJAÍ;Brasil;NÃO INFORMADO;SUL;SC;42;0;0;42;0;;42;;18/07/2026 07:17
2026;NÃO INFORMADO;SOLTEIRO;65 a 69 anos;FEMININO;LÊ E ESCREVE;NÃO INFORMADO;NÃO INFORMADO;ITAJAÍ;Brasil;NÃO INFORMADO;SUL;SC;41;0;0;41;0;;41;;18/07/2026 07:17
2026;NÃO INFORMADO;SOLTEIRO;65 a 69 anos;FEMININO;SUPERIOR COMPLETO;NÃO INFORMADO;NÃO INFORMADO;ITAJAÍ;Brasil;NÃO INFORMADO;SUL;SC;140;0;0;142;0;;142;;18/07/2026 07:17
2026;NÃO INFORMADO;SOLTEIRO;65 a 69 anos;FEMININO;SUPERIOR INCOMPLETO;NÃO INFORMADO;NÃO INFORMADO;ITAJAÍ;Brasil;NÃO INFORMADO;SUL;SC;25;1;0;25;0;;25;;18/07/2026 07:17
2026;NÃO INFORMADO;SOLTEIRO;65 a 69 anos;MASCULINO;ANALFABETO;NÃO INFORMADO;NÃO INFORMADO;ITAJAÍ;Brasil;NÃO INFORMADO;SUL;SC;13;0;0;13;13;;0;;18/07/2026 07:17
2026;NÃO INFORMADO;SOLTEIRO;65 a 69 anos;MASCULINO;ENSINO FUNDAMENTAL COMPLETO;NÃO INFORMADO;NÃO INFORMADO;ITAJAÍ;Brasil;NÃO INFORMADO;SUL;SC;75;2;0;75;0;;75;;18/07/2026 07:17
2026;NÃO INFORMADO;SOLTEIRO;65 a 69 anos;MASCULINO;ENSINO FUNDAMENTAL INCOMPLETO;NÃO INFORMADO;NÃO INFORMADO;ITAJAÍ;Brasil;NÃO INFORMADO;SUL;SC;164;4;0;170;0;;170;;18/07/2026 07:17
2026;NÃO INFORMADO;SOLTEIRO;65 a 69 anos;MASCULINO;ENSINO MÉDIO COMPLETO;NÃO INFORMADO;NÃO INFORMADO;ITAJAÍ;Brasil;NÃO INFORMADO;SUL;SC;82;1;0;83;0;;83;;18/07/2026 07:17
2026;NÃO INFORMADO;SOLTEIRO;65 a 69 anos;MASCULINO;ENSINO MÉDIO INCOMPLETO;NÃO INFORMADO;NÃO INFORMADO;ITAJAÍ;Brasil;NÃO INFORMADO;SUL;SC;24;0;0;24;0;;24;;18/07/2026 07:17
2026;NÃO INFORMADO;SOLTEIRO;65 a 69 anos;MASCULINO;LÊ E ESCREVE;NÃO INFORMADO;NÃO INFORMADO;ITAJAÍ;Brasil;NÃO INFORMADO;SUL;SC;21;1;0;21;0;;21;;18/07/2026 07:17
2026;NÃO INFORMADO;SOLTEIRO;65 a 69 anos;MASCULINO;SUPERIOR COMPLETO;NÃO INFORMADO;NÃO INFORMADO;ITAJAÍ;Brasil;NÃO INFORMADO;SUL;SC;60;0;0;60;0;;60;;18/07/2026 07:17
2026;NÃO INFORMADO;SOLTEIRO;65 a 69 anos;MASCULINO;SUPERIOR INCOMPLETO;NÃO INFORMADO;NÃO INFORMADO;ITAJAÍ;Brasil;NÃO INFORMADO;SUL;SC;20;1;0;20;0;;20;;18/07/2026 07:17
2026;NÃO INFORMADO;SOLTEIRO;70 a 74 anos;FEMININO;ANALFABETO;NÃO INFORMADO;NÃO INFORMADO;ITAJAÍ;Brasil;NÃO INFORMADO;SUL;SC;13;5;0;14;14;;0;;18/07/2026 07:17
2026;NÃO INFORMADO;SOLTEIRO;70 a 74 anos;FEMININO;ENSINO FUNDAMENTAL COMPLETO;NÃO INFORMADO;NÃO INFORMADO;ITAJAÍ;Brasil;NÃO INFORMADO;SUL;SC;44;2;0;44;44;;0;;18/07/2026 07:17
2026;NÃO INFORMADO;SOLTEIRO;70 a 74 anos;FEMININO;ENSINO FUNDAMENTAL INCOMPLETO;NÃO INFORMADO;NÃO INFORMADO;ITAJAÍ;Brasil;NÃO INFORMADO;SUL;SC;146;4;0;148;148;;0;;18/07/2026 07:17
2026;NÃO INFORMADO;SOLTEIRO;70 a 74 anos;FEMININO;ENSINO MÉDIO COMPLETO;NÃO INFORMADO;NÃO INFORMADO;ITAJAÍ;Brasil;NÃO INFORMADO;SUL;SC;76;4;0;77;77;;0;;18/07/2026 07:17
2026;NÃO INFORMADO;SOLTEIRO;70 a 74 anos;FEMININO;ENSINO MÉDIO INCOMPLETO;NÃO INFORMADO;NÃO INFORMADO;ITAJAÍ;Brasil;NÃO INFORMADO;SUL;SC;24;0;0;24;24;;0;;18/07/2026 07:17
2026;NÃO INFORMADO;SOLTEIRO;70 a 74 anos;FEMININO;LÊ E ESCREVE;NÃO INFORMADO;NÃO INFORMADO;ITAJAÍ;Brasil;NÃO INFORMADO;SUL;SC;37;1;0;38;38;;0;;18/07/2026 07:17
2026;NÃO INFORMADO;SOLTEIRO;70 a 74 anos;FEMININO;SUPERIOR COMPLETO;NÃO INFORMADO;NÃO INFORMADO;ITAJAÍ;Brasil;NÃO INFORMADO;SUL;SC;80;1;0;80;80;;0;;18/07/2026 07:17
2026;NÃO INFORMADO;SOLTEIRO;70 a 74 anos;FEMININO;SUPERIOR INCOMPLETO;NÃO INFORMADO;NÃO INFORMADO;ITAJAÍ;Brasil;NÃO INFORMADO;SUL;SC;16;0;0;16;16;;0;;18/07/2026 07:17
2026;NÃO INFORMADO;SOLTEIRO;70 a 74 anos;MASCULINO;ANALFABETO;NÃO INFORMADO;NÃO INFORMADO;ITAJAÍ;Brasil;NÃO INFORMADO;SUL;SC;12;2;0;12;12;;0;;18/07/2026 07:17
2026;NÃO INFORMADO;SOLTEIRO;70 a 74 anos;MASCULINO;ENSINO FUNDAMENTAL COMPLETO;NÃO INFORMADO;NÃO INFORMADO;ITAJAÍ;Brasil;NÃO INFORMADO;SUL;SC;25;0;0;25;25;;0;;18/07/2026 07:17
2026;NÃO INFORMADO;SOLTEIRO;70 a 74 anos;MASCULINO;ENSINO FUNDAMENTAL INCOMPLETO;NÃO INFORMADO;NÃO INFORMADO;ITAJAÍ;Brasil;NÃO INFORMADO;SUL;SC;91;1;0;91;91;;0;;18/07/2026 07:17
2026;NÃO INFORMADO;SOLTEIRO;70 a 74 anos;MASCULINO;ENSINO MÉDIO COMPLETO;NÃO INFORMADO;NÃO INFORMADO;ITAJAÍ;Brasil;NÃO INFORMADO;SUL;SC;29;0;0;30;30;;0;;18/07/2026 07:17
2026;NÃO INFORMADO;SOLTEIRO;70 a 74 anos;MASCULINO;ENSINO MÉDIO INCOMPLETO;NÃO INFORMADO;NÃO INFORMADO;ITAJAÍ;Brasil;NÃO INFORMADO;SUL;SC;17;2;0;17;17;;0;;18/07/2026 07:17
2026;NÃO INFORMADO;SOLTEIRO;70 a 74 anos;MASCULINO;LÊ E ESCREVE;NÃO INFORMADO;NÃO INFORMADO;ITAJAÍ;Brasil;NÃO INFORMADO;SUL;SC;27;1;0;27;27;;0;;18/07/2026 07:17
2026;NÃO INFORMADO;SOLTEIRO;70 a 74 anos;MASCULINO;SUPERIOR COMPLETO;NÃO INFORMADO;NÃO INFORMADO;ITAJAÍ;Brasil;NÃO INFORMADO;SUL;SC;33;0;0;34;34;;0;;18/07/2026 07:17
2026;NÃO INFORMADO;SOLTEIRO;70 a 74 anos;MASCULINO;SUPERIOR INCOMPLETO;NÃO INFORMADO;NÃO INFORMADO;ITAJAÍ;Brasil;NÃO INFORMADO;SUL;SC;5;1;0;5;5;;0;;18/07/2026 07:17
2026;NÃO INFORMADO;SOLTEIRO;75 a 79 anos;FEMININO;ANALFABETO;NÃO INFORMADO;NÃO INFORMADO;ITAJAÍ;Brasil;NÃO INFORMADO;SUL;SC;5;1;0;5;5;;0;;18/07/2026 07:17
2026;NÃO INFORMADO;SOLTEIRO;75 a 79 anos;FEMININO;ENSINO FUNDAMENTAL COMPLETO;NÃO INFORMADO;NÃO INFORMADO;ITAJAÍ;Brasil;NÃO INFORMADO;SUL;SC;31;0;0;31;31;;0;;18/07/2026 07:17
2026;NÃO INFORMADO;SOLTEIRO;75 a 79 anos;FEMININO;ENSINO FUNDAMENTAL INCOMPLETO;NÃO INFORMADO;NÃO INFORMADO;ITAJAÍ;Brasil;NÃO INFORMADO;SUL;SC;61;3;0;61;61;;0;;18/07/2026 07:17
2026;NÃO INFORMADO;SOLTEIRO;75 a 79 anos;FEMININO;ENSINO MÉDIO COMPLETO;NÃO INFORMADO;NÃO INFORMADO;ITAJAÍ;Brasil;NÃO INFORMADO;SUL;SC;45;0;0;46;46;;0;;18/07/2026 07:17
2026;NÃO INFORMADO;SOLTEIRO;75 a 79 anos;FEMININO;ENSINO MÉDIO INCOMPLETO;NÃO INFORMADO;NÃO INFORMADO;ITAJAÍ;Brasil;NÃO INFORMADO;SUL;SC;3;0;0;3;3;;0;;18/07/2026 07:17
2026;NÃO INFORMADO;SOLTEIRO;75 a 79 anos;FEMININO;LÊ E ESCREVE;NÃO INFORMADO;NÃO INFORMADO;ITAJAÍ;Brasil;NÃO INFORMADO;SUL;SC;31;2;0;31;31;;0;;18/07/2026 07:17
2026;NÃO INFORMADO;SOLTEIRO;75 a 79 anos;FEMININO;SUPERIOR COMPLETO;NÃO INFORMADO;NÃO INFORMADO;ITAJAÍ;Brasil;NÃO INFORMADO;SUL;SC;45;1;0;45;45;;0;;18/07/2026 07:17
2026;NÃO INFORMADO;SOLTEIRO;75 a 79 anos;FEMININO;SUPERIOR INCOMPLETO;NÃO INFORMADO;NÃO INFORMADO;ITAJAÍ;Brasil;NÃO INFORMADO;SUL;SC;3;0;0;3;3;;0;;18/07/2026 07:17
2026;NÃO INFORMADO;SOLTEIRO;75 a 79 anos;MASCULINO;ANALFABETO;NÃO INFORMADO;NÃO INFORMADO;ITAJAÍ;Brasil;NÃO INFORMADO;SUL;SC;6;1;0;7;7;;0;;18/07/2026 07:17
2026;NÃO INFORMADO;SOLTEIRO;75 a 79 anos;MASCULINO;ENSINO FUNDAMENTAL COMPLETO;NÃO INFORMADO;NÃO INFORMADO;ITAJAÍ;Brasil;NÃO INFORMADO;SUL;SC;6;0;0;6;6;;0;;18/07/2026 07:17
2026;NÃO INFORMADO;SOLTEIRO;75 a 79 anos;MASCULINO;ENSINO FUNDAMENTAL INCOMPLETO;NÃO INFORMADO;NÃO INFORMADO;ITAJAÍ;Brasil;NÃO INFORMADO;SUL;SC;33;1;0;33;33;;0;;18/07/2026 07:17
2026;NÃO INFORMADO;SOLTEIRO;75 a 79 anos;MASCULINO;ENSINO MÉDIO COMPLETO;NÃO INFORMADO;NÃO INFORMADO;ITAJAÍ;Brasil;NÃO INFORMADO;SUL;SC;12;1;0;12;12;;0;;18/07/2026 07:17
2026;NÃO INFORMADO;SOLTEIRO;75 a 79 anos;MASCULINO;ENSINO MÉDIO INCOMPLETO;NÃO INFORMADO;NÃO INFORMADO;ITAJAÍ;Brasil;NÃO INFORMADO;SUL;SC;3;0;0;3;3;;0;;18/07/2026 07:17
2026;NÃO INFORMADO;SOLTEIRO;75 a 79 anos;MASCULINO;LÊ E ESCREVE;NÃO INFORMADO;NÃO INFORMADO;ITAJAÍ;Brasil;NÃO INFORMADO;SUL;SC;12;0;0;12;12;;0;;18/07/2026 07:17
2026;NÃO INFORMADO;SOLTEIRO;75 a 79 anos;MASCULINO;SUPERIOR COMPLETO;NÃO INFORMADO;NÃO INFORMADO;ITAJAÍ;Brasil;NÃO INFORMADO;SUL;SC;10;0;0;10;10;;0;;18/07/2026 07:17
2026;NÃO INFORMADO;SOLTEIRO;75 a 79 anos;MASCULINO;SUPERIOR INCOMPLETO;NÃO INFORMADO;NÃO INFORMADO;ITAJAÍ;Brasil;NÃO INFORMADO;SUL;SC;2;0;0;2;2;;0;;18/07/2026 07:17
2026;NÃO INFORMADO;SOLTEIRO;80 a 84 anos;FEMININO;ANALFABETO;NÃO INFORMADO;NÃO INFORMADO;ITAJAÍ;Brasil;NÃO INFORMADO;SUL;SC;5;0;0;5;5;;0;;18/07/2026 07:17
2026;NÃO INFORMADO;SOLTEIRO;80 a 84 anos;FEMININO;ENSINO FUNDAMENTAL COMPLETO;NÃO INFORMADO;NÃO INFORMADO;ITAJAÍ;Brasil;NÃO INFORMADO;SUL;SC;5;1;0;5;5;;0;;18/07/2026 07:17
2026;NÃO INFORMADO;SOLTEIRO;80 a 84 anos;FEMININO;ENSINO FUNDAMENTAL INCOMPLETO;NÃO INFORMADO;NÃO INFORMADO;ITAJAÍ;Brasil;NÃO INFORMADO;SUL;SC;26;0;0;26;26;;0;;18/07/2026 07:17
2026;NÃO INFORMADO;SOLTEIRO;80 a 84 anos;FEMININO;ENSINO MÉDIO COMPLETO;NÃO INFORMADO;NÃO INFORMADO;ITAJAÍ;Brasil;NÃO INFORMADO;SUL;SC;17;0;0;17;17;;0;;18/07/2026 07:17
2026;NÃO INFORMADO;SOLTEIRO;80 a 84 anos;FEMININO;ENSINO MÉDIO INCOMPLETO;NÃO INFORMADO;NÃO INFORMADO;ITAJAÍ;Brasil;NÃO INFORMADO;SUL;SC;2;0;0;2;2;;0;;18/07/2026 07:17
2026;NÃO INFORMADO;SOLTEIRO;80 a 84 anos;FEMININO;LÊ E ESCREVE;NÃO INFORMADO;NÃO INFORMADO;ITAJAÍ;Brasil;NÃO INFORMADO;SUL;SC;9;0;0;9;9;;0;;18/07/2026 07:17
2026;NÃO INFORMADO;SOLTEIRO;80 a 84 anos;FEMININO;SUPERIOR COMPLETO;NÃO INFORMADO;NÃO INFORMADO;ITAJAÍ;Brasil;NÃO INFORMADO;SUL;SC;13;0;0;14;14;;0;;18/07/2026 07:17
2026;NÃO INFORMADO;SOLTEIRO;80 a 84 anos;FEMININO;SUPERIOR INCOMPLETO;NÃO INFORMADO;NÃO INFORMADO;ITAJAÍ;Brasil;NÃO INFORMADO;SUL;SC;1;0;0;1;1;;0;;18/07/2026 07:17
2026;NÃO INFORMADO;SOLTEIRO;80 a 84 anos;MASCULINO;ANALFABETO;NÃO INFORMADO;NÃO INFORMADO;ITAJAÍ;Brasil;NÃO INFORMADO;SUL;SC;2;0;0;2;2;;0;;18/07/2026 07:17
2026;NÃO INFORMADO;SOLTEIRO;80 a 84 anos;MASCULINO;ENSINO FUNDAMENTAL COMPLETO;NÃO INFORMADO;NÃO INFORMADO;ITAJAÍ;Brasil;NÃO INFORMADO;SUL;SC;1;0;0;1;1;;0;;18/07/2026 07:17
2026;NÃO INFORMADO;SOLTEIRO;80 a 84 anos;MASCULINO;ENSINO FUNDAMENTAL INCOMPLETO;NÃO INFORMADO;NÃO INFORMADO;ITAJAÍ;Brasil;NÃO INFORMADO;SUL;SC;5;0;0;5;5;;0;;18/07/2026 07:17
2026;NÃO INFORMADO;SOLTEIRO;80 a 84 anos;MASCULINO;ENSINO MÉDIO COMPLETO;NÃO INFORMADO;NÃO INFORMADO;ITAJAÍ;Brasil;NÃO INFORMADO;SUL;SC;5;0;0;5;5;;0;;18/07/2026 07:17
2026;NÃO INFORMADO;SOLTEIRO;80 a 84 anos;MASCULINO;ENSINO MÉDIO INCOMPLETO;NÃO INFORMADO;NÃO INFORMADO;ITAJAÍ;Brasil;NÃO INFORMADO;SUL;SC;1;0;0;1;1;;0;;18/07/2026 07:17
2026;NÃO INFORMADO;SOLTEIRO;80 a 84 anos;MASCULINO;LÊ E ESCREVE;NÃO INFORMADO;NÃO INFORMADO;ITAJAÍ;Brasil;NÃO INFORMADO;SUL;SC;5;0;0;5;5;;0;;18/07/2026 07:17
2026;NÃO INFORMADO;SOLTEIRO;80 a 84 anos;MASCULINO;SUPERIOR COMPLETO;NÃO INFORMADO;NÃO INFORMADO;ITAJAÍ;Brasil;NÃO INFORMADO;SUL;SC;1;0;0;2;2;;0;;18/07/2026 07:17
2026;NÃO INFORMADO;SOLTEIRO;85 a 89 anos;FEMININO;ANALFABETO;NÃO INFORMADO;NÃO INFORMADO;ITAJAÍ;Brasil;NÃO INFORMADO;SUL;SC;1;0;0;1;1;;0;;18/07/2026 07:17
2026;NÃO INFORMADO;SOLTEIRO;85 a 89 anos;FEMININO;ENSINO FUNDAMENTAL COMPLETO;NÃO INFORMADO;NÃO INFORMADO;ITAJAÍ;Brasil;NÃO INFORMADO;SUL;SC;2;0;0;2;2;;0;;18/07/2026 07:17
2026;NÃO INFORMADO;SOLTEIRO;85 a 89 anos;FEMININO;ENSINO FUNDAMENTAL INCOMPLETO;NÃO INFORMADO;NÃO INFORMADO;ITAJAÍ;Brasil;NÃO INFORMADO;SUL;SC;10;0;0;10;10;;0;;18/07/2026 07:17
2026;NÃO INFORMADO;SOLTEIRO;85 a 89 anos;FEMININO;ENSINO MÉDIO INCOMPLETO;NÃO INFORMADO;NÃO INFORMADO;ITAJAÍ;Brasil;NÃO INFORMADO;SUL;SC;1;0;0;1;1;;0;;18/07/2026 07:17
2026;NÃO INFORMADO;SOLTEIRO;85 a 89 anos;FEMININO;LÊ E ESCREVE;NÃO INFORMADO;NÃO INFORMADO;ITAJAÍ;Brasil;NÃO INFORMADO;SUL;SC;8;0;0;8;8;;0;;18/07/2026 07:17
2026;NÃO INFORMADO;SOLTEIRO;85 a 89 anos;FEMININO;SUPERIOR COMPLETO;NÃO INFORMADO;NÃO INFORMADO;ITAJAÍ;Brasil;NÃO INFORMADO;SUL;SC;3;0;0;3;3;;0;;18/07/2026 07:17
2026;NÃO INFORMADO;SOLTEIRO;85 a 89 anos;MASCULINO;ANALFABETO;NÃO INFORMADO;NÃO INFORMADO;ITAJAÍ;Brasil;NÃO INFORMADO;SUL;SC;1;0;0;1;1;;0;;18/07/2026 07:17
2026;NÃO INFORMADO;SOLTEIRO;85 a 89 anos;MASCULINO;ENSINO FUNDAMENTAL COMPLETO;NÃO INFORMADO;NÃO INFORMADO;ITAJAÍ;Brasil;NÃO INFORMADO;SUL;SC;2;0;0;2;2;;0;;18/07/2026 07:17
2026;NÃO INFORMADO;SOLTEIRO;85 a 89 anos;MASCULINO;ENSINO FUNDAMENTAL INCOMPLETO;NÃO INFORMADO;NÃO INFORMADO;ITAJAÍ;Brasil;NÃO INFORMADO;SUL;SC;0;0;0;1;1;;0;;18/07/2026 07:17
2026;NÃO INFORMADO;SOLTEIRO;85 a 89 anos;MASCULINO;ENSINO MÉDIO COMPLETO;NÃO INFORMADO;NÃO INFORMADO;ITAJAÍ;Brasil;NÃO INFORMADO;SUL;SC;2;0;0;2;2;;0;;18/07/2026 07:17
2026;NÃO INFORMADO;SOLTEIRO;85 a 89 anos;MASCULINO;SUPERIOR COMPLETO;NÃO INFORMADO;NÃO INFORMADO;ITAJAÍ;Brasil;NÃO INFORMADO;SUL;SC;2;0;0;2;2;;0;;18/07/2026 07:17
2026;NÃO INFORMADO;SOLTEIRO;90 a 94 anos;FEMININO;ENSINO FUNDAMENTAL INCOMPLETO;NÃO INFORMADO;NÃO INFORMADO;ITAJAÍ;Brasil;NÃO INFORMADO;SUL;SC;1;0;0;1;1;;0;;18/07/2026 07:17
2026;NÃO INFORMADO;SOLTEIRO;90 a 94 anos;FEMININO;LÊ E ESCREVE;NÃO INFORMADO;NÃO INFORMADO;ITAJAÍ;Brasil;NÃO INFORMADO;SUL;SC;2;0;0;2;2;;0;;18/07/2026 07:17
2026;NÃO INFORMADO;SOLTEIRO;90 a 94 anos;FEMININO;SUPERIOR COMPLETO;NÃO INFORMADO;NÃO INFORMADO;ITAJAÍ;Brasil;NÃO INFORMADO;SUL;SC;4;0;0;4;4;;0;;18/07/2026 07:17
2026;NÃO INFORMADO;SOLTEIRO;90 a 94 anos;MASCULINO;ENSINO FUNDAMENTAL COMPLETO;NÃO INFORMADO;NÃO INFORMADO;ITAJAÍ;Brasil;NÃO INFORMADO;SUL;SC;2;1;0;2;2;;0;;18/07/2026 07:17
2026;NÃO INFORMADO;VIÚVO;100 anos ou mais;FEMININO;ENSINO FUNDAMENTAL INCOMPLETO;NÃO INFORMADO;NÃO INFORMADO;ITAJAÍ;Brasil;NÃO INFORMADO;SUL;SC;3;0;0;3;3;;0;;18/07/2026 07:17
2026;NÃO INFORMADO;VIÚVO;100 anos ou mais;FEMININO;SUPERIOR COMPLETO;NÃO INFORMADO;NÃO INFORMADO;ITAJAÍ;Brasil;NÃO INFORMADO;SUL;SC;1;0;0;1;1;;0;;18/07/2026 07:17
2026;NÃO INFORMADO;VIÚVO;21 a 24 anos;FEMININO;ENSINO MÉDIO INCOMPLETO;NÃO INFORMADO;NÃO INFORMADO;ITAJAÍ;Brasil;NÃO INFORMADO;SUL;SC;0;0;0;1;0;;1;;18/07/2026 07:17
2026;NÃO INFORMADO;VIÚVO;21 a 24 anos;FEMININO;SUPERIOR INCOMPLETO;NÃO INFORMADO;NÃO INFORMADO;ITAJAÍ;Brasil;NÃO INFORMADO;SUL;SC;0;0;0;1;0;;1;;18/07/2026 07:17
2026;NÃO INFORMADO;VIÚVO;21 a 24 anos;MASCULINO;ENSINO MÉDIO COMPLETO;NÃO INFORMADO;NÃO INFORMADO;ITAJAÍ;Brasil;NÃO INFORMADO;SUL;SC;1;0;0;1;0;;1;;18/07/2026 07:17
2026;NÃO INFORMADO;VIÚVO;25 a 29 anos;FEMININO;ENSINO FUNDAMENTAL INCOMPLETO;NÃO INFORMADO;NÃO INFORMADO;ITAJAÍ;Brasil;NÃO INFORMADO;SUL;SC;0;0;0;1;0;;1;;18/07/2026 07:17
2026;NÃO INFORMADO;VIÚVO;25 a 29 anos;FEMININO;ENSINO MÉDIO COMPLETO;NÃO INFORMADO;NÃO INFORMADO;ITAJAÍ;Brasil;NÃO INFORMADO;SUL;SC;2;0;0;2;0;;2;;18/07/2026 07:17
2026;NÃO INFORMADO;VIÚVO;30 a 34 anos;FEMININO;ENSINO FUNDAMENTAL COMPLETO;NÃO INFORMADO;NÃO INFORMADO;ITAJAÍ;Brasil;NÃO INFORMADO;SUL;SC;2;0;0;2;0;;2;;18/07/2026 07:17
2026;NÃO INFORMADO;VIÚVO;30 a 34 anos;FEMININO;ENSINO FUNDAMENTAL INCOMPLETO;NÃO INFORMADO;NÃO INFORMADO;ITAJAÍ;Brasil;NÃO INFORMADO;SUL;SC;1;0;0;1;0;;1;;18/07/2026 07:17
2026;NÃO INFORMADO;VIÚVO;30 a 34 anos;FEMININO;ENSINO MÉDIO COMPLETO;NÃO INFORMADO;NÃO INFORMADO;ITAJAÍ;Brasil;NÃO INFORMADO;SUL;SC;3;0;0;3;0;;3;;18/07/2026 07:17
2026;NÃO INFORMADO;VIÚVO;30 a 34 anos;MASCULINO;ENSINO FUNDAMENTAL COMPLETO;NÃO INFORMADO;NÃO INFORMADO;ITAJAÍ;Brasil;NÃO INFORMADO;SUL;SC;1;0;0;1;0;;1;;18/07/2026 07:17
2026;NÃO INFORMADO;VIÚVO;30 a 34 anos;MASCULINO;ENSINO MÉDIO INCOMPLETO;NÃO INFORMADO;NÃO INFORMADO;ITAJAÍ;Brasil;NÃO INFORMADO;SUL;SC;1;0;0;1;0;;1;;18/07/2026 07:17
2026;NÃO INFORMADO;VIÚVO;35 a 39 anos;FEMININO;ENSINO FUNDAMENTAL COMPLETO;NÃO INFORMADO;NÃO INFORMADO;ITAJAÍ;Brasil;NÃO INFORMADO;SUL;SC;1;0;0;1;0;;1;;18/07/2026 07:17
2026;NÃO INFORMADO;VIÚVO;35 a 39 anos;FEMININO;ENSINO FUNDAMENTAL INCOMPLETO;NÃO INFORMADO;NÃO INFORMADO;ITAJAÍ;Brasil;NÃO INFORMADO;SUL;SC;1;0;0;1;0;;1;;18/07/2026 07:17
2026;NÃO INFORMADO;VIÚVO;35 a 39 anos;FEMININO;ENSINO MÉDIO COMPLETO;NÃO INFORMADO;NÃO INFORMADO;ITAJAÍ;Brasil;NÃO INFORMADO;SUL;SC;4;0;0;4;0;;4;;18/07/2026 07:17
2026;NÃO INFORMADO;VIÚVO;35 a 39 anos;FEMININO;ENSINO MÉDIO INCOMPLETO;NÃO INFORMADO;NÃO INFORMADO;ITAJAÍ;Brasil;NÃO INFORMADO;SUL;SC;2;0;0;2;0;;2;;18/07/2026 07:17
2026;NÃO INFORMADO;VIÚVO;35 a 39 anos;FEMININO;SUPERIOR COMPLETO;NÃO INFORMADO;NÃO INFORMADO;ITAJAÍ;Brasil;NÃO INFORMADO;SUL;SC;2;0;0;2;0;;2;;18/07/2026 07:17
2026;NÃO INFORMADO;VIÚVO;35 a 39 anos;FEMININO;SUPERIOR INCOMPLETO;NÃO INFORMADO;NÃO INFORMADO;ITAJAÍ;Brasil;NÃO INFORMADO;SUL;SC;3;0;0;3;0;;3;;18/07/2026 07:17
2026;NÃO INFORMADO;VIÚVO;35 a 39 anos;MASCULINO;ENSINO MÉDIO COMPLETO;NÃO INFORMADO;NÃO INFORMADO;ITAJAÍ;Brasil;NÃO INFORMADO;SUL;SC;1;0;0;1;0;;1;;18/07/2026 07:17
2026;NÃO INFORMADO;VIÚVO;35 a 39 anos;MASCULINO;ENSINO MÉDIO INCOMPLETO;NÃO INFORMADO;NÃO INFORMADO;ITAJAÍ;Brasil;NÃO INFORMADO;SUL;SC;1;0;0;1;0;;1;;18/07/2026 07:17
2026;NÃO INFORMADO;VIÚVO;40 a 44 anos;FEMININO;ENSINO FUNDAMENTAL COMPLETO;NÃO INFORMADO;NÃO INFORMADO;ITAJAÍ;Brasil;NÃO INFORMADO;SUL;SC;2;0;0;2;0;;2;;18/07/2026 07:17
2026;NÃO INFORMADO;VIÚVO;40 a 44 anos;FEMININO;ENSINO FUNDAMENTAL INCOMPLETO;NÃO INFORMADO;NÃO INFORMADO;ITAJAÍ;Brasil;NÃO INFORMADO;SUL;SC;6;0;0;6;0;;6;;18/07/2026 07:17
2026;NÃO INFORMADO;VIÚVO;40 a 44 anos;FEMININO;ENSINO MÉDIO COMPLETO;NÃO INFORMADO;NÃO INFORMADO;ITAJAÍ;Brasil;NÃO INFORMADO;SUL;SC;8;0;0;8;0;;8;;18/07/2026 07:17
2026;NÃO INFORMADO;VIÚVO;40 a 44 anos;FEMININO;ENSINO MÉDIO INCOMPLETO;NÃO INFORMADO;NÃO INFORMADO;ITAJAÍ;Brasil;NÃO INFORMADO;SUL;SC;3;0;0;3;0;;3;;18/07/2026 07:17
2026;NÃO INFORMADO;VIÚVO;40 a 44 anos;FEMININO;SUPERIOR COMPLETO;NÃO INFORMADO;NÃO INFORMADO;ITAJAÍ;Brasil;NÃO INFORMADO;SUL;SC;5;0;0;5;0;;5;;18/07/2026 07:17
2026;NÃO INFORMADO;VIÚVO;40 a 44 anos;FEMININO;SUPERIOR INCOMPLETO;NÃO INFORMADO;NÃO INFORMADO;ITAJAÍ;Brasil;NÃO INFORMADO;SUL;SC;2;0;0;2;0;;2;;18/07/2026 07:17
2026;NÃO INFORMADO;VIÚVO;40 a 44 anos;MASCULINO;ENSINO FUNDAMENTAL COMPLETO;NÃO INFORMADO;NÃO INFORMADO;ITAJAÍ;Brasil;NÃO INFORMADO;SUL;SC;1;0;0;1;0;;1;;18/07/2026 07:17
2026;NÃO INFORMADO;VIÚVO;40 a 44 anos;MASCULINO;ENSINO MÉDIO COMPLETO;NÃO INFORMADO;NÃO INFORMADO;ITAJAÍ;Brasil;NÃO INFORMADO;SUL;SC;5;0;0;5;0;;5;;18/07/2026 07:17
2026;NÃO INFORMADO;VIÚVO;40 a 44 anos;MASCULINO;SUPERIOR COMPLETO;NÃO INFORMADO;NÃO INFORMADO;ITAJAÍ;Brasil;NÃO INFORMADO;SUL;SC;4;0;0;4;0;;4;;18/07/2026 07:17
2026;NÃO INFORMADO;VIÚVO;45 a 49 anos;FEMININO;ENSINO FUNDAMENTAL COMPLETO;NÃO INFORMADO;NÃO INFORMADO;ITAJAÍ;Brasil;NÃO INFORMADO;SUL;SC;10;0;0;10;0;;10;;18/07/2026 07:17
2026;NÃO INFORMADO;VIÚVO;45 a 49 anos;FEMININO;ENSINO FUNDAMENTAL INCOMPLETO;NÃO INFORMADO;NÃO INFORMADO;ITAJAÍ;Brasil;NÃO INFORMADO;SUL;SC;8;0;0;8;0;;8;;18/07/2026 07:17
2026;NÃO INFORMADO;VIÚVO;45 a 49 anos;FEMININO;ENSINO MÉDIO COMPLETO;NÃO INFORMADO;NÃO INFORMADO;ITAJAÍ;Brasil;NÃO INFORMADO;SUL;SC;9;0;0;9;0;;9;;18/07/2026 07:17
2026;NÃO INFORMADO;VIÚVO;45 a 49 anos;FEMININO;ENSINO MÉDIO INCOMPLETO;NÃO INFORMADO;NÃO INFORMADO;ITAJAÍ;Brasil;NÃO INFORMADO;SUL;SC;4;0;0;4;0;;4;;18/07/2026 07:17
2026;NÃO INFORMADO;VIÚVO;45 a 49 anos;FEMININO;SUPERIOR COMPLETO;NÃO INFORMADO;NÃO INFORMADO;ITAJAÍ;Brasil;NÃO INFORMADO;SUL;SC;9;0;0;12;0;;12;;18/07/2026 07:17
2026;NÃO INFORMADO;VIÚVO;45 a 49 anos;FEMININO;SUPERIOR INCOMPLETO;NÃO INFORMADO;NÃO INFORMADO;ITAJAÍ;Brasil;NÃO INFORMADO;SUL;SC;9;0;0;9;0;;9;;18/07/2026 07:17
2026;NÃO INFORMADO;VIÚVO;45 a 49 anos;MASCULINO;ENSINO FUNDAMENTAL INCOMPLETO;NÃO INFORMADO;NÃO INFORMADO;ITAJAÍ;Brasil;NÃO INFORMADO;SUL;SC;5;0;0;5;0;;5;;18/07/2026 07:17
2026;NÃO INFORMADO;VIÚVO;45 a 49 anos;MASCULINO;ENSINO MÉDIO COMPLETO;NÃO INFORMADO;NÃO INFORMADO;ITAJAÍ;Brasil;NÃO INFORMADO;SUL;SC;4;0;0;5;0;;5;;18/07/2026 07:17
2026;NÃO INFORMADO;VIÚVO;45 a 49 anos;MASCULINO;ENSINO MÉDIO INCOMPLETO;NÃO INFORMADO;NÃO INFORMADO;ITAJAÍ;Brasil;NÃO INFORMADO;SUL;SC;3;0;0;3;0;;3;;18/07/2026 07:17
2026;NÃO INFORMADO;VIÚVO;45 a 49 anos;MASCULINO;SUPERIOR COMPLETO;NÃO INFORMADO;NÃO INFORMADO;ITAJAÍ;Brasil;NÃO INFORMADO;SUL;SC;2;0;0;2;0;;2;;18/07/2026 07:17
2026;NÃO INFORMADO;VIÚVO;45 a 49 anos;MASCULINO;SUPERIOR INCOMPLETO;NÃO INFORMADO;NÃO INFORMADO;ITAJAÍ;Brasil;NÃO INFORMADO;SUL;SC;2;0;0;2;0;;2;;18/07/2026 07:17
2026;NÃO INFORMADO;VIÚVO;50 a 54 anos;FEMININO;ENSINO FUNDAMENTAL COMPLETO;NÃO INFORMADO;NÃO INFORMADO;ITAJAÍ;Brasil;NÃO INFORMADO;SUL;SC;13;0;0;13;0;;13;;18/07/2026 07:17
2026;NÃO INFORMADO;VIÚVO;50 a 54 anos;FEMININO;ENSINO FUNDAMENTAL INCOMPLETO;NÃO INFORMADO;NÃO INFORMADO;ITAJAÍ;Brasil;NÃO INFORMADO;SUL;SC;24;0;0;26;0;;26;;18/07/2026 07:17
2026;NÃO INFORMADO;VIÚVO;50 a 54 anos;FEMININO;ENSINO MÉDIO COMPLETO;NÃO INFORMADO;NÃO INFORMADO;ITAJAÍ;Brasil;NÃO INFORMADO;SUL;SC;35;0;0;35;0;;35;;18/07/2026 07:17
2026;NÃO INFORMADO;VIÚVO;50 a 54 anos;FEMININO;ENSINO MÉDIO INCOMPLETO;NÃO INFORMADO;NÃO INFORMADO;ITAJAÍ;Brasil;NÃO INFORMADO;SUL;SC;11;0;0;12;0;;12;;18/07/2026 07:17
2026;NÃO INFORMADO;VIÚVO;50 a 54 anos;FEMININO;LÊ E ESCREVE;NÃO INFORMADO;NÃO INFORMADO;ITAJAÍ;Brasil;NÃO INFORMADO;SUL;SC;2;0;0;2;0;;2;;18/07/2026 07:17
2026;NÃO INFORMADO;VIÚVO;50 a 54 anos;FEMININO;SUPERIOR COMPLETO;NÃO INFORMADO;NÃO INFORMADO;ITAJAÍ;Brasil;NÃO INFORMADO;SUL;SC;13;0;0;14;0;;14;;18/07/2026 07:17
2026;NÃO INFORMADO;VIÚVO;50 a 54 anos;FEMININO;SUPERIOR INCOMPLETO;NÃO INFORMADO;NÃO INFORMADO;ITAJAÍ;Brasil;NÃO INFORMADO;SUL;SC;2;0;0;2;0;;2;;18/07/2026 07:17
2026;NÃO INFORMADO;VIÚVO;50 a 54 anos;MASCULINO;ENSINO FUNDAMENTAL COMPLETO;NÃO INFORMADO;NÃO INFORMADO;ITAJAÍ;Brasil;NÃO INFORMADO;SUL;SC;1;0;0;1;0;;1;;18/07/2026 07:17
2026;NÃO INFORMADO;VIÚVO;50 a 54 anos;MASCULINO;ENSINO FUNDAMENTAL INCOMPLETO;NÃO INFORMADO;NÃO INFORMADO;ITAJAÍ;Brasil;NÃO INFORMADO;SUL;SC;7;0;0;7;0;;7;;18/07/2026 07:17
2026;NÃO INFORMADO;VIÚVO;50 a 54 anos;MASCULINO;ENSINO MÉDIO COMPLETO;NÃO INFORMADO;NÃO INFORMADO;ITAJAÍ;Brasil;NÃO INFORMADO;SUL;SC;5;0;0;5;0;;5;;18/07/2026 07:17
2026;NÃO INFORMADO;VIÚVO;50 a 54 anos;MASCULINO;SUPERIOR COMPLETO;NÃO INFORMADO;NÃO INFORMADO;ITAJAÍ;Brasil;NÃO INFORMADO;SUL;SC;4;0;0;4;0;;4;;18/07/2026 07:17
2026;NÃO INFORMADO;VIÚVO;50 a 54 anos;MASCULINO;SUPERIOR INCOMPLETO;NÃO INFORMADO;NÃO INFORMADO;ITAJAÍ;Brasil;NÃO INFORMADO;SUL;SC;1;0;0;1;0;;1;;18/07/2026 07:17
2026;NÃO INFORMADO;VIÚVO;55 a 59 anos;FEMININO;ANALFABETO;NÃO INFORMADO;NÃO INFORMADO;ITAJAÍ;Brasil;NÃO INFORMADO;SUL;SC;2;0;0;2;2;;0;;18/07/2026 07:17
2026;NÃO INFORMADO;VIÚVO;55 a 59 anos;FEMININO;ENSINO FUNDAMENTAL COMPLETO;NÃO INFORMADO;NÃO INFORMADO;ITAJAÍ;Brasil;NÃO INFORMADO;SUL;SC;31;0;0;31;0;;31;;18/07/2026 07:17
2026;NÃO INFORMADO;VIÚVO;55 a 59 anos;FEMININO;ENSINO FUNDAMENTAL INCOMPLETO;NÃO INFORMADO;NÃO INFORMADO;ITAJAÍ;Brasil;NÃO INFORMADO;SUL;SC;69;0;0;71;0;;71;;18/07/2026 07:17
2026;NÃO INFORMADO;VIÚVO;55 a 59 anos;FEMININO;ENSINO MÉDIO COMPLETO;NÃO INFORMADO;NÃO INFORMADO;ITAJAÍ;Brasil;NÃO INFORMADO;SUL;SC;49;0;0;49;0;;49;;18/07/2026 07:17
2026;NÃO INFORMADO;VIÚVO;55 a 59 anos;FEMININO;ENSINO MÉDIO INCOMPLETO;NÃO INFORMADO;NÃO INFORMADO;ITAJAÍ;Brasil;NÃO INFORMADO;SUL;SC;13;1;0;13;0;;13;;18/07/2026 07:17
2026;NÃO INFORMADO;VIÚVO;55 a 59 anos;FEMININO;LÊ E ESCREVE;NÃO INFORMADO;NÃO INFORMADO;ITAJAÍ;Brasil;NÃO INFORMADO;SUL;SC;8;0;0;8;0;;8;;18/07/2026 07:17
2026;NÃO INFORMADO;VIÚVO;55 a 59 anos;FEMININO;SUPERIOR COMPLETO;NÃO INFORMADO;NÃO INFORMADO;ITAJAÍ;Brasil;NÃO INFORMADO;SUL;SC;32;0;0;32;0;;32;;18/07/2026 07:17
2026;NÃO INFORMADO;VIÚVO;55 a 59 anos;FEMININO;SUPERIOR INCOMPLETO;NÃO INFORMADO;NÃO INFORMADO;ITAJAÍ;Brasil;NÃO INFORMADO;SUL;SC;10;1;0;10;0;;10;;18/07/2026 07:17
2026;NÃO INFORMADO;VIÚVO;55 a 59 anos;MASCULINO;ENSINO FUNDAMENTAL COMPLETO;NÃO INFORMADO;NÃO INFORMADO;ITAJAÍ;Brasil;NÃO INFORMADO;SUL;SC;8;1;0;8;0;;8;;18/07/2026 07:17
2026;NÃO INFORMADO;VIÚVO;55 a 59 anos;MASCULINO;ENSINO FUNDAMENTAL INCOMPLETO;NÃO INFORMADO;NÃO INFORMADO;ITAJAÍ;Brasil;NÃO INFORMADO;SUL;SC;14;0;0;14;0;;14;;18/07/2026 07:17
2026;NÃO INFORMADO;VIÚVO;55 a 59 anos;MASCULINO;ENSINO MÉDIO COMPLETO;NÃO INFORMADO;NÃO INFORMADO;ITAJAÍ;Brasil;NÃO INFORMADO;SUL;SC;12;0;0;13;0;;13;;18/07/2026 07:17
2026;NÃO INFORMADO;VIÚVO;55 a 59 anos;MASCULINO;ENSINO MÉDIO INCOMPLETO;NÃO INFORMADO;NÃO INFORMADO;ITAJAÍ;Brasil;NÃO INFORMADO;SUL;SC;3;0;0;3;0;;3;;18/07/2026 07:17
2026;NÃO INFORMADO;VIÚVO;55 a 59 anos;MASCULINO;LÊ E ESCREVE;NÃO INFORMADO;NÃO INFORMADO;ITAJAÍ;Brasil;NÃO INFORMADO;SUL;SC;4;0;0;4;0;;4;;18/07/2026 07:17
2026;NÃO INFORMADO;VIÚVO;55 a 59 anos;MASCULINO;SUPERIOR COMPLETO;NÃO INFORMADO;NÃO INFORMADO;ITAJAÍ;Brasil;NÃO INFORMADO;SUL;SC;5;0;0;5;0;;5;;18/07/2026 07:17
2026;NÃO INFORMADO;VIÚVO;60 a 64 anos;FEMININO;ANALFABETO;NÃO INFORMADO;NÃO INFORMADO;ITAJAÍ;Brasil;NÃO INFORMADO;SUL;SC;6;0;0;6;6;;0;;18/07/2026 07:17
2026;NÃO INFORMADO;VIÚVO;60 a 64 anos;FEMININO;ENSINO FUNDAMENTAL COMPLETO;NÃO INFORMADO;NÃO INFORMADO;ITAJAÍ;Brasil;NÃO INFORMADO;SUL;SC;75;1;0;75;0;;75;;18/07/2026 07:17
2026;NÃO INFORMADO;VIÚVO;60 a 64 anos;FEMININO;ENSINO FUNDAMENTAL INCOMPLETO;NÃO INFORMADO;NÃO INFORMADO;ITAJAÍ;Brasil;NÃO INFORMADO;SUL;SC;162;3;0;165;0;;165;;18/07/2026 07:17
2026;NÃO INFORMADO;VIÚVO;60 a 64 anos;FEMININO;ENSINO MÉDIO COMPLETO;NÃO INFORMADO;NÃO INFORMADO;ITAJAÍ;Brasil;NÃO INFORMADO;SUL;SC;79;0;0;79;0;;79;;18/07/2026 07:17
2026;NÃO INFORMADO;VIÚVO;60 a 64 anos;FEMININO;ENSINO MÉDIO INCOMPLETO;NÃO INFORMADO;NÃO INFORMADO;ITAJAÍ;Brasil;NÃO INFORMADO;SUL;SC;19;0;0;19;0;;19;;18/07/2026 07:17
2026;NÃO INFORMADO;VIÚVO;60 a 64 anos;FEMININO;LÊ E ESCREVE;NÃO INFORMADO;NÃO INFORMADO;ITAJAÍ;Brasil;NÃO INFORMADO;SUL;SC;24;0;0;24;0;;24;;18/07/2026 07:17
2026;NÃO INFORMADO;VIÚVO;60 a 64 anos;FEMININO;SUPERIOR COMPLETO;NÃO INFORMADO;NÃO INFORMADO;ITAJAÍ;Brasil;NÃO INFORMADO;SUL;SC;39;0;0;40;0;;40;;18/07/2026 07:17
2026;NÃO INFORMADO;VIÚVO;60 a 64 anos;FEMININO;SUPERIOR INCOMPLETO;NÃO INFORMADO;NÃO INFORMADO;ITAJAÍ;Brasil;NÃO INFORMADO;SUL;SC;15;0;0;15;0;;15;;18/07/2026 07:17
2026;NÃO INFORMADO;VIÚVO;60 a 64 anos;MASCULINO;ANALFABETO;NÃO INFORMADO;NÃO INFORMADO;ITAJAÍ;Brasil;NÃO INFORMADO;SUL;SC;1;0;0;1;1;;0;;18/07/2026 07:17
2026;NÃO INFORMADO;VIÚVO;60 a 64 anos;MASCULINO;ENSINO FUNDAMENTAL COMPLETO;NÃO INFORMADO;NÃO INFORMADO;ITAJAÍ;Brasil;NÃO INFORMADO;SUL;SC;13;0;0;14;0;;14;;18/07/2026 07:17
2026;NÃO INFORMADO;VIÚVO;60 a 64 anos;MASCULINO;ENSINO FUNDAMENTAL INCOMPLETO;NÃO INFORMADO;NÃO INFORMADO;ITAJAÍ;Brasil;NÃO INFORMADO;SUL;SC;21;0;0;23;0;;23;;18/07/2026 07:17
2026;NÃO INFORMADO;VIÚVO;60 a 64 anos;MASCULINO;ENSINO MÉDIO COMPLETO;NÃO INFORMADO;NÃO INFORMADO;ITAJAÍ;Brasil;NÃO INFORMADO;SUL;SC;23;0;0;23;0;;23;;18/07/2026 07:17
2026;NÃO INFORMADO;VIÚVO;60 a 64 anos;MASCULINO;ENSINO MÉDIO INCOMPLETO;NÃO INFORMADO;NÃO INFORMADO;ITAJAÍ;Brasil;NÃO INFORMADO;SUL;SC;5;0;0;5;0;;5;;18/07/2026 07:17
2026;NÃO INFORMADO;VIÚVO;60 a 64 anos;MASCULINO;LÊ E ESCREVE;NÃO INFORMADO;NÃO INFORMADO;ITAJAÍ;Brasil;NÃO INFORMADO;SUL;SC;3;0;0;3;0;;3;;18/07/2026 07:17
2026;NÃO INFORMADO;VIÚVO;60 a 64 anos;MASCULINO;SUPERIOR COMPLETO;NÃO INFORMADO;NÃO INFORMADO;ITAJAÍ;Brasil;NÃO INFORMADO;SUL;SC;10;0;0;11;0;;11;;18/07/2026 07:17
2026;NÃO INFORMADO;VIÚVO;60 a 64 anos;MASCULINO;SUPERIOR INCOMPLETO;NÃO INFORMADO;NÃO INFORMADO;ITAJAÍ;Brasil;NÃO INFORMADO;SUL;SC;6;0;0;6;0;;6;;18/07/2026 07:17
2026;NÃO INFORMADO;VIÚVO;65 a 69 anos;FEMININO;ANALFABETO;NÃO INFORMADO;NÃO INFORMADO;ITAJAÍ;Brasil;NÃO INFORMADO;SUL;SC;15;0;0;15;15;;0;;18/07/2026 07:17
2026;NÃO INFORMADO;VIÚVO;65 a 69 anos;FEMININO;ENSINO FUNDAMENTAL COMPLETO;NÃO INFORMADO;NÃO INFORMADO;ITAJAÍ;Brasil;NÃO INFORMADO;SUL;SC;76;3;0;76;0;;76;;18/07/2026 07:17
2026;NÃO INFORMADO;VIÚVO;65 a 69 anos;FEMININO;ENSINO FUNDAMENTAL INCOMPLETO;NÃO INFORMADO;NÃO INFORMADO;ITAJAÍ;Brasil;NÃO INFORMADO;SUL;SC;216;2;0;222;0;;222;;18/07/2026 07:17
2026;NÃO INFORMADO;VIÚVO;65 a 69 anos;FEMININO;ENSINO MÉDIO COMPLETO;NÃO INFORMADO;NÃO INFORMADO;ITAJAÍ;Brasil;NÃO INFORMADO;SUL;SC;90;0;0;90;0;;90;;18/07/2026 07:17
2026;NÃO INFORMADO;VIÚVO;65 a 69 anos;FEMININO;ENSINO MÉDIO INCOMPLETO;NÃO INFORMADO;NÃO INFORMADO;ITAJAÍ;Brasil;NÃO INFORMADO;SUL;SC;25;2;0;25;0;;25;;18/07/2026 07:17
2026;NÃO INFORMADO;VIÚVO;65 a 69 anos;FEMININO;LÊ E ESCREVE;NÃO INFORMADO;NÃO INFORMADO;ITAJAÍ;Brasil;NÃO INFORMADO;SUL;SC;43;0;0;43;0;;43;;18/07/2026 07:17
2026;NÃO INFORMADO;VIÚVO;65 a 69 anos;FEMININO;SUPERIOR COMPLETO;NÃO INFORMADO;NÃO INFORMADO;ITAJAÍ;Brasil;NÃO INFORMADO;SUL;SC;59;1;0;59;0;;59;;18/07/2026 07:17
2026;NÃO INFORMADO;VIÚVO;65 a 69 anos;FEMININO;SUPERIOR INCOMPLETO;NÃO INFORMADO;NÃO INFORMADO;ITAJAÍ;Brasil;NÃO INFORMADO;SUL;SC;14;0;0;14;0;;14;;18/07/2026 07:17
2026;NÃO INFORMADO;VIÚVO;65 a 69 anos;MASCULINO;ANALFABETO;NÃO INFORMADO;NÃO INFORMADO;ITAJAÍ;Brasil;NÃO INFORMADO;SUL;SC;3;1;0;3;3;;0;;18/07/2026 07:17
2026;NÃO INFORMADO;VIÚVO;65 a 69 anos;MASCULINO;ENSINO FUNDAMENTAL COMPLETO;NÃO INFORMADO;NÃO INFORMADO;ITAJAÍ;Brasil;NÃO INFORMADO;SUL;SC;13;0;0;13;0;;13;;18/07/2026 07:17
2026;NÃO INFORMADO;VIÚVO;65 a 69 anos;MASCULINO;ENSINO FUNDAMENTAL INCOMPLETO;NÃO INFORMADO;NÃO INFORMADO;ITAJAÍ;Brasil;NÃO INFORMADO;SUL;SC;41;1;0;44;0;;44;;18/07/2026 07:17
2026;NÃO INFORMADO;VIÚVO;65 a 69 anos;MASCULINO;ENSINO MÉDIO COMPLETO;NÃO INFORMADO;NÃO INFORMADO;ITAJAÍ;Brasil;NÃO INFORMADO;SUL;SC;17;2;0;17;0;;17;;18/07/2026 07:17
2026;NÃO INFORMADO;VIÚVO;65 a 69 anos;MASCULINO;ENSINO MÉDIO INCOMPLETO;NÃO INFORMADO;NÃO INFORMADO;ITAJAÍ;Brasil;NÃO INFORMADO;SUL;SC;5;0;0;5;0;;5;;18/07/2026 07:17
2026;NÃO INFORMADO;VIÚVO;65 a 69 anos;MASCULINO;LÊ E ESCREVE;NÃO INFORMADO;NÃO INFORMADO;ITAJAÍ;Brasil;NÃO INFORMADO;SUL;SC;5;0;0;5;0;;5;;18/07/2026 07:17
2026;NÃO INFORMADO;VIÚVO;65 a 69 anos;MASCULINO;SUPERIOR COMPLETO;NÃO INFORMADO;NÃO INFORMADO;ITAJAÍ;Brasil;NÃO INFORMADO;SUL;SC;11;0;0;11;0;;11;;18/07/2026 07:17
2026;NÃO INFORMADO;VIÚVO;65 a 69 anos;MASCULINO;SUPERIOR INCOMPLETO;NÃO INFORMADO;NÃO INFORMADO;ITAJAÍ;Brasil;NÃO INFORMADO;SUL;SC;7;0;0;7;0;;7;;18/07/2026 07:17
2026;NÃO INFORMADO;VIÚVO;70 a 74 anos;FEMININO;ANALFABETO;NÃO INFORMADO;NÃO INFORMADO;ITAJAÍ;Brasil;NÃO INFORMADO;SUL;SC;18;1;0;18;18;;0;;18/07/2026 07:17
2026;NÃO INFORMADO;VIÚVO;70 a 74 anos;FEMININO;ENSINO FUNDAMENTAL COMPLETO;NÃO INFORMADO;NÃO INFORMADO;ITAJAÍ;Brasil;NÃO INFORMADO;SUL;SC;69;1;0;70;70;;0;;18/07/2026 07:17
2026;NÃO INFORMADO;VIÚVO;70 a 74 anos;FEMININO;ENSINO FUNDAMENTAL INCOMPLETO;NÃO INFORMADO;NÃO INFORMADO;ITAJAÍ;Brasil;NÃO INFORMADO;SUL;SC;270;1;0;270;270;;0;;18/07/2026 07:17
2026;NÃO INFORMADO;VIÚVO;70 a 74 anos;FEMININO;ENSINO MÉDIO COMPLETO;NÃO INFORMADO;NÃO INFORMADO;ITAJAÍ;Brasil;NÃO INFORMADO;SUL;SC;96;2;0;96;96;;0;;18/07/2026 07:17
2026;NÃO INFORMADO;VIÚVO;70 a 74 anos;FEMININO;ENSINO MÉDIO INCOMPLETO;NÃO INFORMADO;NÃO INFORMADO;ITAJAÍ;Brasil;NÃO INFORMADO;SUL;SC;33;0;0;33;33;;0;;18/07/2026 07:17
2026;NÃO INFORMADO;VIÚVO;70 a 74 anos;FEMININO;LÊ E ESCREVE;NÃO INFORMADO;NÃO INFORMADO;ITAJAÍ;Brasil;NÃO INFORMADO;SUL;SC;66;0;0;66;66;;0;;18/07/2026 07:17
2026;NÃO INFORMADO;VIÚVO;70 a 74 anos;FEMININO;SUPERIOR COMPLETO;NÃO INFORMADO;NÃO INFORMADO;ITAJAÍ;Brasil;NÃO INFORMADO;SUL;SC;63;0;0;63;63;;0;;18/07/2026 07:17
2026;NÃO INFORMADO;VIÚVO;70 a 74 anos;FEMININO;SUPERIOR INCOMPLETO;NÃO INFORMADO;NÃO INFORMADO;ITAJAÍ;Brasil;NÃO INFORMADO;SUL;SC;8;0;0;8;8;;0;;18/07/2026 07:17
2026;NÃO INFORMADO;VIÚVO;70 a 74 anos;MASCULINO;ENSINO FUNDAMENTAL COMPLETO;NÃO INFORMADO;NÃO INFORMADO;ITAJAÍ;Brasil;NÃO INFORMADO;SUL;SC;14;0;0;15;15;;0;;18/07/2026 07:17
2026;NÃO INFORMADO;VIÚVO;70 a 74 anos;MASCULINO;ENSINO FUNDAMENTAL INCOMPLETO;NÃO INFORMADO;NÃO INFORMADO;ITAJAÍ;Brasil;NÃO INFORMADO;SUL;SC;46;0;0;46;46;;0;;18/07/2026 07:17
2026;NÃO INFORMADO;VIÚVO;70 a 74 anos;MASCULINO;ENSINO MÉDIO COMPLETO;NÃO INFORMADO;NÃO INFORMADO;ITAJAÍ;Brasil;NÃO INFORMADO;SUL;SC;23;1;0;23;23;;0;;18/07/2026 07:17
2026;NÃO INFORMADO;VIÚVO;70 a 74 anos;MASCULINO;ENSINO MÉDIO INCOMPLETO;NÃO INFORMADO;NÃO INFORMADO;ITAJAÍ;Brasil;NÃO INFORMADO;SUL;SC;5;0;0;5;5;;0;;18/07/2026 07:17
2026;NÃO INFORMADO;VIÚVO;70 a 74 anos;MASCULINO;LÊ E ESCREVE;NÃO INFORMADO;NÃO INFORMADO;ITAJAÍ;Brasil;NÃO INFORMADO;SUL;SC;17;0;0;18;18;;0;;18/07/2026 07:17
2026;NÃO INFORMADO;VIÚVO;70 a 74 anos;MASCULINO;SUPERIOR COMPLETO;NÃO INFORMADO;NÃO INFORMADO;ITAJAÍ;Brasil;NÃO INFORMADO;SUL;SC;10;0;0;10;10;;0;;18/07/2026 07:17
2026;NÃO INFORMADO;VIÚVO;70 a 74 anos;MASCULINO;SUPERIOR INCOMPLETO;NÃO INFORMADO;NÃO INFORMADO;ITAJAÍ;Brasil;NÃO INFORMADO;SUL;SC;8;0;0;8;8;;0;;18/07/2026 07:17
2026;NÃO INFORMADO;VIÚVO;75 a 79 anos;FEMININO;ANALFABETO;NÃO INFORMADO;NÃO INFORMADO;ITAJAÍ;Brasil;NÃO INFORMADO;SUL;SC;27;2;0;27;27;;0;;18/07/2026 07:17
2026;NÃO INFORMADO;VIÚVO;75 a 79 anos;FEMININO;ENSINO FUNDAMENTAL COMPLETO;NÃO INFORMADO;NÃO INFORMADO;ITAJAÍ;Brasil;NÃO INFORMADO;SUL;SC;63;1;0;64;64;;0;;18/07/2026 07:17
2026;NÃO INFORMADO;VIÚVO;75 a 79 anos;FEMININO;ENSINO FUNDAMENTAL INCOMPLETO;NÃO INFORMADO;NÃO INFORMADO;ITAJAÍ;Brasil;NÃO INFORMADO;SUL;SC;291;14;0;295;295;;0;;18/07/2026 07:17
2026;NÃO INFORMADO;VIÚVO;75 a 79 anos;FEMININO;ENSINO MÉDIO COMPLETO;NÃO INFORMADO;NÃO INFORMADO;ITAJAÍ;Brasil;NÃO INFORMADO;SUL;SC;63;1;0;63;63;;0;;18/07/2026 07:17
2026;NÃO INFORMADO;VIÚVO;75 a 79 anos;FEMININO;ENSINO MÉDIO INCOMPLETO;NÃO INFORMADO;NÃO INFORMADO;ITAJAÍ;Brasil;NÃO INFORMADO;SUL;SC;11;0;0;11;11;;0;;18/07/2026 07:17
2026;NÃO INFORMADO;VIÚVO;75 a 79 anos;FEMININO;LÊ E ESCREVE;NÃO INFORMADO;NÃO INFORMADO;ITAJAÍ;Brasil;NÃO INFORMADO;SUL;SC;93;1;0;93;93;;0;;18/07/2026 07:17
2026;NÃO INFORMADO;VIÚVO;75 a 79 anos;FEMININO;SUPERIOR COMPLETO;NÃO INFORMADO;NÃO INFORMADO;ITAJAÍ;Brasil;NÃO INFORMADO;SUL;SC;41;1;0;41;41;;0;;18/07/2026 07:17
2026;NÃO INFORMADO;VIÚVO;75 a 79 anos;FEMININO;SUPERIOR INCOMPLETO;NÃO INFORMADO;NÃO INFORMADO;ITAJAÍ;Brasil;NÃO INFORMADO;SUL;SC;11;2;0;12;12;;0;;18/07/2026 07:17
2026;NÃO INFORMADO;VIÚVO;75 a 79 anos;MASCULINO;ANALFABETO;NÃO INFORMADO;NÃO INFORMADO;ITAJAÍ;Brasil;NÃO INFORMADO;SUL;SC;3;0;0;3;3;;0;;18/07/2026 07:17
2026;NÃO INFORMADO;VIÚVO;75 a 79 anos;MASCULINO;ENSINO FUNDAMENTAL COMPLETO;NÃO INFORMADO;NÃO INFORMADO;ITAJAÍ;Brasil;NÃO INFORMADO;SUL;SC;11;0;0;11;11;;0;;18/07/2026 07:17
2026;NÃO INFORMADO;VIÚVO;75 a 79 anos;MASCULINO;ENSINO FUNDAMENTAL INCOMPLETO;NÃO INFORMADO;NÃO INFORMADO;ITAJAÍ;Brasil;NÃO INFORMADO;SUL;SC;35;1;0;35;35;;0;;18/07/2026 07:17
2026;NÃO INFORMADO;VIÚVO;75 a 79 anos;MASCULINO;ENSINO MÉDIO COMPLETO;NÃO INFORMADO;NÃO INFORMADO;ITAJAÍ;Brasil;NÃO INFORMADO;SUL;SC;7;1;0;7;7;;0;;18/07/2026 07:17
2026;NÃO INFORMADO;VIÚVO;75 a 79 anos;MASCULINO;ENSINO MÉDIO INCOMPLETO;NÃO INFORMADO;NÃO INFORMADO;ITAJAÍ;Brasil;NÃO INFORMADO;SUL;SC;6;0;0;6;6;;0;;18/07/2026 07:17
2026;NÃO INFORMADO;VIÚVO;75 a 79 anos;MASCULINO;LÊ E ESCREVE;NÃO INFORMADO;NÃO INFORMADO;ITAJAÍ;Brasil;NÃO INFORMADO;SUL;SC;19;1;0;19;19;;0;;18/07/2026 07:17
2026;NÃO INFORMADO;VIÚVO;75 a 79 anos;MASCULINO;SUPERIOR COMPLETO;NÃO INFORMADO;NÃO INFORMADO;ITAJAÍ;Brasil;NÃO INFORMADO;SUL;SC;2;0;0;2;2;;0;;18/07/2026 07:17
2026;NÃO INFORMADO;VIÚVO;75 a 79 anos;MASCULINO;SUPERIOR INCOMPLETO;NÃO INFORMADO;NÃO INFORMADO;ITAJAÍ;Brasil;NÃO INFORMADO;SUL;SC;4;0;0;4;4;;0;;18/07/2026 07:17
2026;NÃO INFORMADO;VIÚVO;80 a 84 anos;FEMININO;ANALFABETO;NÃO INFORMADO;NÃO INFORMADO;ITAJAÍ;Brasil;NÃO INFORMADO;SUL;SC;12;1;0;14;14;;0;;18/07/2026 07:17
2026;NÃO INFORMADO;VIÚVO;80 a 84 anos;FEMININO;ENSINO FUNDAMENTAL COMPLETO;NÃO INFORMADO;NÃO INFORMADO;ITAJAÍ;Brasil;NÃO INFORMADO;SUL;SC;31;1;0;33;33;;0;;18/07/2026 07:17
2026;NÃO INFORMADO;VIÚVO;80 a 84 anos;FEMININO;ENSINO FUNDAMENTAL INCOMPLETO;NÃO INFORMADO;NÃO INFORMADO;ITAJAÍ;Brasil;NÃO INFORMADO;SUL;SC;117;3;0;122;122;;0;;18/07/2026 07:17
2026;NÃO INFORMADO;VIÚVO;80 a 84 anos;FEMININO;ENSINO MÉDIO COMPLETO;NÃO INFORMADO;NÃO INFORMADO;ITAJAÍ;Brasil;NÃO INFORMADO;SUL;SC;40;1;0;42;42;;0;;18/07/2026 07:17
2026;NÃO INFORMADO;VIÚVO;80 a 84 anos;FEMININO;ENSINO MÉDIO INCOMPLETO;NÃO INFORMADO;NÃO INFORMADO;ITAJAÍ;Brasil;NÃO INFORMADO;SUL;SC;6;0;0;6;6;;0;;18/07/2026 07:17
2026;NÃO INFORMADO;VIÚVO;80 a 84 anos;FEMININO;LÊ E ESCREVE;NÃO INFORMADO;NÃO INFORMADO;ITAJAÍ;Brasil;NÃO INFORMADO;SUL;SC;31;2;0;31;31;;0;;18/07/2026 07:17
2026;NÃO INFORMADO;VIÚVO;80 a 84 anos;FEMININO;SUPERIOR COMPLETO;NÃO INFORMADO;NÃO INFORMADO;ITAJAÍ;Brasil;NÃO INFORMADO;SUL;SC;19;0;0;19;19;;0;;18/07/2026 07:17
2026;NÃO INFORMADO;VIÚVO;80 a 84 anos;FEMININO;SUPERIOR INCOMPLETO;NÃO INFORMADO;NÃO INFORMADO;ITAJAÍ;Brasil;NÃO INFORMADO;SUL;SC;1;0;0;1;1;;0;;18/07/2026 07:17
2026;NÃO INFORMADO;VIÚVO;80 a 84 anos;MASCULINO;ANALFABETO;NÃO INFORMADO;NÃO INFORMADO;ITAJAÍ;Brasil;NÃO INFORMADO;SUL;SC;2;0;0;2;2;;0;;18/07/2026 07:17
2026;NÃO INFORMADO;VIÚVO;80 a 84 anos;MASCULINO;ENSINO FUNDAMENTAL INCOMPLETO;NÃO INFORMADO;NÃO INFORMADO;ITAJAÍ;Brasil;NÃO INFORMADO;SUL;SC;20;0;0;20;20;;0;;18/07/2026 07:17
2026;NÃO INFORMADO;VIÚVO;80 a 84 anos;MASCULINO;ENSINO MÉDIO COMPLETO;NÃO INFORMADO;NÃO INFORMADO;ITAJAÍ;Brasil;NÃO INFORMADO;SUL;SC;7;1;0;7;7;;0;;18/07/2026 07:17
2026;NÃO INFORMADO;VIÚVO;80 a 84 anos;MASCULINO;ENSINO MÉDIO INCOMPLETO;NÃO INFORMADO;NÃO INFORMADO;ITAJAÍ;Brasil;NÃO INFORMADO;SUL;SC;1;1;0;2;2;;0;;18/07/2026 07:17
2026;NÃO INFORMADO;VIÚVO;80 a 84 anos;MASCULINO;LÊ E ESCREVE;NÃO INFORMADO;NÃO INFORMADO;ITAJAÍ;Brasil;NÃO INFORMADO;SUL;SC;4;0;0;4;4;;0;;18/07/2026 07:17
2026;NÃO INFORMADO;VIÚVO;80 a 84 anos;MASCULINO;SUPERIOR COMPLETO;NÃO INFORMADO;NÃO INFORMADO;ITAJAÍ;Brasil;NÃO INFORMADO;SUL;SC;9;1;0;9;9;;0;;18/07/2026 07:17
2026;NÃO INFORMADO;VIÚVO;80 a 84 anos;MASCULINO;SUPERIOR INCOMPLETO;NÃO INFORMADO;NÃO INFORMADO;ITAJAÍ;Brasil;NÃO INFORMADO;SUL;SC;1;0;0;1;1;;0;;18/07/2026 07:17
2026;NÃO INFORMADO;VIÚVO;85 a 89 anos;FEMININO;ANALFABETO;NÃO INFORMADO;NÃO INFORMADO;ITAJAÍ;Brasil;NÃO INFORMADO;SUL;SC;3;0;0;3;3;;0;;18/07/2026 07:17
2026;NÃO INFORMADO;VIÚVO;85 a 89 anos;FEMININO;ENSINO FUNDAMENTAL COMPLETO;NÃO INFORMADO;NÃO INFORMADO;ITAJAÍ;Brasil;NÃO INFORMADO;SUL;SC;21;1;0;22;22;;0;;18/07/2026 07:17
2026;NÃO INFORMADO;VIÚVO;85 a 89 anos;FEMININO;ENSINO FUNDAMENTAL INCOMPLETO;NÃO INFORMADO;NÃO INFORMADO;ITAJAÍ;Brasil;NÃO INFORMADO;SUL;SC;66;3;0;68;68;;0;;18/07/2026 07:17
2026;NÃO INFORMADO;VIÚVO;85 a 89 anos;FEMININO;ENSINO MÉDIO COMPLETO;NÃO INFORMADO;NÃO INFORMADO;ITAJAÍ;Brasil;NÃO INFORMADO;SUL;SC;18;2;0;19;19;;0;;18/07/2026 07:17
2026;NÃO INFORMADO;VIÚVO;85 a 89 anos;FEMININO;ENSINO MÉDIO INCOMPLETO;NÃO INFORMADO;NÃO INFORMADO;ITAJAÍ;Brasil;NÃO INFORMADO;SUL;SC;1;0;0;1;1;;0;;18/07/2026 07:17
2026;NÃO INFORMADO;VIÚVO;85 a 89 anos;FEMININO;LÊ E ESCREVE;NÃO INFORMADO;NÃO INFORMADO;ITAJAÍ;Brasil;NÃO INFORMADO;SUL;SC;17;1;0;18;18;;0;;18/07/2026 07:17
2026;NÃO INFORMADO;VIÚVO;85 a 89 anos;FEMININO;SUPERIOR COMPLETO;NÃO INFORMADO;NÃO INFORMADO;ITAJAÍ;Brasil;NÃO INFORMADO;SUL;SC;13;1;0;13;13;;0;;18/07/2026 07:17
2026;NÃO INFORMADO;VIÚVO;85 a 89 anos;FEMININO;SUPERIOR INCOMPLETO;NÃO INFORMADO;NÃO INFORMADO;ITAJAÍ;Brasil;NÃO INFORMADO;SUL;SC;2;0;0;2;2;;0;;18/07/2026 07:17
2026;NÃO INFORMADO;VIÚVO;85 a 89 anos;MASCULINO;ENSINO FUNDAMENTAL COMPLETO;NÃO INFORMADO;NÃO INFORMADO;ITAJAÍ;Brasil;NÃO INFORMADO;SUL;SC;2;0;0;2;2;;0;;18/07/2026 07:17
2026;NÃO INFORMADO;VIÚVO;85 a 89 anos;MASCULINO;ENSINO FUNDAMENTAL INCOMPLETO;NÃO INFORMADO;NÃO INFORMADO;ITAJAÍ;Brasil;NÃO INFORMADO;SUL;SC;9;0;0;10;10;;0;;18/07/2026 07:17
2026;NÃO INFORMADO;VIÚVO;85 a 89 anos;MASCULINO;ENSINO MÉDIO COMPLETO;NÃO INFORMADO;NÃO INFORMADO;ITAJAÍ;Brasil;NÃO INFORMADO;SUL;SC;5;0;0;5;5;;0;;18/07/2026 07:17
2026;NÃO INFORMADO;VIÚVO;85 a 89 anos;MASCULINO;LÊ E ESCREVE;NÃO INFORMADO;NÃO INFORMADO;ITAJAÍ;Brasil;NÃO INFORMADO;SUL;SC;4;0;0;4;4;;0;;18/07/2026 07:17
2026;NÃO INFORMADO;VIÚVO;85 a 89 anos;MASCULINO;SUPERIOR INCOMPLETO;NÃO INFORMADO;NÃO INFORMADO;ITAJAÍ;Brasil;NÃO INFORMADO;SUL;SC;2;1;0;2;2;;0;;18/07/2026 07:17
2026;NÃO INFORMADO;VIÚVO;90 a 94 anos;FEMININO;ANALFABETO;NÃO INFORMADO;NÃO INFORMADO;ITAJAÍ;Brasil;NÃO INFORMADO;SUL;SC;2;0;0;3;3;;0;;18/07/2026 07:17
2026;NÃO INFORMADO;VIÚVO;90 a 94 anos;FEMININO;ENSINO FUNDAMENTAL COMPLETO;NÃO INFORMADO;NÃO INFORMADO;ITAJAÍ;Brasil;NÃO INFORMADO;SUL;SC;5;1;0;6;6;;0;;18/07/2026 07:17
2026;NÃO INFORMADO;VIÚVO;90 a 94 anos;FEMININO;ENSINO FUNDAMENTAL INCOMPLETO;NÃO INFORMADO;NÃO INFORMADO;ITAJAÍ;Brasil;NÃO INFORMADO;SUL;SC;19;1;0;20;20;;0;;18/07/2026 07:17
2026;NÃO INFORMADO;VIÚVO;90 a 94 anos;FEMININO;ENSINO MÉDIO COMPLETO;NÃO INFORMADO;NÃO INFORMADO;ITAJAÍ;Brasil;NÃO INFORMADO;SUL;SC;4;0;0;4;4;;0;;18/07/2026 07:17
2026;NÃO INFORMADO;VIÚVO;90 a 94 anos;FEMININO;ENSINO MÉDIO INCOMPLETO;NÃO INFORMADO;NÃO INFORMADO;ITAJAÍ;Brasil;NÃO INFORMADO;SUL;SC;1;0;0;1;1;;0;;18/07/2026 07:17
2026;NÃO INFORMADO;VIÚVO;90 a 94 anos;FEMININO;LÊ E ESCREVE;NÃO INFORMADO;NÃO INFORMADO;ITAJAÍ;Brasil;NÃO INFORMADO;SUL;SC;7;0;0;8;8;;0;;18/07/2026 07:17
2026;NÃO INFORMADO;VIÚVO;90 a 94 anos;FEMININO;SUPERIOR COMPLETO;NÃO INFORMADO;NÃO INFORMADO;ITAJAÍ;Brasil;NÃO INFORMADO;SUL;SC;5;0;0;5;5;;0;;18/07/2026 07:17
2026;NÃO INFORMADO;VIÚVO;90 a 94 anos;MASCULINO;ENSINO FUNDAMENTAL COMPLETO;NÃO INFORMADO;NÃO INFORMADO;ITAJAÍ;Brasil;NÃO INFORMADO;SUL;SC;2;0;0;2;2;;0;;18/07/2026 07:17
2026;NÃO INFORMADO;VIÚVO;90 a 94 anos;MASCULINO;ENSINO FUNDAMENTAL INCOMPLETO;NÃO INFORMADO;NÃO INFORMADO;ITAJAÍ;Brasil;NÃO INFORMADO;SUL;SC;5;0;0;5;5;;0;;18/07/2026 07:17
2026;NÃO INFORMADO;VIÚVO;90 a 94 anos;MASCULINO;ENSINO MÉDIO INCOMPLETO;NÃO INFORMADO;NÃO INFORMADO;ITAJAÍ;Brasil;NÃO INFORMADO;SUL;SC;1;0;0;1;1;;0;;18/07/2026 07:17
2026;NÃO INFORMADO;VIÚVO;90 a 94 anos;MASCULINO;LÊ E ESCREVE;NÃO INFORMADO;NÃO INFORMADO;ITAJAÍ;Brasil;NÃO INFORMADO;SUL;SC;1;0;0;1;1;;0;;18/07/2026 07:17
2026;NÃO INFORMADO;VIÚVO;90 a 94 anos;MASCULINO;SUPERIOR COMPLETO;NÃO INFORMADO;NÃO INFORMADO;ITAJAÍ;Brasil;NÃO INFORMADO;SUL;SC;1;0;0;1;1;;0;;18/07/2026 07:17
2026;NÃO INFORMADO;VIÚVO;95 a 99 anos;FEMININO;ANALFABETO;NÃO INFORMADO;NÃO INFORMADO;ITAJAÍ;Brasil;NÃO INFORMADO;SUL;SC;1;0;0;1;1;;0;;18/07/2026 07:17
2026;NÃO INFORMADO;VIÚVO;95 a 99 anos;FEMININO;ENSINO FUNDAMENTAL COMPLETO;NÃO INFORMADO;NÃO INFORMADO;ITAJAÍ;Brasil;NÃO INFORMADO;SUL;SC;2;0;0;2;2;;0;;18/07/2026 07:17
2026;NÃO INFORMADO;VIÚVO;95 a 99 anos;FEMININO;ENSINO FUNDAMENTAL INCOMPLETO;NÃO INFORMADO;NÃO INFORMADO;ITAJAÍ;Brasil;NÃO INFORMADO;SUL;SC;4;0;0;4;4;;0;;18/07/2026 07:17
2026;NÃO INFORMADO;VIÚVO;95 a 99 anos;FEMININO;ENSINO MÉDIO COMPLETO;NÃO INFORMADO;NÃO INFORMADO;ITAJAÍ;Brasil;NÃO INFORMADO;SUL;SC;2;0;0;2;2;;0;;18/07/2026 07:17
2026;NÃO INFORMADO;VIÚVO;95 a 99 anos;FEMININO;ENSINO MÉDIO INCOMPLETO;NÃO INFORMADO;NÃO INFORMADO;ITAJAÍ;Brasil;NÃO INFORMADO;SUL;SC;1;0;0;1;1;;0;;18/07/2026 07:17
2026;NÃO INFORMADO;VIÚVO;95 a 99 anos;FEMININO;LÊ E ESCREVE;NÃO INFORMADO;NÃO INFORMADO;ITAJAÍ;Brasil;NÃO INFORMADO;SUL;SC;1;0;0;1;1;;0;;18/07/2026 07:17
2026;NÃO INFORMADO;VIÚVO;95 a 99 anos;FEMININO;SUPERIOR COMPLETO;NÃO INFORMADO;NÃO INFORMADO;ITAJAÍ;Brasil;NÃO INFORMADO;SUL;SC;3;0;0;3;3;;0;;18/07/2026 07:17
2026;NÃO INFORMADO;VIÚVO;95 a 99 anos;MASCULINO;ENSINO MÉDIO COMPLETO;NÃO INFORMADO;NÃO INFORMADO;ITAJAÍ;Brasil;NÃO INFORMADO;SUL;SC;1;0;0;1;1;;0;;18/07/2026 07:17
2026;NÃO INFORMADO;VIÚVO;95 a 99 anos;MASCULINO;LÊ E ESCREVE;NÃO INFORMADO;NÃO INFORMADO;ITAJAÍ;Brasil;NÃO INFORMADO;SUL;SC;1;0;0;1;1;;0;;18/07/2026 07:17
2026;NÃO INFORMADO;VIÚVO;95 a 99 anos;MASCULINO;SUPERIOR COMPLETO;NÃO INFORMADO;NÃO INFORMADO;ITAJAÍ;Brasil;NÃO INFORMADO;SUL;SC;0;0;0;1;1;;0;;18/07/2026 07:17
2026;Parda;CASADO;19 anos;FEMININO;ENSINO FUNDAMENTAL COMPLETO;Cisgênero;NÃO;ITAJAÍ;Brasil;NÃO;SUL;SC;1;0;0;1;0;;1;;18/07/2026 07:17
2026;Parda;CASADO;19 anos;FEMININO;ENSINO MÉDIO COMPLETO;Cisgênero;NÃO;ITAJAÍ;Brasil;NÃO;SUL;SC;4;0;0;4;0;;4;;18/07/2026 07:17
2026;Parda;CASADO;19 anos;FEMININO;ENSINO MÉDIO INCOMPLETO;Cisgênero;NÃO;ITAJAÍ;Brasil;NÃO;SUL;SC;2;0;0;2;0;;2;;18/07/2026 07:17
2026;Parda;CASADO;19 anos;MASCULINO;ENSINO MÉDIO INCOMPLETO;Cisgênero;NÃO;ITAJAÍ;Brasil;NÃO;SUL;SC;1;0;0;1;0;;1;;18/07/2026 07:17
2026;Parda;CASADO;20 anos;FEMININO;ENSINO MÉDIO COMPLETO;Cisgênero;NÃO;ITAJAÍ;Brasil;NÃO;SUL;SC;8;0;0;8;0;;8;;18/07/2026 07:17
2026;Parda;CASADO;20 anos;FEMININO;SUPERIOR INCOMPLETO;Cisgênero;NÃO;ITAJAÍ;Brasil;NÃO;SUL;SC;1;0;0;1;0;;1;;18/07/2026 07:17
2026;Parda;CASADO;20 anos;MASCULINO;ENSINO MÉDIO INCOMPLETO;Cisgênero;NÃO;ITAJAÍ;Brasil;NÃO;SUL;SC;3;0;0;3;0;;3;;18/07/2026 07:17
2026;Parda;CASADO;21 a 24 anos;FEMININO;ENSINO FUNDAMENTAL COMPLETO;Cisgênero;NÃO;ITAJAÍ;Brasil;NÃO;SUL;SC;1;0;0;1;0;;1;;18/07/2026 07:17
2026;Parda;CASADO;21 a 24 anos;FEMININO;ENSINO FUNDAMENTAL INCOMPLETO;Cisgênero;NÃO;ITAJAÍ;Brasil;NÃO;SUL;SC;2;0;0;2;0;;2;;18/07/2026 07:17
2026;Parda;CASADO;21 a 24 anos;FEMININO;ENSINO MÉDIO COMPLETO;Cisgênero;NÃO;ITAJAÍ;Brasil;NÃO;SUL;SC;30;0;0;30;0;;30;;18/07/2026 07:17
2026;Parda;CASADO;21 a 24 anos;FEMININO;ENSINO MÉDIO COMPLETO;Prefere não informar;NÃO;ITAJAÍ;Brasil;NÃO;SUL;SC;2;0;0;2;0;;2;;18/07/2026 07:17
2026;Parda;CASADO;21 a 24 anos;FEMININO;ENSINO MÉDIO INCOMPLETO;Cisgênero;NÃO;ITAJAÍ;Brasil;NÃO;SUL;SC;12;0;0;13;0;;13;;18/07/2026 07:17
2026;Parda;CASADO;21 a 24 anos;FEMININO;ENSINO MÉDIO INCOMPLETO;Prefere não informar;NÃO;ITAJAÍ;Brasil;NÃO;SUL;SC;1;0;0;1;0;;1;;18/07/2026 07:17
2026;Parda;CASADO;21 a 24 anos;FEMININO;SUPERIOR COMPLETO;Cisgênero;NÃO;ITAJAÍ;Brasil;NÃO;SUL;SC;3;1;0;3;0;;3;;18/07/2026 07:17
2026;Parda;CASADO;21 a 24 anos;FEMININO;SUPERIOR INCOMPLETO;Cisgênero;NÃO;ITAJAÍ;Brasil;NÃO;SUL;SC;16;0;0;16;0;;16;;18/07/2026 07:17
2026;Parda;CASADO;21 a 24 anos;MASCULINO;ENSINO FUNDAMENTAL INCOMPLETO;Cisgênero;NÃO;ITAJAÍ;Brasil;NÃO;SUL;SC;1;0;0;1;0;;1;;18/07/2026 07:17
2026;Parda;CASADO;21 a 24 anos;MASCULINO;ENSINO MÉDIO COMPLETO;Cisgênero;NÃO;ITAJAÍ;Brasil;NÃO;SUL;SC;11;0;0;11;0;;11;;18/07/2026 07:17
2026;Parda;CASADO;21 a 24 anos;MASCULINO;ENSINO MÉDIO COMPLETO;Cisgênero;SIM;ITAJAÍ;Brasil;NÃO;SUL;SC;1;0;0;1;0;;1;;18/07/2026 07:17
2026;Parda;CASADO;21 a 24 anos;MASCULINO;ENSINO MÉDIO INCOMPLETO;Cisgênero;NÃO;ITAJAÍ;Brasil;NÃO;SUL;SC;4;0;0;4;0;;4;;18/07/2026 07:17
2026;Parda;CASADO;21 a 24 anos;MASCULINO;SUPERIOR INCOMPLETO;Cisgênero;NÃO;ITAJAÍ;Brasil;NÃO;SUL;SC;4;0;0;4;0;;4;;18/07/2026 07:17
2026;Parda;CASADO;25 a 29 anos;FEMININO;ENSINO FUNDAMENTAL COMPLETO;Cisgênero;NÃO;ITAJAÍ;Brasil;NÃO;SUL;SC;3;1;0;3;0;;3;;18/07/2026 07:17
2026;Parda;CASADO;25 a 29 anos;FEMININO;ENSINO FUNDAMENTAL COMPLETO;Prefere não informar;NÃO;ITAJAÍ;Brasil;NÃO;SUL;SC;1;0;0;1;0;;1;;18/07/2026 07:17
2026;Parda;CASADO;25 a 29 anos;FEMININO;ENSINO FUNDAMENTAL INCOMPLETO;Cisgênero;NÃO;ITAJAÍ;Brasil;NÃO;SUL;SC;1;0;0;1;0;;1;;18/07/2026 07:17
2026;Parda;CASADO;25 a 29 anos;FEMININO;ENSINO MÉDIO COMPLETO;Cisgênero;NÃO;ITAJAÍ;Brasil;NÃO;SUL;SC;64;0;0;64;0;;64;;18/07/2026 07:17
2026;Parda;CASADO;25 a 29 anos;FEMININO;ENSINO MÉDIO COMPLETO;Prefere não informar;NÃO;ITAJAÍ;Brasil;NÃO;SUL;SC;5;0;0;5;0;;5;;18/07/2026 07:17
2026;Parda;CASADO;25 a 29 anos;FEMININO;ENSINO MÉDIO INCOMPLETO;Cisgênero;NÃO;ITAJAÍ;Brasil;NÃO;SUL;SC;15;0;0;16;0;;16;;18/07/2026 07:17
2026;Parda;CASADO;25 a 29 anos;FEMININO;ENSINO MÉDIO INCOMPLETO;Cisgênero;SIM;ITAJAÍ;Brasil;NÃO;SUL;SC;1;0;0;1;0;;1;;18/07/2026 07:17
2026;Parda;CASADO;25 a 29 anos;FEMININO;ENSINO MÉDIO INCOMPLETO;Prefere não informar;NÃO;ITAJAÍ;Brasil;NÃO;SUL;SC;3;0;0;4;0;;4;;18/07/2026 07:17
2026;Parda;CASADO;25 a 29 anos;FEMININO;SUPERIOR COMPLETO;Cisgênero;NÃO;ITAJAÍ;Brasil;NÃO;SUL;SC;35;2;0;35;0;;35;;18/07/2026 07:17
2026;Parda;CASADO;25 a 29 anos;FEMININO;SUPERIOR COMPLETO;Prefere não informar;NÃO;ITAJAÍ;Brasil;NÃO;SUL;SC;3;0;0;3;0;;3;;18/07/2026 07:17
2026;Parda;CASADO;25 a 29 anos;FEMININO;SUPERIOR INCOMPLETO;Cisgênero;NÃO;ITAJAÍ;Brasil;NÃO;SUL;SC;19;0;0;19;0;;19;;18/07/2026 07:17
2026;Parda;CASADO;25 a 29 anos;FEMININO;SUPERIOR INCOMPLETO;Cisgênero;SIM;ITAJAÍ;Brasil;NÃO;SUL;SC;1;0;0;1;0;;1;;18/07/2026 07:17
2026;Parda;CASADO;25 a 29 anos;FEMININO;SUPERIOR INCOMPLETO;Prefere não informar;NÃO;ITAJAÍ;Brasil;NÃO;SUL;SC;1;0;0;1;0;;1;;18/07/2026 07:17
2026;Parda;CASADO;25 a 29 anos;MASCULINO;ENSINO FUNDAMENTAL COMPLETO;Cisgênero;NÃO;ITAJAÍ;Brasil;NÃO;SUL;SC;6;0;0;7;0;;7;;18/07/2026 07:17
2026;Parda;CASADO;25 a 29 anos;MASCULINO;ENSINO FUNDAMENTAL COMPLETO;Prefere não informar;SIM;ITAJAÍ;Brasil;NÃO;SUL;SC;1;0;0;1;0;;1;;18/07/2026 07:17
2026;Parda;CASADO;25 a 29 anos;MASCULINO;ENSINO FUNDAMENTAL INCOMPLETO;Cisgênero;NÃO;ITAJAÍ;Brasil;NÃO;SUL;SC;2;0;0;2;0;;2;;18/07/2026 07:17
2026;Parda;CASADO;25 a 29 anos;MASCULINO;ENSINO MÉDIO COMPLETO;Cisgênero;NÃO;ITAJAÍ;Brasil;NÃO;SUL;SC;41;0;0;42;0;;42;;18/07/2026 07:17
2026;Parda;CASADO;25 a 29 anos;MASCULINO;ENSINO MÉDIO COMPLETO;Prefere não informar;NÃO;ITAJAÍ;Brasil;NÃO;SUL;SC;2;0;0;2;0;;2;;18/07/2026 07:17
2026;Parda;CASADO;25 a 29 anos;MASCULINO;ENSINO MÉDIO INCOMPLETO;Cisgênero;NÃO;ITAJAÍ;Brasil;NÃO;SUL;SC;7;0;0;7;0;;7;;18/07/2026 07:17
2026;Parda;CASADO;25 a 29 anos;MASCULINO;SUPERIOR COMPLETO;Cisgênero;NÃO;ITAJAÍ;Brasil;NÃO;SUL;SC;9;0;0;9;0;;9;;18/07/2026 07:17
2026;Parda;CASADO;25 a 29 anos;MASCULINO;SUPERIOR COMPLETO;Cisgênero;SIM;ITAJAÍ;Brasil;NÃO;SUL;SC;1;0;0;1;0;;1;;18/07/2026 07:17
2026;Parda;CASADO;25 a 29 anos;MASCULINO;SUPERIOR INCOMPLETO;Cisgênero;NÃO;ITAJAÍ;Brasil;NÃO;SUL;SC;5;0;0;5;0;;5;;18/07/2026 07:17
2026;Parda;CASADO;25 a 29 anos;MASCULINO;SUPERIOR INCOMPLETO;Cisgênero;SIM;ITAJAÍ;Brasil;NÃO;SUL;SC;1;0;0;1;0;;1;;18/07/2026 07:17
2026;Parda;CASADO;30 a 34 anos;FEMININO;ENSINO FUNDAMENTAL COMPLETO;Cisgênero;NÃO;ITAJAÍ;Brasil;NÃO;SUL;SC;2;0;0;2;0;;2;;18/07/2026 07:17
2026;Parda;CASADO;30 a 34 anos;FEMININO;ENSINO FUNDAMENTAL COMPLETO;Prefere não informar;NÃO;ITAJAÍ;Brasil;NÃO;SUL;SC;1;0;0;1;0;;1;;18/07/2026 07:17
2026;Parda;CASADO;30 a 34 anos;FEMININO;ENSINO FUNDAMENTAL INCOMPLETO;Cisgênero;NÃO;ITAJAÍ;Brasil;NÃO;SUL;SC;11;0;0;11;0;;11;;18/07/2026 07:17
2026;Parda;CASADO;30 a 34 anos;FEMININO;ENSINO MÉDIO COMPLETO;Cisgênero;NÃO;ITAJAÍ;Brasil;NÃO;SUL;SC;100;1;0;101;0;;101;;18/07/2026 07:17
2026;Parda;CASADO;30 a 34 anos;FEMININO;ENSINO MÉDIO COMPLETO;Cisgênero;SIM;ITAJAÍ;Brasil;NÃO;SUL;SC;2;0;0;2;0;;2;;18/07/2026 07:17
2026;Parda;CASADO;30 a 34 anos;FEMININO;ENSINO MÉDIO COMPLETO;Prefere não informar;NÃO;ITAJAÍ;Brasil;NÃO;SUL;SC;4;0;0;4;0;;4;;18/07/2026 07:17
2026;Parda;CASADO;30 a 34 anos;FEMININO;ENSINO MÉDIO INCOMPLETO;Cisgênero;NÃO;ITAJAÍ;Brasil;NÃO;SUL;SC;16;0;0;16;0;;16;;18/07/2026 07:17
2026;Parda;CASADO;30 a 34 anos;FEMININO;ENSINO MÉDIO INCOMPLETO;Prefere não informar;NÃO;ITAJAÍ;Brasil;NÃO;SUL;SC;4;0;0;4;0;;4;;18/07/2026 07:17
2026;Parda;CASADO;30 a 34 anos;FEMININO;SUPERIOR COMPLETO;Cisgênero;NÃO;ITAJAÍ;Brasil;NÃO;SUL;SC;65;0;0;65;0;;65;;18/07/2026 07:17
2026;Parda;CASADO;30 a 34 anos;FEMININO;SUPERIOR COMPLETO;Cisgênero;SIM;ITAJAÍ;Brasil;NÃO;SUL;SC;1;0;0;1;0;;1;;18/07/2026 07:17
2026;Parda;CASADO;30 a 34 anos;FEMININO;SUPERIOR COMPLETO;Prefere não informar;NÃO;ITAJAÍ;Brasil;NÃO;SUL;SC;3;0;0;3;0;;3;;18/07/2026 07:17
2026;Parda;CASADO;30 a 34 anos;FEMININO;SUPERIOR INCOMPLETO;Cisgênero;NÃO;ITAJAÍ;Brasil;NÃO;SUL;SC;28;0;0;28;0;;28;;18/07/2026 07:17
2026;Parda;CASADO;30 a 34 anos;FEMININO;SUPERIOR INCOMPLETO;Cisgênero;SIM;ITAJAÍ;Brasil;NÃO;SUL;SC;2;0;0;2;0;;2;;18/07/2026 07:17
2026;Parda;CASADO;30 a 34 anos;FEMININO;SUPERIOR INCOMPLETO;Prefere não informar;NÃO;ITAJAÍ;Brasil;NÃO;SUL;SC;2;0;0;2;0;;2;;18/07/2026 07:17
2026;Parda;CASADO;30 a 34 anos;MASCULINO;ENSINO FUNDAMENTAL COMPLETO;Cisgênero;NÃO;ITAJAÍ;Brasil;NÃO;SUL;SC;5;0;0;5;0;;5;;18/07/2026 07:17
2026;Parda;CASADO;30 a 34 anos;MASCULINO;ENSINO FUNDAMENTAL INCOMPLETO;Cisgênero;NÃO;ITAJAÍ;Brasil;NÃO;SUL;SC;18;0;0;18;0;;18;;18/07/2026 07:17
2026;Parda;CASADO;30 a 34 anos;MASCULINO;ENSINO MÉDIO COMPLETO;Cisgênero;NÃO;ITAJAÍ;Brasil;NÃO;SUL;SC;68;1;0;69;0;;69;;18/07/2026 07:17
2026;Parda;CASADO;30 a 34 anos;MASCULINO;ENSINO MÉDIO COMPLETO;Cisgênero;SIM;ITAJAÍ;Brasil;NÃO;SUL;SC;2;0;0;2;0;;2;;18/07/2026 07:17
2026;Parda;CASADO;30 a 34 anos;MASCULINO;ENSINO MÉDIO COMPLETO;Prefere não informar;NÃO;ITAJAÍ;Brasil;NÃO;SUL;SC;6;0;0;6;0;;6;;18/07/2026 07:17
2026;Parda;CASADO;30 a 34 anos;MASCULINO;ENSINO MÉDIO INCOMPLETO;Cisgênero;NÃO;ITAJAÍ;Brasil;NÃO;SUL;SC;16;0;0;16;0;;16;;18/07/2026 07:17
2026;Parda;CASADO;30 a 34 anos;MASCULINO;SUPERIOR COMPLETO;Cisgênero;NÃO;ITAJAÍ;Brasil;NÃO;SUL;SC;19;0;0;19;0;;19;;18/07/2026 07:17
2026;Parda;CASADO;30 a 34 anos;MASCULINO;SUPERIOR COMPLETO;Prefere não informar;NÃO;ITAJAÍ;Brasil;NÃO;SUL;SC;1;0;0;1;0;;1;;18/07/2026 07:17
2026;Parda;CASADO;30 a 34 anos;MASCULINO;SUPERIOR INCOMPLETO;Cisgênero;NÃO;ITAJAÍ;Brasil;NÃO;SUL;SC;27;0;0;27;0;;27;;18/07/2026 07:17
2026;Parda;CASADO;35 a 39 anos;FEMININO;ENSINO FUNDAMENTAL COMPLETO;Cisgênero;NÃO;ITAJAÍ;Brasil;NÃO;SUL;SC;9;0;0;9;0;;9;;18/07/2026 07:17
2026;Parda;CASADO;35 a 39 anos;FEMININO;ENSINO FUNDAMENTAL INCOMPLETO;Cisgênero;NÃO;ITAJAÍ;Brasil;NÃO;SUL;SC;13;0;0;13;0;;13;;18/07/2026 07:17
2026;Parda;CASADO;35 a 39 anos;FEMININO;ENSINO FUNDAMENTAL INCOMPLETO;Prefere não informar;NÃO;ITAJAÍ;Brasil;NÃO;SUL;SC;3;0;0;3;0;;3;;18/07/2026 07:17
2026;Parda;CASADO;35 a 39 anos;FEMININO;ENSINO FUNDAMENTAL INCOMPLETO;Prefere não informar;SIM;ITAJAÍ;Brasil;NÃO;SUL;SC;1;0;0;1;0;;1;;18/07/2026 07:17
2026;Parda;CASADO;35 a 39 anos;FEMININO;ENSINO MÉDIO COMPLETO;Cisgênero;NÃO;ITAJAÍ;Brasil;NÃO;SUL;SC;105;0;0;106;0;;106;;18/07/2026 07:17
2026;Parda;CASADO;35 a 39 anos;FEMININO;ENSINO MÉDIO COMPLETO;Cisgênero;SIM;ITAJAÍ;Brasil;NÃO;SUL;SC;1;0;0;1;0;;1;;18/07/2026 07:17
2026;Parda;CASADO;35 a 39 anos;FEMININO;ENSINO MÉDIO COMPLETO;Prefere não informar;NÃO;ITAJAÍ;Brasil;NÃO;SUL;SC;16;0;0;16;0;;16;;18/07/2026 07:17
2026;Parda;CASADO;35 a 39 anos;FEMININO;ENSINO MÉDIO COMPLETO;Transgênero;NÃO;ITAJAÍ;Brasil;NÃO;SUL;SC;1;0;0;1;0;;1;;18/07/2026 07:17
2026;Parda;CASADO;35 a 39 anos;FEMININO;ENSINO MÉDIO INCOMPLETO;Cisgênero;NÃO;ITAJAÍ;Brasil;NÃO;SUL;SC;27;1;0;27;0;;27;;18/07/2026 07:17
2026;Parda;CASADO;35 a 39 anos;FEMININO;ENSINO MÉDIO INCOMPLETO;Prefere não informar;NÃO;ITAJAÍ;Brasil;NÃO;SUL;SC;1;0;0;1;0;;1;;18/07/2026 07:17
2026;Parda;CASADO;35 a 39 anos;FEMININO;SUPERIOR COMPLETO;Cisgênero;NÃO;ITAJAÍ;Brasil;NÃO;SUL;SC;65;1;0;65;0;;65;;18/07/2026 07:17
2026;Parda;CASADO;35 a 39 anos;FEMININO;SUPERIOR COMPLETO;Prefere não informar;NÃO;ITAJAÍ;Brasil;NÃO;SUL;SC;6;0;0;6;0;;6;;18/07/2026 07:17
2026;Parda;CASADO;35 a 39 anos;FEMININO;SUPERIOR COMPLETO;Transgênero;NÃO;ITAJAÍ;Brasil;NÃO;SUL;SC;1;0;0;1;0;;1;;18/07/2026 07:17
2026;Parda;CASADO;35 a 39 anos;FEMININO;SUPERIOR INCOMPLETO;Cisgênero;NÃO;ITAJAÍ;Brasil;NÃO;SUL;SC;29;1;0;31;0;;31;;18/07/2026 07:17
2026;Parda;CASADO;35 a 39 anos;FEMININO;SUPERIOR INCOMPLETO;Prefere não informar;NÃO;ITAJAÍ;Brasil;NÃO;SUL;SC;3;0;0;4;0;;4;;18/07/2026 07:17
2026;Parda;CASADO;35 a 39 anos;MASCULINO;ENSINO FUNDAMENTAL COMPLETO;Cisgênero;NÃO;ITAJAÍ;Brasil;NÃO;SUL;SC;9;0;0;9;0;;9;;18/07/2026 07:17
2026;Parda;CASADO;35 a 39 anos;MASCULINO;ENSINO FUNDAMENTAL COMPLETO;Prefere não informar;NÃO;ITAJAÍ;Brasil;NÃO;SUL;SC;5;0;0;5;0;;5;;18/07/2026 07:17
2026;Parda;CASADO;35 a 39 anos;MASCULINO;ENSINO FUNDAMENTAL INCOMPLETO;Cisgênero;NÃO;ITAJAÍ;Brasil;NÃO;SUL;SC;21;0;0;22;0;;22;;18/07/2026 07:17
2026;Parda;CASADO;35 a 39 anos;MASCULINO;ENSINO FUNDAMENTAL INCOMPLETO;Prefere não informar;NÃO;ITAJAÍ;Brasil;NÃO;SUL;SC;1;0;0;1;0;;1;;18/07/2026 07:17
2026;Parda;CASADO;35 a 39 anos;MASCULINO;ENSINO MÉDIO COMPLETO;Cisgênero;NÃO;ITAJAÍ;Brasil;NÃO;SUL;SC;92;1;0;92;0;;92;;18/07/2026 07:17
2026;Parda;CASADO;35 a 39 anos;MASCULINO;ENSINO MÉDIO COMPLETO;Cisgênero;SIM;ITAJAÍ;Brasil;NÃO;SUL;SC;1;0;0;1;0;;1;;18/07/2026 07:17
2026;Parda;CASADO;35 a 39 anos;MASCULINO;ENSINO MÉDIO COMPLETO;Prefere não informar;NÃO;ITAJAÍ;Brasil;NÃO;SUL;SC;3;0;0;3;0;;3;;18/07/2026 07:17
2026;Parda;CASADO;35 a 39 anos;MASCULINO;ENSINO MÉDIO INCOMPLETO;Cisgênero;NÃO;ITAJAÍ;Brasil;NÃO;SUL;SC;28;0;0;28;0;;28;;18/07/2026 07:17
2026;Parda;CASADO;35 a 39 anos;MASCULINO;ENSINO MÉDIO INCOMPLETO;Prefere não informar;NÃO;ITAJAÍ;Brasil;NÃO;SUL;SC;1;0;0;1;0;;1;;18/07/2026 07:17
2026;Parda;CASADO;35 a 39 anos;MASCULINO;SUPERIOR COMPLETO;Cisgênero;NÃO;ITAJAÍ;Brasil;NÃO;SUL;SC;30;0;0;30;0;;30;;18/07/2026 07:17
2026;Parda;CASADO;35 a 39 anos;MASCULINO;SUPERIOR COMPLETO;Prefere não informar;NÃO;ITAJAÍ;Brasil;NÃO;SUL;SC;2;0;0;2;0;;2;;18/07/2026 07:17
2026;Parda;CASADO;35 a 39 anos;MASCULINO;SUPERIOR INCOMPLETO;Cisgênero;NÃO;ITAJAÍ;Brasil;NÃO;SUL;SC;21;0;0;21;0;;21;;18/07/2026 07:17
2026;Parda;CASADO;35 a 39 anos;MASCULINO;SUPERIOR INCOMPLETO;Prefere não informar;NÃO;ITAJAÍ;Brasil;NÃO;SUL;SC;1;0;0;1;0;;1;;18/07/2026 07:17
2026;Parda;CASADO;40 a 44 anos;FEMININO;ENSINO FUNDAMENTAL COMPLETO;Cisgênero;NÃO;ITAJAÍ;Brasil;NÃO;SUL;SC;6;0;0;6;0;;6;;18/07/2026 07:17
2026;Parda;CASADO;40 a 44 anos;FEMININO;ENSINO FUNDAMENTAL COMPLETO;Prefere não informar;SIM;ITAJAÍ;Brasil;NÃO;SUL;SC;1;0;0;1;0;;1;;18/07/2026 07:17
2026;Parda;CASADO;40 a 44 anos;FEMININO;ENSINO FUNDAMENTAL INCOMPLETO;Cisgênero;NÃO;ITAJAÍ;Brasil;NÃO;SUL;SC;21;2;0;21;0;;21;;18/07/2026 07:17
2026;Parda;CASADO;40 a 44 anos;FEMININO;ENSINO MÉDIO COMPLETO;Cisgênero;NÃO;ITAJAÍ;Brasil;NÃO;SUL;SC;115;2;0;116;0;;116;;18/07/2026 07:17
2026;Parda;CASADO;40 a 44 anos;FEMININO;ENSINO MÉDIO COMPLETO;Cisgênero;SIM;ITAJAÍ;Brasil;NÃO;SUL;SC;1;0;0;1;0;;1;;18/07/2026 07:17
2026;Parda;CASADO;40 a 44 anos;FEMININO;ENSINO MÉDIO COMPLETO;Prefere não informar;NÃO;ITAJAÍ;Brasil;NÃO;SUL;SC;8;0;0;9;0;;9;;18/07/2026 07:17
2026;Parda;CASADO;40 a 44 anos;FEMININO;ENSINO MÉDIO COMPLETO;Prefere não informar;SIM;ITAJAÍ;Brasil;NÃO;SUL;SC;1;0;0;1;0;;1;;18/07/2026 07:17
2026;Parda;CASADO;40 a 44 anos;FEMININO;ENSINO MÉDIO INCOMPLETO;Cisgênero;NÃO;ITAJAÍ;Brasil;NÃO;SUL;SC;19;0;0;19;0;;19;;18/07/2026 07:17
2026;Parda;CASADO;40 a 44 anos;FEMININO;ENSINO MÉDIO INCOMPLETO;Prefere não informar;NÃO;ITAJAÍ;Brasil;NÃO;SUL;SC;1;0;0;1;0;;1;;18/07/2026 07:17
2026;Parda;CASADO;40 a 44 anos;FEMININO;LÊ E ESCREVE;Cisgênero;NÃO;ITAJAÍ;Brasil;NÃO;SUL;SC;1;0;0;1;0;;1;;18/07/2026 07:17
2026;Parda;CASADO;40 a 44 anos;FEMININO;SUPERIOR COMPLETO;Cisgênero;NÃO;ITAJAÍ;Brasil;NÃO;SUL;SC;66;0;0;66;0;;66;;18/07/2026 07:17
2026;Parda;CASADO;40 a 44 anos;FEMININO;SUPERIOR COMPLETO;Prefere não informar;NÃO;ITAJAÍ;Brasil;NÃO;SUL;SC;4;0;0;4;0;;4;;18/07/2026 07:17
2026;Parda;CASADO;40 a 44 anos;FEMININO;SUPERIOR INCOMPLETO;Cisgênero;NÃO;ITAJAÍ;Brasil;NÃO;SUL;SC;31;1;0;31;0;;31;;18/07/2026 07:17
2026;Parda;CASADO;40 a 44 anos;FEMININO;SUPERIOR INCOMPLETO;Prefere não informar;NÃO;ITAJAÍ;Brasil;NÃO;SUL;SC;1;0;0;1;0;;1;;18/07/2026 07:17
2026;Parda;CASADO;40 a 44 anos;MASCULINO;ANALFABETO;Cisgênero;NÃO;ITAJAÍ;Brasil;NÃO;SUL;SC;1;0;0;1;1;;0;;18/07/2026 07:17
2026;Parda;CASADO;40 a 44 anos;MASCULINO;ENSINO FUNDAMENTAL COMPLETO;Cisgênero;NÃO;ITAJAÍ;Brasil;NÃO;SUL;SC;7;0;0;8;0;;8;;18/07/2026 07:17
2026;Parda;CASADO;40 a 44 anos;MASCULINO;ENSINO FUNDAMENTAL COMPLETO;Cisgênero;SIM;ITAJAÍ;Brasil;NÃO;SUL;SC;1;0;0;1;0;;1;;18/07/2026 07:17
2026;Parda;CASADO;40 a 44 anos;MASCULINO;ENSINO FUNDAMENTAL COMPLETO;Prefere não informar;NÃO;ITAJAÍ;Brasil;NÃO;SUL;SC;2;0;0;2;0;;2;;18/07/2026 07:17
2026;Parda;CASADO;40 a 44 anos;MASCULINO;ENSINO FUNDAMENTAL INCOMPLETO;Cisgênero;NÃO;ITAJAÍ;Brasil;NÃO;SUL;SC;25;0;0;26;0;;26;;18/07/2026 07:17
2026;Parda;CASADO;40 a 44 anos;MASCULINO;ENSINO FUNDAMENTAL INCOMPLETO;Prefere não informar;NÃO;ITAJAÍ;Brasil;NÃO;SUL;SC;1;0;0;1;0;;1;;18/07/2026 07:17
2026;Parda;CASADO;40 a 44 anos;MASCULINO;ENSINO MÉDIO COMPLETO;Cisgênero;NÃO;ITAJAÍ;Brasil;NÃO;SUL;SC;108;0;0;109;0;;109;;18/07/2026 07:17
2026;Parda;CASADO;40 a 44 anos;MASCULINO;ENSINO MÉDIO COMPLETO;Cisgênero;SIM;ITAJAÍ;Brasil;NÃO;SUL;SC;2;0;0;2;0;;2;;18/07/2026 07:17
2026;Parda;CASADO;40 a 44 anos;MASCULINO;ENSINO MÉDIO COMPLETO;Prefere não informar;NÃO;ITAJAÍ;Brasil;NÃO;SUL;SC;9;0;0;9;0;;9;;18/07/2026 07:17
2026;Parda;CASADO;40 a 44 anos;MASCULINO;ENSINO MÉDIO INCOMPLETO;Cisgênero;NÃO;ITAJAÍ;Brasil;NÃO;SUL;SC;20;0;0;20;0;;20;;18/07/2026 07:17
2026;Parda;CASADO;40 a 44 anos;MASCULINO;ENSINO MÉDIO INCOMPLETO;Prefere não informar;NÃO;ITAJAÍ;Brasil;NÃO;SUL;SC;2;0;0;2;0;;2;;18/07/2026 07:17
2026;Parda;CASADO;40 a 44 anos;MASCULINO;SUPERIOR COMPLETO;Cisgênero;NÃO;ITAJAÍ;Brasil;NÃO;SUL;SC;40;0;0;41;0;;41;;18/07/2026 07:17
2026;Parda;CASADO;40 a 44 anos;MASCULINO;SUPERIOR COMPLETO;Prefere não informar;NÃO;ITAJAÍ;Brasil;NÃO;SUL;SC;4;0;0;4;0;;4;;18/07/2026 07:17
2026;Parda;CASADO;40 a 44 anos;MASCULINO;SUPERIOR INCOMPLETO;Cisgênero;NÃO;ITAJAÍ;Brasil;NÃO;SUL;SC;24;0;0;24;0;;24;;18/07/2026 07:17
2026;Parda;CASADO;40 a 44 anos;MASCULINO;SUPERIOR INCOMPLETO;Cisgênero;SIM;ITAJAÍ;Brasil;NÃO;SUL;SC;1;0;0;1;0;;1;;18/07/2026 07:17
2026;Parda;CASADO;40 a 44 anos;MASCULINO;SUPERIOR INCOMPLETO;Prefere não informar;NÃO;ITAJAÍ;Brasil;NÃO;SUL;SC;2;0;0;2;0;;2;;18/07/2026 07:17
2026;Parda;CASADO;40 a 44 anos;MASCULINO;SUPERIOR INCOMPLETO;Prefere não informar;SIM;ITAJAÍ;Brasil;NÃO;SUL;SC;1;0;0;1;0;;1;;18/07/2026 07:17
2026;Parda;CASADO;45 a 49 anos;FEMININO;ENSINO FUNDAMENTAL COMPLETO;Cisgênero;NÃO;ITAJAÍ;Brasil;NÃO;SUL;SC;12;0;0;12;0;;12;;18/07/2026 07:17
2026;Parda;CASADO;45 a 49 anos;FEMININO;ENSINO FUNDAMENTAL INCOMPLETO;Cisgênero;NÃO;ITAJAÍ;Brasil;NÃO;SUL;SC;13;0;0;14;0;;14;;18/07/2026 07:17
2026;Parda;CASADO;45 a 49 anos;FEMININO;ENSINO FUNDAMENTAL INCOMPLETO;Prefere não informar;NÃO;ITAJAÍ;Brasil;NÃO;SUL;SC;5;0;0;5;0;;5;;18/07/2026 07:17
2026;Parda;CASADO;45 a 49 anos;FEMININO;ENSINO MÉDIO COMPLETO;Cisgênero;NÃO;ITAJAÍ;Brasil;NÃO;SUL;SC;69;1;0;69;0;;69;;18/07/2026 07:17
2026;Parda;CASADO;45 a 49 anos;FEMININO;ENSINO MÉDIO COMPLETO;Cisgênero;SIM;ITAJAÍ;Brasil;NÃO;SUL;SC;3;0;0;3;0;;3;;18/07/2026 07:17
2026;Parda;CASADO;45 a 49 anos;FEMININO;ENSINO MÉDIO COMPLETO;Prefere não informar;NÃO;ITAJAÍ;Brasil;NÃO;SUL;SC;2;0;0;2;0;;2;;18/07/2026 07:17
2026;Parda;CASADO;45 a 49 anos;FEMININO;ENSINO MÉDIO INCOMPLETO;Cisgênero;NÃO;ITAJAÍ;Brasil;NÃO;SUL;SC;12;0;0;12;0;;12;;18/07/2026 07:17
2026;Parda;CASADO;45 a 49 anos;FEMININO;ENSINO MÉDIO INCOMPLETO;Prefere não informar;NÃO;ITAJAÍ;Brasil;NÃO;SUL;SC;2;0;0;2;0;;2;;18/07/2026 07:17
2026;Parda;CASADO;45 a 49 anos;FEMININO;LÊ E ESCREVE;Cisgênero;NÃO;ITAJAÍ;Brasil;NÃO;SUL;SC;3;0;0;3;0;;3;;18/07/2026 07:17
2026;Parda;CASADO;45 a 49 anos;FEMININO;LÊ E ESCREVE;Prefere não informar;NÃO;ITAJAÍ;Brasil;NÃO;SUL;SC;1;0;0;1;0;;1;;18/07/2026 07:17
2026;Parda;CASADO;45 a 49 anos;FEMININO;SUPERIOR COMPLETO;Cisgênero;NÃO;ITAJAÍ;Brasil;NÃO;SUL;SC;48;1;0;48;0;;48;;18/07/2026 07:17
2026;Parda;CASADO;45 a 49 anos;FEMININO;SUPERIOR COMPLETO;Prefere não informar;NÃO;ITAJAÍ;Brasil;NÃO;SUL;SC;3;0;0;3;0;;3;;18/07/2026 07:17
2026;Parda;CASADO;45 a 49 anos;FEMININO;SUPERIOR INCOMPLETO;Cisgênero;NÃO;ITAJAÍ;Brasil;NÃO;SUL;SC;10;0;0;10;0;;10;;18/07/2026 07:17
2026;Parda;CASADO;45 a 49 anos;FEMININO;SUPERIOR INCOMPLETO;Cisgênero;SIM;ITAJAÍ;Brasil;NÃO;SUL;SC;1;0;0;1;0;;1;;18/07/2026 07:17
2026;Parda;CASADO;45 a 49 anos;FEMININO;SUPERIOR INCOMPLETO;Prefere não informar;NÃO;ITAJAÍ;Brasil;NÃO;SUL;SC;1;0;0;1;0;;1;;18/07/2026 07:17
2026;Parda;CASADO;45 a 49 anos;MASCULINO;ENSINO FUNDAMENTAL COMPLETO;Cisgênero;NÃO;ITAJAÍ;Brasil;NÃO;SUL;SC;17;1;0;17;0;;17;;18/07/2026 07:17
2026;Parda;CASADO;45 a 49 anos;MASCULINO;ENSINO FUNDAMENTAL COMPLETO;Prefere não informar;NÃO;ITAJAÍ;Brasil;NÃO;SUL;SC;2;0;0;2;0;;2;;18/07/2026 07:17
2026;Parda;CASADO;45 a 49 anos;MASCULINO;ENSINO FUNDAMENTAL INCOMPLETO;Cisgênero;NÃO;ITAJAÍ;Brasil;NÃO;SUL;SC;36;3;0;36;0;;36;;18/07/2026 07:17
2026;Parda;CASADO;45 a 49 anos;MASCULINO;ENSINO FUNDAMENTAL INCOMPLETO;Cisgênero;SIM;ITAJAÍ;Brasil;NÃO;SUL;SC;1;0;0;1;0;;1;;18/07/2026 07:17
2026;Parda;CASADO;45 a 49 anos;MASCULINO;ENSINO FUNDAMENTAL INCOMPLETO;Prefere não informar;NÃO;ITAJAÍ;Brasil;NÃO;SUL;SC;3;0;0;3;0;;3;;18/07/2026 07:17
2026;Parda;CASADO;45 a 49 anos;MASCULINO;ENSINO MÉDIO COMPLETO;Cisgênero;NÃO;ITAJAÍ;Brasil;NÃO;SUL;SC;97;1;0;97;0;;97;;18/07/2026 07:17
2026;Parda;CASADO;45 a 49 anos;MASCULINO;ENSINO MÉDIO COMPLETO;Cisgênero;SIM;ITAJAÍ;Brasil;NÃO;SUL;SC;1;0;0;1;0;;1;;18/07/2026 07:17
2026;Parda;CASADO;45 a 49 anos;MASCULINO;ENSINO MÉDIO COMPLETO;Prefere não informar;NÃO;ITAJAÍ;Brasil;NÃO;SUL;SC;6;0;0;6;0;;6;;18/07/2026 07:17
2026;Parda;CASADO;45 a 49 anos;MASCULINO;ENSINO MÉDIO INCOMPLETO;Cisgênero;NÃO;ITAJAÍ;Brasil;NÃO;SUL;SC;21;2;0;21;0;;21;;18/07/2026 07:17
2026;Parda;CASADO;45 a 49 anos;MASCULINO;ENSINO MÉDIO INCOMPLETO;Prefere não informar;NÃO;ITAJAÍ;Brasil;NÃO;SUL;SC;1;0;0;1;0;;1;;18/07/2026 07:17
2026;Parda;CASADO;45 a 49 anos;MASCULINO;SUPERIOR COMPLETO;Cisgênero;NÃO;ITAJAÍ;Brasil;NÃO;SUL;SC;38;0;0;38;0;;38;;18/07/2026 07:17
2026;Parda;CASADO;45 a 49 anos;MASCULINO;SUPERIOR COMPLETO;Prefere não informar;NÃO;ITAJAÍ;Brasil;NÃO;SUL;SC;3;0;0;3;0;;3;;18/07/2026 07:17
2026;Parda;CASADO;45 a 49 anos;MASCULINO;SUPERIOR INCOMPLETO;Cisgênero;NÃO;ITAJAÍ;Brasil;NÃO;SUL;SC;19;1;0;19;0;;19;;18/07/2026 07:17
2026;Parda;CASADO;50 a 54 anos;FEMININO;ANALFABETO;Cisgênero;NÃO;ITAJAÍ;Brasil;NÃO;SUL;SC;2;0;0;2;2;;0;;18/07/2026 07:17
2026;Parda;CASADO;50 a 54 anos;FEMININO;ENSINO FUNDAMENTAL COMPLETO;Cisgênero;NÃO;ITAJAÍ;Brasil;NÃO;SUL;SC;11;0;0;11;0;;11;;18/07/2026 07:17
2026;Parda;CASADO;50 a 54 anos;FEMININO;ENSINO FUNDAMENTAL COMPLETO;Prefere não informar;NÃO;ITAJAÍ;Brasil;NÃO;SUL;SC;1;0;0;1;0;;1;;18/07/2026 07:17
2026;Parda;CASADO;50 a 54 anos;FEMININO;ENSINO FUNDAMENTAL INCOMPLETO;Cisgênero;NÃO;ITAJAÍ;Brasil;NÃO;SUL;SC;30;1;0;30;0;;30;;18/07/2026 07:17
2026;Parda;CASADO;50 a 54 anos;FEMININO;ENSINO FUNDAMENTAL INCOMPLETO;Cisgênero;SIM;ITAJAÍ;Brasil;NÃO;SUL;SC;1;0;0;1;0;;1;;18/07/2026 07:17
2026;Parda;CASADO;50 a 54 anos;FEMININO;ENSINO MÉDIO COMPLETO;Cisgênero;NÃO;ITAJAÍ;Brasil;NÃO;SUL;SC;35;0;0;36;0;;36;;18/07/2026 07:17
2026;Parda;CASADO;50 a 54 anos;FEMININO;ENSINO MÉDIO COMPLETO;Prefere não informar;NÃO;ITAJAÍ;Brasil;NÃO;SUL;SC;1;0;0;1;0;;1;;18/07/2026 07:17
2026;Parda;CASADO;50 a 54 anos;FEMININO;ENSINO MÉDIO INCOMPLETO;Cisgênero;NÃO;ITAJAÍ;Brasil;NÃO;SUL;SC;9;0;0;9;0;;9;;18/07/2026 07:17
2026;Parda;CASADO;50 a 54 anos;FEMININO;ENSINO MÉDIO INCOMPLETO;Cisgênero;SIM;ITAJAÍ;Brasil;NÃO;SUL;SC;1;0;0;1;0;;1;;18/07/2026 07:17
2026;Parda;CASADO;50 a 54 anos;FEMININO;SUPERIOR COMPLETO;Cisgênero;NÃO;ITAJAÍ;Brasil;NÃO;SUL;SC;27;0;0;27;0;;27;;18/07/2026 07:17
2026;Parda;CASADO;50 a 54 anos;FEMININO;SUPERIOR COMPLETO;Cisgênero;SIM;ITAJAÍ;Brasil;NÃO;SUL;SC;1;0;0;1;0;;1;;18/07/2026 07:17
2026;Parda;CASADO;50 a 54 anos;FEMININO;SUPERIOR COMPLETO;Prefere não informar;NÃO;ITAJAÍ;Brasil;NÃO;SUL;SC;1;0;0;1;0;;1;;18/07/2026 07:17
2026;Parda;CASADO;50 a 54 anos;FEMININO;SUPERIOR INCOMPLETO;Cisgênero;NÃO;ITAJAÍ;Brasil;NÃO;SUL;SC;3;0;0;3;0;;3;;18/07/2026 07:17
2026;Parda;CASADO;50 a 54 anos;MASCULINO;ENSINO FUNDAMENTAL COMPLETO;Cisgênero;NÃO;ITAJAÍ;Brasil;NÃO;SUL;SC;12;0;0;12;0;;12;;18/07/2026 07:17
2026;Parda;CASADO;50 a 54 anos;MASCULINO;ENSINO FUNDAMENTAL INCOMPLETO;Cisgênero;NÃO;ITAJAÍ;Brasil;NÃO;SUL;SC;33;1;0;34;0;;34;;18/07/2026 07:17
2026;Parda;CASADO;50 a 54 anos;MASCULINO;ENSINO MÉDIO COMPLETO;Cisgênero;NÃO;ITAJAÍ;Brasil;NÃO;SUL;SC;50;2;0;51;0;;51;;18/07/2026 07:17
2026;Parda;CASADO;50 a 54 anos;MASCULINO;ENSINO MÉDIO COMPLETO;Cisgênero;SIM;ITAJAÍ;Brasil;NÃO;SUL;SC;1;0;0;1;0;;1;;18/07/2026 07:17
2026;Parda;CASADO;50 a 54 anos;MASCULINO;ENSINO MÉDIO COMPLETO;Prefere não informar;NÃO;ITAJAÍ;Brasil;NÃO;SUL;SC;2;0;0;2;0;;2;;18/07/2026 07:17
2026;Parda;CASADO;50 a 54 anos;MASCULINO;ENSINO MÉDIO INCOMPLETO;Cisgênero;NÃO;ITAJAÍ;Brasil;NÃO;SUL;SC;10;0;0;10;0;;10;;18/07/2026 07:17
2026;Parda;CASADO;50 a 54 anos;MASCULINO;LÊ E ESCREVE;Prefere não informar;NÃO;ITAJAÍ;Brasil;NÃO;SUL;SC;1;0;0;1;0;;1;;18/07/2026 07:17
2026;Parda;CASADO;50 a 54 anos;MASCULINO;SUPERIOR COMPLETO;Cisgênero;NÃO;ITAJAÍ;Brasil;NÃO;SUL;SC;24;0;0;25;0;;25;;18/07/2026 07:17
2026;Parda;CASADO;50 a 54 anos;MASCULINO;SUPERIOR COMPLETO;Prefere não informar;NÃO;ITAJAÍ;Brasil;NÃO;SUL;SC;3;0;0;3;0;;3;;18/07/2026 07:17
2026;Parda;CASADO;50 a 54 anos;MASCULINO;SUPERIOR INCOMPLETO;Cisgênero;NÃO;ITAJAÍ;Brasil;NÃO;SUL;SC;11;0;0;11;0;;11;;18/07/2026 07:17
2026;Parda;CASADO;50 a 54 anos;MASCULINO;SUPERIOR INCOMPLETO;Prefere não informar;NÃO;ITAJAÍ;Brasil;NÃO;SUL;SC;2;0;0;2;0;;2;;18/07/2026 07:17
2026;Parda;CASADO;55 a 59 anos;FEMININO;ANALFABETO;Cisgênero;NÃO;ITAJAÍ;Brasil;NÃO;SUL;SC;2;0;0;2;2;;0;;18/07/2026 07:17
2026;Parda;CASADO;55 a 59 anos;FEMININO;ENSINO FUNDAMENTAL COMPLETO;Cisgênero;NÃO;ITAJAÍ;Brasil;NÃO;SUL;SC;10;0;0;10;0;;10;;18/07/2026 07:17
2026;Parda;CASADO;55 a 59 anos;FEMININO;ENSINO FUNDAMENTAL INCOMPLETO;Cisgênero;NÃO;ITAJAÍ;Brasil;NÃO;SUL;SC;24;1;0;24;0;;24;;18/07/2026 07:17
2026;Parda;CASADO;55 a 59 anos;FEMININO;ENSINO FUNDAMENTAL INCOMPLETO;Prefere não informar;NÃO;ITAJAÍ;Brasil;NÃO;SUL;SC;1;0;0;1;0;;1;;18/07/2026 07:17
2026;Parda;CASADO;55 a 59 anos;FEMININO;ENSINO MÉDIO COMPLETO;Cisgênero;NÃO;ITAJAÍ;Brasil;NÃO;SUL;SC;34;0;0;34;0;;34;;18/07/2026 07:17
2026;Parda;CASADO;55 a 59 anos;FEMININO;ENSINO MÉDIO COMPLETO;Prefere não informar;SIM;ITAJAÍ;Brasil;NÃO;SUL;SC;1;0;0;1;0;;1;;18/07/2026 07:17
2026;Parda;CASADO;55 a 59 anos;FEMININO;ENSINO MÉDIO INCOMPLETO;Cisgênero;NÃO;ITAJAÍ;Brasil;NÃO;SUL;SC;7;0;0;7;0;;7;;18/07/2026 07:17
2026;Parda;CASADO;55 a 59 anos;FEMININO;LÊ E ESCREVE;Cisgênero;NÃO;ITAJAÍ;Brasil;NÃO;SUL;SC;2;0;0;2;0;;2;;18/07/2026 07:17
2026;Parda;CASADO;55 a 59 anos;FEMININO;SUPERIOR COMPLETO;Cisgênero;NÃO;ITAJAÍ;Brasil;NÃO;SUL;SC;10;2;0;10;0;;10;;18/07/2026 07:17
2026;Parda;CASADO;55 a 59 anos;FEMININO;SUPERIOR COMPLETO;Prefere não informar;NÃO;ITAJAÍ;Brasil;NÃO;SUL;SC;3;0;0;3;0;;3;;18/07/2026 07:17
2026;Parda;CASADO;55 a 59 anos;FEMININO;SUPERIOR INCOMPLETO;Cisgênero;NÃO;ITAJAÍ;Brasil;NÃO;SUL;SC;7;0;0;7;0;;7;;18/07/2026 07:17
2026;Parda;CASADO;55 a 59 anos;MASCULINO;ANALFABETO;Cisgênero;NÃO;ITAJAÍ;Brasil;NÃO;SUL;SC;1;0;0;1;1;;0;;18/07/2026 07:17
2026;Parda;CASADO;55 a 59 anos;MASCULINO;ENSINO FUNDAMENTAL COMPLETO;Cisgênero;NÃO;ITAJAÍ;Brasil;NÃO;SUL;SC;18;0;0;18;0;;18;;18/07/2026 07:17
2026;Parda;CASADO;55 a 59 anos;MASCULINO;ENSINO FUNDAMENTAL COMPLETO;Prefere não informar;NÃO;ITAJAÍ;Brasil;NÃO;SUL;SC;1;0;0;1;0;;1;;18/07/2026 07:17
2026;Parda;CASADO;55 a 59 anos;MASCULINO;ENSINO FUNDAMENTAL INCOMPLETO;Cisgênero;NÃO;ITAJAÍ;Brasil;NÃO;SUL;SC;25;0;0;25;0;;25;;18/07/2026 07:17
2026;Parda;CASADO;55 a 59 anos;MASCULINO;ENSINO FUNDAMENTAL INCOMPLETO;Prefere não informar;NÃO;ITAJAÍ;Brasil;NÃO;SUL;SC;1;0;0;1;0;;1;;18/07/2026 07:17
2026;Parda;CASADO;55 a 59 anos;MASCULINO;ENSINO MÉDIO COMPLETO;Cisgênero;NÃO;ITAJAÍ;Brasil;NÃO;SUL;SC;28;0;0;29;0;;29;;18/07/2026 07:17
2026;Parda;CASADO;55 a 59 anos;MASCULINO;ENSINO MÉDIO COMPLETO;Prefere não informar;NÃO;ITAJAÍ;Brasil;NÃO;SUL;SC;3;0;0;3;0;;3;;18/07/2026 07:17
2026;Parda;CASADO;55 a 59 anos;MASCULINO;ENSINO MÉDIO INCOMPLETO;Cisgênero;NÃO;ITAJAÍ;Brasil;NÃO;SUL;SC;7;1;0;7;0;;7;;18/07/2026 07:17
2026;Parda;CASADO;55 a 59 anos;MASCULINO;LÊ E ESCREVE;Cisgênero;NÃO;ITAJAÍ;Brasil;NÃO;SUL;SC;4;0;0;4;0;;4;;18/07/2026 07:17
2026;Parda;CASADO;55 a 59 anos;MASCULINO;SUPERIOR COMPLETO;Cisgênero;NÃO;ITAJAÍ;Brasil;NÃO;SUL;SC;13;2;0;13;0;;13;;18/07/2026 07:17
2026;Parda;CASADO;55 a 59 anos;MASCULINO;SUPERIOR COMPLETO;Prefere não informar;NÃO;ITAJAÍ;Brasil;NÃO;SUL;SC;1;0;0;1;0;;1;;18/07/2026 07:17
2026;Parda;CASADO;55 a 59 anos;MASCULINO;SUPERIOR INCOMPLETO;Cisgênero;NÃO;ITAJAÍ;Brasil;NÃO;SUL;SC;4;0;0;4;0;;4;;18/07/2026 07:17
2026;Parda;CASADO;60 a 64 anos;FEMININO;ANALFABETO;Prefere não informar;NÃO;ITAJAÍ;Brasil;NÃO;SUL;SC;1;0;0;1;1;;0;;18/07/2026 07:17
2026;Parda;CASADO;60 a 64 anos;FEMININO;ENSINO FUNDAMENTAL COMPLETO;Cisgênero;NÃO;ITAJAÍ;Brasil;NÃO;SUL;SC;9;0;0;9;0;;9;;18/07/2026 07:17
2026;Parda;CASADO;60 a 64 anos;FEMININO;ENSINO FUNDAMENTAL COMPLETO;Prefere não informar;NÃO;ITAJAÍ;Brasil;NÃO;SUL;SC;1;0;0;1;0;;1;;18/07/2026 07:17
2026;Parda;CASADO;60 a 64 anos;FEMININO;ENSINO FUNDAMENTAL INCOMPLETO;Cisgênero;NÃO;ITAJAÍ;Brasil;NÃO;SUL;SC;21;0;0;21;0;;21;;18/07/2026 07:17
2026;Parda;CASADO;60 a 64 anos;FEMININO;ENSINO MÉDIO COMPLETO;Cisgênero;NÃO;ITAJAÍ;Brasil;NÃO;SUL;SC;10;0;0;10;0;;10;;18/07/2026 07:17
2026;Parda;CASADO;60 a 64 anos;FEMININO;ENSINO MÉDIO COMPLETO;Cisgênero;NÃO;ITAJAÍ;Brasil;SIM;SUL;SC;1;0;0;1;0;;1;;18/07/2026 07:17
2026;Parda;CASADO;60 a 64 anos;FEMININO;ENSINO MÉDIO COMPLETO;Prefere não informar;NÃO;ITAJAÍ;Brasil;NÃO;SUL;SC;1;0;0;1;0;;1;;18/07/2026 07:17
2026;Parda;CASADO;60 a 64 anos;FEMININO;ENSINO MÉDIO INCOMPLETO;Cisgênero;NÃO;ITAJAÍ;Brasil;NÃO;SUL;SC;1;0;0;1;0;;1;;18/07/2026 07:17
2026;Parda;CASADO;60 a 64 anos;FEMININO;LÊ E ESCREVE;Cisgênero;NÃO;ITAJAÍ;Brasil;NÃO;SUL;SC;2;0;0;2;0;;2;;18/07/2026 07:17
2026;Parda;CASADO;60 a 64 anos;FEMININO;SUPERIOR COMPLETO;Cisgênero;NÃO;ITAJAÍ;Brasil;NÃO;SUL;SC;5;0;0;5;0;;5;;18/07/2026 07:17
2026;Parda;CASADO;60 a 64 anos;FEMININO;SUPERIOR COMPLETO;Cisgênero;SIM;ITAJAÍ;Brasil;NÃO;SUL;SC;1;0;0;1;0;;1;;18/07/2026 07:17
2026;Parda;CASADO;60 a 64 anos;FEMININO;SUPERIOR COMPLETO;Prefere não informar;NÃO;ITAJAÍ;Brasil;NÃO;SUL;SC;1;0;0;1;0;;1;;18/07/2026 07:17
2026;Parda;CASADO;60 a 64 anos;FEMININO;SUPERIOR INCOMPLETO;Cisgênero;NÃO;ITAJAÍ;Brasil;NÃO;SUL;SC;3;0;0;3;0;;3;;18/07/2026 07:17
2026;Parda;CASADO;60 a 64 anos;MASCULINO;ANALFABETO;Cisgênero;NÃO;ITAJAÍ;Brasil;NÃO;SUL;SC;7;1;0;7;7;;0;;18/07/2026 07:17
2026;Parda;CASADO;60 a 64 anos;MASCULINO;ENSINO FUNDAMENTAL COMPLETO;Cisgênero;NÃO;ITAJAÍ;Brasil;NÃO;SUL;SC;11;1;0;11;0;;11;;18/07/2026 07:17
2026;Parda;CASADO;60 a 64 anos;MASCULINO;ENSINO FUNDAMENTAL INCOMPLETO;Cisgênero;NÃO;ITAJAÍ;Brasil;NÃO;SUL;SC;24;2;0;24;0;;24;;18/07/2026 07:17
2026;Parda;CASADO;60 a 64 anos;MASCULINO;ENSINO MÉDIO COMPLETO;Cisgênero;NÃO;ITAJAÍ;Brasil;NÃO;SUL;SC;16;0;0;16;0;;16;;18/07/2026 07:17
2026;Parda;CASADO;60 a 64 anos;MASCULINO;ENSINO MÉDIO INCOMPLETO;Cisgênero;NÃO;ITAJAÍ;Brasil;NÃO;SUL;SC;3;0;0;3;0;;3;;18/07/2026 07:17
2026;Parda;CASADO;60 a 64 anos;MASCULINO;LÊ E ESCREVE;Cisgênero;NÃO;ITAJAÍ;Brasil;NÃO;SUL;SC;3;0;0;3;0;;3;;18/07/2026 07:17
2026;Parda;CASADO;60 a 64 anos;MASCULINO;SUPERIOR COMPLETO;Cisgênero;NÃO;ITAJAÍ;Brasil;NÃO;SUL;SC;11;1;0;11;0;;11;;18/07/2026 07:17
2026;Parda;CASADO;60 a 64 anos;MASCULINO;SUPERIOR COMPLETO;Prefere não informar;NÃO;ITAJAÍ;Brasil;NÃO;SUL;SC;1;0;0;1;0;;1;;18/07/2026 07:17
2026;Parda;CASADO;60 a 64 anos;MASCULINO;SUPERIOR INCOMPLETO;Cisgênero;NÃO;ITAJAÍ;Brasil;NÃO;SUL;SC;1;0;0;1;0;;1;;18/07/2026 07:17
2026;Parda;CASADO;65 a 69 anos;FEMININO;ANALFABETO;Cisgênero;NÃO;ITAJAÍ;Brasil;NÃO;SUL;SC;3;1;0;3;3;;0;;18/07/2026 07:17
2026;Parda;CASADO;65 a 69 anos;FEMININO;ENSINO FUNDAMENTAL COMPLETO;Cisgênero;NÃO;ITAJAÍ;Brasil;NÃO;SUL;SC;8;0;0;8;0;;8;;18/07/2026 07:17
2026;Parda;CASADO;65 a 69 anos;FEMININO;ENSINO FUNDAMENTAL COMPLETO;Cisgênero;SIM;ITAJAÍ;Brasil;NÃO;SUL;SC;1;0;0;1;0;;1;;18/07/2026 07:17
2026;Parda;CASADO;65 a 69 anos;FEMININO;ENSINO FUNDAMENTAL INCOMPLETO;Cisgênero;NÃO;ITAJAÍ;Brasil;NÃO;SUL;SC;13;0;0;13;0;;13;;18/07/2026 07:17
2026;Parda;CASADO;65 a 69 anos;FEMININO;ENSINO MÉDIO COMPLETO;Cisgênero;NÃO;ITAJAÍ;Brasil;NÃO;SUL;SC;5;0;0;5;0;;5;;18/07/2026 07:17
2026;Parda;CASADO;65 a 69 anos;FEMININO;ENSINO MÉDIO INCOMPLETO;Cisgênero;NÃO;ITAJAÍ;Brasil;NÃO;SUL;SC;4;0;0;4;0;;4;;18/07/2026 07:17
2026;Parda;CASADO;65 a 69 anos;FEMININO;SUPERIOR COMPLETO;Cisgênero;NÃO;ITAJAÍ;Brasil;NÃO;SUL;SC;5;0;0;5;0;;5;;18/07/2026 07:17
2026;Parda;CASADO;65 a 69 anos;FEMININO;SUPERIOR INCOMPLETO;Cisgênero;NÃO;ITAJAÍ;Brasil;NÃO;SUL;SC;1;0;0;1;0;;1;;18/07/2026 07:17
2026;Parda;CASADO;65 a 69 anos;MASCULINO;ANALFABETO;Cisgênero;NÃO;ITAJAÍ;Brasil;NÃO;SUL;SC;2;1;0;2;2;;0;;18/07/2026 07:17
2026;Parda;CASADO;65 a 69 anos;MASCULINO;ENSINO FUNDAMENTAL COMPLETO;Cisgênero;NÃO;ITAJAÍ;Brasil;NÃO;SUL;SC;5;0;0;5;0;;5;;18/07/2026 07:17
2026;Parda;CASADO;65 a 69 anos;MASCULINO;ENSINO FUNDAMENTAL INCOMPLETO;Cisgênero;NÃO;ITAJAÍ;Brasil;NÃO;SUL;SC;11;1;0;11;0;;11;;18/07/2026 07:17
2026;Parda;CASADO;65 a 69 anos;MASCULINO;ENSINO FUNDAMENTAL INCOMPLETO;Prefere não informar;NÃO;ITAJAÍ;Brasil;NÃO;SUL;SC;1;0;0;1;0;;1;;18/07/2026 07:17
2026;Parda;CASADO;65 a 69 anos;MASCULINO;ENSINO MÉDIO COMPLETO;Cisgênero;NÃO;ITAJAÍ;Brasil;NÃO;SUL;SC;17;0;0;17;0;;17;;18/07/2026 07:17
2026;Parda;CASADO;65 a 69 anos;MASCULINO;ENSINO MÉDIO COMPLETO;Prefere não informar;NÃO;ITAJAÍ;Brasil;NÃO;SUL;SC;2;0;0;2;0;;2;;18/07/2026 07:17
2026;Parda;CASADO;65 a 69 anos;MASCULINO;ENSINO MÉDIO INCOMPLETO;Cisgênero;NÃO;ITAJAÍ;Brasil;NÃO;SUL;SC;4;1;0;4;0;;4;;18/07/2026 07:17
2026;Parda;CASADO;65 a 69 anos;MASCULINO;LÊ E ESCREVE;Cisgênero;NÃO;ITAJAÍ;Brasil;NÃO;SUL;SC;3;0;0;3;0;;3;;18/07/2026 07:17
2026;Parda;CASADO;65 a 69 anos;MASCULINO;LÊ E ESCREVE;Prefere não informar;NÃO;ITAJAÍ;Brasil;NÃO;SUL;SC;1;0;0;1;0;;1;;18/07/2026 07:17
2026;Parda;CASADO;65 a 69 anos;MASCULINO;SUPERIOR COMPLETO;Cisgênero;NÃO;ITAJAÍ;Brasil;NÃO;SUL;SC;4;1;0;4;0;;4;;18/07/2026 07:17
2026;Parda;CASADO;65 a 69 anos;MASCULINO;SUPERIOR INCOMPLETO;Cisgênero;NÃO;ITAJAÍ;Brasil;NÃO;SUL;SC;1;0;0;1;0;;1;;18/07/2026 07:17
2026;Parda;CASADO;70 a 74 anos;FEMININO;ANALFABETO;Cisgênero;NÃO;ITAJAÍ;Brasil;NÃO;SUL;SC;2;1;0;2;2;;0;;18/07/2026 07:17
2026;Parda;CASADO;70 a 74 anos;FEMININO;ENSINO FUNDAMENTAL COMPLETO;Cisgênero;NÃO;ITAJAÍ;Brasil;NÃO;SUL;SC;2;0;0;2;2;;0;;18/07/2026 07:17
2026;Parda;CASADO;70 a 74 anos;FEMININO;ENSINO FUNDAMENTAL INCOMPLETO;Cisgênero;NÃO;ITAJAÍ;Brasil;NÃO;SUL;SC;3;1;0;3;3;;0;;18/07/2026 07:17
2026;Parda;CASADO;70 a 74 anos;FEMININO;ENSINO MÉDIO COMPLETO;Cisgênero;NÃO;ITAJAÍ;Brasil;NÃO;SUL;SC;3;0;0;3;3;;0;;18/07/2026 07:17
2026;Parda;CASADO;70 a 74 anos;FEMININO;ENSINO MÉDIO INCOMPLETO;Cisgênero;NÃO;ITAJAÍ;Brasil;NÃO;SUL;SC;1;1;0;1;1;;0;;18/07/2026 07:17
2026;Parda;CASADO;70 a 74 anos;FEMININO;LÊ E ESCREVE;Cisgênero;NÃO;ITAJAÍ;Brasil;NÃO;SUL;SC;1;0;0;1;1;;0;;18/07/2026 07:17
2026;Parda;CASADO;70 a 74 anos;FEMININO;SUPERIOR COMPLETO;Cisgênero;NÃO;ITAJAÍ;Brasil;NÃO;SUL;SC;1;0;0;1;1;;0;;18/07/2026 07:17
2026;Parda;CASADO;70 a 74 anos;MASCULINO;ENSINO FUNDAMENTAL COMPLETO;Cisgênero;NÃO;ITAJAÍ;Brasil;NÃO;SUL;SC;1;0;0;1;1;;0;;18/07/2026 07:17
2026;Parda;CASADO;70 a 74 anos;MASCULINO;ENSINO FUNDAMENTAL INCOMPLETO;Cisgênero;NÃO;ITAJAÍ;Brasil;NÃO;SUL;SC;9;0;0;9;9;;0;;18/07/2026 07:17
2026;Parda;CASADO;70 a 74 anos;MASCULINO;ENSINO MÉDIO COMPLETO;Cisgênero;NÃO;ITAJAÍ;Brasil;NÃO;SUL;SC;6;2;0;6;6;;0;;18/07/2026 07:17
2026;Parda;CASADO;70 a 74 anos;MASCULINO;ENSINO MÉDIO INCOMPLETO;Cisgênero;NÃO;ITAJAÍ;Brasil;NÃO;SUL;SC;2;0;0;2;2;;0;;18/07/2026 07:17
2026;Parda;CASADO;70 a 74 anos;MASCULINO;LÊ E ESCREVE;Cisgênero;NÃO;ITAJAÍ;Brasil;NÃO;SUL;SC;1;0;0;1;1;;0;;18/07/2026 07:17
2026;Parda;CASADO;70 a 74 anos;MASCULINO;SUPERIOR COMPLETO;Cisgênero;NÃO;ITAJAÍ;Brasil;NÃO;SUL;SC;3;0;0;3;3;;0;;18/07/2026 07:17
2026;Parda;CASADO;70 a 74 anos;MASCULINO;SUPERIOR INCOMPLETO;Cisgênero;NÃO;ITAJAÍ;Brasil;NÃO;SUL;SC;1;0;0;1;1;;0;;18/07/2026 07:17
2026;Parda;CASADO;75 a 79 anos;FEMININO;ANALFABETO;Cisgênero;NÃO;ITAJAÍ;Brasil;NÃO;SUL;SC;1;0;0;1;1;;0;;18/07/2026 07:17
2026;Parda;CASADO;75 a 79 anos;FEMININO;ENSINO FUNDAMENTAL INCOMPLETO;Cisgênero;NÃO;ITAJAÍ;Brasil;NÃO;SUL;SC;1;0;0;1;1;;0;;18/07/2026 07:17
2026;Parda;CASADO;75 a 79 anos;FEMININO;LÊ E ESCREVE;Cisgênero;NÃO;ITAJAÍ;Brasil;NÃO;SUL;SC;1;0;0;1;1;;0;;18/07/2026 07:17
2026;Parda;CASADO;75 a 79 anos;MASCULINO;ENSINO FUNDAMENTAL COMPLETO;Cisgênero;NÃO;ITAJAÍ;Brasil;NÃO;SUL;SC;1;0;0;1;1;;0;;18/07/2026 07:17
2026;Parda;CASADO;75 a 79 anos;MASCULINO;ENSINO FUNDAMENTAL INCOMPLETO;Cisgênero;NÃO;ITAJAÍ;Brasil;NÃO;SUL;SC;5;0;0;5;5;;0;;18/07/2026 07:17
2026;Parda;CASADO;75 a 79 anos;MASCULINO;ENSINO MÉDIO COMPLETO;Cisgênero;NÃO;ITAJAÍ;Brasil;NÃO;SUL;SC;4;1;0;4;4;;0;;18/07/2026 07:17
2026;Parda;CASADO;75 a 79 anos;MASCULINO;ENSINO MÉDIO INCOMPLETO;Cisgênero;NÃO;ITAJAÍ;Brasil;NÃO;SUL;SC;1;0;0;1;1;;0;;18/07/2026 07:17
2026;Parda;CASADO;75 a 79 anos;MASCULINO;LÊ E ESCREVE;Cisgênero;NÃO;ITAJAÍ;Brasil;NÃO;SUL;SC;1;1;0;1;1;;0;;18/07/2026 07:17
2026;Parda;CASADO;75 a 79 anos;MASCULINO;SUPERIOR COMPLETO;Cisgênero;NÃO;ITAJAÍ;Brasil;NÃO;SUL;SC;1;0;0;1;1;;0;;18/07/2026 07:17
2026;Parda;CASADO;80 a 84 anos;FEMININO;ENSINO FUNDAMENTAL INCOMPLETO;Cisgênero;NÃO;ITAJAÍ;Brasil;NÃO;SUL;SC;2;0;0;2;2;;0;;18/07/2026 07:17
2026;Parda;CASADO;80 a 84 anos;FEMININO;ENSINO MÉDIO COMPLETO;Cisgênero;NÃO;ITAJAÍ;Brasil;NÃO;SUL;SC;1;0;0;1;1;;0;;18/07/2026 07:17
2026;Parda;CASADO;80 a 84 anos;MASCULINO;ANALFABETO;Cisgênero;NÃO;ITAJAÍ;Brasil;NÃO;SUL;SC;4;0;0;4;4;;0;;18/07/2026 07:17
2026;Parda;CASADO;80 a 84 anos;MASCULINO;ENSINO FUNDAMENTAL INCOMPLETO;Cisgênero;NÃO;ITAJAÍ;Brasil;NÃO;SUL;SC;4;1;0;4;4;;0;;18/07/2026 07:17
2026;Parda;CASADO;80 a 84 anos;MASCULINO;ENSINO MÉDIO INCOMPLETO;Cisgênero;NÃO;ITAJAÍ;Brasil;NÃO;SUL;SC;1;0;0;1;1;;0;;18/07/2026 07:17
2026;Parda;CASADO;80 a 84 anos;MASCULINO;LÊ E ESCREVE;Cisgênero;NÃO;ITAJAÍ;Brasil;NÃO;SUL;SC;2;0;0;2;2;;0;;18/07/2026 07:17
2026;Parda;CASADO;80 a 84 anos;MASCULINO;SUPERIOR COMPLETO;Cisgênero;NÃO;ITAJAÍ;Brasil;NÃO;SUL;SC;1;0;0;1;1;;0;;18/07/2026 07:17
2026;Parda;DIVORCIADO;21 a 24 anos;FEMININO;ENSINO MÉDIO COMPLETO;Cisgênero;NÃO;ITAJAÍ;Brasil;NÃO;SUL;SC;2;0;0;2;0;;2;;18/07/2026 07:17
2026;Parda;DIVORCIADO;21 a 24 anos;FEMININO;ENSINO MÉDIO COMPLETO;Prefere não informar;NÃO;ITAJAÍ;Brasil;NÃO;SUL;SC;1;0;0;1;0;;1;;18/07/2026 07:17
2026;Parda;DIVORCIADO;25 a 29 anos;FEMININO;ENSINO FUNDAMENTAL INCOMPLETO;Cisgênero;SIM;ITAJAÍ;Brasil;NÃO;SUL;SC;1;0;0;1;0;;1;;18/07/2026 07:17
2026;Parda;DIVORCIADO;25 a 29 anos;FEMININO;ENSINO MÉDIO COMPLETO;Cisgênero;NÃO;ITAJAÍ;Brasil;NÃO;SUL;SC;5;0;0;5;0;;5;;18/07/2026 07:17
2026;Parda;DIVORCIADO;25 a 29 anos;FEMININO;ENSINO MÉDIO COMPLETO;Prefere não informar;NÃO;ITAJAÍ;Brasil;NÃO;SUL;SC;2;0;0;2;0;;2;;18/07/2026 07:17
2026;Parda;DIVORCIADO;25 a 29 anos;FEMININO;ENSINO MÉDIO INCOMPLETO;Cisgênero;NÃO;ITAJAÍ;Brasil;NÃO;SUL;SC;1;0;0;1;0;;1;;18/07/2026 07:17
2026;Parda;DIVORCIADO;25 a 29 anos;FEMININO;ENSINO MÉDIO INCOMPLETO;Prefere não informar;NÃO;ITAJAÍ;Brasil;NÃO;SUL;SC;1;0;0;1;0;;1;;18/07/2026 07:17
2026;Parda;DIVORCIADO;25 a 29 anos;FEMININO;SUPERIOR COMPLETO;Cisgênero;NÃO;ITAJAÍ;Brasil;NÃO;SUL;SC;1;0;0;1;0;;1;;18/07/2026 07:17
2026;Parda;DIVORCIADO;25 a 29 anos;MASCULINO;ENSINO MÉDIO COMPLETO;Cisgênero;NÃO;ITAJAÍ;Brasil;NÃO;SUL;SC;3;0;0;3;0;;3;;18/07/2026 07:17
2026;Parda;DIVORCIADO;25 a 29 anos;MASCULINO;SUPERIOR COMPLETO;Cisgênero;NÃO;ITAJAÍ;Brasil;NÃO;SUL;SC;1;0;0;1;0;;1;;18/07/2026 07:17
2026;Parda;DIVORCIADO;30 a 34 anos;FEMININO;ENSINO FUNDAMENTAL COMPLETO;Cisgênero;NÃO;ITAJAÍ;Brasil;NÃO;SUL;SC;1;0;0;1;0;;1;;18/07/2026 07:17
2026;Parda;DIVORCIADO;30 a 34 anos;FEMININO;ENSINO FUNDAMENTAL INCOMPLETO;Cisgênero;NÃO;ITAJAÍ;Brasil;NÃO;SUL;SC;1;0;0;1;0;;1;;18/07/2026 07:17
2026;Parda;DIVORCIADO;30 a 34 anos;FEMININO;ENSINO FUNDAMENTAL INCOMPLETO;Prefere não informar;NÃO;ITAJAÍ;Brasil;NÃO;SUL;SC;1;0;0;1;0;;1;;18/07/2026 07:17
2026;Parda;DIVORCIADO;30 a 34 anos;FEMININO;ENSINO MÉDIO COMPLETO;Cisgênero;NÃO;ITAJAÍ;Brasil;NÃO;SUL;SC;10;0;0;11;0;;11;;18/07/2026 07:17
2026;Parda;DIVORCIADO;30 a 34 anos;FEMININO;ENSINO MÉDIO COMPLETO;Prefere não informar;NÃO;ITAJAÍ;Brasil;NÃO;SUL;SC;2;0;0;2;0;;2;;18/07/2026 07:17
2026;Parda;DIVORCIADO;30 a 34 anos;FEMININO;ENSINO MÉDIO INCOMPLETO;Cisgênero;SIM;ITAJAÍ;Brasil;NÃO;SUL;SC;1;0;0;1;0;;1;;18/07/2026 07:17
2026;Parda;DIVORCIADO;30 a 34 anos;FEMININO;SUPERIOR COMPLETO;Cisgênero;NÃO;ITAJAÍ;Brasil;NÃO;SUL;SC;13;0;0;13;0;;13;;18/07/2026 07:17
2026;Parda;DIVORCIADO;30 a 34 anos;FEMININO;SUPERIOR INCOMPLETO;Cisgênero;NÃO;ITAJAÍ;Brasil;NÃO;SUL;SC;5;0;0;5;0;;5;;18/07/2026 07:17
2026;Parda;DIVORCIADO;30 a 34 anos;FEMININO;SUPERIOR INCOMPLETO;Prefere não informar;NÃO;ITAJAÍ;Brasil;NÃO;SUL;SC;2;0;0;2;0;;2;;18/07/2026 07:17
2026;Parda;DIVORCIADO;30 a 34 anos;MASCULINO;ENSINO FUNDAMENTAL COMPLETO;Cisgênero;NÃO;ITAJAÍ;Brasil;NÃO;SUL;SC;1;0;0;1;0;;1;;18/07/2026 07:17
2026;Parda;DIVORCIADO;30 a 34 anos;MASCULINO;ENSINO FUNDAMENTAL INCOMPLETO;Cisgênero;NÃO;ITAJAÍ;Brasil;NÃO;SUL;SC;3;1;0;3;0;;3;;18/07/2026 07:17
2026;Parda;DIVORCIADO;30 a 34 anos;MASCULINO;ENSINO MÉDIO COMPLETO;Cisgênero;NÃO;ITAJAÍ;Brasil;NÃO;SUL;SC;4;0;0;4;0;;4;;18/07/2026 07:17
2026;Parda;DIVORCIADO;30 a 34 anos;MASCULINO;ENSINO MÉDIO INCOMPLETO;Cisgênero;NÃO;ITAJAÍ;Brasil;NÃO;SUL;SC;4;0;0;4;0;;4;;18/07/2026 07:17
2026;Parda;DIVORCIADO;30 a 34 anos;MASCULINO;SUPERIOR INCOMPLETO;Cisgênero;NÃO;ITAJAÍ;Brasil;NÃO;SUL;SC;2;0;0;2;0;;2;;18/07/2026 07:17
2026;Parda;DIVORCIADO;35 a 39 anos;FEMININO;ENSINO FUNDAMENTAL INCOMPLETO;Cisgênero;NÃO;ITAJAÍ;Brasil;NÃO;SUL;SC;4;0;0;4;0;;4;;18/07/2026 07:17
2026;Parda;DIVORCIADO;35 a 39 anos;FEMININO;ENSINO MÉDIO COMPLETO;Cisgênero;NÃO;ITAJAÍ;Brasil;NÃO;SUL;SC;21;0;0;21;0;;21;;18/07/2026 07:17
2026;Parda;DIVORCIADO;35 a 39 anos;FEMININO;ENSINO MÉDIO COMPLETO;Prefere não informar;NÃO;ITAJAÍ;Brasil;NÃO;SUL;SC;3;0;0;3;0;;3;;18/07/2026 07:17
2026;Parda;DIVORCIADO;35 a 39 anos;FEMININO;ENSINO MÉDIO INCOMPLETO;Cisgênero;NÃO;ITAJAÍ;Brasil;NÃO;SUL;SC;4;0;0;4;0;;4;;18/07/2026 07:17
2026;Parda;DIVORCIADO;35 a 39 anos;FEMININO;ENSINO MÉDIO INCOMPLETO;Prefere não informar;NÃO;ITAJAÍ;Brasil;NÃO;SUL;SC;1;0;0;1;0;;1;;18/07/2026 07:17
2026;Parda;DIVORCIADO;35 a 39 anos;FEMININO;SUPERIOR COMPLETO;Cisgênero;NÃO;ITAJAÍ;Brasil;NÃO;SUL;SC;13;1;0;13;0;;13;;18/07/2026 07:17
2026;Parda;DIVORCIADO;35 a 39 anos;FEMININO;SUPERIOR COMPLETO;Prefere não informar;NÃO;ITAJAÍ;Brasil;NÃO;SUL;SC;1;0;0;1;0;;1;;18/07/2026 07:17
2026;Parda;DIVORCIADO;35 a 39 anos;FEMININO;SUPERIOR INCOMPLETO;Cisgênero;NÃO;ITAJAÍ;Brasil;NÃO;SUL;SC;8;0;0;8;0;;8;;18/07/2026 07:17
2026;Parda;DIVORCIADO;35 a 39 anos;MASCULINO;ENSINO FUNDAMENTAL COMPLETO;Cisgênero;NÃO;ITAJAÍ;Brasil;NÃO;SUL;SC;5;0;0;5;0;;5;;18/07/2026 07:17
2026;Parda;DIVORCIADO;35 a 39 anos;MASCULINO;ENSINO FUNDAMENTAL INCOMPLETO;Cisgênero;NÃO;ITAJAÍ;Brasil;NÃO;SUL;SC;3;0;0;3;0;;3;;18/07/2026 07:17
2026;Parda;DIVORCIADO;35 a 39 anos;MASCULINO;ENSINO MÉDIO COMPLETO;Cisgênero;NÃO;ITAJAÍ;Brasil;NÃO;SUL;SC;14;0;0;14;0;;14;;18/07/2026 07:17
2026;Parda;DIVORCIADO;35 a 39 anos;MASCULINO;ENSINO MÉDIO INCOMPLETO;Cisgênero;NÃO;ITAJAÍ;Brasil;NÃO;SUL;SC;2;0;0;2;0;;2;;18/07/2026 07:17
2026;Parda;DIVORCIADO;35 a 39 anos;MASCULINO;SUPERIOR COMPLETO;Cisgênero;NÃO;ITAJAÍ;Brasil;NÃO;SUL;SC;3;0;0;3;0;;3;;18/07/2026 07:17
2026;Parda;DIVORCIADO;35 a 39 anos;MASCULINO;SUPERIOR COMPLETO;Prefere não informar;NÃO;ITAJAÍ;Brasil;NÃO;SUL;SC;1;0;0;1;0;;1;;18/07/2026 07:17
2026;Parda;DIVORCIADO;35 a 39 anos;MASCULINO;SUPERIOR INCOMPLETO;Cisgênero;NÃO;ITAJAÍ;Brasil;NÃO;SUL;SC;6;1;0;6;0;;6;;18/07/2026 07:17
2026;Parda;DIVORCIADO;40 a 44 anos;FEMININO;ENSINO FUNDAMENTAL COMPLETO;Cisgênero;NÃO;ITAJAÍ;Brasil;NÃO;SUL;SC;2;1;0;2;0;;2;;18/07/2026 07:17
2026;Parda;DIVORCIADO;40 a 44 anos;FEMININO;ENSINO FUNDAMENTAL INCOMPLETO;Cisgênero;NÃO;ITAJAÍ;Brasil;NÃO;SUL;SC;4;0;0;5;0;;5;;18/07/2026 07:17
2026;Parda;DIVORCIADO;40 a 44 anos;FEMININO;ENSINO MÉDIO COMPLETO;Cisgênero;NÃO;ITAJAÍ;Brasil;NÃO;SUL;SC;30;0;0;30;0;;30;;18/07/2026 07:17
2026;Parda;DIVORCIADO;40 a 44 anos;FEMININO;ENSINO MÉDIO INCOMPLETO;Cisgênero;NÃO;ITAJAÍ;Brasil;NÃO;SUL;SC;5;0;0;5;0;;5;;18/07/2026 07:17
2026;Parda;DIVORCIADO;40 a 44 anos;FEMININO;SUPERIOR COMPLETO;Cisgênero;NÃO;ITAJAÍ;Brasil;NÃO;SUL;SC;19;0;0;19;0;;19;;18/07/2026 07:17
2026;Parda;DIVORCIADO;40 a 44 anos;FEMININO;SUPERIOR COMPLETO;Prefere não informar;NÃO;ITAJAÍ;Brasil;NÃO;SUL;SC;1;0;0;1;0;;1;;18/07/2026 07:17
2026;Parda;DIVORCIADO;40 a 44 anos;FEMININO;SUPERIOR INCOMPLETO;Cisgênero;NÃO;ITAJAÍ;Brasil;NÃO;SUL;SC;7;0;0;7;0;;7;;18/07/2026 07:17
2026;Parda;DIVORCIADO;40 a 44 anos;FEMININO;SUPERIOR INCOMPLETO;Prefere não informar;NÃO;ITAJAÍ;Brasil;NÃO;SUL;SC;2;1;0;2;0;;2;;18/07/2026 07:17
2026;Parda;DIVORCIADO;40 a 44 anos;MASCULINO;ENSINO FUNDAMENTAL COMPLETO;Cisgênero;NÃO;ITAJAÍ;Brasil;NÃO;SUL;SC;1;0;0;1;0;;1;;18/07/2026 07:17
2026;Parda;DIVORCIADO;40 a 44 anos;MASCULINO;ENSINO FUNDAMENTAL INCOMPLETO;Cisgênero;NÃO;ITAJAÍ;Brasil;NÃO;SUL;SC;4;1;0;4;0;;4;;18/07/2026 07:17
2026;Parda;DIVORCIADO;40 a 44 anos;MASCULINO;ENSINO MÉDIO COMPLETO;Cisgênero;NÃO;ITAJAÍ;Brasil;NÃO;SUL;SC;14;1;0;14;0;;14;;18/07/2026 07:17
2026;Parda;DIVORCIADO;40 a 44 anos;MASCULINO;ENSINO MÉDIO INCOMPLETO;Cisgênero;NÃO;ITAJAÍ;Brasil;NÃO;SUL;SC;3;0;0;3;0;;3;;18/07/2026 07:17
2026;Parda;DIVORCIADO;40 a 44 anos;MASCULINO;LÊ E ESCREVE;Cisgênero;NÃO;ITAJAÍ;Brasil;NÃO;SUL;SC;1;0;0;1;0;;1;;18/07/2026 07:17
2026;Parda;DIVORCIADO;40 a 44 anos;MASCULINO;SUPERIOR COMPLETO;Cisgênero;NÃO;ITAJAÍ;Brasil;NÃO;SUL;SC;13;0;0;13;0;;13;;18/07/2026 07:17
2026;Parda;DIVORCIADO;40 a 44 anos;MASCULINO;SUPERIOR COMPLETO;Cisgênero;SIM;ITAJAÍ;Brasil;NÃO;SUL;SC;1;0;0;1;0;;1;;18/07/2026 07:17
2026;Parda;DIVORCIADO;40 a 44 anos;MASCULINO;SUPERIOR INCOMPLETO;Cisgênero;NÃO;ITAJAÍ;Brasil;NÃO;SUL;SC;6;0;0;6;0;;6;;18/07/2026 07:17
2026;Parda;DIVORCIADO;40 a 44 anos;MASCULINO;SUPERIOR INCOMPLETO;Prefere não informar;NÃO;ITAJAÍ;Brasil;NÃO;SUL;SC;1;0;0;1;0;;1;;18/07/2026 07:17
2026;Parda;DIVORCIADO;45 a 49 anos;FEMININO;ENSINO FUNDAMENTAL COMPLETO;Cisgênero;NÃO;ITAJAÍ;Brasil;NÃO;SUL;SC;1;0;0;1;0;;1;;18/07/2026 07:17
2026;Parda;DIVORCIADO;45 a 49 anos;FEMININO;ENSINO FUNDAMENTAL INCOMPLETO;Cisgênero;NÃO;ITAJAÍ;Brasil;NÃO;SUL;SC;12;1;0;12;0;;12;;18/07/2026 07:17
2026;Parda;DIVORCIADO;45 a 49 anos;FEMININO;ENSINO MÉDIO COMPLETO;Cisgênero;NÃO;ITAJAÍ;Brasil;NÃO;SUL;SC;21;0;0;21;0;;21;;18/07/2026 07:17
2026;Parda;DIVORCIADO;45 a 49 anos;FEMININO;ENSINO MÉDIO COMPLETO;Prefere não informar;NÃO;ITAJAÍ;Brasil;NÃO;SUL;SC;2;0;0;2;0;;2;;18/07/2026 07:17
2026;Parda;DIVORCIADO;45 a 49 anos;FEMININO;ENSINO MÉDIO INCOMPLETO;Cisgênero;NÃO;ITAJAÍ;Brasil;NÃO;SUL;SC;5;1;0;5;0;;5;;18/07/2026 07:17
2026;Parda;DIVORCIADO;45 a 49 anos;FEMININO;LÊ E ESCREVE;Cisgênero;NÃO;ITAJAÍ;Brasil;NÃO;SUL;SC;1;1;0;1;0;;1;;18/07/2026 07:17
2026;Parda;DIVORCIADO;45 a 49 anos;FEMININO;SUPERIOR COMPLETO;Cisgênero;NÃO;ITAJAÍ;Brasil;NÃO;SUL;SC;19;0;0;19;0;;19;;18/07/2026 07:17
2026;Parda;DIVORCIADO;45 a 49 anos;FEMININO;SUPERIOR COMPLETO;Prefere não informar;NÃO;ITAJAÍ;Brasil;NÃO;SUL;SC;1;0;0;1;0;;1;;18/07/2026 07:17
2026;Parda;DIVORCIADO;45 a 49 anos;FEMININO;SUPERIOR INCOMPLETO;Cisgênero;NÃO;ITAJAÍ;Brasil;NÃO;SUL;SC;2;0;0;2;0;;2;;18/07/2026 07:17
2026;Parda;DIVORCIADO;45 a 49 anos;MASCULINO;ENSINO FUNDAMENTAL COMPLETO;Cisgênero;NÃO;ITAJAÍ;Brasil;NÃO;SUL;SC;3;0;0;3;0;;3;;18/07/2026 07:17
2026;Parda;DIVORCIADO;45 a 49 anos;MASCULINO;ENSINO FUNDAMENTAL INCOMPLETO;Cisgênero;NÃO;ITAJAÍ;Brasil;NÃO;SUL;SC;9;1;0;9;0;;9;;18/07/2026 07:17
2026;Parda;DIVORCIADO;45 a 49 anos;MASCULINO;ENSINO MÉDIO COMPLETO;Cisgênero;NÃO;ITAJAÍ;Brasil;NÃO;SUL;SC;19;0;0;19;0;;19;;18/07/2026 07:17
2026;Parda;DIVORCIADO;45 a 49 anos;MASCULINO;ENSINO MÉDIO COMPLETO;Prefere não informar;NÃO;ITAJAÍ;Brasil;NÃO;SUL;SC;2;0;0;2;0;;2;;18/07/2026 07:17
2026;Parda;DIVORCIADO;45 a 49 anos;MASCULINO;LÊ E ESCREVE;Cisgênero;NÃO;ITAJAÍ;Brasil;NÃO;SUL;SC;1;0;0;1;0;;1;;18/07/2026 07:17
2026;Parda;DIVORCIADO;45 a 49 anos;MASCULINO;SUPERIOR COMPLETO;Cisgênero;NÃO;ITAJAÍ;Brasil;NÃO;SUL;SC;7;0;0;7;0;;7;;18/07/2026 07:17
2026;Parda;DIVORCIADO;45 a 49 anos;MASCULINO;SUPERIOR COMPLETO;Prefere não informar;NÃO;ITAJAÍ;Brasil;NÃO;SUL;SC;1;0;0;1;0;;1;;18/07/2026 07:17
2026;Parda;DIVORCIADO;45 a 49 anos;MASCULINO;SUPERIOR INCOMPLETO;Cisgênero;NÃO;ITAJAÍ;Brasil;NÃO;SUL;SC;3;0;0;3;0;;3;;18/07/2026 07:17
2026;Parda;DIVORCIADO;50 a 54 anos;FEMININO;ANALFABETO;Cisgênero;NÃO;ITAJAÍ;Brasil;NÃO;SUL;SC;1;1;0;1;1;;0;;18/07/2026 07:17
2026;Parda;DIVORCIADO;50 a 54 anos;FEMININO;ENSINO FUNDAMENTAL COMPLETO;Cisgênero;NÃO;ITAJAÍ;Brasil;NÃO;SUL;SC;2;0;0;2;0;;2;;18/07/2026 07:17
2026;Parda;DIVORCIADO;50 a 54 anos;FEMININO;ENSINO FUNDAMENTAL INCOMPLETO;Cisgênero;NÃO;ITAJAÍ;Brasil;NÃO;SUL;SC;10;0;0;10;0;;10;;18/07/2026 07:17
2026;Parda;DIVORCIADO;50 a 54 anos;FEMININO;ENSINO MÉDIO COMPLETO;Cisgênero;NÃO;ITAJAÍ;Brasil;NÃO;SUL;SC;19;1;0;20;0;;20;;18/07/2026 07:17
2026;Parda;DIVORCIADO;50 a 54 anos;FEMININO;ENSINO MÉDIO COMPLETO;Prefere não informar;NÃO;ITAJAÍ;Brasil;NÃO;SUL;SC;1;1;0;1;0;;1;;18/07/2026 07:17
2026;Parda;DIVORCIADO;50 a 54 anos;FEMININO;ENSINO MÉDIO INCOMPLETO;Cisgênero;NÃO;ITAJAÍ;Brasil;NÃO;SUL;SC;3;1;0;3;0;;3;;18/07/2026 07:17
2026;Parda;DIVORCIADO;50 a 54 anos;FEMININO;SUPERIOR COMPLETO;Cisgênero;NÃO;ITAJAÍ;Brasil;NÃO;SUL;SC;14;0;0;14;0;;14;;18/07/2026 07:17
2026;Parda;DIVORCIADO;50 a 54 anos;FEMININO;SUPERIOR INCOMPLETO;Cisgênero;NÃO;ITAJAÍ;Brasil;NÃO;SUL;SC;7;0;0;7;0;;7;;18/07/2026 07:17
2026;Parda;DIVORCIADO;50 a 54 anos;MASCULINO;ENSINO FUNDAMENTAL COMPLETO;Cisgênero;NÃO;ITAJAÍ;Brasil;NÃO;SUL;SC;1;0;0;1;0;;1;;18/07/2026 07:17
2026;Parda;DIVORCIADO;50 a 54 anos;MASCULINO;ENSINO FUNDAMENTAL INCOMPLETO;Cisgênero;NÃO;ITAJAÍ;Brasil;NÃO;SUL;SC;8;1;0;8;0;;8;;18/07/2026 07:17
2026;Parda;DIVORCIADO;50 a 54 anos;MASCULINO;ENSINO MÉDIO COMPLETO;Cisgênero;NÃO;ITAJAÍ;Brasil;NÃO;SUL;SC;11;0;0;11;0;;11;;18/07/2026 07:17
2026;Parda;DIVORCIADO;50 a 54 anos;MASCULINO;ENSINO MÉDIO COMPLETO;Prefere não informar;NÃO;ITAJAÍ;Brasil;NÃO;SUL;SC;1;0;0;1;0;;1;;18/07/2026 07:17
2026;Parda;DIVORCIADO;50 a 54 anos;MASCULINO;ENSINO MÉDIO INCOMPLETO;Cisgênero;NÃO;ITAJAÍ;Brasil;NÃO;SUL;SC;2;0;0;2;0;;2;;18/07/2026 07:17
2026;Parda;DIVORCIADO;50 a 54 anos;MASCULINO;SUPERIOR COMPLETO;Cisgênero;NÃO;ITAJAÍ;Brasil;NÃO;SUL;SC;4;0;0;4;0;;4;;18/07/2026 07:17
2026;Parda;DIVORCIADO;50 a 54 anos;MASCULINO;SUPERIOR COMPLETO;Prefere não informar;NÃO;ITAJAÍ;Brasil;NÃO;SUL;SC;1;0;0;1;0;;1;;18/07/2026 07:17
2026;Parda;DIVORCIADO;50 a 54 anos;MASCULINO;SUPERIOR INCOMPLETO;Cisgênero;NÃO;ITAJAÍ;Brasil;NÃO;SUL;SC;2;0;0;2;0;;2;;18/07/2026 07:17
2026;Parda;DIVORCIADO;55 a 59 anos;FEMININO;ENSINO FUNDAMENTAL COMPLETO;Cisgênero;NÃO;ITAJAÍ;Brasil;NÃO;SUL;SC;3;1;0;3;0;;3;;18/07/2026 07:17
2026;Parda;DIVORCIADO;55 a 59 anos;FEMININO;ENSINO FUNDAMENTAL INCOMPLETO;Cisgênero;NÃO;ITAJAÍ;Brasil;NÃO;SUL;SC;8;1;0;9;0;;9;;18/07/2026 07:17
2026;Parda;DIVORCIADO;55 a 59 anos;FEMININO;ENSINO MÉDIO COMPLETO;Cisgênero;NÃO;ITAJAÍ;Brasil;NÃO;SUL;SC;14;0;0;14;0;;14;;18/07/2026 07:17
2026;Parda;DIVORCIADO;55 a 59 anos;FEMININO;ENSINO MÉDIO INCOMPLETO;Cisgênero;NÃO;ITAJAÍ;Brasil;NÃO;SUL;SC;3;0;0;3;0;;3;;18/07/2026 07:17
2026;Parda;DIVORCIADO;55 a 59 anos;FEMININO;LÊ E ESCREVE;Cisgênero;NÃO;ITAJAÍ;Brasil;NÃO;SUL;SC;1;0;0;1;0;;1;;18/07/2026 07:17
2026;Parda;DIVORCIADO;55 a 59 anos;FEMININO;SUPERIOR COMPLETO;Cisgênero;NÃO;ITAJAÍ;Brasil;NÃO;SUL;SC;12;0;0;12;0;;12;;18/07/2026 07:17
2026;Parda;DIVORCIADO;55 a 59 anos;FEMININO;SUPERIOR INCOMPLETO;Cisgênero;NÃO;ITAJAÍ;Brasil;NÃO;SUL;SC;3;0;0;3;0;;3;;18/07/2026 07:17
2026;Parda;DIVORCIADO;55 a 59 anos;MASCULINO;ENSINO FUNDAMENTAL COMPLETO;Cisgênero;NÃO;ITAJAÍ;Brasil;NÃO;SUL;SC;1;0;0;1;0;;1;;18/07/2026 07:17
2026;Parda;DIVORCIADO;55 a 59 anos;MASCULINO;ENSINO FUNDAMENTAL COMPLETO;Prefere não informar;NÃO;ITAJAÍ;Brasil;NÃO;SUL;SC;1;0;0;1;0;;1;;18/07/2026 07:17
2026;Parda;DIVORCIADO;55 a 59 anos;MASCULINO;ENSINO FUNDAMENTAL INCOMPLETO;Cisgênero;NÃO;ITAJAÍ;Brasil;NÃO;SUL;SC;8;1;0;8;0;;8;;18/07/2026 07:17
2026;Parda;DIVORCIADO;55 a 59 anos;MASCULINO;ENSINO MÉDIO COMPLETO;Cisgênero;NÃO;ITAJAÍ;Brasil;NÃO;SUL;SC;8;0;0;8;0;;8;;18/07/2026 07:17
2026;Parda;DIVORCIADO;55 a 59 anos;MASCULINO;ENSINO MÉDIO INCOMPLETO;Cisgênero;NÃO;ITAJAÍ;Brasil;NÃO;SUL;SC;2;0;0;2;0;;2;;18/07/2026 07:17
2026;Parda;DIVORCIADO;55 a 59 anos;MASCULINO;SUPERIOR COMPLETO;Cisgênero;NÃO;ITAJAÍ;Brasil;NÃO;SUL;SC;3;0;0;3;0;;3;;18/07/2026 07:17
2026;Parda;DIVORCIADO;55 a 59 anos;MASCULINO;SUPERIOR INCOMPLETO;Cisgênero;NÃO;ITAJAÍ;Brasil;NÃO;SUL;SC;5;0;0;5;0;;5;;18/07/2026 07:17
2026;Parda;DIVORCIADO;60 a 64 anos;FEMININO;ENSINO FUNDAMENTAL COMPLETO;Cisgênero;NÃO;ITAJAÍ;Brasil;NÃO;SUL;SC;2;1;0;2;0;;2;;18/07/2026 07:17
2026;Parda;DIVORCIADO;60 a 64 anos;FEMININO;ENSINO FUNDAMENTAL INCOMPLETO;Cisgênero;NÃO;ITAJAÍ;Brasil;NÃO;SUL;SC;5;0;0;5;0;;5;;18/07/2026 07:17
2026;Parda;DIVORCIADO;60 a 64 anos;FEMININO;ENSINO MÉDIO COMPLETO;Cisgênero;NÃO;ITAJAÍ;Brasil;NÃO;SUL;SC;9;0;0;9;0;;9;;18/07/2026 07:17
2026;Parda;DIVORCIADO;60 a 64 anos;FEMININO;ENSINO MÉDIO COMPLETO;Prefere não informar;NÃO;ITAJAÍ;Brasil;NÃO;SUL;SC;1;0;0;1;0;;1;;18/07/2026 07:17
2026;Parda;DIVORCIADO;60 a 64 anos;FEMININO;ENSINO MÉDIO INCOMPLETO;Cisgênero;NÃO;ITAJAÍ;Brasil;NÃO;SUL;SC;3;0;0;3;0;;3;;18/07/2026 07:17
2026;Parda;DIVORCIADO;60 a 64 anos;FEMININO;SUPERIOR COMPLETO;Cisgênero;NÃO;ITAJAÍ;Brasil;NÃO;SUL;SC;3;0;0;3;0;;3;;18/07/2026 07:17
2026;Parda;DIVORCIADO;60 a 64 anos;FEMININO;SUPERIOR INCOMPLETO;Cisgênero;NÃO;ITAJAÍ;Brasil;NÃO;SUL;SC;2;1;0;2;0;;2;;18/07/2026 07:17
2026;Parda;DIVORCIADO;60 a 64 anos;MASCULINO;ENSINO FUNDAMENTAL COMPLETO;Cisgênero;NÃO;ITAJAÍ;Brasil;NÃO;SUL;SC;7;0;0;7;0;;7;;18/07/2026 07:17
2026;Parda;DIVORCIADO;60 a 64 anos;MASCULINO;ENSINO FUNDAMENTAL INCOMPLETO;Cisgênero;NÃO;ITAJAÍ;Brasil;NÃO;SUL;SC;4;1;0;4;0;;4;;18/07/2026 07:17
2026;Parda;DIVORCIADO;60 a 64 anos;MASCULINO;ENSINO MÉDIO COMPLETO;Cisgênero;NÃO;ITAJAÍ;Brasil;NÃO;SUL;SC;8;1;0;8;0;;8;;18/07/2026 07:17
2026;Parda;DIVORCIADO;60 a 64 anos;MASCULINO;ENSINO MÉDIO INCOMPLETO;Cisgênero;NÃO;ITAJAÍ;Brasil;NÃO;SUL;SC;2;0;0;2;0;;2;;18/07/2026 07:17
2026;Parda;DIVORCIADO;60 a 64 anos;MASCULINO;SUPERIOR COMPLETO;Cisgênero;NÃO;ITAJAÍ;Brasil;NÃO;SUL;SC;1;0;0;1;0;;1;;18/07/2026 07:17
2026;Parda;DIVORCIADO;60 a 64 anos;MASCULINO;SUPERIOR INCOMPLETO;Cisgênero;NÃO;ITAJAÍ;Brasil;NÃO;SUL;SC;2;0;0;2;0;;2;;18/07/2026 07:17
2026;Parda;DIVORCIADO;65 a 69 anos;FEMININO;ENSINO FUNDAMENTAL COMPLETO;Cisgênero;NÃO;ITAJAÍ;Brasil;NÃO;SUL;SC;2;0;0;2;0;;2;;18/07/2026 07:17
2026;Parda;DIVORCIADO;65 a 69 anos;FEMININO;ENSINO FUNDAMENTAL COMPLETO;Prefere não informar;NÃO;ITAJAÍ;Brasil;NÃO;SUL;SC;1;0;0;1;0;;1;;18/07/2026 07:17
2026;Parda;DIVORCIADO;65 a 69 anos;FEMININO;ENSINO FUNDAMENTAL INCOMPLETO;Cisgênero;NÃO;ITAJAÍ;Brasil;NÃO;SUL;SC;6;0;0;6;0;;6;;18/07/2026 07:17
2026;Parda;DIVORCIADO;65 a 69 anos;FEMININO;ENSINO MÉDIO COMPLETO;Cisgênero;NÃO;ITAJAÍ;Brasil;NÃO;SUL;SC;5;1;0;5;0;;5;;18/07/2026 07:17
2026;Parda;DIVORCIADO;65 a 69 anos;FEMININO;ENSINO MÉDIO INCOMPLETO;Cisgênero;NÃO;ITAJAÍ;Brasil;NÃO;SUL;SC;1;0;0;1;0;;1;;18/07/2026 07:17
2026;Parda;DIVORCIADO;65 a 69 anos;FEMININO;LÊ E ESCREVE;Cisgênero;NÃO;ITAJAÍ;Brasil;NÃO;SUL;SC;1;0;0;1;0;;1;;18/07/2026 07:17
2026;Parda;DIVORCIADO;65 a 69 anos;FEMININO;SUPERIOR COMPLETO;Cisgênero;NÃO;ITAJAÍ;Brasil;NÃO;SUL;SC;2;0;0;2;0;;2;;18/07/2026 07:17
2026;Parda;DIVORCIADO;65 a 69 anos;FEMININO;SUPERIOR INCOMPLETO;Cisgênero;NÃO;ITAJAÍ;Brasil;NÃO;SUL;SC;1;0;0;1;0;;1;;18/07/2026 07:17
2026;Parda;DIVORCIADO;65 a 69 anos;MASCULINO;ENSINO FUNDAMENTAL COMPLETO;Cisgênero;NÃO;ITAJAÍ;Brasil;NÃO;SUL;SC;8;0;0;8;0;;8;;18/07/2026 07:17
2026;Parda;DIVORCIADO;65 a 69 anos;MASCULINO;ENSINO FUNDAMENTAL INCOMPLETO;Cisgênero;NÃO;ITAJAÍ;Brasil;NÃO;SUL;SC;8;0;0;8;0;;8;;18/07/2026 07:17
2026;Parda;DIVORCIADO;65 a 69 anos;MASCULINO;ENSINO MÉDIO COMPLETO;Cisgênero;NÃO;ITAJAÍ;Brasil;NÃO;SUL;SC;5;0;0;5;0;;5;;18/07/2026 07:17
2026;Parda;DIVORCIADO;65 a 69 anos;MASCULINO;ENSINO MÉDIO INCOMPLETO;Cisgênero;NÃO;ITAJAÍ;Brasil;NÃO;SUL;SC;1;0;0;1;0;;1;;18/07/2026 07:17
2026;Parda;DIVORCIADO;65 a 69 anos;MASCULINO;ENSINO MÉDIO INCOMPLETO;Prefere não informar;NÃO;ITAJAÍ;Brasil;NÃO;SUL;SC;1;0;0;1;0;;1;;18/07/2026 07:17
2026;Parda;DIVORCIADO;65 a 69 anos;MASCULINO;SUPERIOR INCOMPLETO;Cisgênero;NÃO;ITAJAÍ;Brasil;NÃO;SUL;SC;1;0;0;1;0;;1;;18/07/2026 07:17
2026;Parda;DIVORCIADO;70 a 74 anos;FEMININO;ANALFABETO;Cisgênero;NÃO;ITAJAÍ;Brasil;NÃO;SUL;SC;1;0;0;1;1;;0;;18/07/2026 07:17
2026;Parda;DIVORCIADO;70 a 74 anos;FEMININO;ENSINO FUNDAMENTAL INCOMPLETO;Cisgênero;NÃO;ITAJAÍ;Brasil;NÃO;SUL;SC;6;0;0;6;6;;0;;18/07/2026 07:17
2026;Parda;DIVORCIADO;70 a 74 anos;FEMININO;LÊ E ESCREVE;Cisgênero;NÃO;ITAJAÍ;Brasil;NÃO;SUL;SC;3;0;0;3;3;;0;;18/07/2026 07:17
2026;Parda;DIVORCIADO;70 a 74 anos;MASCULINO;ANALFABETO;Cisgênero;NÃO;ITAJAÍ;Brasil;NÃO;SUL;SC;0;0;0;1;1;;0;;18/07/2026 07:17
2026;Parda;DIVORCIADO;70 a 74 anos;MASCULINO;ENSINO FUNDAMENTAL COMPLETO;Cisgênero;NÃO;ITAJAÍ;Brasil;NÃO;SUL;SC;1;0;0;1;1;;0;;18/07/2026 07:17
2026;Parda;DIVORCIADO;70 a 74 anos;MASCULINO;ENSINO FUNDAMENTAL INCOMPLETO;Cisgênero;NÃO;ITAJAÍ;Brasil;NÃO;SUL;SC;3;0;0;3;3;;0;;18/07/2026 07:17
2026;Parda;DIVORCIADO;70 a 74 anos;MASCULINO;ENSINO MÉDIO INCOMPLETO;Cisgênero;NÃO;ITAJAÍ;Brasil;NÃO;SUL;SC;1;0;0;1;1;;0;;18/07/2026 07:17
2026;Parda;DIVORCIADO;70 a 74 anos;MASCULINO;ENSINO MÉDIO INCOMPLETO;Prefere não informar;NÃO;ITAJAÍ;Brasil;NÃO;SUL;SC;1;0;0;1;1;;0;;18/07/2026 07:17
2026;Parda;DIVORCIADO;70 a 74 anos;MASCULINO;LÊ E ESCREVE;Cisgênero;NÃO;ITAJAÍ;Brasil;NÃO;SUL;SC;1;0;0;1;1;;0;;18/07/2026 07:17
2026;Parda;DIVORCIADO;70 a 74 anos;MASCULINO;SUPERIOR COMPLETO;Cisgênero;NÃO;ITAJAÍ;Brasil;NÃO;SUL;SC;1;0;0;1;1;;0;;18/07/2026 07:17
2026;Parda;DIVORCIADO;70 a 74 anos;MASCULINO;SUPERIOR INCOMPLETO;Cisgênero;NÃO;ITAJAÍ;Brasil;NÃO;SUL;SC;1;0;0;1;1;;0;;18/07/2026 07:17
2026;Parda;DIVORCIADO;75 a 79 anos;FEMININO;ENSINO FUNDAMENTAL COMPLETO;Cisgênero;NÃO;ITAJAÍ;Brasil;NÃO;SUL;SC;1;1;0;1;1;;0;;18/07/2026 07:17
2026;Parda;DIVORCIADO;75 a 79 anos;FEMININO;SUPERIOR COMPLETO;Cisgênero;NÃO;ITAJAÍ;Brasil;NÃO;SUL;SC;1;0;0;1;1;;0;;18/07/2026 07:17
2026;Parda;DIVORCIADO;75 a 79 anos;FEMININO;SUPERIOR COMPLETO;Prefere não informar;NÃO;ITAJAÍ;Brasil;NÃO;SUL;SC;1;1;0;1;1;;0;;18/07/2026 07:17
2026;Parda;DIVORCIADO;75 a 79 anos;MASCULINO;ANALFABETO;Cisgênero;NÃO;ITAJAÍ;Brasil;NÃO;SUL;SC;1;0;0;1;1;;0;;18/07/2026 07:17
2026;Parda;DIVORCIADO;75 a 79 anos;MASCULINO;ENSINO FUNDAMENTAL INCOMPLETO;Cisgênero;NÃO;ITAJAÍ;Brasil;NÃO;SUL;SC;2;0;0;2;2;;0;;18/07/2026 07:17
2026;Parda;DIVORCIADO;75 a 79 anos;MASCULINO;LÊ E ESCREVE;Prefere não informar;NÃO;ITAJAÍ;Brasil;NÃO;SUL;SC;1;0;0;1;1;;0;;18/07/2026 07:17
2026;Parda;DIVORCIADO;75 a 79 anos;MASCULINO;SUPERIOR COMPLETO;Cisgênero;NÃO;ITAJAÍ;Brasil;NÃO;SUL;SC;1;0;0;1;1;;0;;18/07/2026 07:17
2026;Parda;DIVORCIADO;80 a 84 anos;FEMININO;ENSINO FUNDAMENTAL INCOMPLETO;Cisgênero;NÃO;ITAJAÍ;Brasil;NÃO;SUL;SC;1;0;0;1;1;;0;;18/07/2026 07:17
2026;Parda;SEPARADO JUDICIALMENTE;21 a 24 anos;FEMININO;ENSINO MÉDIO COMPLETO;Cisgênero;NÃO;ITAJAÍ;Brasil;NÃO;SUL;SC;1;0;0;1;0;;1;;18/07/2026 07:17
2026;Parda;SEPARADO JUDICIALMENTE;21 a 24 anos;FEMININO;ENSINO MÉDIO INCOMPLETO;Cisgênero;NÃO;ITAJAÍ;Brasil;NÃO;SUL;SC;0;0;0;1;0;;1;;18/07/2026 07:17
2026;Parda;SEPARADO JUDICIALMENTE;35 a 39 anos;FEMININO;ENSINO MÉDIO COMPLETO;Cisgênero;NÃO;ITAJAÍ;Brasil;NÃO;SUL;SC;1;0;0;1;0;;1;;18/07/2026 07:17
2026;Parda;SEPARADO JUDICIALMENTE;35 a 39 anos;FEMININO;SUPERIOR COMPLETO;Prefere não informar;NÃO;ITAJAÍ;Brasil;NÃO;SUL;SC;1;0;0;1;0;;1;;18/07/2026 07:17
2026;Parda;SEPARADO JUDICIALMENTE;35 a 39 anos;MASCULINO;ENSINO FUNDAMENTAL INCOMPLETO;Cisgênero;NÃO;ITAJAÍ;Brasil;NÃO;SUL;SC;1;0;0;1;0;;1;;18/07/2026 07:17
2026;Parda;SEPARADO JUDICIALMENTE;40 a 44 anos;FEMININO;ENSINO MÉDIO COMPLETO;Cisgênero;NÃO;ITAJAÍ;Brasil;NÃO;SUL;SC;4;0;0;4;0;;4;;18/07/2026 07:17
2026;Parda;SEPARADO JUDICIALMENTE;40 a 44 anos;FEMININO;SUPERIOR COMPLETO;Cisgênero;NÃO;ITAJAÍ;Brasil;NÃO;SUL;SC;2;0;0;2;0;;2;;18/07/2026 07:17
2026;Parda;SEPARADO JUDICIALMENTE;40 a 44 anos;FEMININO;SUPERIOR INCOMPLETO;Cisgênero;NÃO;ITAJAÍ;Brasil;NÃO;SUL;SC;1;1;0;1;0;;1;;18/07/2026 07:17
2026;Parda;SEPARADO JUDICIALMENTE;40 a 44 anos;MASCULINO;ENSINO MÉDIO COMPLETO;Prefere não informar;NÃO;ITAJAÍ;Brasil;NÃO;SUL;SC;1;0;0;1;0;;1;;18/07/2026 07:17
2026;Parda;SEPARADO JUDICIALMENTE;45 a 49 anos;FEMININO;ENSINO FUNDAMENTAL COMPLETO;Prefere não informar;SIM;ITAJAÍ;Brasil;NÃO;SUL;SC;1;0;0;1;0;;1;;18/07/2026 07:17
2026;Parda;SEPARADO JUDICIALMENTE;45 a 49 anos;FEMININO;ENSINO FUNDAMENTAL INCOMPLETO;Prefere não informar;NÃO;ITAJAÍ;Brasil;NÃO;SUL;SC;1;0;0;1;0;;1;;18/07/2026 07:17
2026;Parda;SEPARADO JUDICIALMENTE;45 a 49 anos;FEMININO;SUPERIOR COMPLETO;Cisgênero;NÃO;ITAJAÍ;Brasil;NÃO;SUL;SC;1;0;0;1;0;;1;;18/07/2026 07:17
2026;Parda;SEPARADO JUDICIALMENTE;45 a 49 anos;FEMININO;SUPERIOR INCOMPLETO;Cisgênero;NÃO;ITAJAÍ;Brasil;NÃO;SUL;SC;0;0;0;1;0;;1;;18/07/2026 07:17
2026;Parda;SEPARADO JUDICIALMENTE;45 a 49 anos;MASCULINO;SUPERIOR COMPLETO;Cisgênero;NÃO;ITAJAÍ;Brasil;NÃO;SUL;SC;2;0;0;2;0;;2;;18/07/2026 07:17
2026;Parda;SEPARADO JUDICIALMENTE;50 a 54 anos;FEMININO;ENSINO FUNDAMENTAL INCOMPLETO;Cisgênero;NÃO;ITAJAÍ;Brasil;NÃO;SUL;SC;1;0;0;1;0;;1;;18/07/2026 07:17
2026;Parda;SEPARADO JUDICIALMENTE;50 a 54 anos;FEMININO;ENSINO MÉDIO COMPLETO;Cisgênero;NÃO;ITAJAÍ;Brasil;NÃO;SUL;SC;2;0;0;2;0;;2;;18/07/2026 07:17
2026;Parda;SEPARADO JUDICIALMENTE;50 a 54 anos;FEMININO;SUPERIOR INCOMPLETO;Cisgênero;NÃO;ITAJAÍ;Brasil;NÃO;SUL;SC;2;0;0;2;0;;2;;18/07/2026 07:17
2026;Parda;SEPARADO JUDICIALMENTE;50 a 54 anos;MASCULINO;SUPERIOR COMPLETO;Cisgênero;NÃO;ITAJAÍ;Brasil;NÃO;SUL;SC;1;0;0;1;0;;1;;18/07/2026 07:17
2026;Parda;SEPARADO JUDICIALMENTE;55 a 59 anos;FEMININO;ENSINO FUNDAMENTAL INCOMPLETO;Cisgênero;NÃO;ITAJAÍ;Brasil;NÃO;SUL;SC;0;0;0;1;0;;1;;18/07/2026 07:17
2026;Parda;SEPARADO JUDICIALMENTE;55 a 59 anos;FEMININO;ENSINO MÉDIO COMPLETO;Cisgênero;NÃO;ITAJAÍ;Brasil;NÃO;SUL;SC;1;0;0;1;0;;1;;18/07/2026 07:17
2026;Parda;SEPARADO JUDICIALMENTE;55 a 59 anos;MASCULINO;SUPERIOR COMPLETO;Cisgênero;NÃO;ITAJAÍ;Brasil;NÃO;SUL;SC;1;0;0;1;0;;1;;18/07/2026 07:17
2026;Parda;SEPARADO JUDICIALMENTE;60 a 64 anos;FEMININO;ENSINO FUNDAMENTAL INCOMPLETO;Cisgênero;NÃO;ITAJAÍ;Brasil;NÃO;SUL;SC;5;0;0;5;0;;5;;18/07/2026 07:17
2026;Parda;SEPARADO JUDICIALMENTE;60 a 64 anos;FEMININO;ENSINO MÉDIO COMPLETO;Cisgênero;NÃO;ITAJAÍ;Brasil;NÃO;SUL;SC;1;0;0;1;0;;1;;18/07/2026 07:17
2026;Parda;SEPARADO JUDICIALMENTE;60 a 64 anos;MASCULINO;ENSINO FUNDAMENTAL INCOMPLETO;Cisgênero;NÃO;ITAJAÍ;Brasil;NÃO;SUL;SC;2;0;0;2;0;;2;;18/07/2026 07:17
2026;Parda;SEPARADO JUDICIALMENTE;60 a 64 anos;MASCULINO;ENSINO MÉDIO INCOMPLETO;Cisgênero;NÃO;ITAJAÍ;Brasil;NÃO;SUL;SC;1;0;0;1;0;;1;;18/07/2026 07:17
2026;Parda;SEPARADO JUDICIALMENTE;60 a 64 anos;MASCULINO;SUPERIOR COMPLETO;Cisgênero;NÃO;ITAJAÍ;Brasil;NÃO;SUL;SC;1;0;0;1;0;;1;;18/07/2026 07:17
2026;Parda;SEPARADO JUDICIALMENTE;65 a 69 anos;FEMININO;ENSINO FUNDAMENTAL COMPLETO;Cisgênero;NÃO;ITAJAÍ;Brasil;NÃO;SUL;SC;1;0;0;1;0;;1;;18/07/2026 07:17
2026;Parda;SEPARADO JUDICIALMENTE;65 a 69 anos;FEMININO;ENSINO FUNDAMENTAL INCOMPLETO;Cisgênero;NÃO;ITAJAÍ;Brasil;NÃO;SUL;SC;1;0;0;1;0;;1;;18/07/2026 07:17
2026;Parda;SEPARADO JUDICIALMENTE;65 a 69 anos;FEMININO;LÊ E ESCREVE;Cisgênero;NÃO;ITAJAÍ;Brasil;NÃO;SUL;SC;1;0;0;1;0;;1;;18/07/2026 07:17
2026;Parda;SEPARADO JUDICIALMENTE;65 a 69 anos;FEMININO;SUPERIOR COMPLETO;Prefere não informar;NÃO;ITAJAÍ;Brasil;NÃO;SUL;SC;1;0;0;1;0;;1;;18/07/2026 07:17
2026;Parda;SEPARADO JUDICIALMENTE;65 a 69 anos;MASCULINO;ENSINO FUNDAMENTAL INCOMPLETO;Cisgênero;NÃO;ITAJAÍ;Brasil;NÃO;SUL;SC;1;0;0;1;0;;1;;18/07/2026 07:17
2026;Parda;SEPARADO JUDICIALMENTE;65 a 69 anos;MASCULINO;SUPERIOR COMPLETO;Cisgênero;NÃO;ITAJAÍ;Brasil;NÃO;SUL;SC;1;0;0;1;0;;1;;18/07/2026 07:17
2026;Parda;SEPARADO JUDICIALMENTE;70 a 74 anos;MASCULINO;ENSINO FUNDAMENTAL INCOMPLETO;Cisgênero;NÃO;ITAJAÍ;Brasil;NÃO;SUL;SC;1;0;0;1;1;;0;;18/07/2026 07:17
2026;Parda;SEPARADO JUDICIALMENTE;75 a 79 anos;FEMININO;ENSINO MÉDIO COMPLETO;Cisgênero;NÃO;ITAJAÍ;Brasil;NÃO;SUL;SC;1;1;0;1;1;;0;;18/07/2026 07:17
2026;Parda;SOLTEIRO;16 anos;FEMININO;ENSINO FUNDAMENTAL INCOMPLETO;Cisgênero;NÃO;ITAJAÍ;Brasil;NÃO;SUL;SC;3;0;0;3;3;;0;;18/07/2026 07:17
2026;Parda;SOLTEIRO;16 anos;FEMININO;ENSINO MÉDIO INCOMPLETO;Cisgênero;NÃO;ITAJAÍ;Brasil;NÃO;SUL;SC;47;1;0;47;47;;0;;18/07/2026 07:17
2026;Parda;SOLTEIRO;16 anos;FEMININO;ENSINO MÉDIO INCOMPLETO;Prefere não informar;NÃO;ITAJAÍ;Brasil;NÃO;SUL;SC;1;0;0;1;1;;0;;18/07/2026 07:17
2026;Parda;SOLTEIRO;16 anos;FEMININO;SUPERIOR INCOMPLETO;Cisgênero;NÃO;ITAJAÍ;Brasil;NÃO;SUL;SC;1;0;0;1;1;;0;;18/07/2026 07:17
2026;Parda;SOLTEIRO;16 anos;MASCULINO;ENSINO FUNDAMENTAL INCOMPLETO;Cisgênero;NÃO;ITAJAÍ;Brasil;NÃO;SUL;SC;2;0;0;2;2;;0;;18/07/2026 07:17
2026;Parda;SOLTEIRO;16 anos;MASCULINO;ENSINO MÉDIO INCOMPLETO;Cisgênero;NÃO;ITAJAÍ;Brasil;NÃO;SUL;SC;46;1;0;46;46;;0;;18/07/2026 07:17
2026;Parda;SOLTEIRO;16 anos;MASCULINO;ENSINO MÉDIO INCOMPLETO;Prefere não informar;NÃO;ITAJAÍ;Brasil;NÃO;SUL;SC;1;0;0;1;1;;0;;18/07/2026 07:17
2026;Parda;SOLTEIRO;17 anos;FEMININO;ENSINO FUNDAMENTAL COMPLETO;Cisgênero;NÃO;ITAJAÍ;Brasil;NÃO;SUL;SC;3;0;0;3;3;;0;;18/07/2026 07:17
2026;Parda;SOLTEIRO;17 anos;FEMININO;ENSINO FUNDAMENTAL INCOMPLETO;Cisgênero;NÃO;ITAJAÍ;Brasil;NÃO;SUL;SC;3;0;0;3;3;;0;;18/07/2026 07:17
2026;Parda;SOLTEIRO;17 anos;FEMININO;ENSINO MÉDIO COMPLETO;Cisgênero;NÃO;ITAJAÍ;Brasil;NÃO;SUL;SC;6;0;0;6;6;;0;;18/07/2026 07:17
2026;Parda;SOLTEIRO;17 anos;FEMININO;ENSINO MÉDIO COMPLETO;Transgênero;NÃO;ITAJAÍ;Brasil;NÃO;SUL;SC;1;0;1;1;1;;0;;18/07/2026 07:17
2026;Parda;SOLTEIRO;17 anos;FEMININO;ENSINO MÉDIO INCOMPLETO;Cisgênero;NÃO;ITAJAÍ;Brasil;NÃO;SUL;SC;94;1;0;94;94;;0;;18/07/2026 07:17
2026;Parda;SOLTEIRO;17 anos;FEMININO;ENSINO MÉDIO INCOMPLETO;Prefere não informar;NÃO;ITAJAÍ;Brasil;NÃO;SUL;SC;1;1;0;1;1;;0;;18/07/2026 07:17
2026;Parda;SOLTEIRO;17 anos;FEMININO;ENSINO MÉDIO INCOMPLETO;Transgênero;NÃO;ITAJAÍ;Brasil;NÃO;SUL;SC;1;0;1;1;1;;0;;18/07/2026 07:17
2026;Parda;SOLTEIRO;17 anos;MASCULINO;ENSINO FUNDAMENTAL COMPLETO;Cisgênero;NÃO;ITAJAÍ;Brasil;NÃO;SUL;SC;1;1;0;1;1;;0;;18/07/2026 07:17
2026;Parda;SOLTEIRO;17 anos;MASCULINO;ENSINO FUNDAMENTAL INCOMPLETO;Cisgênero;NÃO;ITAJAÍ;Brasil;NÃO;SUL;SC;7;0;0;7;7;;0;;18/07/2026 07:17
2026;Parda;SOLTEIRO;17 anos;MASCULINO;ENSINO MÉDIO COMPLETO;Cisgênero;NÃO;ITAJAÍ;Brasil;NÃO;SUL;SC;3;1;0;3;3;;0;;18/07/2026 07:17
2026;Parda;SOLTEIRO;17 anos;MASCULINO;ENSINO MÉDIO INCOMPLETO;Cisgênero;NÃO;ITAJAÍ;Brasil;NÃO;SUL;SC;97;4;0;97;97;;0;;18/07/2026 07:17
2026;Parda;SOLTEIRO;17 anos;MASCULINO;ENSINO MÉDIO INCOMPLETO;Prefere não informar;NÃO;ITAJAÍ;Brasil;NÃO;SUL;SC;1;0;0;1;1;;0;;18/07/2026 07:17
2026;Parda;SOLTEIRO;17 anos;MASCULINO;SUPERIOR INCOMPLETO;Cisgênero;NÃO;ITAJAÍ;Brasil;NÃO;SUL;SC;2;0;0;2;2;;0;;18/07/2026 07:17
2026;Parda;SOLTEIRO;18 anos;FEMININO;ENSINO FUNDAMENTAL COMPLETO;Cisgênero;NÃO;ITAJAÍ;Brasil;NÃO;SUL;SC;6;0;0;6;0;;6;;18/07/2026 07:17
2026;Parda;SOLTEIRO;18 anos;FEMININO;ENSINO FUNDAMENTAL COMPLETO;Cisgênero;SIM;ITAJAÍ;Brasil;NÃO;SUL;SC;1;0;0;1;0;;1;;18/07/2026 07:17
2026;Parda;SOLTEIRO;18 anos;FEMININO;ENSINO FUNDAMENTAL INCOMPLETO;Cisgênero;NÃO;ITAJAÍ;Brasil;NÃO;SUL;SC;5;0;0;5;0;;5;;18/07/2026 07:17
2026;Parda;SOLTEIRO;18 anos;FEMININO;ENSINO MÉDIO COMPLETO;Cisgênero;NÃO;ITAJAÍ;Brasil;NÃO;SUL;SC;76;1;0;76;0;;76;;18/07/2026 07:17
2026;Parda;SOLTEIRO;18 anos;FEMININO;ENSINO MÉDIO COMPLETO;Prefere não informar;NÃO;ITAJAÍ;Brasil;NÃO;SUL;SC;2;0;0;2;0;;2;;18/07/2026 07:17
2026;Parda;SOLTEIRO;18 anos;FEMININO;ENSINO MÉDIO INCOMPLETO;Cisgênero;NÃO;ITAJAÍ;Brasil;NÃO;SUL;SC;150;2;0;150;0;;150;;18/07/2026 07:17
2026;Parda;SOLTEIRO;18 anos;FEMININO;ENSINO MÉDIO INCOMPLETO;Cisgênero;SIM;ITAJAÍ;Brasil;NÃO;SUL;SC;1;0;0;1;0;;1;;18/07/2026 07:17
2026;Parda;SOLTEIRO;18 anos;FEMININO;ENSINO MÉDIO INCOMPLETO;Prefere não informar;NÃO;ITAJAÍ;Brasil;NÃO;SUL;SC;5;0;0;5;0;;5;;18/07/2026 07:17
2026;Parda;SOLTEIRO;18 anos;FEMININO;ENSINO MÉDIO INCOMPLETO;Prefere não informar;SIM;ITAJAÍ;Brasil;NÃO;SUL;SC;1;0;0;1;0;;1;;18/07/2026 07:17
2026;Parda;SOLTEIRO;18 anos;FEMININO;SUPERIOR INCOMPLETO;Cisgênero;NÃO;ITAJAÍ;Brasil;NÃO;SUL;SC;24;1;0;24;0;;24;;18/07/2026 07:17
2026;Parda;SOLTEIRO;18 anos;FEMININO;SUPERIOR INCOMPLETO;Cisgênero;SIM;ITAJAÍ;Brasil;NÃO;SUL;SC;1;0;0;1;0;;1;;18/07/2026 07:17
2026;Parda;SOLTEIRO;18 anos;MASCULINO;ANALFABETO;Cisgênero;NÃO;ITAJAÍ;Brasil;NÃO;SUL;SC;2;2;0;2;2;;0;;18/07/2026 07:17
2026;Parda;SOLTEIRO;18 anos;MASCULINO;ENSINO FUNDAMENTAL COMPLETO;Cisgênero;NÃO;ITAJAÍ;Brasil;NÃO;SUL;SC;5;0;0;5;0;;5;;18/07/2026 07:17
2026;Parda;SOLTEIRO;18 anos;MASCULINO;ENSINO FUNDAMENTAL INCOMPLETO;Cisgênero;NÃO;ITAJAÍ;Brasil;NÃO;SUL;SC;9;1;0;9;0;;9;;18/07/2026 07:17
2026;Parda;SOLTEIRO;18 anos;MASCULINO;ENSINO FUNDAMENTAL INCOMPLETO;Prefere não informar;NÃO;ITAJAÍ;Brasil;NÃO;SUL;SC;2;0;0;2;0;;2;;18/07/2026 07:17
2026;Parda;SOLTEIRO;18 anos;MASCULINO;ENSINO MÉDIO COMPLETO;Cisgênero;NÃO;ITAJAÍ;Brasil;NÃO;SUL;SC;73;1;0;73;0;;73;;18/07/2026 07:17
2026;Parda;SOLTEIRO;18 anos;MASCULINO;ENSINO MÉDIO COMPLETO;Prefere não informar;NÃO;ITAJAÍ;Brasil;NÃO;SUL;SC;1;0;0;1;0;;1;;18/07/2026 07:17
2026;Parda;SOLTEIRO;18 anos;MASCULINO;ENSINO MÉDIO INCOMPLETO;Cisgênero;NÃO;ITAJAÍ;Brasil;NÃO;SUL;SC;202;4;0;202;0;;202;;18/07/2026 07:17
2026;Parda;SOLTEIRO;18 anos;MASCULINO;ENSINO MÉDIO INCOMPLETO;Prefere não informar;NÃO;ITAJAÍ;Brasil;NÃO;SUL;SC;3;0;0;3;0;;3;;18/07/2026 07:17
2026;Parda;SOLTEIRO;18 anos;MASCULINO;LÊ E ESCREVE;Prefere não informar;NÃO;ITAJAÍ;Brasil;NÃO;SUL;SC;1;1;0;1;0;;1;;18/07/2026 07:17
2026;Parda;SOLTEIRO;18 anos;MASCULINO;SUPERIOR INCOMPLETO;Cisgênero;NÃO;ITAJAÍ;Brasil;NÃO;SUL;SC;21;1;0;21;0;;21;;18/07/2026 07:17
2026;Parda;SOLTEIRO;19 anos;FEMININO;ENSINO FUNDAMENTAL COMPLETO;Cisgênero;NÃO;ITAJAÍ;Brasil;NÃO;SUL;SC;10;0;0;10;0;;10;;18/07/2026 07:17
2026;Parda;SOLTEIRO;19 anos;FEMININO;ENSINO FUNDAMENTAL COMPLETO;Cisgênero;SIM;ITAJAÍ;Brasil;NÃO;SUL;SC;1;0;0;1;0;;1;;18/07/2026 07:17
2026;Parda;SOLTEIRO;19 anos;FEMININO;ENSINO FUNDAMENTAL COMPLETO;Transgênero;NÃO;ITAJAÍ;Brasil;NÃO;SUL;SC;1;0;1;1;0;;1;;18/07/2026 07:17
2026;Parda;SOLTEIRO;19 anos;FEMININO;ENSINO FUNDAMENTAL INCOMPLETO;Cisgênero;NÃO;ITAJAÍ;Brasil;NÃO;SUL;SC;9;0;0;9;0;;9;;18/07/2026 07:17
2026;Parda;SOLTEIRO;19 anos;FEMININO;ENSINO FUNDAMENTAL INCOMPLETO;Prefere não informar;NÃO;ITAJAÍ;Brasil;NÃO;SUL;SC;1;0;0;1;0;;1;;18/07/2026 07:17
2026;Parda;SOLTEIRO;19 anos;FEMININO;ENSINO MÉDIO COMPLETO;Cisgênero;NÃO;ITAJAÍ;Brasil;NÃO;SUL;SC;102;1;0;102;0;;102;;18/07/2026 07:17
2026;Parda;SOLTEIRO;19 anos;FEMININO;ENSINO MÉDIO COMPLETO;Cisgênero;SIM;ITAJAÍ;Brasil;NÃO;SUL;SC;1;0;0;1;0;;1;;18/07/2026 07:17
2026;Parda;SOLTEIRO;19 anos;FEMININO;ENSINO MÉDIO COMPLETO;Prefere não informar;NÃO;ITAJAÍ;Brasil;NÃO;SUL;SC;3;0;0;3;0;;3;;18/07/2026 07:17
2026;Parda;SOLTEIRO;19 anos;FEMININO;ENSINO MÉDIO INCOMPLETO;Cisgênero;NÃO;ITAJAÍ;Brasil;NÃO;SUL;SC;143;1;0;143;0;;143;;18/07/2026 07:17
2026;Parda;SOLTEIRO;19 anos;FEMININO;ENSINO MÉDIO INCOMPLETO;Prefere não informar;NÃO;ITAJAÍ;Brasil;NÃO;SUL;SC;4;0;0;4;0;;4;;18/07/2026 07:17
2026;Parda;SOLTEIRO;19 anos;FEMININO;ENSINO MÉDIO INCOMPLETO;Prefere não informar;SIM;ITAJAÍ;Brasil;NÃO;SUL;SC;1;0;0;1;0;;1;;18/07/2026 07:17
2026;Parda;SOLTEIRO;19 anos;FEMININO;ENSINO MÉDIO INCOMPLETO;Transgênero;NÃO;ITAJAÍ;Brasil;NÃO;SUL;SC;1;0;0;1;0;;1;;18/07/2026 07:17
2026;Parda;SOLTEIRO;19 anos;FEMININO;SUPERIOR INCOMPLETO;Cisgênero;NÃO;ITAJAÍ;Brasil;NÃO;SUL;SC;36;0;0;36;0;;36;;18/07/2026 07:17
2026;Parda;SOLTEIRO;19 anos;FEMININO;SUPERIOR INCOMPLETO;Transgênero;NÃO;ITAJAÍ;Brasil;NÃO;SUL;SC;1;0;0;1;0;;1;;18/07/2026 07:17
2026;Parda;SOLTEIRO;19 anos;MASCULINO;ANALFABETO;Cisgênero;NÃO;ITAJAÍ;Brasil;NÃO;SUL;SC;1;1;0;1;1;;0;;18/07/2026 07:17
2026;Parda;SOLTEIRO;19 anos;MASCULINO;ENSINO FUNDAMENTAL COMPLETO;Cisgênero;NÃO;ITAJAÍ;Brasil;NÃO;SUL;SC;8;0;0;9;0;;9;;18/07/2026 07:17
2026;Parda;SOLTEIRO;19 anos;MASCULINO;ENSINO FUNDAMENTAL INCOMPLETO;Cisgênero;NÃO;ITAJAÍ;Brasil;NÃO;SUL;SC;17;2;0;17;0;;17;;18/07/2026 07:17
2026;Parda;SOLTEIRO;19 anos;MASCULINO;ENSINO FUNDAMENTAL INCOMPLETO;Cisgênero;SIM;ITAJAÍ;Brasil;NÃO;SUL;SC;1;0;0;1;0;;1;;18/07/2026 07:17
2026;Parda;SOLTEIRO;19 anos;MASCULINO;ENSINO MÉDIO COMPLETO;Cisgênero;NÃO;ITAJAÍ;Brasil;NÃO;SUL;SC;101;3;0;101;0;;101;;18/07/2026 07:17
2026;Parda;SOLTEIRO;19 anos;MASCULINO;ENSINO MÉDIO COMPLETO;Cisgênero;SIM;ITAJAÍ;Brasil;NÃO;SUL;SC;1;1;0;1;0;;1;;18/07/2026 07:17
2026;Parda;SOLTEIRO;19 anos;MASCULINO;ENSINO MÉDIO COMPLETO;Prefere não informar;NÃO;ITAJAÍ;Brasil;NÃO;SUL;SC;4;0;0;4;0;;4;;18/07/2026 07:17
2026;Parda;SOLTEIRO;19 anos;MASCULINO;ENSINO MÉDIO COMPLETO;Transgênero;NÃO;ITAJAÍ;Brasil;NÃO;SUL;SC;1;0;0;1;0;;1;;18/07/2026 07:17
2026;Parda;SOLTEIRO;19 anos;MASCULINO;ENSINO MÉDIO INCOMPLETO;Cisgênero;NÃO;ITAJAÍ;Brasil;NÃO;SUL;SC;184;3;0;186;0;;186;;18/07/2026 07:17
2026;Parda;SOLTEIRO;19 anos;MASCULINO;ENSINO MÉDIO INCOMPLETO;Cisgênero;SIM;ITAJAÍ;Brasil;NÃO;SUL;SC;2;0;0;2;0;;2;;18/07/2026 07:17
2026;Parda;SOLTEIRO;19 anos;MASCULINO;ENSINO MÉDIO INCOMPLETO;Prefere não informar;NÃO;ITAJAÍ;Brasil;NÃO;SUL;SC;8;0;0;9;0;;9;;18/07/2026 07:17
2026;Parda;SOLTEIRO;19 anos;MASCULINO;ENSINO MÉDIO INCOMPLETO;Prefere não informar;SIM;ITAJAÍ;Brasil;NÃO;SUL;SC;2;0;0;2;0;;2;;18/07/2026 07:17
2026;Parda;SOLTEIRO;19 anos;MASCULINO;ENSINO MÉDIO INCOMPLETO;Transgênero;NÃO;ITAJAÍ;Brasil;NÃO;SUL;SC;2;0;1;2;0;;2;;18/07/2026 07:17
2026;Parda;SOLTEIRO;19 anos;MASCULINO;SUPERIOR INCOMPLETO;Cisgênero;NÃO;ITAJAÍ;Brasil;NÃO;SUL;SC;22;0;0;22;0;;22;;18/07/2026 07:17
2026;Parda;SOLTEIRO;19 anos;MASCULINO;SUPERIOR INCOMPLETO;Prefere não informar;NÃO;ITAJAÍ;Brasil;NÃO;SUL;SC;1;0;0;1;0;;1;;18/07/2026 07:17
2026;Parda;SOLTEIRO;20 anos;FEMININO;ANALFABETO;Cisgênero;NÃO;ITAJAÍ;Brasil;NÃO;SUL;SC;1;1;0;1;1;;0;;18/07/2026 07:17
2026;Parda;SOLTEIRO;20 anos;FEMININO;ENSINO FUNDAMENTAL COMPLETO;Cisgênero;NÃO;ITAJAÍ;Brasil;NÃO;SUL;SC;8;0;0;8;0;;8;;18/07/2026 07:17
2026;Parda;SOLTEIRO;20 anos;FEMININO;ENSINO FUNDAMENTAL COMPLETO;Prefere não informar;SIM;ITAJAÍ;Brasil;NÃO;SUL;SC;1;0;0;1;0;;1;;18/07/2026 07:17
2026;Parda;SOLTEIRO;20 anos;FEMININO;ENSINO FUNDAMENTAL INCOMPLETO;Cisgênero;NÃO;ITAJAÍ;Brasil;NÃO;SUL;SC;7;0;0;7;0;;7;;18/07/2026 07:17
2026;Parda;SOLTEIRO;20 anos;FEMININO;ENSINO MÉDIO COMPLETO;Cisgênero;NÃO;ITAJAÍ;Brasil;NÃO;SUL;SC;100;1;0;100;0;;100;;18/07/2026 07:17
2026;Parda;SOLTEIRO;20 anos;FEMININO;ENSINO MÉDIO COMPLETO;Cisgênero;SIM;ITAJAÍ;Brasil;NÃO;SUL;SC;4;0;0;4;0;;4;;18/07/2026 07:17
2026;Parda;SOLTEIRO;20 anos;FEMININO;ENSINO MÉDIO COMPLETO;Prefere não informar;NÃO;ITAJAÍ;Brasil;NÃO;SUL;SC;6;0;0;6;0;;6;;18/07/2026 07:17
2026;Parda;SOLTEIRO;20 anos;FEMININO;ENSINO MÉDIO COMPLETO;Transgênero;NÃO;ITAJAÍ;Brasil;NÃO;SUL;SC;1;0;1;1;0;;1;;18/07/2026 07:17
2026;Parda;SOLTEIRO;20 anos;FEMININO;ENSINO MÉDIO INCOMPLETO;Cisgênero;NÃO;ITAJAÍ;Brasil;NÃO;SUL;SC;100;2;0;105;0;;105;;18/07/2026 07:17
2026;Parda;SOLTEIRO;20 anos;FEMININO;ENSINO MÉDIO INCOMPLETO;Prefere não informar;NÃO;ITAJAÍ;Brasil;NÃO;SUL;SC;2;0;0;4;0;;4;;18/07/2026 07:17
2026;Parda;SOLTEIRO;20 anos;FEMININO;SUPERIOR INCOMPLETO;Cisgênero;NÃO;ITAJAÍ;Brasil;NÃO;SUL;SC;30;1;0;30;0;;30;;18/07/2026 07:17
2026;Parda;SOLTEIRO;20 anos;FEMININO;SUPERIOR INCOMPLETO;Prefere não informar;NÃO;ITAJAÍ;Brasil;NÃO;SUL;SC;1;0;0;1;0;;1;;18/07/2026 07:17
2026;Parda;SOLTEIRO;20 anos;MASCULINO;ENSINO FUNDAMENTAL COMPLETO;Cisgênero;NÃO;ITAJAÍ;Brasil;NÃO;SUL;SC;13;0;0;14;0;;14;;18/07/2026 07:17
2026;Parda;SOLTEIRO;20 anos;MASCULINO;ENSINO FUNDAMENTAL INCOMPLETO;Cisgênero;NÃO;ITAJAÍ;Brasil;NÃO;SUL;SC;19;2;0;19;0;;19;;18/07/2026 07:17
2026;Parda;SOLTEIRO;20 anos;MASCULINO;ENSINO FUNDAMENTAL INCOMPLETO;Prefere não informar;NÃO;ITAJAÍ;Brasil;NÃO;SUL;SC;1;0;0;1;0;;1;;18/07/2026 07:17
2026;Parda;SOLTEIRO;20 anos;MASCULINO;ENSINO FUNDAMENTAL INCOMPLETO;Transgênero;NÃO;ITAJAÍ;Brasil;NÃO;SUL;SC;1;0;0;1;0;;1;;18/07/2026 07:17
2026;Parda;SOLTEIRO;20 anos;MASCULINO;ENSINO MÉDIO COMPLETO;Cisgênero;NÃO;ITAJAÍ;Brasil;NÃO;SUL;SC;110;2;0;110;0;;110;;18/07/2026 07:17
2026;Parda;SOLTEIRO;20 anos;MASCULINO;ENSINO MÉDIO COMPLETO;Cisgênero;SIM;ITAJAÍ;Brasil;NÃO;SUL;SC;1;0;0;1;0;;1;;18/07/2026 07:17
2026;Parda;SOLTEIRO;20 anos;MASCULINO;ENSINO MÉDIO COMPLETO;Prefere não informar;NÃO;ITAJAÍ;Brasil;NÃO;SUL;SC;3;0;0;3;0;;3;;18/07/2026 07:17
2026;Parda;SOLTEIRO;20 anos;MASCULINO;ENSINO MÉDIO INCOMPLETO;Cisgênero;NÃO;ITAJAÍ;Brasil;NÃO;SUL;SC;171;3;0;175;0;;175;;18/07/2026 07:17
2026;Parda;SOLTEIRO;20 anos;MASCULINO;ENSINO MÉDIO INCOMPLETO;Prefere não informar;NÃO;ITAJAÍ;Brasil;NÃO;SUL;SC;5;0;0;6;0;;6;;18/07/2026 07:17
2026;Parda;SOLTEIRO;20 anos;MASCULINO;ENSINO MÉDIO INCOMPLETO;Transgênero;NÃO;ITAJAÍ;Brasil;NÃO;SUL;SC;2;0;1;2;0;;2;;18/07/2026 07:17
2026;Parda;SOLTEIRO;20 anos;MASCULINO;SUPERIOR INCOMPLETO;Cisgênero;NÃO;ITAJAÍ;Brasil;NÃO;SUL;SC;26;1;0;26;0;;26;;18/07/2026 07:17
2026;Parda;SOLTEIRO;21 a 24 anos;FEMININO;ANALFABETO;Cisgênero;NÃO;ITAJAÍ;Brasil;NÃO;SUL;SC;1;1;0;1;1;;0;;18/07/2026 07:17
2026;Parda;SOLTEIRO;21 a 24 anos;FEMININO;ENSINO FUNDAMENTAL COMPLETO;Cisgênero;NÃO;ITAJAÍ;Brasil;NÃO;SUL;SC;30;0;0;34;0;;34;;18/07/2026 07:17
2026;Parda;SOLTEIRO;21 a 24 anos;FEMININO;ENSINO FUNDAMENTAL COMPLETO;Cisgênero;SIM;ITAJAÍ;Brasil;NÃO;SUL;SC;1;0;0;1;0;;1;;18/07/2026 07:17
2026;Parda;SOLTEIRO;21 a 24 anos;FEMININO;ENSINO FUNDAMENTAL INCOMPLETO;Cisgênero;NÃO;ITAJAÍ;Brasil;NÃO;SUL;SC;35;1;0;42;0;;42;;18/07/2026 07:17
2026;Parda;SOLTEIRO;21 a 24 anos;FEMININO;ENSINO FUNDAMENTAL INCOMPLETO;Prefere não informar;NÃO;ITAJAÍ;Brasil;NÃO;SUL;SC;1;0;0;3;0;;3;;18/07/2026 07:17
2026;Parda;SOLTEIRO;21 a 24 anos;FEMININO;ENSINO FUNDAMENTAL INCOMPLETO;Prefere não informar;SIM;ITAJAÍ;Brasil;NÃO;SUL;SC;1;0;0;1;0;;1;;18/07/2026 07:17
2026;Parda;SOLTEIRO;21 a 24 anos;FEMININO;ENSINO FUNDAMENTAL INCOMPLETO;Transgênero;NÃO;ITAJAÍ;Brasil;NÃO;SUL;SC;2;0;0;2;0;;2;;18/07/2026 07:17
2026;Parda;SOLTEIRO;21 a 24 anos;FEMININO;ENSINO MÉDIO COMPLETO;Cisgênero;NÃO;ITAJAÍ;Brasil;NÃO;SUL;SC;289;3;0;316;0;;316;;18/07/2026 07:17
2026;Parda;SOLTEIRO;21 a 24 anos;FEMININO;ENSINO MÉDIO COMPLETO;Cisgênero;NÃO;ITAJAÍ;Brasil;SIM;SUL;SC;1;0;0;1;0;;1;;18/07/2026 07:17
2026;Parda;SOLTEIRO;21 a 24 anos;FEMININO;ENSINO MÉDIO COMPLETO;Cisgênero;SIM;ITAJAÍ;Brasil;NÃO;SUL;SC;4;0;0;5;0;;5;;18/07/2026 07:17
2026;Parda;SOLTEIRO;21 a 24 anos;FEMININO;ENSINO MÉDIO COMPLETO;Prefere não informar;NÃO;ITAJAÍ;Brasil;NÃO;SUL;SC;11;0;0;17;0;;17;;18/07/2026 07:17
2026;Parda;SOLTEIRO;21 a 24 anos;FEMININO;ENSINO MÉDIO COMPLETO;Transgênero;NÃO;ITAJAÍ;Brasil;NÃO;SUL;SC;1;0;0;1;0;;1;;18/07/2026 07:17
2026;Parda;SOLTEIRO;21 a 24 anos;FEMININO;ENSINO MÉDIO INCOMPLETO;Cisgênero;NÃO;ITAJAÍ;Brasil;NÃO;SUL;SC;181;0;0;203;0;;203;;18/07/2026 07:17
2026;Parda;SOLTEIRO;21 a 24 anos;FEMININO;ENSINO MÉDIO INCOMPLETO;Cisgênero;SIM;ITAJAÍ;Brasil;NÃO;SUL;SC;4;0;0;4;0;;4;;18/07/2026 07:17
2026;Parda;SOLTEIRO;21 a 24 anos;FEMININO;ENSINO MÉDIO INCOMPLETO;Prefere não informar;NÃO;ITAJAÍ;Brasil;NÃO;SUL;SC;14;0;0;15;0;;15;;18/07/2026 07:17
2026;Parda;SOLTEIRO;21 a 24 anos;FEMININO;ENSINO MÉDIO INCOMPLETO;Prefere não informar;SIM;ITAJAÍ;Brasil;NÃO;SUL;SC;1;0;0;1;0;;1;;18/07/2026 07:17
2026;Parda;SOLTEIRO;21 a 24 anos;FEMININO;ENSINO MÉDIO INCOMPLETO;Transgênero;NÃO;ITAJAÍ;Brasil;NÃO;SUL;SC;1;0;0;1;0;;1;;18/07/2026 07:17
2026;Parda;SOLTEIRO;21 a 24 anos;FEMININO;SUPERIOR COMPLETO;Cisgênero;NÃO;ITAJAÍ;Brasil;NÃO;SUL;SC;14;0;0;14;0;;14;;18/07/2026 07:17
2026;Parda;SOLTEIRO;21 a 24 anos;FEMININO;SUPERIOR INCOMPLETO;Cisgênero;NÃO;ITAJAÍ;Brasil;NÃO;SUL;SC;117;1;0;118;0;;118;;18/07/2026 07:17
2026;Parda;SOLTEIRO;21 a 24 anos;FEMININO;SUPERIOR INCOMPLETO;Prefere não informar;NÃO;ITAJAÍ;Brasil;NÃO;SUL;SC;3;0;0;3;0;;3;;18/07/2026 07:17
2026;Parda;SOLTEIRO;21 a 24 anos;MASCULINO;ANALFABETO;Cisgênero;NÃO;ITAJAÍ;Brasil;NÃO;SUL;SC;1;1;0;1;1;;0;;18/07/2026 07:17
2026;Parda;SOLTEIRO;21 a 24 anos;MASCULINO;ENSINO FUNDAMENTAL COMPLETO;Cisgênero;NÃO;ITAJAÍ;Brasil;NÃO;SUL;SC;36;0;0;40;0;;40;;18/07/2026 07:17
2026;Parda;SOLTEIRO;21 a 24 anos;MASCULINO;ENSINO FUNDAMENTAL COMPLETO;Prefere não informar;NÃO;ITAJAÍ;Brasil;NÃO;SUL;SC;2;0;0;2;0;;2;;18/07/2026 07:17
2026;Parda;SOLTEIRO;21 a 24 anos;MASCULINO;ENSINO FUNDAMENTAL INCOMPLETO;Cisgênero;NÃO;ITAJAÍ;Brasil;NÃO;SUL;SC;67;1;0;78;0;;78;;18/07/2026 07:17
2026;Parda;SOLTEIRO;21 a 24 anos;MASCULINO;ENSINO FUNDAMENTAL INCOMPLETO;Prefere não informar;NÃO;ITAJAÍ;Brasil;NÃO;SUL;SC;4;0;0;6;0;;6;;18/07/2026 07:17
2026;Parda;SOLTEIRO;21 a 24 anos;MASCULINO;ENSINO FUNDAMENTAL INCOMPLETO;Prefere não informar;SIM;ITAJAÍ;Brasil;NÃO;SUL;SC;1;0;0;1;0;;1;;18/07/2026 07:17
2026;Parda;SOLTEIRO;21 a 24 anos;MASCULINO;ENSINO MÉDIO COMPLETO;Cisgênero;NÃO;ITAJAÍ;Brasil;NÃO;SUL;SC;292;4;0;315;0;;315;;18/07/2026 07:17
2026;Parda;SOLTEIRO;21 a 24 anos;MASCULINO;ENSINO MÉDIO COMPLETO;Cisgênero;SIM;ITAJAÍ;Brasil;NÃO;SUL;SC;4;0;0;4;0;;4;;18/07/2026 07:17
2026;Parda;SOLTEIRO;21 a 24 anos;MASCULINO;ENSINO MÉDIO COMPLETO;Prefere não informar;NÃO;ITAJAÍ;Brasil;NÃO;SUL;SC;16;1;0;18;0;;18;;18/07/2026 07:17
2026;Parda;SOLTEIRO;21 a 24 anos;MASCULINO;ENSINO MÉDIO COMPLETO;Prefere não informar;SIM;ITAJAÍ;Brasil;NÃO;SUL;SC;1;0;0;1;0;;1;;18/07/2026 07:17
2026;Parda;SOLTEIRO;21 a 24 anos;MASCULINO;ENSINO MÉDIO COMPLETO;Transgênero;NÃO;ITAJAÍ;Brasil;NÃO;SUL;SC;2;0;2;3;0;;3;;18/07/2026 07:17
2026;Parda;SOLTEIRO;21 a 24 anos;MASCULINO;ENSINO MÉDIO INCOMPLETO;Cisgênero;NÃO;ITAJAÍ;Brasil;NÃO;SUL;SC;269;5;0;302;0;;302;;18/07/2026 07:17
2026;Parda;SOLTEIRO;21 a 24 anos;MASCULINO;ENSINO MÉDIO INCOMPLETO;Cisgênero;SIM;ITAJAÍ;Brasil;NÃO;SUL;SC;1;0;0;1;0;;1;;18/07/2026 07:17
2026;Parda;SOLTEIRO;21 a 24 anos;MASCULINO;ENSINO MÉDIO INCOMPLETO;Prefere não informar;NÃO;ITAJAÍ;Brasil;NÃO;SUL;SC;12;0;0;19;0;;19;;18/07/2026 07:17
2026;Parda;SOLTEIRO;21 a 24 anos;MASCULINO;ENSINO MÉDIO INCOMPLETO;Prefere não informar;SIM;ITAJAÍ;Brasil;NÃO;SUL;SC;0;0;0;1;0;;1;;18/07/2026 07:17
2026;Parda;SOLTEIRO;21 a 24 anos;MASCULINO;LÊ E ESCREVE;Cisgênero;NÃO;ITAJAÍ;Brasil;NÃO;SUL;SC;2;0;0;2;0;;2;;18/07/2026 07:17
2026;Parda;SOLTEIRO;21 a 24 anos;MASCULINO;SUPERIOR COMPLETO;Cisgênero;NÃO;ITAJAÍ;Brasil;NÃO;SUL;SC;8;0;0;9;0;;9;;18/07/2026 07:17
2026;Parda;SOLTEIRO;21 a 24 anos;MASCULINO;SUPERIOR INCOMPLETO;Cisgênero;NÃO;ITAJAÍ;Brasil;NÃO;SUL;SC;76;2;0;78;0;;78;;18/07/2026 07:17
2026;Parda;SOLTEIRO;21 a 24 anos;MASCULINO;SUPERIOR INCOMPLETO;Cisgênero;SIM;ITAJAÍ;Brasil;NÃO;SUL;SC;2;0;0;2;0;;2;;18/07/2026 07:17
2026;Parda;SOLTEIRO;21 a 24 anos;MASCULINO;SUPERIOR INCOMPLETO;Prefere não informar;NÃO;ITAJAÍ;Brasil;NÃO;SUL;SC;1;0;0;1;0;;1;;18/07/2026 07:17
2026;Parda;SOLTEIRO;25 a 29 anos;FEMININO;ANALFABETO;Cisgênero;NÃO;ITAJAÍ;Brasil;NÃO;SUL;SC;1;0;0;1;1;;0;;18/07/2026 07:17
2026;Parda;SOLTEIRO;25 a 29 anos;FEMININO;ENSINO FUNDAMENTAL COMPLETO;Cisgênero;NÃO;ITAJAÍ;Brasil;NÃO;SUL;SC;22;0;0;23;0;;23;;18/07/2026 07:17
2026;Parda;SOLTEIRO;25 a 29 anos;FEMININO;ENSINO FUNDAMENTAL COMPLETO;Prefere não informar;NÃO;ITAJAÍ;Brasil;NÃO;SUL;SC;1;0;0;1;0;;1;;18/07/2026 07:17
2026;Parda;SOLTEIRO;25 a 29 anos;FEMININO;ENSINO FUNDAMENTAL COMPLETO;Transgênero;NÃO;ITAJAÍ;Brasil;NÃO;SUL;SC;1;0;1;1;0;;1;;18/07/2026 07:17
2026;Parda;SOLTEIRO;25 a 29 anos;FEMININO;ENSINO FUNDAMENTAL INCOMPLETO;Cisgênero;NÃO;ITAJAÍ;Brasil;NÃO;SUL;SC;31;0;0;32;0;;32;;18/07/2026 07:17
2026;Parda;SOLTEIRO;25 a 29 anos;FEMININO;ENSINO FUNDAMENTAL INCOMPLETO;Prefere não informar;NÃO;ITAJAÍ;Brasil;NÃO;SUL;SC;3;0;0;5;0;;5;;18/07/2026 07:17
2026;Parda;SOLTEIRO;25 a 29 anos;FEMININO;ENSINO FUNDAMENTAL INCOMPLETO;Prefere não informar;SIM;ITAJAÍ;Brasil;NÃO;SUL;SC;1;0;0;1;0;;1;;18/07/2026 07:17
2026;Parda;SOLTEIRO;25 a 29 anos;FEMININO;ENSINO MÉDIO COMPLETO;Cisgênero;NÃO;ITAJAÍ;Brasil;NÃO;SUL;SC;204;2;0;209;0;;209;;18/07/2026 07:17
2026;Parda;SOLTEIRO;25 a 29 anos;FEMININO;ENSINO MÉDIO COMPLETO;Cisgênero;SIM;ITAJAÍ;Brasil;NÃO;SUL;SC;3;0;0;3;0;;3;;18/07/2026 07:17
2026;Parda;SOLTEIRO;25 a 29 anos;FEMININO;ENSINO MÉDIO COMPLETO;Prefere não informar;NÃO;ITAJAÍ;Brasil;NÃO;SUL;SC;18;0;0;18;0;;18;;18/07/2026 07:17
2026;Parda;SOLTEIRO;25 a 29 anos;FEMININO;ENSINO MÉDIO COMPLETO;Prefere não informar;SIM;ITAJAÍ;Brasil;NÃO;SUL;SC;2;0;0;2;0;;2;;18/07/2026 07:17
2026;Parda;SOLTEIRO;25 a 29 anos;FEMININO;ENSINO MÉDIO COMPLETO;Transgênero;NÃO;ITAJAÍ;Brasil;NÃO;SUL;SC;1;0;0;1;0;;1;;18/07/2026 07:17
2026;Parda;SOLTEIRO;25 a 29 anos;FEMININO;ENSINO MÉDIO INCOMPLETO;Cisgênero;NÃO;ITAJAÍ;Brasil;NÃO;SUL;SC;132;0;0;135;0;;135;;18/07/2026 07:17
2026;Parda;SOLTEIRO;25 a 29 anos;FEMININO;ENSINO MÉDIO INCOMPLETO;Cisgênero;SIM;ITAJAÍ;Brasil;NÃO;SUL;SC;4;0;0;4;0;;4;;18/07/2026 07:17
2026;Parda;SOLTEIRO;25 a 29 anos;FEMININO;ENSINO MÉDIO INCOMPLETO;Prefere não informar;NÃO;ITAJAÍ;Brasil;NÃO;SUL;SC;19;0;0;20;0;;20;;18/07/2026 07:17
2026;Parda;SOLTEIRO;25 a 29 anos;FEMININO;ENSINO MÉDIO INCOMPLETO;Prefere não informar;SIM;ITAJAÍ;Brasil;NÃO;SUL;SC;1;1;0;1;0;;1;;18/07/2026 07:17
2026;Parda;SOLTEIRO;25 a 29 anos;FEMININO;ENSINO MÉDIO INCOMPLETO;Transgênero;NÃO;ITAJAÍ;Brasil;NÃO;SUL;SC;1;0;0;1;0;;1;;18/07/2026 07:17
2026;Parda;SOLTEIRO;25 a 29 anos;FEMININO;LÊ E ESCREVE;Cisgênero;NÃO;ITAJAÍ;Brasil;NÃO;SUL;SC;1;0;0;1;0;;1;;18/07/2026 07:17
2026;Parda;SOLTEIRO;25 a 29 anos;FEMININO;SUPERIOR COMPLETO;Cisgênero;NÃO;ITAJAÍ;Brasil;NÃO;SUL;SC;36;1;0;36;0;;36;;18/07/2026 07:17
2026;Parda;SOLTEIRO;25 a 29 anos;FEMININO;SUPERIOR COMPLETO;Prefere não informar;NÃO;ITAJAÍ;Brasil;NÃO;SUL;SC;3;0;0;4;0;;4;;18/07/2026 07:17
2026;Parda;SOLTEIRO;25 a 29 anos;FEMININO;SUPERIOR INCOMPLETO;Cisgênero;NÃO;ITAJAÍ;Brasil;NÃO;SUL;SC;74;0;0;76;0;;76;;18/07/2026 07:17
2026;Parda;SOLTEIRO;25 a 29 anos;FEMININO;SUPERIOR INCOMPLETO;Cisgênero;NÃO;ITAJAÍ;Brasil;SIM;SUL;SC;1;0;0;1;0;;1;;18/07/2026 07:17
2026;Parda;SOLTEIRO;25 a 29 anos;FEMININO;SUPERIOR INCOMPLETO;Cisgênero;SIM;ITAJAÍ;Brasil;NÃO;SUL;SC;1;0;0;1;0;;1;;18/07/2026 07:17
2026;Parda;SOLTEIRO;25 a 29 anos;FEMININO;SUPERIOR INCOMPLETO;Cisgênero;SIM;ITAJAÍ;Brasil;SIM;SUL;SC;1;0;0;1;0;;1;;18/07/2026 07:17
2026;Parda;SOLTEIRO;25 a 29 anos;FEMININO;SUPERIOR INCOMPLETO;Prefere não informar;NÃO;ITAJAÍ;Brasil;NÃO;SUL;SC;5;0;0;6;0;;6;;18/07/2026 07:17
2026;Parda;SOLTEIRO;25 a 29 anos;FEMININO;SUPERIOR INCOMPLETO;Transgênero;NÃO;ITAJAÍ;Brasil;NÃO;SUL;SC;1;0;1;1;0;;1;;18/07/2026 07:17
2026;Parda;SOLTEIRO;25 a 29 anos;MASCULINO;ANALFABETO;Cisgênero;NÃO;ITAJAÍ;Brasil;NÃO;SUL;SC;5;5;0;5;5;;0;;18/07/2026 07:17
2026;Parda;SOLTEIRO;25 a 29 anos;MASCULINO;ENSINO FUNDAMENTAL COMPLETO;Cisgênero;NÃO;ITAJAÍ;Brasil;NÃO;SUL;SC;34;0;0;38;0;;38;;18/07/2026 07:17
2026;Parda;SOLTEIRO;25 a 29 anos;MASCULINO;ENSINO FUNDAMENTAL COMPLETO;Cisgênero;SIM;ITAJAÍ;Brasil;NÃO;SUL;SC;1;0;0;1;0;;1;;18/07/2026 07:17
2026;Parda;SOLTEIRO;25 a 29 anos;MASCULINO;ENSINO FUNDAMENTAL COMPLETO;Prefere não informar;NÃO;ITAJAÍ;Brasil;NÃO;SUL;SC;2;0;0;2;0;;2;;18/07/2026 07:17
2026;Parda;SOLTEIRO;25 a 29 anos;MASCULINO;ENSINO FUNDAMENTAL INCOMPLETO;Cisgênero;NÃO;ITAJAÍ;Brasil;NÃO;SUL;SC;54;0;0;58;0;;58;;18/07/2026 07:17
2026;Parda;SOLTEIRO;25 a 29 anos;MASCULINO;ENSINO FUNDAMENTAL INCOMPLETO;Cisgênero;SIM;ITAJAÍ;Brasil;NÃO;SUL;SC;2;0;0;2;0;;2;;18/07/2026 07:17
2026;Parda;SOLTEIRO;25 a 29 anos;MASCULINO;ENSINO FUNDAMENTAL INCOMPLETO;Prefere não informar;NÃO;ITAJAÍ;Brasil;NÃO;SUL;SC;5;0;0;6;0;;6;;18/07/2026 07:17
2026;Parda;SOLTEIRO;25 a 29 anos;MASCULINO;ENSINO FUNDAMENTAL INCOMPLETO;Prefere não informar;SIM;ITAJAÍ;Brasil;NÃO;SUL;SC;1;0;0;1;0;;1;;18/07/2026 07:17
2026;Parda;SOLTEIRO;25 a 29 anos;MASCULINO;ENSINO MÉDIO COMPLETO;Cisgênero;NÃO;ITAJAÍ;Brasil;NÃO;SUL;SC;236;4;0;239;0;;239;;18/07/2026 07:17
2026;Parda;SOLTEIRO;25 a 29 anos;MASCULINO;ENSINO MÉDIO COMPLETO;Cisgênero;SIM;ITAJAÍ;Brasil;NÃO;SUL;SC;6;0;0;6;0;;6;;18/07/2026 07:17
2026;Parda;SOLTEIRO;25 a 29 anos;MASCULINO;ENSINO MÉDIO COMPLETO;Prefere não informar;NÃO;ITAJAÍ;Brasil;NÃO;SUL;SC;12;0;0;13;0;;13;;18/07/2026 07:17
2026;Parda;SOLTEIRO;25 a 29 anos;MASCULINO;ENSINO MÉDIO COMPLETO;Prefere não informar;SIM;ITAJAÍ;Brasil;NÃO;SUL;SC;1;0;0;1;0;;1;;18/07/2026 07:17
2026;Parda;SOLTEIRO;25 a 29 anos;MASCULINO;ENSINO MÉDIO COMPLETO;Transgênero;NÃO;ITAJAÍ;Brasil;NÃO;SUL;SC;1;0;0;2;0;;2;;18/07/2026 07:17
2026;Parda;SOLTEIRO;25 a 29 anos;MASCULINO;ENSINO MÉDIO INCOMPLETO;Cisgênero;NÃO;ITAJAÍ;Brasil;NÃO;SUL;SC;161;2;0;164;0;;164;;18/07/2026 07:17
2026;Parda;SOLTEIRO;25 a 29 anos;MASCULINO;ENSINO MÉDIO INCOMPLETO;Cisgênero;SIM;ITAJAÍ;Brasil;NÃO;SUL;SC;8;0;0;8;0;;8;;18/07/2026 07:17
2026;Parda;SOLTEIRO;25 a 29 anos;MASCULINO;ENSINO MÉDIO INCOMPLETO;Prefere não informar;NÃO;ITAJAÍ;Brasil;NÃO;SUL;SC;12;0;0;14;0;;14;;18/07/2026 07:17
2026;Parda;SOLTEIRO;25 a 29 anos;MASCULINO;ENSINO MÉDIO INCOMPLETO;Transgênero;NÃO;ITAJAÍ;Brasil;NÃO;SUL;SC;3;0;0;3;0;;3;;18/07/2026 07:17
2026;Parda;SOLTEIRO;25 a 29 anos;MASCULINO;LÊ E ESCREVE;Cisgênero;SIM;ITAJAÍ;Brasil;NÃO;SUL;SC;0;0;0;1;0;;1;;18/07/2026 07:17
2026;Parda;SOLTEIRO;25 a 29 anos;MASCULINO;LÊ E ESCREVE;Prefere não informar;SIM;ITAJAÍ;Brasil;NÃO;SUL;SC;1;0;0;1;0;;1;;18/07/2026 07:17
2026;Parda;SOLTEIRO;25 a 29 anos;MASCULINO;SUPERIOR COMPLETO;Cisgênero;NÃO;ITAJAÍ;Brasil;NÃO;SUL;SC;22;0;0;22;0;;22;;18/07/2026 07:17
2026;Parda;SOLTEIRO;25 a 29 anos;MASCULINO;SUPERIOR INCOMPLETO;Cisgênero;NÃO;ITAJAÍ;Brasil;NÃO;SUL;SC;69;1;0;70;0;;70;;18/07/2026 07:17
2026;Parda;SOLTEIRO;25 a 29 anos;MASCULINO;SUPERIOR INCOMPLETO;Prefere não informar;NÃO;ITAJAÍ;Brasil;NÃO;SUL;SC;2;1;0;3;0;;3;;18/07/2026 07:17
2026;Parda;SOLTEIRO;25 a 29 anos;MASCULINO;SUPERIOR INCOMPLETO;Transgênero;NÃO;ITAJAÍ;Brasil;NÃO;SUL;SC;1;0;1;1;0;;1;;18/07/2026 07:17
2026;Parda;SOLTEIRO;30 a 34 anos;FEMININO;ANALFABETO;Cisgênero;NÃO;ITAJAÍ;Brasil;NÃO;SUL;SC;1;1;0;1;1;;0;;18/07/2026 07:17
2026;Parda;SOLTEIRO;30 a 34 anos;FEMININO;ENSINO FUNDAMENTAL COMPLETO;Cisgênero;NÃO;ITAJAÍ;Brasil;NÃO;SUL;SC;31;0;0;31;0;;31;;18/07/2026 07:17
2026;Parda;SOLTEIRO;30 a 34 anos;FEMININO;ENSINO FUNDAMENTAL COMPLETO;Prefere não informar;NÃO;ITAJAÍ;Brasil;NÃO;SUL;SC;4;0;0;4;0;;4;;18/07/2026 07:17
2026;Parda;SOLTEIRO;30 a 34 anos;FEMININO;ENSINO FUNDAMENTAL COMPLETO;Prefere não informar;SIM;ITAJAÍ;Brasil;NÃO;SUL;SC;2;0;0;2;0;;2;;18/07/2026 07:17
2026;Parda;SOLTEIRO;30 a 34 anos;FEMININO;ENSINO FUNDAMENTAL COMPLETO;Transgênero;NÃO;ITAJAÍ;Brasil;NÃO;SUL;SC;1;0;0;1;0;;1;;18/07/2026 07:17
2026;Parda;SOLTEIRO;30 a 34 anos;FEMININO;ENSINO FUNDAMENTAL INCOMPLETO;Cisgênero;NÃO;ITAJAÍ;Brasil;NÃO;SUL;SC;44;0;0;46;0;;46;;18/07/2026 07:17
2026;Parda;SOLTEIRO;30 a 34 anos;FEMININO;ENSINO FUNDAMENTAL INCOMPLETO;Prefere não informar;NÃO;ITAJAÍ;Brasil;NÃO;SUL;SC;4;0;0;4;0;;4;;18/07/2026 07:17
2026;Parda;SOLTEIRO;30 a 34 anos;FEMININO;ENSINO MÉDIO COMPLETO;Cisgênero;NÃO;ITAJAÍ;Brasil;NÃO;SUL;SC;196;3;0;200;0;;200;;18/07/2026 07:17
2026;Parda;SOLTEIRO;30 a 34 anos;FEMININO;ENSINO MÉDIO COMPLETO;Cisgênero;SIM;ITAJAÍ;Brasil;NÃO;SUL;SC;2;0;0;2;0;;2;;18/07/2026 07:17
2026;Parda;SOLTEIRO;30 a 34 anos;FEMININO;ENSINO MÉDIO COMPLETO;Prefere não informar;NÃO;ITAJAÍ;Brasil;NÃO;SUL;SC;15;1;0;15;0;;15;;18/07/2026 07:17
2026;Parda;SOLTEIRO;30 a 34 anos;FEMININO;ENSINO MÉDIO COMPLETO;Prefere não informar;SIM;ITAJAÍ;Brasil;NÃO;SUL;SC;2;0;0;2;0;;2;;18/07/2026 07:17
2026;Parda;SOLTEIRO;30 a 34 anos;FEMININO;ENSINO MÉDIO INCOMPLETO;Cisgênero;NÃO;ITAJAÍ;Brasil;NÃO;SUL;SC;75;0;0;76;0;;76;;18/07/2026 07:17
2026;Parda;SOLTEIRO;30 a 34 anos;FEMININO;ENSINO MÉDIO INCOMPLETO;Prefere não informar;NÃO;ITAJAÍ;Brasil;NÃO;SUL;SC;6;0;0;6;0;;6;;18/07/2026 07:17
2026;Parda;SOLTEIRO;30 a 34 anos;FEMININO;LÊ E ESCREVE;Cisgênero;NÃO;ITAJAÍ;Brasil;NÃO;SUL;SC;1;1;0;1;0;;1;;18/07/2026 07:17
2026;Parda;SOLTEIRO;30 a 34 anos;FEMININO;SUPERIOR COMPLETO;Cisgênero;NÃO;ITAJAÍ;Brasil;NÃO;SUL;SC;72;2;0;73;0;;73;;18/07/2026 07:17
2026;Parda;SOLTEIRO;30 a 34 anos;FEMININO;SUPERIOR COMPLETO;Prefere não informar;NÃO;ITAJAÍ;Brasil;NÃO;SUL;SC;11;0;0;11;0;;11;;18/07/2026 07:17
2026;Parda;SOLTEIRO;30 a 34 anos;FEMININO;SUPERIOR INCOMPLETO;Cisgênero;NÃO;ITAJAÍ;Brasil;NÃO;SUL;SC;60;2;0;60;0;;60;;18/07/2026 07:17
2026;Parda;SOLTEIRO;30 a 34 anos;FEMININO;SUPERIOR INCOMPLETO;Prefere não informar;NÃO;ITAJAÍ;Brasil;NÃO;SUL;SC;7;0;0;7;0;;7;;18/07/2026 07:17
2026;Parda;SOLTEIRO;30 a 34 anos;MASCULINO;ANALFABETO;Cisgênero;NÃO;ITAJAÍ;Brasil;NÃO;SUL;SC;2;1;0;2;2;;0;;18/07/2026 07:17
2026;Parda;SOLTEIRO;30 a 34 anos;MASCULINO;ENSINO FUNDAMENTAL COMPLETO;Cisgênero;NÃO;ITAJAÍ;Brasil;NÃO;SUL;SC;36;0;0;37;0;;37;;18/07/2026 07:17
2026;Parda;SOLTEIRO;30 a 34 anos;MASCULINO;ENSINO FUNDAMENTAL COMPLETO;Cisgênero;SIM;ITAJAÍ;Brasil;NÃO;SUL;SC;1;0;0;1;0;;1;;18/07/2026 07:17
2026;Parda;SOLTEIRO;30 a 34 anos;MASCULINO;ENSINO FUNDAMENTAL COMPLETO;Prefere não informar;NÃO;ITAJAÍ;Brasil;NÃO;SUL;SC;2;0;0;2;0;;2;;18/07/2026 07:17
2026;Parda;SOLTEIRO;30 a 34 anos;MASCULINO;ENSINO FUNDAMENTAL INCOMPLETO;Cisgênero;NÃO;ITAJAÍ;Brasil;NÃO;SUL;SC;60;0;0;63;0;;63;;18/07/2026 07:17
2026;Parda;SOLTEIRO;30 a 34 anos;MASCULINO;ENSINO FUNDAMENTAL INCOMPLETO;Cisgênero;SIM;ITAJAÍ;Brasil;NÃO;SUL;SC;1;0;0;1;0;;1;;18/07/2026 07:17
2026;Parda;SOLTEIRO;30 a 34 anos;MASCULINO;ENSINO FUNDAMENTAL INCOMPLETO;Prefere não informar;NÃO;ITAJAÍ;Brasil;NÃO;SUL;SC;4;0;0;4;0;;4;;18/07/2026 07:17
2026;Parda;SOLTEIRO;30 a 34 anos;MASCULINO;ENSINO MÉDIO COMPLETO;Cisgênero;NÃO;ITAJAÍ;Brasil;NÃO;SUL;SC;213;3;0;218;0;;218;;18/07/2026 07:17
2026;Parda;SOLTEIRO;30 a 34 anos;MASCULINO;ENSINO MÉDIO COMPLETO;Cisgênero;SIM;ITAJAÍ;Brasil;NÃO;SUL;SC;1;0;0;1;0;;1;;18/07/2026 07:17
2026;Parda;SOLTEIRO;30 a 34 anos;MASCULINO;ENSINO MÉDIO COMPLETO;Prefere não informar;NÃO;ITAJAÍ;Brasil;NÃO;SUL;SC;10;0;0;11;0;;11;;18/07/2026 07:17
2026;Parda;SOLTEIRO;30 a 34 anos;MASCULINO;ENSINO MÉDIO INCOMPLETO;Cisgênero;NÃO;ITAJAÍ;Brasil;NÃO;SUL;SC;87;2;0;88;0;;88;;18/07/2026 07:17
2026;Parda;SOLTEIRO;30 a 34 anos;MASCULINO;ENSINO MÉDIO INCOMPLETO;Prefere não informar;NÃO;ITAJAÍ;Brasil;NÃO;SUL;SC;9;0;0;9;0;;9;;18/07/2026 07:17
2026;Parda;SOLTEIRO;30 a 34 anos;MASCULINO;ENSINO MÉDIO INCOMPLETO;Prefere não informar;SIM;ITAJAÍ;Brasil;NÃO;SUL;SC;1;0;0;1;0;;1;;18/07/2026 07:17
2026;Parda;SOLTEIRO;30 a 34 anos;MASCULINO;ENSINO MÉDIO INCOMPLETO;Transgênero;NÃO;ITAJAÍ;Brasil;NÃO;SUL;SC;2;0;0;2;0;;2;;18/07/2026 07:17
2026;Parda;SOLTEIRO;30 a 34 anos;MASCULINO;LÊ E ESCREVE;Cisgênero;NÃO;ITAJAÍ;Brasil;NÃO;SUL;SC;2;0;0;2;0;;2;;18/07/2026 07:17
2026;Parda;SOLTEIRO;30 a 34 anos;MASCULINO;SUPERIOR COMPLETO;Cisgênero;NÃO;ITAJAÍ;Brasil;NÃO;SUL;SC;51;0;0;52;0;;52;;18/07/2026 07:17
2026;Parda;SOLTEIRO;30 a 34 anos;MASCULINO;SUPERIOR COMPLETO;Cisgênero;SIM;ITAJAÍ;Brasil;NÃO;SUL;SC;1;0;0;1;0;;1;;18/07/2026 07:17
2026;Parda;SOLTEIRO;30 a 34 anos;MASCULINO;SUPERIOR COMPLETO;Prefere não informar;NÃO;ITAJAÍ;Brasil;NÃO;SUL;SC;3;0;0;3;0;;3;;18/07/2026 07:17
2026;Parda;SOLTEIRO;30 a 34 anos;MASCULINO;SUPERIOR INCOMPLETO;Cisgênero;NÃO;ITAJAÍ;Brasil;NÃO;SUL;SC;47;1;0;47;0;;47;;18/07/2026 07:17
2026;Parda;SOLTEIRO;30 a 34 anos;MASCULINO;SUPERIOR INCOMPLETO;Cisgênero;SIM;ITAJAÍ;Brasil;NÃO;SUL;SC;2;0;0;2;0;;2;;18/07/2026 07:17
2026;Parda;SOLTEIRO;30 a 34 anos;MASCULINO;SUPERIOR INCOMPLETO;Prefere não informar;NÃO;ITAJAÍ;Brasil;NÃO;SUL;SC;2;0;0;2;0;;2;;18/07/2026 07:17
2026;Parda;SOLTEIRO;35 a 39 anos;FEMININO;ANALFABETO;Cisgênero;NÃO;ITAJAÍ;Brasil;NÃO;SUL;SC;4;2;0;4;4;;0;;18/07/2026 07:17
2026;Parda;SOLTEIRO;35 a 39 anos;FEMININO;ENSINO FUNDAMENTAL COMPLETO;Cisgênero;NÃO;ITAJAÍ;Brasil;NÃO;SUL;SC;18;0;0;18;0;;18;;18/07/2026 07:17
2026;Parda;SOLTEIRO;35 a 39 anos;FEMININO;ENSINO FUNDAMENTAL COMPLETO;Prefere não informar;NÃO;ITAJAÍ;Brasil;NÃO;SUL;SC;3;0;0;3;0;;3;;18/07/2026 07:17
2026;Parda;SOLTEIRO;35 a 39 anos;FEMININO;ENSINO FUNDAMENTAL INCOMPLETO;Cisgênero;NÃO;ITAJAÍ;Brasil;NÃO;SUL;SC;41;2;0;41;0;;41;;18/07/2026 07:17
2026;Parda;SOLTEIRO;35 a 39 anos;FEMININO;ENSINO FUNDAMENTAL INCOMPLETO;Cisgênero;SIM;ITAJAÍ;Brasil;NÃO;SUL;SC;2;0;0;2;0;;2;;18/07/2026 07:17
2026;Parda;SOLTEIRO;35 a 39 anos;FEMININO;ENSINO FUNDAMENTAL INCOMPLETO;Prefere não informar;NÃO;ITAJAÍ;Brasil;NÃO;SUL;SC;4;0;0;4;0;;4;;18/07/2026 07:17
2026;Parda;SOLTEIRO;35 a 39 anos;FEMININO;ENSINO FUNDAMENTAL INCOMPLETO;Transgênero;NÃO;ITAJAÍ;Brasil;NÃO;SUL;SC;1;0;1;1;0;;1;;18/07/2026 07:17
2026;Parda;SOLTEIRO;35 a 39 anos;FEMININO;ENSINO MÉDIO COMPLETO;Cisgênero;NÃO;ITAJAÍ;Brasil;NÃO;SUL;SC;151;2;0;153;0;;153;;18/07/2026 07:17
2026;Parda;SOLTEIRO;35 a 39 anos;FEMININO;ENSINO MÉDIO COMPLETO;Cisgênero;SIM;ITAJAÍ;Brasil;NÃO;SUL;SC;2;0;0;2;0;;2;;18/07/2026 07:17
2026;Parda;SOLTEIRO;35 a 39 anos;FEMININO;ENSINO MÉDIO COMPLETO;Prefere não informar;NÃO;ITAJAÍ;Brasil;NÃO;SUL;SC;13;0;0;13;0;;13;;18/07/2026 07:17
2026;Parda;SOLTEIRO;35 a 39 anos;FEMININO;ENSINO MÉDIO COMPLETO;Prefere não informar;SIM;ITAJAÍ;Brasil;NÃO;SUL;SC;1;0;0;1;0;;1;;18/07/2026 07:17
2026;Parda;SOLTEIRO;35 a 39 anos;FEMININO;ENSINO MÉDIO COMPLETO;Transgênero;NÃO;ITAJAÍ;Brasil;NÃO;SUL;SC;1;0;0;1;0;;1;;18/07/2026 07:17
2026;Parda;SOLTEIRO;35 a 39 anos;FEMININO;ENSINO MÉDIO INCOMPLETO;Cisgênero;NÃO;ITAJAÍ;Brasil;NÃO;SUL;SC;33;0;0;36;0;;36;;18/07/2026 07:17
2026;Parda;SOLTEIRO;35 a 39 anos;FEMININO;ENSINO MÉDIO INCOMPLETO;Cisgênero;SIM;ITAJAÍ;Brasil;NÃO;SUL;SC;2;0;0;2;0;;2;;18/07/2026 07:17
2026;Parda;SOLTEIRO;35 a 39 anos;FEMININO;ENSINO MÉDIO INCOMPLETO;Prefere não informar;NÃO;ITAJAÍ;Brasil;NÃO;SUL;SC;6;0;0;6;0;;6;;18/07/2026 07:17
2026;Parda;SOLTEIRO;35 a 39 anos;FEMININO;ENSINO MÉDIO INCOMPLETO;Prefere não informar;SIM;ITAJAÍ;Brasil;NÃO;SUL;SC;1;0;0;1;0;;1;;18/07/2026 07:17
2026;Parda;SOLTEIRO;35 a 39 anos;FEMININO;LÊ E ESCREVE;Cisgênero;NÃO;ITAJAÍ;Brasil;NÃO;SUL;SC;1;0;0;1;0;;1;;18/07/2026 07:17
2026;Parda;SOLTEIRO;35 a 39 anos;FEMININO;SUPERIOR COMPLETO;Cisgênero;NÃO;ITAJAÍ;Brasil;NÃO;SUL;SC;60;0;0;60;0;;60;;18/07/2026 07:17
2026;Parda;SOLTEIRO;35 a 39 anos;FEMININO;SUPERIOR COMPLETO;Prefere não informar;NÃO;ITAJAÍ;Brasil;NÃO;SUL;SC;7;0;0;7;0;;7;;18/07/2026 07:17
2026;Parda;SOLTEIRO;35 a 39 anos;FEMININO;SUPERIOR COMPLETO;Prefere não informar;SIM;ITAJAÍ;Brasil;NÃO;SUL;SC;1;0;0;1;0;;1;;18/07/2026 07:17
2026;Parda;SOLTEIRO;35 a 39 anos;FEMININO;SUPERIOR INCOMPLETO;Cisgênero;NÃO;ITAJAÍ;Brasil;NÃO;SUL;SC;33;2;0;33;0;;33;;18/07/2026 07:17
2026;Parda;SOLTEIRO;35 a 39 anos;FEMININO;SUPERIOR INCOMPLETO;Prefere não informar;NÃO;ITAJAÍ;Brasil;NÃO;SUL;SC;5;0;0;5;0;;5;;18/07/2026 07:17
2026;Parda;SOLTEIRO;35 a 39 anos;MASCULINO;ANALFABETO;Cisgênero;NÃO;ITAJAÍ;Brasil;NÃO;SUL;SC;1;0;0;1;1;;0;;18/07/2026 07:17
2026;Parda;SOLTEIRO;35 a 39 anos;MASCULINO;ENSINO FUNDAMENTAL COMPLETO;Cisgênero;NÃO;ITAJAÍ;Brasil;NÃO;SUL;SC;28;0;0;29;0;;29;;18/07/2026 07:17
2026;Parda;SOLTEIRO;35 a 39 anos;MASCULINO;ENSINO FUNDAMENTAL COMPLETO;Prefere não informar;NÃO;ITAJAÍ;Brasil;NÃO;SUL;SC;2;0;0;2;0;;2;;18/07/2026 07:17
2026;Parda;SOLTEIRO;35 a 39 anos;MASCULINO;ENSINO FUNDAMENTAL INCOMPLETO;Cisgênero;NÃO;ITAJAÍ;Brasil;NÃO;SUL;SC;56;4;0;59;0;;59;;18/07/2026 07:17
2026;Parda;SOLTEIRO;35 a 39 anos;MASCULINO;ENSINO FUNDAMENTAL INCOMPLETO;Cisgênero;SIM;ITAJAÍ;Brasil;NÃO;SUL;SC;1;0;0;1;0;;1;;18/07/2026 07:17
2026;Parda;SOLTEIRO;35 a 39 anos;MASCULINO;ENSINO FUNDAMENTAL INCOMPLETO;Prefere não informar;NÃO;ITAJAÍ;Brasil;NÃO;SUL;SC;4;0;0;4;0;;4;;18/07/2026 07:17
2026;Parda;SOLTEIRO;35 a 39 anos;MASCULINO;ENSINO FUNDAMENTAL INCOMPLETO;Transgênero;NÃO;ITAJAÍ;Brasil;NÃO;SUL;SC;1;0;0;1;0;;1;;18/07/2026 07:17
2026;Parda;SOLTEIRO;35 a 39 anos;MASCULINO;ENSINO MÉDIO COMPLETO;Cisgênero;NÃO;ITAJAÍ;Brasil;NÃO;SUL;SC;151;3;0;153;0;;153;;18/07/2026 07:17
2026;Parda;SOLTEIRO;35 a 39 anos;MASCULINO;ENSINO MÉDIO COMPLETO;Cisgênero;SIM;ITAJAÍ;Brasil;NÃO;SUL;SC;2;0;0;2;0;;2;;18/07/2026 07:17
2026;Parda;SOLTEIRO;35 a 39 anos;MASCULINO;ENSINO MÉDIO COMPLETO;Prefere não informar;NÃO;ITAJAÍ;Brasil;NÃO;SUL;SC;6;0;0;6;0;;6;;18/07/2026 07:17
2026;Parda;SOLTEIRO;35 a 39 anos;MASCULINO;ENSINO MÉDIO COMPLETO;Transgênero;NÃO;ITAJAÍ;Brasil;NÃO;SUL;SC;1;0;0;1;0;;1;;18/07/2026 07:17
2026;Parda;SOLTEIRO;35 a 39 anos;MASCULINO;ENSINO MÉDIO INCOMPLETO;Cisgênero;NÃO;ITAJAÍ;Brasil;NÃO;SUL;SC;52;1;0;54;0;;54;;18/07/2026 07:17
2026;Parda;SOLTEIRO;35 a 39 anos;MASCULINO;ENSINO MÉDIO INCOMPLETO;Cisgênero;SIM;ITAJAÍ;Brasil;NÃO;SUL;SC;4;0;0;4;0;;4;;18/07/2026 07:17
2026;Parda;SOLTEIRO;35 a 39 anos;MASCULINO;ENSINO MÉDIO INCOMPLETO;Prefere não informar;NÃO;ITAJAÍ;Brasil;NÃO;SUL;SC;6;0;0;6;0;;6;;18/07/2026 07:17
2026;Parda;SOLTEIRO;35 a 39 anos;MASCULINO;LÊ E ESCREVE;Cisgênero;NÃO;ITAJAÍ;Brasil;NÃO;SUL;SC;1;0;0;1;0;;1;;18/07/2026 07:17
2026;Parda;SOLTEIRO;35 a 39 anos;MASCULINO;SUPERIOR COMPLETO;Cisgênero;NÃO;ITAJAÍ;Brasil;NÃO;SUL;SC;45;1;0;47;0;;47;;18/07/2026 07:17
2026;Parda;SOLTEIRO;35 a 39 anos;MASCULINO;SUPERIOR COMPLETO;Prefere não informar;NÃO;ITAJAÍ;Brasil;NÃO;SUL;SC;3;0;0;4;0;;4;;18/07/2026 07:17
2026;Parda;SOLTEIRO;35 a 39 anos;MASCULINO;SUPERIOR COMPLETO;Transgênero;NÃO;ITAJAÍ;Brasil;NÃO;SUL;SC;1;0;0;1;0;;1;;18/07/2026 07:17
2026;Parda;SOLTEIRO;35 a 39 anos;MASCULINO;SUPERIOR INCOMPLETO;Cisgênero;NÃO;ITAJAÍ;Brasil;NÃO;SUL;SC;30;1;0;30;0;;30;;18/07/2026 07:17
2026;Parda;SOLTEIRO;35 a 39 anos;MASCULINO;SUPERIOR INCOMPLETO;Prefere não informar;NÃO;ITAJAÍ;Brasil;NÃO;SUL;SC;6;0;0;6;0;;6;;18/07/2026 07:17
2026;Parda;SOLTEIRO;40 a 44 anos;FEMININO;ANALFABETO;Cisgênero;NÃO;ITAJAÍ;Brasil;NÃO;SUL;SC;2;0;0;2;2;;0;;18/07/2026 07:17
2026;Parda;SOLTEIRO;40 a 44 anos;FEMININO;ENSINO FUNDAMENTAL COMPLETO;Cisgênero;NÃO;ITAJAÍ;Brasil;NÃO;SUL;SC;15;0;0;15;0;;15;;18/07/2026 07:17
2026;Parda;SOLTEIRO;40 a 44 anos;FEMININO;ENSINO FUNDAMENTAL COMPLETO;Cisgênero;SIM;ITAJAÍ;Brasil;NÃO;SUL;SC;3;0;0;3;0;;3;;18/07/2026 07:17
2026;Parda;SOLTEIRO;40 a 44 anos;FEMININO;ENSINO FUNDAMENTAL COMPLETO;Prefere não informar;NÃO;ITAJAÍ;Brasil;NÃO;SUL;SC;2;0;0;2;0;;2;;18/07/2026 07:17
2026;Parda;SOLTEIRO;40 a 44 anos;FEMININO;ENSINO FUNDAMENTAL INCOMPLETO;Cisgênero;NÃO;ITAJAÍ;Brasil;NÃO;SUL;SC;40;2;0;41;0;;41;;18/07/2026 07:17
2026;Parda;SOLTEIRO;40 a 44 anos;FEMININO;ENSINO FUNDAMENTAL INCOMPLETO;Prefere não informar;NÃO;ITAJAÍ;Brasil;NÃO;SUL;SC;2;0;0;2;0;;2;;18/07/2026 07:17
2026;Parda;SOLTEIRO;40 a 44 anos;FEMININO;ENSINO MÉDIO COMPLETO;Cisgênero;NÃO;ITAJAÍ;Brasil;NÃO;SUL;SC;107;1;0;109;0;;109;;18/07/2026 07:17
2026;Parda;SOLTEIRO;40 a 44 anos;FEMININO;ENSINO MÉDIO COMPLETO;Prefere não informar;NÃO;ITAJAÍ;Brasil;NÃO;SUL;SC;7;0;0;7;0;;7;;18/07/2026 07:17
2026;Parda;SOLTEIRO;40 a 44 anos;FEMININO;ENSINO MÉDIO COMPLETO;Transgênero;NÃO;ITAJAÍ;Brasil;NÃO;SUL;SC;1;0;0;1;0;;1;;18/07/2026 07:17
2026;Parda;SOLTEIRO;40 a 44 anos;FEMININO;ENSINO MÉDIO INCOMPLETO;Cisgênero;NÃO;ITAJAÍ;Brasil;NÃO;SUL;SC;33;0;0;33;0;;33;;18/07/2026 07:17
2026;Parda;SOLTEIRO;40 a 44 anos;FEMININO;ENSINO MÉDIO INCOMPLETO;Cisgênero;SIM;ITAJAÍ;Brasil;NÃO;SUL;SC;1;0;0;1;0;;1;;18/07/2026 07:17
2026;Parda;SOLTEIRO;40 a 44 anos;FEMININO;ENSINO MÉDIO INCOMPLETO;Prefere não informar;NÃO;ITAJAÍ;Brasil;NÃO;SUL;SC;5;0;0;5;0;;5;;18/07/2026 07:17
2026;Parda;SOLTEIRO;40 a 44 anos;FEMININO;LÊ E ESCREVE;Cisgênero;NÃO;ITAJAÍ;Brasil;NÃO;SUL;SC;3;0;0;4;0;;4;;18/07/2026 07:17
2026;Parda;SOLTEIRO;40 a 44 anos;FEMININO;SUPERIOR COMPLETO;Cisgênero;NÃO;ITAJAÍ;Brasil;NÃO;SUL;SC;36;0;0;37;0;;37;;18/07/2026 07:17
2026;Parda;SOLTEIRO;40 a 44 anos;FEMININO;SUPERIOR COMPLETO;Cisgênero;NÃO;ITAJAÍ;Brasil;SIM;SUL;SC;1;0;0;1;0;;1;;18/07/2026 07:17
2026;Parda;SOLTEIRO;40 a 44 anos;FEMININO;SUPERIOR COMPLETO;Prefere não informar;NÃO;ITAJAÍ;Brasil;NÃO;SUL;SC;2;0;0;2;0;;2;;18/07/2026 07:17
2026;Parda;SOLTEIRO;40 a 44 anos;FEMININO;SUPERIOR INCOMPLETO;Cisgênero;NÃO;ITAJAÍ;Brasil;NÃO;SUL;SC;23;0;0;23;0;;23;;18/07/2026 07:17
2026;Parda;SOLTEIRO;40 a 44 anos;FEMININO;SUPERIOR INCOMPLETO;Prefere não informar;NÃO;ITAJAÍ;Brasil;NÃO;SUL;SC;1;0;0;1;0;;1;;18/07/2026 07:17
2026;Parda;SOLTEIRO;40 a 44 anos;FEMININO;SUPERIOR INCOMPLETO;Prefere não informar;SIM;ITAJAÍ;Brasil;NÃO;SUL;SC;1;0;0;1;0;;1;;18/07/2026 07:17
2026;Parda;SOLTEIRO;40 a 44 anos;MASCULINO;ANALFABETO;Cisgênero;NÃO;ITAJAÍ;Brasil;NÃO;SUL;SC;1;0;0;1;1;;0;;18/07/2026 07:17
2026;Parda;SOLTEIRO;40 a 44 anos;MASCULINO;ENSINO FUNDAMENTAL COMPLETO;Cisgênero;NÃO;ITAJAÍ;Brasil;NÃO;SUL;SC;15;0;0;16;0;;16;;18/07/2026 07:17
2026;Parda;SOLTEIRO;40 a 44 anos;MASCULINO;ENSINO FUNDAMENTAL COMPLETO;Prefere não informar;NÃO;ITAJAÍ;Brasil;NÃO;SUL;SC;1;0;0;1;0;;1;;18/07/2026 07:17
2026;Parda;SOLTEIRO;40 a 44 anos;MASCULINO;ENSINO FUNDAMENTAL INCOMPLETO;Cisgênero;NÃO;ITAJAÍ;Brasil;NÃO;SUL;SC;52;3;0;52;0;;52;;18/07/2026 07:17
2026;Parda;SOLTEIRO;40 a 44 anos;MASCULINO;ENSINO FUNDAMENTAL INCOMPLETO;Prefere não informar;NÃO;ITAJAÍ;Brasil;NÃO;SUL;SC;4;0;0;4;0;;4;;18/07/2026 07:17
2026;Parda;SOLTEIRO;40 a 44 anos;MASCULINO;ENSINO FUNDAMENTAL INCOMPLETO;Prefere não informar;SIM;ITAJAÍ;Brasil;NÃO;SUL;SC;1;0;0;1;0;;1;;18/07/2026 07:17
2026;Parda;SOLTEIRO;40 a 44 anos;MASCULINO;ENSINO MÉDIO COMPLETO;Cisgênero;NÃO;ITAJAÍ;Brasil;NÃO;SUL;SC;110;0;0;113;0;;113;;18/07/2026 07:17
2026;Parda;SOLTEIRO;40 a 44 anos;MASCULINO;ENSINO MÉDIO COMPLETO;Cisgênero;SIM;ITAJAÍ;Brasil;NÃO;SUL;SC;1;0;0;1;0;;1;;18/07/2026 07:17
2026;Parda;SOLTEIRO;40 a 44 anos;MASCULINO;ENSINO MÉDIO COMPLETO;Prefere não informar;NÃO;ITAJAÍ;Brasil;NÃO;SUL;SC;12;1;0;12;0;;12;;18/07/2026 07:17
2026;Parda;SOLTEIRO;40 a 44 anos;MASCULINO;ENSINO MÉDIO INCOMPLETO;Cisgênero;NÃO;ITAJAÍ;Brasil;NÃO;SUL;SC;35;0;0;35;0;;35;;18/07/2026 07:17
2026;Parda;SOLTEIRO;40 a 44 anos;MASCULINO;ENSINO MÉDIO INCOMPLETO;Prefere não informar;NÃO;ITAJAÍ;Brasil;NÃO;SUL;SC;5;0;0;5;0;;5;;18/07/2026 07:17
2026;Parda;SOLTEIRO;40 a 44 anos;MASCULINO;LÊ E ESCREVE;Cisgênero;NÃO;ITAJAÍ;Brasil;NÃO;SUL;SC;2;1;0;2;0;;2;;18/07/2026 07:17
2026;Parda;SOLTEIRO;40 a 44 anos;MASCULINO;SUPERIOR COMPLETO;Cisgênero;NÃO;ITAJAÍ;Brasil;NÃO;SUL;SC;37;0;0;37;0;;37;;18/07/2026 07:17
2026;Parda;SOLTEIRO;40 a 44 anos;MASCULINO;SUPERIOR COMPLETO;Cisgênero;SIM;ITAJAÍ;Brasil;NÃO;SUL;SC;2;0;0;2;0;;2;;18/07/2026 07:17
2026;Parda;SOLTEIRO;40 a 44 anos;MASCULINO;SUPERIOR COMPLETO;Prefere não informar;NÃO;ITAJAÍ;Brasil;NÃO;SUL;SC;4;0;0;4;0;;4;;18/07/2026 07:17
2026;Parda;SOLTEIRO;40 a 44 anos;MASCULINO;SUPERIOR COMPLETO;Prefere não informar;SIM;ITAJAÍ;Brasil;NÃO;SUL;SC;1;0;0;1;0;;1;;18/07/2026 07:17
2026;Parda;SOLTEIRO;40 a 44 anos;MASCULINO;SUPERIOR INCOMPLETO;Cisgênero;NÃO;ITAJAÍ;Brasil;NÃO;SUL;SC;19;1;0;20;0;;20;;18/07/2026 07:17
2026;Parda;SOLTEIRO;40 a 44 anos;MASCULINO;SUPERIOR INCOMPLETO;Prefere não informar;NÃO;ITAJAÍ;Brasil;NÃO;SUL;SC;2;0;0;2;0;;2;;18/07/2026 07:17
2026;Parda;SOLTEIRO;45 a 49 anos;FEMININO;ANALFABETO;Cisgênero;NÃO;ITAJAÍ;Brasil;NÃO;SUL;SC;6;0;0;6;6;;0;;18/07/2026 07:17
2026;Parda;SOLTEIRO;45 a 49 anos;FEMININO;ENSINO FUNDAMENTAL COMPLETO;Cisgênero;NÃO;ITAJAÍ;Brasil;NÃO;SUL;SC;17;2;0;17;0;;17;;18/07/2026 07:17
2026;Parda;SOLTEIRO;45 a 49 anos;FEMININO;ENSINO FUNDAMENTAL COMPLETO;Prefere não informar;NÃO;ITAJAÍ;Brasil;NÃO;SUL;SC;1;0;0;1;0;;1;;18/07/2026 07:17
2026;Parda;SOLTEIRO;45 a 49 anos;FEMININO;ENSINO FUNDAMENTAL INCOMPLETO;Cisgênero;NÃO;ITAJAÍ;Brasil;NÃO;SUL;SC;45;4;0;45;0;;45;;18/07/2026 07:17
2026;Parda;SOLTEIRO;45 a 49 anos;FEMININO;ENSINO FUNDAMENTAL INCOMPLETO;Prefere não informar;NÃO;ITAJAÍ;Brasil;NÃO;SUL;SC;2;0;0;3;0;;3;;18/07/2026 07:17
2026;Parda;SOLTEIRO;45 a 49 anos;FEMININO;ENSINO MÉDIO COMPLETO;Cisgênero;NÃO;ITAJAÍ;Brasil;NÃO;SUL;SC;70;1;0;70;0;;70;;18/07/2026 07:17
2026;Parda;SOLTEIRO;45 a 49 anos;FEMININO;ENSINO MÉDIO COMPLETO;Cisgênero;SIM;ITAJAÍ;Brasil;NÃO;SUL;SC;1;0;0;1;0;;1;;18/07/2026 07:17
2026;Parda;SOLTEIRO;45 a 49 anos;FEMININO;ENSINO MÉDIO COMPLETO;Prefere não informar;NÃO;ITAJAÍ;Brasil;NÃO;SUL;SC;4;0;0;4;0;;4;;18/07/2026 07:17
2026;Parda;SOLTEIRO;45 a 49 anos;FEMININO;ENSINO MÉDIO INCOMPLETO;Cisgênero;NÃO;ITAJAÍ;Brasil;NÃO;SUL;SC;24;0;0;24;0;;24;;18/07/2026 07:17
2026;Parda;SOLTEIRO;45 a 49 anos;FEMININO;ENSINO MÉDIO INCOMPLETO;Prefere não informar;NÃO;ITAJAÍ;Brasil;NÃO;SUL;SC;2;0;0;2;0;;2;;18/07/2026 07:17
2026;Parda;SOLTEIRO;45 a 49 anos;FEMININO;ENSINO MÉDIO INCOMPLETO;Prefere não informar;SIM;ITAJAÍ;Brasil;NÃO;SUL;SC;1;0;0;1;0;;1;;18/07/2026 07:17
2026;Parda;SOLTEIRO;45 a 49 anos;FEMININO;LÊ E ESCREVE;Cisgênero;NÃO;ITAJAÍ;Brasil;NÃO;SUL;SC;1;0;0;1;0;;1;;18/07/2026 07:17
2026;Parda;SOLTEIRO;45 a 49 anos;FEMININO;LÊ E ESCREVE;Prefere não informar;NÃO;ITAJAÍ;Brasil;NÃO;SUL;SC;1;0;0;1;0;;1;;18/07/2026 07:17
2026;Parda;SOLTEIRO;45 a 49 anos;FEMININO;LÊ E ESCREVE;Prefere não informar;SIM;ITAJAÍ;Brasil;SIM;SUL;SC;1;0;0;1;0;;1;;18/07/2026 07:17
2026;Parda;SOLTEIRO;45 a 49 anos;FEMININO;SUPERIOR COMPLETO;Cisgênero;NÃO;ITAJAÍ;Brasil;NÃO;SUL;SC;28;0;0;28;0;;28;;18/07/2026 07:17
2026;Parda;SOLTEIRO;45 a 49 anos;FEMININO;SUPERIOR COMPLETO;Prefere não informar;NÃO;ITAJAÍ;Brasil;NÃO;SUL;SC;3;0;0;3;0;;3;;18/07/2026 07:17
2026;Parda;SOLTEIRO;45 a 49 anos;FEMININO;SUPERIOR INCOMPLETO;Cisgênero;NÃO;ITAJAÍ;Brasil;NÃO;SUL;SC;8;0;0;8;0;;8;;18/07/2026 07:17
2026;Parda;SOLTEIRO;45 a 49 anos;FEMININO;SUPERIOR INCOMPLETO;Prefere não informar;NÃO;ITAJAÍ;Brasil;NÃO;SUL;SC;2;0;0;2;0;;2;;18/07/2026 07:17
2026;Parda;SOLTEIRO;45 a 49 anos;MASCULINO;ANALFABETO;Cisgênero;NÃO;ITAJAÍ;Brasil;NÃO;SUL;SC;2;0;0;2;2;;0;;18/07/2026 07:17
2026;Parda;SOLTEIRO;45 a 49 anos;MASCULINO;ENSINO FUNDAMENTAL COMPLETO;Cisgênero;NÃO;ITAJAÍ;Brasil;NÃO;SUL;SC;19;0;0;19;0;;19;;18/07/2026 07:17
2026;Parda;SOLTEIRO;45 a 49 anos;MASCULINO;ENSINO FUNDAMENTAL INCOMPLETO;Cisgênero;NÃO;ITAJAÍ;Brasil;NÃO;SUL;SC;60;2;0;60;0;;60;;18/07/2026 07:17
2026;Parda;SOLTEIRO;45 a 49 anos;MASCULINO;ENSINO FUNDAMENTAL INCOMPLETO;Prefere não informar;NÃO;ITAJAÍ;Brasil;NÃO;SUL;SC;4;0;0;4;0;;4;;18/07/2026 07:17
2026;Parda;SOLTEIRO;45 a 49 anos;MASCULINO;ENSINO FUNDAMENTAL INCOMPLETO;Prefere não informar;SIM;ITAJAÍ;Brasil;NÃO;SUL;SC;1;0;0;1;0;;1;;18/07/2026 07:17
2026;Parda;SOLTEIRO;45 a 49 anos;MASCULINO;ENSINO MÉDIO COMPLETO;Cisgênero;NÃO;ITAJAÍ;Brasil;NÃO;SUL;SC;65;3;0;65;0;;65;;18/07/2026 07:17
2026;Parda;SOLTEIRO;45 a 49 anos;MASCULINO;ENSINO MÉDIO COMPLETO;Cisgênero;SIM;ITAJAÍ;Brasil;NÃO;SUL;SC;1;0;0;1;0;;1;;18/07/2026 07:17
2026;Parda;SOLTEIRO;45 a 49 anos;MASCULINO;ENSINO MÉDIO COMPLETO;Prefere não informar;NÃO;ITAJAÍ;Brasil;NÃO;SUL;SC;2;0;0;2;0;;2;;18/07/2026 07:17
2026;Parda;SOLTEIRO;45 a 49 anos;MASCULINO;ENSINO MÉDIO COMPLETO;Prefere não informar;NÃO;ITAJAÍ;Brasil;SIM;SUL;SC;1;0;0;1;0;;1;;18/07/2026 07:17
2026;Parda;SOLTEIRO;45 a 49 anos;MASCULINO;ENSINO MÉDIO COMPLETO;Prefere não informar;SIM;ITAJAÍ;Brasil;NÃO;SUL;SC;1;0;0;1;0;;1;;18/07/2026 07:17
2026;Parda;SOLTEIRO;45 a 49 anos;MASCULINO;ENSINO MÉDIO INCOMPLETO;Cisgênero;NÃO;ITAJAÍ;Brasil;NÃO;SUL;SC;22;0;0;22;0;;22;;18/07/2026 07:17
2026;Parda;SOLTEIRO;45 a 49 anos;MASCULINO;LÊ E ESCREVE;Cisgênero;NÃO;ITAJAÍ;Brasil;NÃO;SUL;SC;3;0;0;3;0;;3;;18/07/2026 07:17
2026;Parda;SOLTEIRO;45 a 49 anos;MASCULINO;LÊ E ESCREVE;Prefere não informar;NÃO;ITAJAÍ;Brasil;NÃO;SUL;SC;1;0;0;1;0;;1;;18/07/2026 07:17
2026;Parda;SOLTEIRO;45 a 49 anos;MASCULINO;SUPERIOR COMPLETO;Cisgênero;NÃO;ITAJAÍ;Brasil;NÃO;SUL;SC;13;0;0;14;0;;14;;18/07/2026 07:17
2026;Parda;SOLTEIRO;45 a 49 anos;MASCULINO;SUPERIOR COMPLETO;Prefere não informar;NÃO;ITAJAÍ;Brasil;NÃO;SUL;SC;3;0;0;3;0;;3;;18/07/2026 07:17
2026;Parda;SOLTEIRO;45 a 49 anos;MASCULINO;SUPERIOR INCOMPLETO;Cisgênero;NÃO;ITAJAÍ;Brasil;NÃO;SUL;SC;13;0;0;13;0;;13;;18/07/2026 07:17
2026;Parda;SOLTEIRO;45 a 49 anos;MASCULINO;SUPERIOR INCOMPLETO;Cisgênero;SIM;ITAJAÍ;Brasil;NÃO;SUL;SC;1;0;0;1;0;;1;;18/07/2026 07:17
2026;Parda;SOLTEIRO;45 a 49 anos;MASCULINO;SUPERIOR INCOMPLETO;Prefere não informar;NÃO;ITAJAÍ;Brasil;NÃO;SUL;SC;2;0;0;2;0;;2;;18/07/2026 07:17
2026;Parda;SOLTEIRO;50 a 54 anos;FEMININO;ANALFABETO;Cisgênero;NÃO;ITAJAÍ;Brasil;NÃO;SUL;SC;7;1;0;7;7;;0;;18/07/2026 07:17
2026;Parda;SOLTEIRO;50 a 54 anos;FEMININO;ENSINO FUNDAMENTAL COMPLETO;Cisgênero;NÃO;ITAJAÍ;Brasil;NÃO;SUL;SC;10;1;0;10;0;;10;;18/07/2026 07:17
2026;Parda;SOLTEIRO;50 a 54 anos;FEMININO;ENSINO FUNDAMENTAL INCOMPLETO;Cisgênero;NÃO;ITAJAÍ;Brasil;NÃO;SUL;SC;34;0;0;34;0;;34;;18/07/2026 07:17
2026;Parda;SOLTEIRO;50 a 54 anos;FEMININO;ENSINO FUNDAMENTAL INCOMPLETO;Prefere não informar;NÃO;ITAJAÍ;Brasil;NÃO;SUL;SC;2;0;0;2;0;;2;;18/07/2026 07:17
2026;Parda;SOLTEIRO;50 a 54 anos;FEMININO;ENSINO MÉDIO COMPLETO;Cisgênero;NÃO;ITAJAÍ;Brasil;NÃO;SUL;SC;46;2;0;46;0;;46;;18/07/2026 07:17
2026;Parda;SOLTEIRO;50 a 54 anos;FEMININO;ENSINO MÉDIO COMPLETO;Prefere não informar;NÃO;ITAJAÍ;Brasil;NÃO;SUL;SC;5;0;0;5;0;;5;;18/07/2026 07:17
2026;Parda;SOLTEIRO;50 a 54 anos;FEMININO;ENSINO MÉDIO INCOMPLETO;Cisgênero;NÃO;ITAJAÍ;Brasil;NÃO;SUL;SC;12;0;0;12;0;;12;;18/07/2026 07:17
2026;Parda;SOLTEIRO;50 a 54 anos;FEMININO;ENSINO MÉDIO INCOMPLETO;Cisgênero;SIM;ITAJAÍ;Brasil;NÃO;SUL;SC;1;0;0;1;0;;1;;18/07/2026 07:17
2026;Parda;SOLTEIRO;50 a 54 anos;FEMININO;ENSINO MÉDIO INCOMPLETO;Prefere não informar;NÃO;ITAJAÍ;Brasil;NÃO;SUL;SC;0;0;0;1;0;;1;;18/07/2026 07:17
2026;Parda;SOLTEIRO;50 a 54 anos;FEMININO;LÊ E ESCREVE;Cisgênero;NÃO;ITAJAÍ;Brasil;NÃO;SUL;SC;3;0;0;3;0;;3;;18/07/2026 07:17
2026;Parda;SOLTEIRO;50 a 54 anos;FEMININO;SUPERIOR COMPLETO;Cisgênero;NÃO;ITAJAÍ;Brasil;NÃO;SUL;SC;15;0;0;15;0;;15;;18/07/2026 07:17
2026;Parda;SOLTEIRO;50 a 54 anos;FEMININO;SUPERIOR COMPLETO;Cisgênero;SIM;ITAJAÍ;Brasil;NÃO;SUL;SC;1;0;0;1;0;;1;;18/07/2026 07:17
2026;Parda;SOLTEIRO;50 a 54 anos;FEMININO;SUPERIOR COMPLETO;Prefere não informar;NÃO;ITAJAÍ;Brasil;NÃO;SUL;SC;1;0;0;1;0;;1;;18/07/2026 07:17
2026;Parda;SOLTEIRO;50 a 54 anos;FEMININO;SUPERIOR INCOMPLETO;Cisgênero;NÃO;ITAJAÍ;Brasil;NÃO;SUL;SC;11;0;0;11;0;;11;;18/07/2026 07:17
2026;Parda;SOLTEIRO;50 a 54 anos;MASCULINO;ANALFABETO;Cisgênero;NÃO;ITAJAÍ;Brasil;NÃO;SUL;SC;5;2;0;5;5;;0;;18/07/2026 07:17
2026;Parda;SOLTEIRO;50 a 54 anos;MASCULINO;ENSINO FUNDAMENTAL COMPLETO;Cisgênero;NÃO;ITAJAÍ;Brasil;NÃO;SUL;SC;12;0;0;12;0;;12;;18/07/2026 07:17
2026;Parda;SOLTEIRO;50 a 54 anos;MASCULINO;ENSINO FUNDAMENTAL INCOMPLETO;Cisgênero;NÃO;ITAJAÍ;Brasil;NÃO;SUL;SC;39;2;0;40;0;;40;;18/07/2026 07:17
2026;Parda;SOLTEIRO;50 a 54 anos;MASCULINO;ENSINO MÉDIO COMPLETO;Cisgênero;NÃO;ITAJAÍ;Brasil;NÃO;SUL;SC;27;0;0;27;0;;27;;18/07/2026 07:17
2026;Parda;SOLTEIRO;50 a 54 anos;MASCULINO;ENSINO MÉDIO COMPLETO;Prefere não informar;NÃO;ITAJAÍ;Brasil;NÃO;SUL;SC;4;0;0;4;0;;4;;18/07/2026 07:17
2026;Parda;SOLTEIRO;50 a 54 anos;MASCULINO;ENSINO MÉDIO COMPLETO;Prefere não informar;SIM;ITAJAÍ;Brasil;NÃO;SUL;SC;2;0;0;2;0;;2;;18/07/2026 07:17
2026;Parda;SOLTEIRO;50 a 54 anos;MASCULINO;ENSINO MÉDIO INCOMPLETO;Cisgênero;NÃO;ITAJAÍ;Brasil;NÃO;SUL;SC;12;0;0;12;0;;12;;18/07/2026 07:17
2026;Parda;SOLTEIRO;50 a 54 anos;MASCULINO;ENSINO MÉDIO INCOMPLETO;Cisgênero;SIM;ITAJAÍ;Brasil;NÃO;SUL;SC;1;0;0;1;0;;1;;18/07/2026 07:17
2026;Parda;SOLTEIRO;50 a 54 anos;MASCULINO;ENSINO MÉDIO INCOMPLETO;Prefere não informar;NÃO;ITAJAÍ;Brasil;NÃO;SUL;SC;1;0;0;1;0;;1;;18/07/2026 07:17
2026;Parda;SOLTEIRO;50 a 54 anos;MASCULINO;LÊ E ESCREVE;Cisgênero;NÃO;ITAJAÍ;Brasil;NÃO;SUL;SC;5;0;0;5;0;;5;;18/07/2026 07:17
2026;Parda;SOLTEIRO;50 a 54 anos;MASCULINO;LÊ E ESCREVE;Prefere não informar;NÃO;ITAJAÍ;Brasil;NÃO;SUL;SC;1;0;0;1;0;;1;;18/07/2026 07:17
2026;Parda;SOLTEIRO;50 a 54 anos;MASCULINO;SUPERIOR COMPLETO;Cisgênero;NÃO;ITAJAÍ;Brasil;NÃO;SUL;SC;15;1;0;15;0;;15;;18/07/2026 07:17
2026;Parda;SOLTEIRO;50 a 54 anos;MASCULINO;SUPERIOR INCOMPLETO;Cisgênero;NÃO;ITAJAÍ;Brasil;NÃO;SUL;SC;5;0;0;5;0;;5;;18/07/2026 07:17
2026;Parda;SOLTEIRO;50 a 54 anos;MASCULINO;SUPERIOR INCOMPLETO;Prefere não informar;NÃO;ITAJAÍ;Brasil;NÃO;SUL;SC;1;0;0;1;0;;1;;18/07/2026 07:17
2026;Parda;SOLTEIRO;55 a 59 anos;FEMININO;ANALFABETO;Cisgênero;NÃO;ITAJAÍ;Brasil;NÃO;SUL;SC;4;1;0;4;4;;0;;18/07/2026 07:17
2026;Parda;SOLTEIRO;55 a 59 anos;FEMININO;ENSINO FUNDAMENTAL COMPLETO;Cisgênero;NÃO;ITAJAÍ;Brasil;NÃO;SUL;SC;3;0;0;3;0;;3;;18/07/2026 07:17
2026;Parda;SOLTEIRO;55 a 59 anos;FEMININO;ENSINO FUNDAMENTAL COMPLETO;Prefere não informar;NÃO;ITAJAÍ;Brasil;NÃO;SUL;SC;1;0;0;1;0;;1;;18/07/2026 07:17
2026;Parda;SOLTEIRO;55 a 59 anos;FEMININO;ENSINO FUNDAMENTAL INCOMPLETO;Cisgênero;NÃO;ITAJAÍ;Brasil;NÃO;SUL;SC;20;1;0;20;0;;20;;18/07/2026 07:17
2026;Parda;SOLTEIRO;55 a 59 anos;FEMININO;ENSINO FUNDAMENTAL INCOMPLETO;Prefere não informar;NÃO;ITAJAÍ;Brasil;NÃO;SUL;SC;2;0;0;2;0;;2;;18/07/2026 07:17
2026;Parda;SOLTEIRO;55 a 59 anos;FEMININO;ENSINO MÉDIO COMPLETO;Cisgênero;NÃO;ITAJAÍ;Brasil;NÃO;SUL;SC;23;0;0;23;0;;23;;18/07/2026 07:17
2026;Parda;SOLTEIRO;55 a 59 anos;FEMININO;ENSINO MÉDIO INCOMPLETO;Cisgênero;NÃO;ITAJAÍ;Brasil;NÃO;SUL;SC;16;0;0;16;0;;16;;18/07/2026 07:17
2026;Parda;SOLTEIRO;55 a 59 anos;FEMININO;LÊ E ESCREVE;Cisgênero;NÃO;ITAJAÍ;Brasil;NÃO;SUL;SC;1;0;0;1;0;;1;;18/07/2026 07:17
2026;Parda;SOLTEIRO;55 a 59 anos;FEMININO;SUPERIOR COMPLETO;Cisgênero;NÃO;ITAJAÍ;Brasil;NÃO;SUL;SC;11;0;0;11;0;;11;;18/07/2026 07:17
2026;Parda;SOLTEIRO;55 a 59 anos;FEMININO;SUPERIOR COMPLETO;Prefere não informar;NÃO;ITAJAÍ;Brasil;NÃO;SUL;SC;1;0;0;1;0;;1;;18/07/2026 07:17
2026;Parda;SOLTEIRO;55 a 59 anos;FEMININO;SUPERIOR INCOMPLETO;Cisgênero;NÃO;ITAJAÍ;Brasil;NÃO;SUL;SC;1;0;0;1;0;;1;;18/07/2026 07:17
2026;Parda;SOLTEIRO;55 a 59 anos;MASCULINO;ANALFABETO;Cisgênero;NÃO;ITAJAÍ;Brasil;NÃO;SUL;SC;5;2;0;5;5;;0;;18/07/2026 07:17
2026;Parda;SOLTEIRO;55 a 59 anos;MASCULINO;ENSINO FUNDAMENTAL COMPLETO;Cisgênero;NÃO;ITAJAÍ;Brasil;NÃO;SUL;SC;9;1;0;9;0;;9;;18/07/2026 07:17
2026;Parda;SOLTEIRO;55 a 59 anos;MASCULINO;ENSINO FUNDAMENTAL COMPLETO;Prefere não informar;NÃO;ITAJAÍ;Brasil;NÃO;SUL;SC;1;0;0;1;0;;1;;18/07/2026 07:17
2026;Parda;SOLTEIRO;55 a 59 anos;MASCULINO;ENSINO FUNDAMENTAL INCOMPLETO;Cisgênero;NÃO;ITAJAÍ;Brasil;NÃO;SUL;SC;43;1;0;45;0;;45;;18/07/2026 07:17
2026;Parda;SOLTEIRO;55 a 59 anos;MASCULINO;ENSINO FUNDAMENTAL INCOMPLETO;Prefere não informar;NÃO;ITAJAÍ;Brasil;NÃO;SUL;SC;2;0;0;2;0;;2;;18/07/2026 07:17
2026;Parda;SOLTEIRO;55 a 59 anos;MASCULINO;ENSINO MÉDIO COMPLETO;Cisgênero;NÃO;ITAJAÍ;Brasil;NÃO;SUL;SC;21;1;0;21;0;;21;;18/07/2026 07:17
2026;Parda;SOLTEIRO;55 a 59 anos;MASCULINO;ENSINO MÉDIO COMPLETO;Cisgênero;SIM;ITAJAÍ;Brasil;NÃO;SUL;SC;1;0;0;1;0;;1;;18/07/2026 07:17
2026;Parda;SOLTEIRO;55 a 59 anos;MASCULINO;ENSINO MÉDIO COMPLETO;Prefere não informar;NÃO;ITAJAÍ;Brasil;NÃO;SUL;SC;1;0;0;1;0;;1;;18/07/2026 07:17
2026;Parda;SOLTEIRO;55 a 59 anos;MASCULINO;ENSINO MÉDIO INCOMPLETO;Cisgênero;NÃO;ITAJAÍ;Brasil;NÃO;SUL;SC;14;0;0;14;0;;14;;18/07/2026 07:17
2026;Parda;SOLTEIRO;55 a 59 anos;MASCULINO;ENSINO MÉDIO INCOMPLETO;Cisgênero;SIM;ITAJAÍ;Brasil;NÃO;SUL;SC;1;0;0;1;0;;1;;18/07/2026 07:17
2026;Parda;SOLTEIRO;55 a 59 anos;MASCULINO;LÊ E ESCREVE;Cisgênero;NÃO;ITAJAÍ;Brasil;NÃO;SUL;SC;7;0;0;7;0;;7;;18/07/2026 07:17
2026;Parda;SOLTEIRO;55 a 59 anos;MASCULINO;SUPERIOR COMPLETO;Cisgênero;NÃO;ITAJAÍ;Brasil;NÃO;SUL;SC;2;0;0;2;0;;2;;18/07/2026 07:17
2026;Parda;SOLTEIRO;60 a 64 anos;FEMININO;ANALFABETO;Cisgênero;NÃO;ITAJAÍ;Brasil;NÃO;SUL;SC;2;2;0;2;2;;0;;18/07/2026 07:17
2026;Parda;SOLTEIRO;60 a 64 anos;FEMININO;ANALFABETO;Prefere não informar;NÃO;ITAJAÍ;Brasil;NÃO;SUL;SC;1;0;0;1;1;;0;;18/07/2026 07:17
2026;Parda;SOLTEIRO;60 a 64 anos;FEMININO;ENSINO FUNDAMENTAL INCOMPLETO;Cisgênero;NÃO;ITAJAÍ;Brasil;NÃO;SUL;SC;24;3;0;24;0;;24;;18/07/2026 07:17
2026;Parda;SOLTEIRO;60 a 64 anos;FEMININO;ENSINO FUNDAMENTAL INCOMPLETO;Prefere não informar;NÃO;ITAJAÍ;Brasil;NÃO;SUL;SC;1;0;0;1;0;;1;;18/07/2026 07:17
2026;Parda;SOLTEIRO;60 a 64 anos;FEMININO;ENSINO MÉDIO COMPLETO;Cisgênero;NÃO;ITAJAÍ;Brasil;NÃO;SUL;SC;12;1;0;12;0;;12;;18/07/2026 07:17
2026;Parda;SOLTEIRO;60 a 64 anos;FEMININO;ENSINO MÉDIO COMPLETO;Cisgênero;SIM;ITAJAÍ;Brasil;NÃO;SUL;SC;1;0;0;1;0;;1;;18/07/2026 07:17
2026;Parda;SOLTEIRO;60 a 64 anos;FEMININO;ENSINO MÉDIO COMPLETO;Prefere não informar;NÃO;ITAJAÍ;Brasil;NÃO;SUL;SC;2;0;0;2;0;;2;;18/07/2026 07:17
2026;Parda;SOLTEIRO;60 a 64 anos;FEMININO;ENSINO MÉDIO INCOMPLETO;Cisgênero;NÃO;ITAJAÍ;Brasil;NÃO;SUL;SC;3;0;0;3;0;;3;;18/07/2026 07:17
2026;Parda;SOLTEIRO;60 a 64 anos;FEMININO;LÊ E ESCREVE;Cisgênero;NÃO;ITAJAÍ;Brasil;NÃO;SUL;SC;4;0;0;4;0;;4;;18/07/2026 07:17
2026;Parda;SOLTEIRO;60 a 64 anos;FEMININO;SUPERIOR COMPLETO;Cisgênero;NÃO;ITAJAÍ;Brasil;NÃO;SUL;SC;3;0;0;3;0;;3;;18/07/2026 07:17
2026;Parda;SOLTEIRO;60 a 64 anos;FEMININO;SUPERIOR INCOMPLETO;Cisgênero;NÃO;ITAJAÍ;Brasil;NÃO;SUL;SC;1;0;0;1;0;;1;;18/07/2026 07:17
2026;Parda;SOLTEIRO;60 a 64 anos;MASCULINO;ANALFABETO;Cisgênero;NÃO;ITAJAÍ;Brasil;NÃO;SUL;SC;2;0;0;2;2;;0;;18/07/2026 07:17
2026;Parda;SOLTEIRO;60 a 64 anos;MASCULINO;ENSINO FUNDAMENTAL COMPLETO;Cisgênero;NÃO;ITAJAÍ;Brasil;NÃO;SUL;SC;4;0;0;4;0;;4;;18/07/2026 07:17
2026;Parda;SOLTEIRO;60 a 64 anos;MASCULINO;ENSINO FUNDAMENTAL INCOMPLETO;Cisgênero;NÃO;ITAJAÍ;Brasil;NÃO;SUL;SC;20;1;0;20;0;;20;;18/07/2026 07:17
2026;Parda;SOLTEIRO;60 a 64 anos;MASCULINO;ENSINO FUNDAMENTAL INCOMPLETO;Prefere não informar;NÃO;ITAJAÍ;Brasil;NÃO;SUL;SC;1;1;0;1;0;;1;;18/07/2026 07:17
2026;Parda;SOLTEIRO;60 a 64 anos;MASCULINO;ENSINO MÉDIO COMPLETO;Cisgênero;NÃO;ITAJAÍ;Brasil;NÃO;SUL;SC;8;1;0;8;0;;8;;18/07/2026 07:17
2026;Parda;SOLTEIRO;60 a 64 anos;MASCULINO;ENSINO MÉDIO COMPLETO;Prefere não informar;NÃO;ITAJAÍ;Brasil;NÃO;SUL;SC;1;0;0;1;0;;1;;18/07/2026 07:17
2026;Parda;SOLTEIRO;60 a 64 anos;MASCULINO;ENSINO MÉDIO INCOMPLETO;Cisgênero;NÃO;ITAJAÍ;Brasil;NÃO;SUL;SC;3;0;0;3;0;;3;;18/07/2026 07:17
2026;Parda;SOLTEIRO;60 a 64 anos;MASCULINO;LÊ E ESCREVE;Cisgênero;NÃO;ITAJAÍ;Brasil;NÃO;SUL;SC;2;0;0;3;0;;3;;18/07/2026 07:17
2026;Parda;SOLTEIRO;60 a 64 anos;MASCULINO;SUPERIOR COMPLETO;Cisgênero;NÃO;ITAJAÍ;Brasil;NÃO;SUL;SC;3;0;0;3;0;;3;;18/07/2026 07:17
2026;Parda;SOLTEIRO;60 a 64 anos;MASCULINO;SUPERIOR COMPLETO;Cisgênero;SIM;ITAJAÍ;Brasil;NÃO;SUL;SC;1;0;0;1;0;;1;;18/07/2026 07:17
2026;Parda;SOLTEIRO;65 a 69 anos;FEMININO;ANALFABETO;Cisgênero;NÃO;ITAJAÍ;Brasil;NÃO;SUL;SC;3;0;0;3;3;;0;;18/07/2026 07:17
2026;Parda;SOLTEIRO;65 a 69 anos;FEMININO;ENSINO FUNDAMENTAL COMPLETO;Cisgênero;NÃO;ITAJAÍ;Brasil;NÃO;SUL;SC;5;0;0;5;0;;5;;18/07/2026 07:17
2026;Parda;SOLTEIRO;65 a 69 anos;FEMININO;ENSINO FUNDAMENTAL INCOMPLETO;Cisgênero;NÃO;ITAJAÍ;Brasil;NÃO;SUL;SC;9;1;0;9;0;;9;;18/07/2026 07:17
2026;Parda;SOLTEIRO;65 a 69 anos;FEMININO;ENSINO FUNDAMENTAL INCOMPLETO;Prefere não informar;NÃO;ITAJAÍ;Brasil;NÃO;SUL;SC;1;0;0;1;0;;1;;18/07/2026 07:17
2026;Parda;SOLTEIRO;65 a 69 anos;FEMININO;ENSINO MÉDIO COMPLETO;Cisgênero;NÃO;ITAJAÍ;Brasil;NÃO;SUL;SC;3;0;0;3;0;;3;;18/07/2026 07:17
2026;Parda;SOLTEIRO;65 a 69 anos;FEMININO;ENSINO MÉDIO INCOMPLETO;Cisgênero;NÃO;ITAJAÍ;Brasil;NÃO;SUL;SC;1;0;0;1;0;;1;;18/07/2026 07:17
2026;Parda;SOLTEIRO;65 a 69 anos;FEMININO;LÊ E ESCREVE;Cisgênero;NÃO;ITAJAÍ;Brasil;NÃO;SUL;SC;3;0;0;3;0;;3;;18/07/2026 07:17
2026;Parda;SOLTEIRO;65 a 69 anos;FEMININO;SUPERIOR COMPLETO;Cisgênero;NÃO;ITAJAÍ;Brasil;NÃO;SUL;SC;1;0;0;1;0;;1;;18/07/2026 07:17
2026;Parda;SOLTEIRO;65 a 69 anos;MASCULINO;ANALFABETO;Cisgênero;NÃO;ITAJAÍ;Brasil;NÃO;SUL;SC;2;0;0;2;2;;0;;18/07/2026 07:17
2026;Parda;SOLTEIRO;65 a 69 anos;MASCULINO;ENSINO FUNDAMENTAL COMPLETO;Cisgênero;NÃO;ITAJAÍ;Brasil;NÃO;SUL;SC;5;0;0;5;0;;5;;18/07/2026 07:17
2026;Parda;SOLTEIRO;65 a 69 anos;MASCULINO;ENSINO FUNDAMENTAL INCOMPLETO;Cisgênero;NÃO;ITAJAÍ;Brasil;NÃO;SUL;SC;11;1;0;11;0;;11;;18/07/2026 07:17
2026;Parda;SOLTEIRO;65 a 69 anos;MASCULINO;ENSINO FUNDAMENTAL INCOMPLETO;Prefere não informar;NÃO;ITAJAÍ;Brasil;NÃO;SUL;SC;1;0;0;1;0;;1;;18/07/2026 07:17
2026;Parda;SOLTEIRO;65 a 69 anos;MASCULINO;ENSINO MÉDIO COMPLETO;Cisgênero;NÃO;ITAJAÍ;Brasil;NÃO;SUL;SC;3;0;0;3;0;;3;;18/07/2026 07:17
2026;Parda;SOLTEIRO;65 a 69 anos;MASCULINO;SUPERIOR INCOMPLETO;Cisgênero;NÃO;ITAJAÍ;Brasil;NÃO;SUL;SC;1;0;0;1;0;;1;;18/07/2026 07:17
2026;Parda;SOLTEIRO;70 a 74 anos;FEMININO;ENSINO FUNDAMENTAL COMPLETO;Cisgênero;NÃO;ITAJAÍ;Brasil;NÃO;SUL;SC;2;0;0;2;2;;0;;18/07/2026 07:17
2026;Parda;SOLTEIRO;70 a 74 anos;FEMININO;ENSINO FUNDAMENTAL INCOMPLETO;Cisgênero;NÃO;ITAJAÍ;Brasil;NÃO;SUL;SC;7;1;0;7;7;;0;;18/07/2026 07:17
2026;Parda;SOLTEIRO;70 a 74 anos;FEMININO;LÊ E ESCREVE;Cisgênero;NÃO;ITAJAÍ;Brasil;NÃO;SUL;SC;1;0;0;1;1;;0;;18/07/2026 07:17
2026;Parda;SOLTEIRO;70 a 74 anos;FEMININO;SUPERIOR COMPLETO;Cisgênero;NÃO;ITAJAÍ;Brasil;NÃO;SUL;SC;2;0;0;2;2;;0;;18/07/2026 07:17
2026;Parda;SOLTEIRO;70 a 74 anos;FEMININO;SUPERIOR INCOMPLETO;Cisgênero;NÃO;ITAJAÍ;Brasil;NÃO;SUL;SC;1;0;0;1;1;;0;;18/07/2026 07:17
2026;Parda;SOLTEIRO;70 a 74 anos;MASCULINO;ENSINO FUNDAMENTAL INCOMPLETO;Cisgênero;NÃO;ITAJAÍ;Brasil;NÃO;SUL;SC;2;0;0;2;2;;0;;18/07/2026 07:17
2026;Parda;SOLTEIRO;70 a 74 anos;MASCULINO;ENSINO MÉDIO COMPLETO;Cisgênero;NÃO;ITAJAÍ;Brasil;NÃO;SUL;SC;1;0;0;1;1;;0;;18/07/2026 07:17
2026;Parda;SOLTEIRO;70 a 74 anos;MASCULINO;ENSINO MÉDIO INCOMPLETO;Cisgênero;NÃO;ITAJAÍ;Brasil;NÃO;SUL;SC;1;0;0;1;1;;0;;18/07/2026 07:17
2026;Parda;SOLTEIRO;75 a 79 anos;FEMININO;ANALFABETO;Cisgênero;NÃO;ITAJAÍ;Brasil;NÃO;SUL;SC;1;0;0;1;1;;0;;18/07/2026 07:17
2026;Parda;SOLTEIRO;75 a 79 anos;FEMININO;ENSINO FUNDAMENTAL COMPLETO;Cisgênero;NÃO;ITAJAÍ;Brasil;NÃO;SUL;SC;1;0;0;1;1;;0;;18/07/2026 07:17
2026;Parda;SOLTEIRO;75 a 79 anos;FEMININO;ENSINO FUNDAMENTAL INCOMPLETO;Cisgênero;NÃO;ITAJAÍ;Brasil;NÃO;SUL;SC;1;0;0;1;1;;0;;18/07/2026 07:17
2026;Parda;SOLTEIRO;75 a 79 anos;FEMININO;ENSINO MÉDIO COMPLETO;Cisgênero;NÃO;ITAJAÍ;Brasil;NÃO;SUL;SC;1;0;0;1;1;;0;;18/07/2026 07:17
2026;Parda;SOLTEIRO;75 a 79 anos;MASCULINO;ANALFABETO;Cisgênero;NÃO;ITAJAÍ;Brasil;NÃO;SUL;SC;1;0;0;1;1;;0;;18/07/2026 07:17
2026;Parda;SOLTEIRO;75 a 79 anos;MASCULINO;ENSINO FUNDAMENTAL INCOMPLETO;Cisgênero;NÃO;ITAJAÍ;Brasil;NÃO;SUL;SC;1;0;0;1;1;;0;;18/07/2026 07:17
2026;Parda;SOLTEIRO;80 a 84 anos;FEMININO;ENSINO FUNDAMENTAL INCOMPLETO;Prefere não informar;NÃO;ITAJAÍ;Brasil;NÃO;SUL;SC;1;0;0;1;1;;0;;18/07/2026 07:17
2026;Parda;SOLTEIRO;80 a 84 anos;MASCULINO;LÊ E ESCREVE;Cisgênero;NÃO;ITAJAÍ;Brasil;NÃO;SUL;SC;1;0;0;1;1;;0;;18/07/2026 07:17
2026;Parda;SOLTEIRO;85 a 89 anos;FEMININO;ANALFABETO;Cisgênero;NÃO;ITAJAÍ;Brasil;NÃO;SUL;SC;1;0;0;1;1;;0;;18/07/2026 07:17
2026;Parda;SOLTEIRO;90 a 94 anos;FEMININO;ENSINO FUNDAMENTAL COMPLETO;Cisgênero;NÃO;ITAJAÍ;Brasil;NÃO;SUL;SC;1;0;0;1;1;;0;;18/07/2026 07:17
2026;Parda;VIÚVO;20 anos;MASCULINO;ENSINO FUNDAMENTAL INCOMPLETO;Cisgênero;NÃO;ITAJAÍ;Brasil;NÃO;SUL;SC;0;0;0;1;0;;1;;18/07/2026 07:17
2026;Parda;VIÚVO;25 a 29 anos;FEMININO;ENSINO MÉDIO COMPLETO;Cisgênero;NÃO;ITAJAÍ;Brasil;NÃO;SUL;SC;2;0;0;2;0;;2;;18/07/2026 07:17
2026;Parda;VIÚVO;25 a 29 anos;FEMININO;ENSINO MÉDIO INCOMPLETO;Cisgênero;NÃO;ITAJAÍ;Brasil;NÃO;SUL;SC;1;0;0;1;0;;1;;18/07/2026 07:17
2026;Parda;VIÚVO;30 a 34 anos;FEMININO;ENSINO MÉDIO INCOMPLETO;Cisgênero;NÃO;ITAJAÍ;Brasil;NÃO;SUL;SC;1;0;0;1;0;;1;;18/07/2026 07:17
2026;Parda;VIÚVO;30 a 34 anos;FEMININO;SUPERIOR INCOMPLETO;Prefere não informar;NÃO;ITAJAÍ;Brasil;NÃO;SUL;SC;1;0;0;1;0;;1;;18/07/2026 07:17
2026;Parda;VIÚVO;35 a 39 anos;FEMININO;ENSINO MÉDIO COMPLETO;Cisgênero;NÃO;ITAJAÍ;Brasil;NÃO;SUL;SC;5;0;0;5;0;;5;;18/07/2026 07:17
2026;Parda;VIÚVO;35 a 39 anos;FEMININO;SUPERIOR COMPLETO;Cisgênero;NÃO;ITAJAÍ;Brasil;NÃO;SUL;SC;3;0;0;3;0;;3;;18/07/2026 07:17
2026;Parda;VIÚVO;40 a 44 anos;FEMININO;ENSINO FUNDAMENTAL COMPLETO;Cisgênero;NÃO;ITAJAÍ;Brasil;NÃO;SUL;SC;1;0;0;1;0;;1;;18/07/2026 07:17
2026;Parda;VIÚVO;40 a 44 anos;FEMININO;ENSINO FUNDAMENTAL INCOMPLETO;Cisgênero;NÃO;ITAJAÍ;Brasil;NÃO;SUL;SC;2;1;0;2;0;;2;;18/07/2026 07:17
2026;Parda;VIÚVO;40 a 44 anos;FEMININO;ENSINO MÉDIO COMPLETO;Cisgênero;NÃO;ITAJAÍ;Brasil;NÃO;SUL;SC;1;0;0;1;0;;1;;18/07/2026 07:17
2026;Parda;VIÚVO;40 a 44 anos;FEMININO;SUPERIOR COMPLETO;Cisgênero;NÃO;ITAJAÍ;Brasil;NÃO;SUL;SC;1;0;0;1;0;;1;;18/07/2026 07:17
2026;Parda;VIÚVO;40 a 44 anos;FEMININO;SUPERIOR INCOMPLETO;Cisgênero;NÃO;ITAJAÍ;Brasil;NÃO;SUL;SC;1;0;0;2;0;;2;;18/07/2026 07:17
2026;Parda;VIÚVO;45 a 49 anos;FEMININO;ANALFABETO;Cisgênero;NÃO;ITAJAÍ;Brasil;NÃO;SUL;SC;1;0;0;1;1;;0;;18/07/2026 07:17
2026;Parda;VIÚVO;45 a 49 anos;FEMININO;ENSINO FUNDAMENTAL INCOMPLETO;Cisgênero;NÃO;ITAJAÍ;Brasil;NÃO;SUL;SC;4;1;0;4;0;;4;;18/07/2026 07:17
2026;Parda;VIÚVO;45 a 49 anos;FEMININO;ENSINO MÉDIO COMPLETO;Cisgênero;NÃO;ITAJAÍ;Brasil;NÃO;SUL;SC;4;0;0;4;0;;4;;18/07/2026 07:17
2026;Parda;VIÚVO;45 a 49 anos;FEMININO;ENSINO MÉDIO INCOMPLETO;Cisgênero;NÃO;ITAJAÍ;Brasil;NÃO;SUL;SC;1;0;0;1;0;;1;;18/07/2026 07:17
2026;Parda;VIÚVO;45 a 49 anos;FEMININO;ENSINO MÉDIO INCOMPLETO;Prefere não informar;NÃO;ITAJAÍ;Brasil;NÃO;SUL;SC;1;0;0;1;0;;1;;18/07/2026 07:17
2026;Parda;VIÚVO;45 a 49 anos;FEMININO;LÊ E ESCREVE;Cisgênero;NÃO;ITAJAÍ;Brasil;NÃO;SUL;SC;0;0;0;1;0;;1;;18/07/2026 07:17
2026;Parda;VIÚVO;45 a 49 anos;FEMININO;SUPERIOR COMPLETO;Cisgênero;NÃO;ITAJAÍ;Brasil;NÃO;SUL;SC;1;0;0;1;0;;1;;18/07/2026 07:17
2026;Parda;VIÚVO;45 a 49 anos;FEMININO;SUPERIOR INCOMPLETO;Cisgênero;NÃO;ITAJAÍ;Brasil;NÃO;SUL;SC;1;0;0;1;0;;1;;18/07/2026 07:17
2026;Parda;VIÚVO;45 a 49 anos;MASCULINO;ENSINO FUNDAMENTAL INCOMPLETO;Cisgênero;NÃO;ITAJAÍ;Brasil;NÃO;SUL;SC;2;0;0;2;0;;2;;18/07/2026 07:17
2026;Parda;VIÚVO;50 a 54 anos;FEMININO;ENSINO FUNDAMENTAL INCOMPLETO;Cisgênero;NÃO;ITAJAÍ;Brasil;NÃO;SUL;SC;2;0;0;3;0;;3;;18/07/2026 07:17
2026;Parda;VIÚVO;50 a 54 anos;FEMININO;ENSINO MÉDIO COMPLETO;Cisgênero;NÃO;ITAJAÍ;Brasil;NÃO;SUL;SC;6;0;0;6;0;;6;;18/07/2026 07:17
2026;Parda;VIÚVO;50 a 54 anos;FEMININO;ENSINO MÉDIO INCOMPLETO;Cisgênero;NÃO;ITAJAÍ;Brasil;NÃO;SUL;SC;2;0;0;2;0;;2;;18/07/2026 07:17
2026;Parda;VIÚVO;50 a 54 anos;MASCULINO;ENSINO MÉDIO COMPLETO;Cisgênero;NÃO;ITAJAÍ;Brasil;NÃO;SUL;SC;1;0;0;1;0;;1;;18/07/2026 07:17
2026;Parda;VIÚVO;55 a 59 anos;FEMININO;ENSINO FUNDAMENTAL COMPLETO;Cisgênero;NÃO;ITAJAÍ;Brasil;NÃO;SUL;SC;1;0;0;1;0;;1;;18/07/2026 07:17
2026;Parda;VIÚVO;55 a 59 anos;FEMININO;ENSINO FUNDAMENTAL INCOMPLETO;Cisgênero;NÃO;ITAJAÍ;Brasil;NÃO;SUL;SC;5;0;0;5;0;;5;;18/07/2026 07:17
2026;Parda;VIÚVO;55 a 59 anos;FEMININO;ENSINO MÉDIO INCOMPLETO;Cisgênero;NÃO;ITAJAÍ;Brasil;NÃO;SUL;SC;2;0;0;2;0;;2;;18/07/2026 07:17
2026;Parda;VIÚVO;55 a 59 anos;FEMININO;LÊ E ESCREVE;Cisgênero;NÃO;ITAJAÍ;Brasil;NÃO;SUL;SC;1;0;0;1;0;;1;;18/07/2026 07:17
2026;Parda;VIÚVO;55 a 59 anos;FEMININO;SUPERIOR COMPLETO;Cisgênero;NÃO;ITAJAÍ;Brasil;NÃO;SUL;SC;1;0;0;1;0;;1;;18/07/2026 07:17
2026;Parda;VIÚVO;55 a 59 anos;MASCULINO;ENSINO FUNDAMENTAL COMPLETO;Cisgênero;NÃO;ITAJAÍ;Brasil;NÃO;SUL;SC;1;0;0;1;0;;1;;18/07/2026 07:17
2026;Parda;VIÚVO;55 a 59 anos;MASCULINO;LÊ E ESCREVE;Cisgênero;NÃO;ITAJAÍ;Brasil;NÃO;SUL;SC;1;1;0;1;0;;1;;18/07/2026 07:17
2026;Parda;VIÚVO;55 a 59 anos;MASCULINO;SUPERIOR COMPLETO;Cisgênero;NÃO;ITAJAÍ;Brasil;NÃO;SUL;SC;1;0;0;1;0;;1;;18/07/2026 07:17
2026;Parda;VIÚVO;60 a 64 anos;FEMININO;ANALFABETO;Cisgênero;NÃO;ITAJAÍ;Brasil;NÃO;SUL;SC;2;0;0;3;3;;0;;18/07/2026 07:17
2026;Parda;VIÚVO;60 a 64 anos;FEMININO;ENSINO FUNDAMENTAL COMPLETO;Cisgênero;NÃO;ITAJAÍ;Brasil;NÃO;SUL;SC;2;1;0;2;0;;2;;18/07/2026 07:17
2026;Parda;VIÚVO;60 a 64 anos;FEMININO;ENSINO FUNDAMENTAL INCOMPLETO;Cisgênero;NÃO;ITAJAÍ;Brasil;NÃO;SUL;SC;15;1;0;16;0;;16;;18/07/2026 07:17
2026;Parda;VIÚVO;60 a 64 anos;FEMININO;ENSINO MÉDIO COMPLETO;Cisgênero;NÃO;ITAJAÍ;Brasil;NÃO;SUL;SC;5;0;0;5;0;;5;;18/07/2026 07:17
2026;Parda;VIÚVO;60 a 64 anos;FEMININO;ENSINO MÉDIO INCOMPLETO;Cisgênero;NÃO;ITAJAÍ;Brasil;NÃO;SUL;SC;4;0;0;4;0;;4;;18/07/2026 07:17
2026;Parda;VIÚVO;60 a 64 anos;FEMININO;SUPERIOR COMPLETO;Cisgênero;NÃO;ITAJAÍ;Brasil;NÃO;SUL;SC;1;0;0;1;0;;1;;18/07/2026 07:17
2026;Parda;VIÚVO;60 a 64 anos;MASCULINO;ANALFABETO;Cisgênero;NÃO;ITAJAÍ;Brasil;NÃO;SUL;SC;1;1;0;1;1;;0;;18/07/2026 07:17
2026;Parda;VIÚVO;60 a 64 anos;MASCULINO;ENSINO FUNDAMENTAL COMPLETO;Cisgênero;NÃO;ITAJAÍ;Brasil;NÃO;SUL;SC;2;0;0;2;0;;2;;18/07/2026 07:17
2026;Parda;VIÚVO;60 a 64 anos;MASCULINO;ENSINO FUNDAMENTAL INCOMPLETO;Cisgênero;NÃO;ITAJAÍ;Brasil;NÃO;SUL;SC;4;0;0;4;0;;4;;18/07/2026 07:17
2026;Parda;VIÚVO;60 a 64 anos;MASCULINO;LÊ E ESCREVE;Cisgênero;NÃO;ITAJAÍ;Brasil;NÃO;SUL;SC;0;0;0;1;0;;1;;18/07/2026 07:17
2026;Parda;VIÚVO;65 a 69 anos;FEMININO;ANALFABETO;Cisgênero;NÃO;ITAJAÍ;Brasil;NÃO;SUL;SC;2;0;0;2;2;;0;;18/07/2026 07:17
2026;Parda;VIÚVO;65 a 69 anos;FEMININO;ANALFABETO;Prefere não informar;NÃO;ITAJAÍ;Brasil;NÃO;SUL;SC;1;0;0;1;1;;0;;18/07/2026 07:17
2026;Parda;VIÚVO;65 a 69 anos;FEMININO;ENSINO FUNDAMENTAL COMPLETO;Cisgênero;NÃO;ITAJAÍ;Brasil;NÃO;SUL;SC;3;0;0;3;0;;3;;18/07/2026 07:17
2026;Parda;VIÚVO;65 a 69 anos;FEMININO;ENSINO FUNDAMENTAL INCOMPLETO;Cisgênero;NÃO;ITAJAÍ;Brasil;NÃO;SUL;SC;10;1;0;10;0;;10;;18/07/2026 07:17
2026;Parda;VIÚVO;65 a 69 anos;FEMININO;ENSINO FUNDAMENTAL INCOMPLETO;Prefere não informar;NÃO;ITAJAÍ;Brasil;NÃO;SUL;SC;1;0;0;1;0;;1;;18/07/2026 07:17
2026;Parda;VIÚVO;65 a 69 anos;FEMININO;ENSINO MÉDIO COMPLETO;Cisgênero;NÃO;ITAJAÍ;Brasil;NÃO;SUL;SC;3;0;0;3;0;;3;;18/07/2026 07:17
2026;Parda;VIÚVO;65 a 69 anos;FEMININO;ENSINO MÉDIO INCOMPLETO;Cisgênero;NÃO;ITAJAÍ;Brasil;NÃO;SUL;SC;1;0;0;1;0;;1;;18/07/2026 07:17
2026;Parda;VIÚVO;65 a 69 anos;FEMININO;LÊ E ESCREVE;Cisgênero;NÃO;ITAJAÍ;Brasil;NÃO;SUL;SC;3;0;0;3;0;;3;;18/07/2026 07:17
2026;Parda;VIÚVO;65 a 69 anos;FEMININO;SUPERIOR COMPLETO;Cisgênero;NÃO;ITAJAÍ;Brasil;NÃO;SUL;SC;2;0;0;2;0;;2;;18/07/2026 07:17
2026;Parda;VIÚVO;65 a 69 anos;FEMININO;SUPERIOR INCOMPLETO;Cisgênero;NÃO;ITAJAÍ;Brasil;NÃO;SUL;SC;1;0;0;1;0;;1;;18/07/2026 07:17
2026;Parda;VIÚVO;65 a 69 anos;MASCULINO;ENSINO FUNDAMENTAL COMPLETO;Cisgênero;NÃO;ITAJAÍ;Brasil;NÃO;SUL;SC;2;0;0;2;0;;2;;18/07/2026 07:17
2026;Parda;VIÚVO;65 a 69 anos;MASCULINO;ENSINO FUNDAMENTAL INCOMPLETO;Cisgênero;NÃO;ITAJAÍ;Brasil;NÃO;SUL;SC;5;0;0;5;0;;5;;18/07/2026 07:17
2026;Parda;VIÚVO;65 a 69 anos;MASCULINO;ENSINO MÉDIO COMPLETO;Cisgênero;NÃO;ITAJAÍ;Brasil;NÃO;SUL;SC;2;0;0;2;0;;2;;18/07/2026 07:17
2026;Parda;VIÚVO;65 a 69 anos;MASCULINO;ENSINO MÉDIO INCOMPLETO;Cisgênero;NÃO;ITAJAÍ;Brasil;NÃO;SUL;SC;0;0;0;1;0;;1;;18/07/2026 07:17
2026;Parda;VIÚVO;65 a 69 anos;MASCULINO;SUPERIOR INCOMPLETO;Cisgênero;NÃO;ITAJAÍ;Brasil;NÃO;SUL;SC;2;0;0;2;0;;2;;18/07/2026 07:17
2026;Parda;VIÚVO;70 a 74 anos;FEMININO;ANALFABETO;Cisgênero;NÃO;ITAJAÍ;Brasil;NÃO;SUL;SC;4;1;0;4;4;;0;;18/07/2026 07:17
2026;Parda;VIÚVO;70 a 74 anos;FEMININO;ENSINO FUNDAMENTAL COMPLETO;Cisgênero;NÃO;ITAJAÍ;Brasil;NÃO;SUL;SC;2;0;0;2;2;;0;;18/07/2026 07:17
2026;Parda;VIÚVO;70 a 74 anos;FEMININO;ENSINO FUNDAMENTAL INCOMPLETO;Cisgênero;NÃO;ITAJAÍ;Brasil;NÃO;SUL;SC;7;1;0;7;7;;0;;18/07/2026 07:17
2026;Parda;VIÚVO;70 a 74 anos;FEMININO;ENSINO MÉDIO COMPLETO;Cisgênero;NÃO;ITAJAÍ;Brasil;NÃO;SUL;SC;4;0;0;4;4;;0;;18/07/2026 07:17
2026;Parda;VIÚVO;70 a 74 anos;FEMININO;ENSINO MÉDIO COMPLETO;Prefere não informar;NÃO;ITAJAÍ;Brasil;NÃO;SUL;SC;1;0;0;1;1;;0;;18/07/2026 07:17
2026;Parda;VIÚVO;70 a 74 anos;FEMININO;ENSINO MÉDIO INCOMPLETO;Cisgênero;NÃO;ITAJAÍ;Brasil;NÃO;SUL;SC;1;0;0;1;1;;0;;18/07/2026 07:17
2026;Parda;VIÚVO;70 a 74 anos;FEMININO;LÊ E ESCREVE;Cisgênero;NÃO;ITAJAÍ;Brasil;NÃO;SUL;SC;1;0;0;1;1;;0;;18/07/2026 07:17
2026;Parda;VIÚVO;70 a 74 anos;FEMININO;LÊ E ESCREVE;Prefere não informar;NÃO;ITAJAÍ;Brasil;NÃO;SUL;SC;1;0;0;1;1;;0;;18/07/2026 07:17
2026;Parda;VIÚVO;70 a 74 anos;MASCULINO;ENSINO FUNDAMENTAL COMPLETO;Cisgênero;NÃO;ITAJAÍ;Brasil;NÃO;SUL;SC;1;0;0;1;1;;0;;18/07/2026 07:17
2026;Parda;VIÚVO;70 a 74 anos;MASCULINO;ENSINO FUNDAMENTAL INCOMPLETO;Cisgênero;NÃO;ITAJAÍ;Brasil;NÃO;SUL;SC;3;0;0;3;3;;0;;18/07/2026 07:17
2026;Parda;VIÚVO;70 a 74 anos;MASCULINO;LÊ E ESCREVE;Cisgênero;NÃO;ITAJAÍ;Brasil;NÃO;SUL;SC;1;0;0;1;1;;0;;18/07/2026 07:17
2026;Parda;VIÚVO;75 a 79 anos;FEMININO;ANALFABETO;Cisgênero;NÃO;ITAJAÍ;Brasil;NÃO;SUL;SC;5;0;0;5;5;;0;;18/07/2026 07:17
2026;Parda;VIÚVO;75 a 79 anos;FEMININO;ENSINO FUNDAMENTAL COMPLETO;Cisgênero;NÃO;ITAJAÍ;Brasil;NÃO;SUL;SC;2;0;0;2;2;;0;;18/07/2026 07:17
2026;Parda;VIÚVO;75 a 79 anos;FEMININO;ENSINO FUNDAMENTAL INCOMPLETO;Cisgênero;NÃO;ITAJAÍ;Brasil;NÃO;SUL;SC;3;1;0;3;3;;0;;18/07/2026 07:17
2026;Parda;VIÚVO;75 a 79 anos;FEMININO;ENSINO MÉDIO COMPLETO;Cisgênero;NÃO;ITAJAÍ;Brasil;NÃO;SUL;SC;2;0;0;2;2;;0;;18/07/2026 07:17
2026;Parda;VIÚVO;75 a 79 anos;FEMININO;LÊ E ESCREVE;Cisgênero;NÃO;ITAJAÍ;Brasil;NÃO;SUL;SC;2;0;0;2;2;;0;;18/07/2026 07:17
2026;Parda;VIÚVO;75 a 79 anos;FEMININO;SUPERIOR COMPLETO;Cisgênero;NÃO;ITAJAÍ;Brasil;NÃO;SUL;SC;2;0;0;2;2;;0;;18/07/2026 07:17
2026;Parda;VIÚVO;75 a 79 anos;MASCULINO;LÊ E ESCREVE;Cisgênero;NÃO;ITAJAÍ;Brasil;NÃO;SUL;SC;1;0;0;1;1;;0;;18/07/2026 07:17
2026;Parda;VIÚVO;75 a 79 anos;MASCULINO;SUPERIOR COMPLETO;Cisgênero;NÃO;ITAJAÍ;Brasil;NÃO;SUL;SC;1;0;0;1;1;;0;;18/07/2026 07:17
2026;Parda;VIÚVO;80 a 84 anos;FEMININO;ANALFABETO;Cisgênero;NÃO;ITAJAÍ;Brasil;NÃO;SUL;SC;3;1;0;3;3;;0;;18/07/2026 07:17
2026;Parda;VIÚVO;80 a 84 anos;FEMININO;ENSINO FUNDAMENTAL COMPLETO;Cisgênero;NÃO;ITAJAÍ;Brasil;NÃO;SUL;SC;1;0;0;1;1;;0;;18/07/2026 07:17
2026;Parda;VIÚVO;80 a 84 anos;FEMININO;ENSINO FUNDAMENTAL INCOMPLETO;Cisgênero;NÃO;ITAJAÍ;Brasil;NÃO;SUL;SC;2;0;0;2;2;;0;;18/07/2026 07:17
2026;Parda;VIÚVO;80 a 84 anos;MASCULINO;ENSINO FUNDAMENTAL INCOMPLETO;Cisgênero;NÃO;ITAJAÍ;Brasil;NÃO;SUL;SC;1;0;0;1;1;;0;;18/07/2026 07:17
2026;Parda;VIÚVO;80 a 84 anos;MASCULINO;ENSINO MÉDIO COMPLETO;Cisgênero;NÃO;ITAJAÍ;Brasil;NÃO;SUL;SC;1;0;0;1;1;;0;;18/07/2026 07:17
2026;Parda;VIÚVO;85 a 89 anos;FEMININO;ENSINO FUNDAMENTAL INCOMPLETO;Cisgênero;NÃO;ITAJAÍ;Brasil;NÃO;SUL;SC;1;0;0;1;1;;0;;18/07/2026 07:17
2026;Parda;VIÚVO;85 a 89 anos;FEMININO;LÊ E ESCREVE;Cisgênero;NÃO;ITAJAÍ;Brasil;NÃO;SUL;SC;1;0;0;1;1;;0;;18/07/2026 07:17
2026;Parda;VIÚVO;85 a 89 anos;MASCULINO;ENSINO FUNDAMENTAL COMPLETO;Cisgênero;NÃO;ITAJAÍ;Brasil;NÃO;SUL;SC;1;0;0;1;1;;0;;18/07/2026 07:17
2026;Parda;VIÚVO;85 a 89 anos;MASCULINO;ENSINO FUNDAMENTAL INCOMPLETO;Cisgênero;NÃO;ITAJAÍ;Brasil;NÃO;SUL;SC;2;0;0;2;2;;0;;18/07/2026 07:17
2026;Parda;VIÚVO;85 a 89 anos;MASCULINO;ENSINO MÉDIO INCOMPLETO;Cisgênero;NÃO;ITAJAÍ;Brasil;NÃO;SUL;SC;1;0;0;1;1;;0;;18/07/2026 07:17
2026;Parda;VIÚVO;90 a 94 anos;FEMININO;ENSINO FUNDAMENTAL COMPLETO;Cisgênero;NÃO;ITAJAÍ;Brasil;NÃO;SUL;SC;1;0;0;1;1;;0;;18/07/2026 07:17
2026;Preta;CASADO;18 anos;FEMININO;ENSINO MÉDIO COMPLETO;Cisgênero;NÃO;ITAJAÍ;Brasil;NÃO;SUL;SC;1;0;0;1;0;;1;;18/07/2026 07:17
2026;Preta;CASADO;21 a 24 anos;FEMININO;ENSINO FUNDAMENTAL COMPLETO;Cisgênero;NÃO;ITAJAÍ;Brasil;NÃO;SUL;SC;0;0;0;1;0;;1;;18/07/2026 07:17
2026;Preta;CASADO;21 a 24 anos;FEMININO;ENSINO MÉDIO COMPLETO;Cisgênero;NÃO;ITAJAÍ;Brasil;NÃO;SUL;SC;6;0;0;6;0;;6;;18/07/2026 07:17
2026;Preta;CASADO;21 a 24 anos;FEMININO;ENSINO MÉDIO INCOMPLETO;Cisgênero;NÃO;ITAJAÍ;Brasil;NÃO;SUL;SC;2;0;0;2;0;;2;;18/07/2026 07:17
2026;Preta;CASADO;21 a 24 anos;FEMININO;SUPERIOR COMPLETO;Cisgênero;NÃO;ITAJAÍ;Brasil;NÃO;SUL;SC;1;0;0;1;0;;1;;18/07/2026 07:17
2026;Preta;CASADO;21 a 24 anos;MASCULINO;ENSINO FUNDAMENTAL COMPLETO;Cisgênero;NÃO;ITAJAÍ;Brasil;NÃO;SUL;SC;1;1;0;1;0;;1;;18/07/2026 07:17
2026;Preta;CASADO;21 a 24 anos;MASCULINO;ENSINO MÉDIO COMPLETO;Cisgênero;NÃO;ITAJAÍ;Brasil;NÃO;SUL;SC;5;0;0;5;0;;5;;18/07/2026 07:17
2026;Preta;CASADO;21 a 24 anos;MASCULINO;ENSINO MÉDIO INCOMPLETO;Cisgênero;NÃO;ITAJAÍ;Brasil;NÃO;SUL;SC;2;0;0;2;0;;2;;18/07/2026 07:17
2026;Preta;CASADO;25 a 29 anos;FEMININO;ENSINO FUNDAMENTAL INCOMPLETO;Prefere não informar;SIM;ITAJAÍ;Brasil;NÃO;SUL;SC;2;0;0;2;0;;2;;18/07/2026 07:17
2026;Preta;CASADO;25 a 29 anos;FEMININO;ENSINO MÉDIO COMPLETO;Cisgênero;NÃO;ITAJAÍ;Brasil;NÃO;SUL;SC;15;0;0;15;0;;15;;18/07/2026 07:17
2026;Preta;CASADO;25 a 29 anos;FEMININO;ENSINO MÉDIO INCOMPLETO;Cisgênero;NÃO;ITAJAÍ;Brasil;NÃO;SUL;SC;4;0;0;4;0;;4;;18/07/2026 07:17
2026;Preta;CASADO;25 a 29 anos;FEMININO;ENSINO MÉDIO INCOMPLETO;Prefere não informar;NÃO;ITAJAÍ;Brasil;NÃO;SUL;SC;2;0;0;2;0;;2;;18/07/2026 07:17
2026;Preta;CASADO;25 a 29 anos;FEMININO;SUPERIOR COMPLETO;Cisgênero;NÃO;ITAJAÍ;Brasil;NÃO;SUL;SC;3;0;0;3;0;;3;;18/07/2026 07:17
2026;Preta;CASADO;25 a 29 anos;FEMININO;SUPERIOR INCOMPLETO;Cisgênero;NÃO;ITAJAÍ;Brasil;NÃO;SUL;SC;6;0;0;6;0;;6;;18/07/2026 07:17
2026;Preta;CASADO;25 a 29 anos;MASCULINO;ENSINO FUNDAMENTAL INCOMPLETO;Cisgênero;NÃO;ITAJAÍ;Brasil;NÃO;SUL;SC;1;0;0;1;0;;1;;18/07/2026 07:17
2026;Preta;CASADO;25 a 29 anos;MASCULINO;ENSINO MÉDIO COMPLETO;Cisgênero;NÃO;ITAJAÍ;Brasil;NÃO;SUL;SC;7;0;0;8;0;;8;;18/07/2026 07:17
2026;Preta;CASADO;25 a 29 anos;MASCULINO;ENSINO MÉDIO INCOMPLETO;Cisgênero;NÃO;ITAJAÍ;Brasil;NÃO;SUL;SC;5;0;0;5;0;;5;;18/07/2026 07:17
2026;Preta;CASADO;30 a 34 anos;FEMININO;ENSINO FUNDAMENTAL COMPLETO;Cisgênero;NÃO;ITAJAÍ;Brasil;NÃO;SUL;SC;4;0;0;4;0;;4;;18/07/2026 07:17
2026;Preta;CASADO;30 a 34 anos;FEMININO;ENSINO FUNDAMENTAL INCOMPLETO;Cisgênero;NÃO;ITAJAÍ;Brasil;NÃO;SUL;SC;1;0;0;2;0;;2;;18/07/2026 07:17
2026;Preta;CASADO;30 a 34 anos;FEMININO;ENSINO MÉDIO COMPLETO;Cisgênero;NÃO;ITAJAÍ;Brasil;NÃO;SUL;SC;29;0;0;29;0;;29;;18/07/2026 07:17
2026;Preta;CASADO;30 a 34 anos;FEMININO;ENSINO MÉDIO COMPLETO;Prefere não informar;NÃO;ITAJAÍ;Brasil;NÃO;SUL;SC;1;0;0;1;0;;1;;18/07/2026 07:17
2026;Preta;CASADO;30 a 34 anos;FEMININO;ENSINO MÉDIO INCOMPLETO;Cisgênero;NÃO;ITAJAÍ;Brasil;NÃO;SUL;SC;3;0;0;4;0;;4;;18/07/2026 07:17
2026;Preta;CASADO;30 a 34 anos;FEMININO;SUPERIOR COMPLETO;Cisgênero;NÃO;ITAJAÍ;Brasil;NÃO;SUL;SC;14;1;0;14;0;;14;;18/07/2026 07:17
2026;Preta;CASADO;30 a 34 anos;FEMININO;SUPERIOR INCOMPLETO;Cisgênero;NÃO;ITAJAÍ;Brasil;NÃO;SUL;SC;6;0;0;7;0;;7;;18/07/2026 07:17
2026;Preta;CASADO;30 a 34 anos;FEMININO;SUPERIOR INCOMPLETO;Prefere não informar;NÃO;ITAJAÍ;Brasil;NÃO;SUL;SC;1;0;0;1;0;;1;;18/07/2026 07:17
2026;Preta;CASADO;30 a 34 anos;MASCULINO;ENSINO FUNDAMENTAL COMPLETO;Cisgênero;NÃO;ITAJAÍ;Brasil;NÃO;SUL;SC;1;0;0;1;0;;1;;18/07/2026 07:17
2026;Preta;CASADO;30 a 34 anos;MASCULINO;ENSINO FUNDAMENTAL INCOMPLETO;Cisgênero;NÃO;ITAJAÍ;Brasil;NÃO;SUL;SC;1;0;0;1;0;;1;;18/07/2026 07:17
2026;Preta;CASADO;30 a 34 anos;MASCULINO;ENSINO FUNDAMENTAL INCOMPLETO;Prefere não informar;NÃO;ITAJAÍ;Brasil;NÃO;SUL;SC;1;0;0;1;0;;1;;18/07/2026 07:17
2026;Preta;CASADO;30 a 34 anos;MASCULINO;ENSINO MÉDIO COMPLETO;Cisgênero;NÃO;ITAJAÍ;Brasil;NÃO;SUL;SC;20;0;0;20;0;;20;;18/07/2026 07:17
2026;Preta;CASADO;30 a 34 anos;MASCULINO;ENSINO MÉDIO INCOMPLETO;Cisgênero;NÃO;ITAJAÍ;Brasil;NÃO;SUL;SC;4;0;0;4;0;;4;;18/07/2026 07:17
2026;Preta;CASADO;30 a 34 anos;MASCULINO;SUPERIOR COMPLETO;Cisgênero;NÃO;ITAJAÍ;Brasil;NÃO;SUL;SC;4;0;0;4;0;;4;;18/07/2026 07:17
2026;Preta;CASADO;30 a 34 anos;MASCULINO;SUPERIOR INCOMPLETO;Cisgênero;NÃO;ITAJAÍ;Brasil;NÃO;SUL;SC;8;0;0;8;0;;8;;18/07/2026 07:17
2026;Preta;CASADO;35 a 39 anos;FEMININO;ENSINO FUNDAMENTAL COMPLETO;Cisgênero;NÃO;ITAJAÍ;Brasil;NÃO;SUL;SC;2;0;0;2;0;;2;;18/07/2026 07:17
2026;Preta;CASADO;35 a 39 anos;FEMININO;ENSINO FUNDAMENTAL INCOMPLETO;Cisgênero;NÃO;ITAJAÍ;Brasil;NÃO;SUL;SC;3;0;0;3;0;;3;;18/07/2026 07:17
2026;Preta;CASADO;35 a 39 anos;FEMININO;ENSINO MÉDIO COMPLETO;Cisgênero;NÃO;ITAJAÍ;Brasil;NÃO;SUL;SC;33;0;0;34;0;;34;;18/07/2026 07:17
2026;Preta;CASADO;35 a 39 anos;FEMININO;ENSINO MÉDIO COMPLETO;Cisgênero;SIM;ITAJAÍ;Brasil;NÃO;SUL;SC;1;0;0;1;0;;1;;18/07/2026 07:17
2026;Preta;CASADO;35 a 39 anos;FEMININO;ENSINO MÉDIO INCOMPLETO;Cisgênero;NÃO;ITAJAÍ;Brasil;NÃO;SUL;SC;8;0;0;8;0;;8;;18/07/2026 07:17
2026;Preta;CASADO;35 a 39 anos;FEMININO;ENSINO MÉDIO INCOMPLETO;Transgênero;NÃO;ITAJAÍ;Brasil;NÃO;SUL;SC;1;0;0;1;0;;1;;18/07/2026 07:17
2026;Preta;CASADO;35 a 39 anos;FEMININO;SUPERIOR COMPLETO;Cisgênero;NÃO;ITAJAÍ;Brasil;NÃO;SUL;SC;14;0;0;14;0;;14;;18/07/2026 07:17
2026;Preta;CASADO;35 a 39 anos;FEMININO;SUPERIOR COMPLETO;Prefere não informar;NÃO;ITAJAÍ;Brasil;NÃO;SUL;SC;2;0;0;2;0;;2;;18/07/2026 07:17
2026;Preta;CASADO;35 a 39 anos;FEMININO;SUPERIOR INCOMPLETO;Cisgênero;NÃO;ITAJAÍ;Brasil;NÃO;SUL;SC;8;0;0;8;0;;8;;18/07/2026 07:17
2026;Preta;CASADO;35 a 39 anos;MASCULINO;ENSINO FUNDAMENTAL COMPLETO;Cisgênero;NÃO;ITAJAÍ;Brasil;NÃO;SUL;SC;1;0;0;1;0;;1;;18/07/2026 07:17
2026;Preta;CASADO;35 a 39 anos;MASCULINO;ENSINO FUNDAMENTAL INCOMPLETO;Cisgênero;NÃO;ITAJAÍ;Brasil;NÃO;SUL;SC;8;0;0;8;0;;8;;18/07/2026 07:17
2026;Preta;CASADO;35 a 39 anos;MASCULINO;ENSINO FUNDAMENTAL INCOMPLETO;Prefere não informar;NÃO;ITAJAÍ;Brasil;NÃO;SUL;SC;1;0;0;1;0;;1;;18/07/2026 07:17
2026;Preta;CASADO;35 a 39 anos;MASCULINO;ENSINO MÉDIO COMPLETO;Cisgênero;NÃO;ITAJAÍ;Brasil;NÃO;SUL;SC;29;0;0;29;0;;29;;18/07/2026 07:17
2026;Preta;CASADO;35 a 39 anos;MASCULINO;ENSINO MÉDIO INCOMPLETO;Cisgênero;NÃO;ITAJAÍ;Brasil;NÃO;SUL;SC;8;0;0;8;0;;8;;18/07/2026 07:17
2026;Preta;CASADO;35 a 39 anos;MASCULINO;ENSINO MÉDIO INCOMPLETO;Prefere não informar;NÃO;ITAJAÍ;Brasil;NÃO;SUL;SC;2;0;0;2;0;;2;;18/07/2026 07:17
2026;Preta;CASADO;35 a 39 anos;MASCULINO;SUPERIOR COMPLETO;Cisgênero;NÃO;ITAJAÍ;Brasil;NÃO;SUL;SC;6;0;0;6;0;;6;;18/07/2026 07:17
2026;Preta;CASADO;35 a 39 anos;MASCULINO;SUPERIOR COMPLETO;Prefere não informar;NÃO;ITAJAÍ;Brasil;NÃO;SUL;SC;1;0;0;1;0;;1;;18/07/2026 07:17
2026;Preta;CASADO;35 a 39 anos;MASCULINO;SUPERIOR INCOMPLETO;Cisgênero;NÃO;ITAJAÍ;Brasil;NÃO;SUL;SC;9;0;0;9;0;;9;;18/07/2026 07:17
2026;Preta;CASADO;35 a 39 anos;MASCULINO;SUPERIOR INCOMPLETO;Cisgênero;SIM;ITAJAÍ;Brasil;NÃO;SUL;SC;1;0;0;1;0;;1;;18/07/2026 07:17
2026;Preta;CASADO;40 a 44 anos;FEMININO;ENSINO FUNDAMENTAL COMPLETO;Cisgênero;NÃO;ITAJAÍ;Brasil;NÃO;SUL;SC;2;0;0;2;0;;2;;18/07/2026 07:17
2026;Preta;CASADO;40 a 44 anos;FEMININO;ENSINO FUNDAMENTAL INCOMPLETO;Cisgênero;NÃO;ITAJAÍ;Brasil;NÃO;SUL;SC;9;0;0;10;0;;10;;18/07/2026 07:17
2026;Preta;CASADO;40 a 44 anos;FEMININO;ENSINO MÉDIO COMPLETO;Cisgênero;NÃO;ITAJAÍ;Brasil;NÃO;SUL;SC;29;0;0;29;0;;29;;18/07/2026 07:17
2026;Preta;CASADO;40 a 44 anos;FEMININO;ENSINO MÉDIO INCOMPLETO;Cisgênero;NÃO;ITAJAÍ;Brasil;NÃO;SUL;SC;3;0;0;3;0;;3;;18/07/2026 07:17
2026;Preta;CASADO;40 a 44 anos;FEMININO;SUPERIOR COMPLETO;Cisgênero;NÃO;ITAJAÍ;Brasil;NÃO;SUL;SC;16;0;0;16;0;;16;;18/07/2026 07:17
2026;Preta;CASADO;40 a 44 anos;FEMININO;SUPERIOR INCOMPLETO;Cisgênero;NÃO;ITAJAÍ;Brasil;NÃO;SUL;SC;1;0;0;1;0;;1;;18/07/2026 07:17
2026;Preta;CASADO;40 a 44 anos;MASCULINO;ANALFABETO;Cisgênero;NÃO;ITAJAÍ;Brasil;NÃO;SUL;SC;1;0;0;1;1;;0;;18/07/2026 07:17
2026;Preta;CASADO;40 a 44 anos;MASCULINO;ENSINO FUNDAMENTAL COMPLETO;Cisgênero;NÃO;ITAJAÍ;Brasil;NÃO;SUL;SC;6;2;0;6;0;;6;;18/07/2026 07:17
2026;Preta;CASADO;40 a 44 anos;MASCULINO;ENSINO FUNDAMENTAL INCOMPLETO;Cisgênero;NÃO;ITAJAÍ;Brasil;NÃO;SUL;SC;9;0;0;9;0;;9;;18/07/2026 07:17
2026;Preta;CASADO;40 a 44 anos;MASCULINO;ENSINO MÉDIO COMPLETO;Cisgênero;NÃO;ITAJAÍ;Brasil;NÃO;SUL;SC;38;0;0;38;0;;38;;18/07/2026 07:17
2026;Preta;CASADO;40 a 44 anos;MASCULINO;ENSINO MÉDIO COMPLETO;Prefere não informar;NÃO;ITAJAÍ;Brasil;NÃO;SUL;SC;1;0;0;1;0;;1;;18/07/2026 07:17
2026;Preta;CASADO;40 a 44 anos;MASCULINO;ENSINO MÉDIO INCOMPLETO;Cisgênero;NÃO;ITAJAÍ;Brasil;NÃO;SUL;SC;13;0;0;13;0;;13;;18/07/2026 07:17
2026;Preta;CASADO;40 a 44 anos;MASCULINO;SUPERIOR COMPLETO;Cisgênero;NÃO;ITAJAÍ;Brasil;NÃO;SUL;SC;15;0;0;15;0;;15;;18/07/2026 07:17
2026;Preta;CASADO;40 a 44 anos;MASCULINO;SUPERIOR COMPLETO;Prefere não informar;NÃO;ITAJAÍ;Brasil;NÃO;SUL;SC;1;0;0;1;0;;1;;18/07/2026 07:17
2026;Preta;CASADO;40 a 44 anos;MASCULINO;SUPERIOR INCOMPLETO;Cisgênero;NÃO;ITAJAÍ;Brasil;NÃO;SUL;SC;7;0;0;7;0;;7;;18/07/2026 07:17
2026;Preta;CASADO;40 a 44 anos;MASCULINO;SUPERIOR INCOMPLETO;Cisgênero;SIM;ITAJAÍ;Brasil;NÃO;SUL;SC;1;0;0;1;0;;1;;18/07/2026 07:17
2026;Preta;CASADO;40 a 44 anos;MASCULINO;SUPERIOR INCOMPLETO;Prefere não informar;NÃO;ITAJAÍ;Brasil;NÃO;SUL;SC;1;0;0;1;0;;1;;18/07/2026 07:17
2026;Preta;CASADO;45 a 49 anos;FEMININO;ENSINO FUNDAMENTAL COMPLETO;Cisgênero;NÃO;ITAJAÍ;Brasil;NÃO;SUL;SC;1;0;0;1;0;;1;;18/07/2026 07:17
2026;Preta;CASADO;45 a 49 anos;FEMININO;ENSINO FUNDAMENTAL INCOMPLETO;Cisgênero;NÃO;ITAJAÍ;Brasil;NÃO;SUL;SC;7;0;0;7;0;;7;;18/07/2026 07:17
2026;Preta;CASADO;45 a 49 anos;FEMININO;ENSINO FUNDAMENTAL INCOMPLETO;Prefere não informar;NÃO;ITAJAÍ;Brasil;NÃO;SUL;SC;1;0;0;1;0;;1;;18/07/2026 07:17
2026;Preta;CASADO;45 a 49 anos;FEMININO;ENSINO MÉDIO COMPLETO;Cisgênero;NÃO;ITAJAÍ;Brasil;NÃO;SUL;SC;28;1;0;28;0;;28;;18/07/2026 07:17
2026;Preta;CASADO;45 a 49 anos;FEMININO;ENSINO MÉDIO COMPLETO;Prefere não informar;NÃO;ITAJAÍ;Brasil;NÃO;SUL;SC;4;0;0;4;0;;4;;18/07/2026 07:17
2026;Preta;CASADO;45 a 49 anos;FEMININO;ENSINO MÉDIO INCOMPLETO;Cisgênero;NÃO;ITAJAÍ;Brasil;NÃO;SUL;SC;3;0;0;3;0;;3;;18/07/2026 07:17
2026;Preta;CASADO;45 a 49 anos;FEMININO;ENSINO MÉDIO INCOMPLETO;Prefere não informar;NÃO;ITAJAÍ;Brasil;NÃO;SUL;SC;1;0;0;1;0;;1;;18/07/2026 07:17
2026;Preta;CASADO;45 a 49 anos;FEMININO;SUPERIOR COMPLETO;Cisgênero;NÃO;ITAJAÍ;Brasil;NÃO;SUL;SC;10;0;0;10;0;;10;;18/07/2026 07:17
2026;Preta;CASADO;45 a 49 anos;FEMININO;SUPERIOR INCOMPLETO;Cisgênero;NÃO;ITAJAÍ;Brasil;NÃO;SUL;SC;3;0;0;3;0;;3;;18/07/2026 07:17
2026;Preta;CASADO;45 a 49 anos;MASCULINO;ANALFABETO;Cisgênero;NÃO;ITAJAÍ;Brasil;NÃO;SUL;SC;1;0;0;1;1;;0;;18/07/2026 07:17
2026;Preta;CASADO;45 a 49 anos;MASCULINO;ENSINO FUNDAMENTAL COMPLETO;Cisgênero;NÃO;ITAJAÍ;Brasil;NÃO;SUL;SC;3;0;0;3;0;;3;;18/07/2026 07:17
2026;Preta;CASADO;45 a 49 anos;MASCULINO;ENSINO FUNDAMENTAL INCOMPLETO;Cisgênero;NÃO;ITAJAÍ;Brasil;NÃO;SUL;SC;12;0;0;12;0;;12;;18/07/2026 07:17
2026;Preta;CASADO;45 a 49 anos;MASCULINO;ENSINO MÉDIO COMPLETO;Cisgênero;NÃO;ITAJAÍ;Brasil;NÃO;SUL;SC;33;0;0;34;0;;34;;18/07/2026 07:17
2026;Preta;CASADO;45 a 49 anos;MASCULINO;ENSINO MÉDIO COMPLETO;Cisgênero;SIM;ITAJAÍ;Brasil;NÃO;SUL;SC;1;0;0;1;0;;1;;18/07/2026 07:17
2026;Preta;CASADO;45 a 49 anos;MASCULINO;ENSINO MÉDIO COMPLETO;Prefere não informar;NÃO;ITAJAÍ;Brasil;NÃO;SUL;SC;1;0;0;1;0;;1;;18/07/2026 07:17
2026;Preta;CASADO;45 a 49 anos;MASCULINO;ENSINO MÉDIO INCOMPLETO;Cisgênero;NÃO;ITAJAÍ;Brasil;NÃO;SUL;SC;3;0;0;3;0;;3;;18/07/2026 07:17
2026;Preta;CASADO;45 a 49 anos;MASCULINO;SUPERIOR COMPLETO;Cisgênero;NÃO;ITAJAÍ;Brasil;NÃO;SUL;SC;12;0;0;12;0;;12;;18/07/2026 07:17
2026;Preta;CASADO;45 a 49 anos;MASCULINO;SUPERIOR INCOMPLETO;Cisgênero;NÃO;ITAJAÍ;Brasil;NÃO;SUL;SC;9;0;0;9;0;;9;;18/07/2026 07:17
2026;Preta;CASADO;45 a 49 anos;MASCULINO;SUPERIOR INCOMPLETO;Prefere não informar;NÃO;ITAJAÍ;Brasil;NÃO;SUL;SC;0;0;0;1;0;;1;;18/07/2026 07:17
2026;Preta;CASADO;50 a 54 anos;FEMININO;ENSINO FUNDAMENTAL COMPLETO;Cisgênero;NÃO;ITAJAÍ;Brasil;NÃO;SUL;SC;1;0;0;1;0;;1;;18/07/2026 07:17
2026;Preta;CASADO;50 a 54 anos;FEMININO;ENSINO FUNDAMENTAL INCOMPLETO;Cisgênero;NÃO;ITAJAÍ;Brasil;NÃO;SUL;SC;5;0;0;5;0;;5;;18/07/2026 07:17
2026;Preta;CASADO;50 a 54 anos;FEMININO;ENSINO MÉDIO COMPLETO;Cisgênero;NÃO;ITAJAÍ;Brasil;NÃO;SUL;SC;8;1;0;9;0;;9;;18/07/2026 07:17
2026;Preta;CASADO;50 a 54 anos;FEMININO;ENSINO MÉDIO INCOMPLETO;Cisgênero;NÃO;ITAJAÍ;Brasil;NÃO;SUL;SC;2;0;0;2;0;;2;;18/07/2026 07:17
2026;Preta;CASADO;50 a 54 anos;FEMININO;SUPERIOR COMPLETO;Cisgênero;NÃO;ITAJAÍ;Brasil;NÃO;SUL;SC;4;0;0;4;0;;4;;18/07/2026 07:17
2026;Preta;CASADO;50 a 54 anos;FEMININO;SUPERIOR COMPLETO;Prefere não informar;NÃO;ITAJAÍ;Brasil;NÃO;SUL;SC;1;0;0;1;0;;1;;18/07/2026 07:17
2026;Preta;CASADO;50 a 54 anos;FEMININO;SUPERIOR INCOMPLETO;Cisgênero;NÃO;ITAJAÍ;Brasil;NÃO;SUL;SC;2;0;0;2;0;;2;;18/07/2026 07:17
2026;Preta;CASADO;50 a 54 anos;MASCULINO;ENSINO FUNDAMENTAL COMPLETO;Cisgênero;NÃO;ITAJAÍ;Brasil;NÃO;SUL;SC;3;0;0;3;0;;3;;18/07/2026 07:17
2026;Preta;CASADO;50 a 54 anos;MASCULINO;ENSINO FUNDAMENTAL INCOMPLETO;Cisgênero;NÃO;ITAJAÍ;Brasil;NÃO;SUL;SC;9;0;0;9;0;;9;;18/07/2026 07:17
2026;Preta;CASADO;50 a 54 anos;MASCULINO;ENSINO FUNDAMENTAL INCOMPLETO;Prefere não informar;NÃO;ITAJAÍ;Brasil;NÃO;SUL;SC;1;0;0;1;0;;1;;18/07/2026 07:17
2026;Preta;CASADO;50 a 54 anos;MASCULINO;ENSINO MÉDIO COMPLETO;Cisgênero;NÃO;ITAJAÍ;Brasil;NÃO;SUL;SC;13;0;0;13;0;;13;;18/07/2026 07:17
2026;Preta;CASADO;50 a 54 anos;MASCULINO;ENSINO MÉDIO COMPLETO;Cisgênero;SIM;ITAJAÍ;Brasil;NÃO;SUL;SC;1;0;0;1;0;;1;;18/07/2026 07:17
2026;Preta;CASADO;50 a 54 anos;MASCULINO;ENSINO MÉDIO COMPLETO;Prefere não informar;NÃO;ITAJAÍ;Brasil;NÃO;SUL;SC;1;0;0;1;0;;1;;18/07/2026 07:17
2026;Preta;CASADO;50 a 54 anos;MASCULINO;ENSINO MÉDIO INCOMPLETO;Cisgênero;NÃO;ITAJAÍ;Brasil;NÃO;SUL;SC;2;0;0;2;0;;2;;18/07/2026 07:17
2026;Preta;CASADO;50 a 54 anos;MASCULINO;SUPERIOR COMPLETO;Cisgênero;NÃO;ITAJAÍ;Brasil;NÃO;SUL;SC;7;1;0;7;0;;7;;18/07/2026 07:17
2026;Preta;CASADO;50 a 54 anos;MASCULINO;SUPERIOR INCOMPLETO;Cisgênero;NÃO;ITAJAÍ;Brasil;NÃO;SUL;SC;5;0;0;5;0;;5;;18/07/2026 07:17
2026;Preta;CASADO;55 a 59 anos;FEMININO;ANALFABETO;Cisgênero;NÃO;ITAJAÍ;Brasil;NÃO;SUL;SC;1;0;0;1;1;;0;;18/07/2026 07:17
2026;Preta;CASADO;55 a 59 anos;FEMININO;ENSINO FUNDAMENTAL COMPLETO;Cisgênero;NÃO;ITAJAÍ;Brasil;NÃO;SUL;SC;2;0;0;3;0;;3;;18/07/2026 07:17
2026;Preta;CASADO;55 a 59 anos;FEMININO;ENSINO FUNDAMENTAL INCOMPLETO;Cisgênero;NÃO;ITAJAÍ;Brasil;NÃO;SUL;SC;6;0;0;6;0;;6;;18/07/2026 07:17
2026;Preta;CASADO;55 a 59 anos;FEMININO;ENSINO MÉDIO COMPLETO;Cisgênero;NÃO;ITAJAÍ;Brasil;NÃO;SUL;SC;6;0;0;6;0;;6;;18/07/2026 07:17
2026;Preta;CASADO;55 a 59 anos;FEMININO;ENSINO MÉDIO INCOMPLETO;Cisgênero;NÃO;ITAJAÍ;Brasil;NÃO;SUL;SC;2;0;0;2;0;;2;;18/07/2026 07:17
2026;Preta;CASADO;55 a 59 anos;FEMININO;SUPERIOR COMPLETO;Cisgênero;NÃO;ITAJAÍ;Brasil;NÃO;SUL;SC;7;0;0;7;0;;7;;18/07/2026 07:17
2026;Preta;CASADO;55 a 59 anos;FEMININO;SUPERIOR COMPLETO;Prefere não informar;NÃO;ITAJAÍ;Brasil;NÃO;SUL;SC;1;0;0;1;0;;1;;18/07/2026 07:17
2026;Preta;CASADO;55 a 59 anos;FEMININO;SUPERIOR INCOMPLETO;Cisgênero;NÃO;ITAJAÍ;Brasil;NÃO;SUL;SC;1;0;0;1;0;;1;;18/07/2026 07:17
2026;Preta;CASADO;55 a 59 anos;MASCULINO;ANALFABETO;Cisgênero;NÃO;ITAJAÍ;Brasil;NÃO;SUL;SC;1;0;0;1;1;;0;;18/07/2026 07:17
2026;Preta;CASADO;55 a 59 anos;MASCULINO;ENSINO FUNDAMENTAL COMPLETO;Cisgênero;NÃO;ITAJAÍ;Brasil;NÃO;SUL;SC;1;0;0;1;0;;1;;18/07/2026 07:17
2026;Preta;CASADO;55 a 59 anos;MASCULINO;ENSINO FUNDAMENTAL INCOMPLETO;Cisgênero;NÃO;ITAJAÍ;Brasil;NÃO;SUL;SC;8;1;0;8;0;;8;;18/07/2026 07:17
2026;Preta;CASADO;55 a 59 anos;MASCULINO;ENSINO MÉDIO COMPLETO;Cisgênero;NÃO;ITAJAÍ;Brasil;NÃO;SUL;SC;8;0;0;8;0;;8;;18/07/2026 07:17
2026;Preta;CASADO;55 a 59 anos;MASCULINO;ENSINO MÉDIO INCOMPLETO;Cisgênero;NÃO;ITAJAÍ;Brasil;NÃO;SUL;SC;4;0;0;4;0;;4;;18/07/2026 07:17
2026;Preta;CASADO;55 a 59 anos;MASCULINO;LÊ E ESCREVE;Prefere não informar;NÃO;ITAJAÍ;Brasil;NÃO;SUL;SC;1;0;0;1;0;;1;;18/07/2026 07:17
2026;Preta;CASADO;55 a 59 anos;MASCULINO;SUPERIOR COMPLETO;Cisgênero;NÃO;ITAJAÍ;Brasil;NÃO;SUL;SC;5;1;0;6;0;;6;;18/07/2026 07:17
2026;Preta;CASADO;55 a 59 anos;MASCULINO;SUPERIOR INCOMPLETO;Cisgênero;NÃO;ITAJAÍ;Brasil;NÃO;SUL;SC;1;0;0;1;0;;1;;18/07/2026 07:17
2026;Preta;CASADO;60 a 64 anos;FEMININO;ENSINO FUNDAMENTAL COMPLETO;Cisgênero;NÃO;ITAJAÍ;Brasil;NÃO;SUL;SC;1;0;0;1;0;;1;;18/07/2026 07:17
2026;Preta;CASADO;60 a 64 anos;FEMININO;ENSINO FUNDAMENTAL INCOMPLETO;Cisgênero;NÃO;ITAJAÍ;Brasil;NÃO;SUL;SC;3;0;0;3;0;;3;;18/07/2026 07:17
2026;Preta;CASADO;60 a 64 anos;FEMININO;ENSINO MÉDIO COMPLETO;Cisgênero;NÃO;ITAJAÍ;Brasil;NÃO;SUL;SC;2;0;0;2;0;;2;;18/07/2026 07:17
2026;Preta;CASADO;60 a 64 anos;FEMININO;ENSINO MÉDIO INCOMPLETO;Cisgênero;NÃO;ITAJAÍ;Brasil;NÃO;SUL;SC;2;0;0;2;0;;2;;18/07/2026 07:17
2026;Preta;CASADO;60 a 64 anos;FEMININO;LÊ E ESCREVE;Cisgênero;NÃO;ITAJAÍ;Brasil;NÃO;SUL;SC;1;0;0;1;0;;1;;18/07/2026 07:17
2026;Preta;CASADO;60 a 64 anos;FEMININO;SUPERIOR COMPLETO;Cisgênero;NÃO;ITAJAÍ;Brasil;NÃO;SUL;SC;2;1;0;2;0;;2;;18/07/2026 07:17
2026;Preta;CASADO;60 a 64 anos;MASCULINO;ENSINO FUNDAMENTAL COMPLETO;Cisgênero;NÃO;ITAJAÍ;Brasil;NÃO;SUL;SC;5;1;0;5;0;;5;;18/07/2026 07:17
2026;Preta;CASADO;60 a 64 anos;MASCULINO;ENSINO FUNDAMENTAL COMPLETO;Cisgênero;SIM;ITAJAÍ;Brasil;NÃO;SUL;SC;1;0;0;1;0;;1;;18/07/2026 07:17
2026;Preta;CASADO;60 a 64 anos;MASCULINO;ENSINO FUNDAMENTAL INCOMPLETO;Cisgênero;NÃO;ITAJAÍ;Brasil;NÃO;SUL;SC;5;0;0;5;0;;5;;18/07/2026 07:17
2026;Preta;CASADO;60 a 64 anos;MASCULINO;ENSINO FUNDAMENTAL INCOMPLETO;Prefere não informar;NÃO;ITAJAÍ;Brasil;NÃO;SUL;SC;0;0;0;1;0;;1;;18/07/2026 07:17
2026;Preta;CASADO;60 a 64 anos;MASCULINO;ENSINO MÉDIO COMPLETO;Cisgênero;NÃO;ITAJAÍ;Brasil;NÃO;SUL;SC;7;0;0;7;0;;7;;18/07/2026 07:17
2026;Preta;CASADO;60 a 64 anos;MASCULINO;SUPERIOR COMPLETO;Cisgênero;NÃO;ITAJAÍ;Brasil;NÃO;SUL;SC;2;0;0;2;0;;2;;18/07/2026 07:17
2026;Preta;CASADO;60 a 64 anos;MASCULINO;SUPERIOR INCOMPLETO;Cisgênero;NÃO;ITAJAÍ;Brasil;NÃO;SUL;SC;1;0;0;1;0;;1;;18/07/2026 07:17
2026;Preta;CASADO;65 a 69 anos;FEMININO;ENSINO FUNDAMENTAL COMPLETO;Cisgênero;NÃO;ITAJAÍ;Brasil;NÃO;SUL;SC;2;1;0;2;0;;2;;18/07/2026 07:17
2026;Preta;CASADO;65 a 69 anos;FEMININO;ENSINO FUNDAMENTAL INCOMPLETO;Cisgênero;NÃO;ITAJAÍ;Brasil;NÃO;SUL;SC;6;0;0;6;0;;6;;18/07/2026 07:17
2026;Preta;CASADO;65 a 69 anos;FEMININO;ENSINO MÉDIO COMPLETO;Cisgênero;NÃO;ITAJAÍ;Brasil;NÃO;SUL;SC;5;0;0;5;0;;5;;18/07/2026 07:17
2026;Preta;CASADO;65 a 69 anos;FEMININO;LÊ E ESCREVE;Cisgênero;NÃO;ITAJAÍ;Brasil;NÃO;SUL;SC;1;0;0;1;0;;1;;18/07/2026 07:17
2026;Preta;CASADO;65 a 69 anos;FEMININO;SUPERIOR COMPLETO;Cisgênero;NÃO;ITAJAÍ;Brasil;NÃO;SUL;SC;1;0;0;1;0;;1;;18/07/2026 07:17
2026;Preta;CASADO;65 a 69 anos;FEMININO;SUPERIOR INCOMPLETO;Cisgênero;NÃO;ITAJAÍ;Brasil;NÃO;SUL;SC;1;0;0;1;0;;1;;18/07/2026 07:17
2026;Preta;CASADO;65 a 69 anos;MASCULINO;ANALFABETO;Cisgênero;NÃO;ITAJAÍ;Brasil;NÃO;SUL;SC;2;0;0;2;2;;0;;18/07/2026 07:17
2026;Preta;CASADO;65 a 69 anos;MASCULINO;ENSINO FUNDAMENTAL COMPLETO;Cisgênero;NÃO;ITAJAÍ;Brasil;NÃO;SUL;SC;1;0;0;1;0;;1;;18/07/2026 07:17
2026;Preta;CASADO;65 a 69 anos;MASCULINO;ENSINO FUNDAMENTAL INCOMPLETO;Cisgênero;NÃO;ITAJAÍ;Brasil;NÃO;SUL;SC;2;0;0;2;0;;2;;18/07/2026 07:17
2026;Preta;CASADO;65 a 69 anos;MASCULINO;ENSINO MÉDIO COMPLETO;Cisgênero;NÃO;ITAJAÍ;Brasil;NÃO;SUL;SC;1;0;0;1;0;;1;;18/07/2026 07:17
2026;Preta;CASADO;65 a 69 anos;MASCULINO;ENSINO MÉDIO INCOMPLETO;Cisgênero;NÃO;ITAJAÍ;Brasil;NÃO;SUL;SC;2;0;0;2;0;;2;;18/07/2026 07:17
2026;Preta;CASADO;65 a 69 anos;MASCULINO;LÊ E ESCREVE;Cisgênero;NÃO;ITAJAÍ;Brasil;NÃO;SUL;SC;1;0;0;1;0;;1;;18/07/2026 07:17
2026;Preta;CASADO;65 a 69 anos;MASCULINO;SUPERIOR INCOMPLETO;Cisgênero;NÃO;ITAJAÍ;Brasil;NÃO;SUL;SC;1;0;0;1;0;;1;;18/07/2026 07:17
2026;Preta;CASADO;70 a 74 anos;FEMININO;ENSINO FUNDAMENTAL COMPLETO;Cisgênero;NÃO;ITAJAÍ;Brasil;NÃO;SUL;SC;1;0;0;1;1;;0;;18/07/2026 07:17
2026;Preta;CASADO;70 a 74 anos;FEMININO;ENSINO FUNDAMENTAL INCOMPLETO;Cisgênero;NÃO;ITAJAÍ;Brasil;NÃO;SUL;SC;2;1;0;2;2;;0;;18/07/2026 07:17
2026;Preta;CASADO;70 a 74 anos;FEMININO;ENSINO MÉDIO INCOMPLETO;Cisgênero;NÃO;ITAJAÍ;Brasil;NÃO;SUL;SC;2;0;0;2;2;;0;;18/07/2026 07:17
2026;Preta;CASADO;70 a 74 anos;FEMININO;LÊ E ESCREVE;Cisgênero;NÃO;ITAJAÍ;Brasil;NÃO;SUL;SC;1;0;0;1;1;;0;;18/07/2026 07:17
2026;Preta;CASADO;70 a 74 anos;FEMININO;SUPERIOR COMPLETO;Cisgênero;NÃO;ITAJAÍ;Brasil;NÃO;SUL;SC;1;0;0;1;1;;0;;18/07/2026 07:17
2026;Preta;CASADO;70 a 74 anos;MASCULINO;ANALFABETO;Cisgênero;NÃO;ITAJAÍ;Brasil;NÃO;SUL;SC;2;1;0;2;2;;0;;18/07/2026 07:17
2026;Preta;CASADO;70 a 74 anos;MASCULINO;ENSINO FUNDAMENTAL COMPLETO;Cisgênero;NÃO;ITAJAÍ;Brasil;NÃO;SUL;SC;2;1;0;2;2;;0;;18/07/2026 07:17
2026;Preta;CASADO;70 a 74 anos;MASCULINO;ENSINO FUNDAMENTAL INCOMPLETO;Cisgênero;NÃO;ITAJAÍ;Brasil;NÃO;SUL;SC;4;0;0;4;4;;0;;18/07/2026 07:17
2026;Preta;CASADO;70 a 74 anos;MASCULINO;ENSINO FUNDAMENTAL INCOMPLETO;Prefere não informar;NÃO;ITAJAÍ;Brasil;NÃO;SUL;SC;1;0;0;1;1;;0;;18/07/2026 07:17
2026;Preta;CASADO;70 a 74 anos;MASCULINO;ENSINO MÉDIO COMPLETO;Cisgênero;NÃO;ITAJAÍ;Brasil;NÃO;SUL;SC;2;0;0;2;2;;0;;18/07/2026 07:17
2026;Preta;CASADO;75 a 79 anos;FEMININO;ANALFABETO;Cisgênero;NÃO;ITAJAÍ;Brasil;NÃO;SUL;SC;1;0;0;1;1;;0;;18/07/2026 07:17
2026;Preta;CASADO;75 a 79 anos;MASCULINO;ANALFABETO;Cisgênero;NÃO;ITAJAÍ;Brasil;NÃO;SUL;SC;1;0;0;1;1;;0;;18/07/2026 07:17
2026;Preta;CASADO;75 a 79 anos;MASCULINO;ENSINO FUNDAMENTAL INCOMPLETO;Cisgênero;NÃO;ITAJAÍ;Brasil;NÃO;SUL;SC;1;0;0;1;1;;0;;18/07/2026 07:17
2026;Preta;CASADO;75 a 79 anos;MASCULINO;SUPERIOR COMPLETO;Cisgênero;NÃO;ITAJAÍ;Brasil;NÃO;SUL;SC;1;0;0;1;1;;0;;18/07/2026 07:17
2026;Preta;CASADO;80 a 84 anos;MASCULINO;ENSINO FUNDAMENTAL COMPLETO;Cisgênero;NÃO;ITAJAÍ;Brasil;NÃO;SUL;SC;1;0;0;1;1;;0;;18/07/2026 07:17
2026;Preta;CASADO;85 a 89 anos;MASCULINO;ENSINO FUNDAMENTAL INCOMPLETO;Cisgênero;NÃO;ITAJAÍ;Brasil;NÃO;SUL;SC;1;0;0;1;1;;0;;18/07/2026 07:17
2026;Preta;CASADO;85 a 89 anos;MASCULINO;ENSINO MÉDIO COMPLETO;Cisgênero;NÃO;ITAJAÍ;Brasil;NÃO;SUL;SC;1;0;0;1;1;;0;;18/07/2026 07:17
2026;Preta;DIVORCIADO;25 a 29 anos;FEMININO;ENSINO MÉDIO COMPLETO;Cisgênero;NÃO;ITAJAÍ;Brasil;NÃO;SUL;SC;4;0;0;4;0;;4;;18/07/2026 07:17
2026;Preta;DIVORCIADO;25 a 29 anos;FEMININO;SUPERIOR COMPLETO;Cisgênero;NÃO;ITAJAÍ;Brasil;NÃO;SUL;SC;2;0;0;2;0;;2;;18/07/2026 07:17
2026;Preta;DIVORCIADO;25 a 29 anos;MASCULINO;ENSINO MÉDIO COMPLETO;Cisgênero;NÃO;ITAJAÍ;Brasil;NÃO;SUL;SC;1;0;0;1;0;;1;;18/07/2026 07:17
2026;Preta;DIVORCIADO;25 a 29 anos;MASCULINO;ENSINO MÉDIO INCOMPLETO;Cisgênero;NÃO;ITAJAÍ;Brasil;NÃO;SUL;SC;1;0;0;1;0;;1;;18/07/2026 07:17
2026;Preta;DIVORCIADO;30 a 34 anos;FEMININO;ENSINO MÉDIO COMPLETO;Cisgênero;NÃO;ITAJAÍ;Brasil;NÃO;SUL;SC;6;0;0;6;0;;6;;18/07/2026 07:17
2026;Preta;DIVORCIADO;30 a 34 anos;FEMININO;ENSINO MÉDIO COMPLETO;Prefere não informar;NÃO;ITAJAÍ;Brasil;NÃO;SUL;SC;1;0;0;1;0;;1;;18/07/2026 07:17
2026;Preta;DIVORCIADO;30 a 34 anos;FEMININO;SUPERIOR COMPLETO;Cisgênero;NÃO;ITAJAÍ;Brasil;NÃO;SUL;SC;1;0;0;1;0;;1;;18/07/2026 07:17
2026;Preta;DIVORCIADO;30 a 34 anos;MASCULINO;ENSINO FUNDAMENTAL INCOMPLETO;Cisgênero;NÃO;ITAJAÍ;Brasil;NÃO;SUL;SC;1;0;0;1;0;;1;;18/07/2026 07:17
2026;Preta;DIVORCIADO;30 a 34 anos;MASCULINO;ENSINO MÉDIO COMPLETO;Cisgênero;NÃO;ITAJAÍ;Brasil;NÃO;SUL;SC;1;0;0;1;0;;1;;18/07/2026 07:17
2026;Preta;DIVORCIADO;30 a 34 anos;MASCULINO;SUPERIOR INCOMPLETO;Cisgênero;NÃO;ITAJAÍ;Brasil;NÃO;SUL;SC;1;0;0;1;0;;1;;18/07/2026 07:17
2026;Preta;DIVORCIADO;35 a 39 anos;FEMININO;ENSINO FUNDAMENTAL INCOMPLETO;Cisgênero;NÃO;ITAJAÍ;Brasil;NÃO;SUL;SC;1;0;0;1;0;;1;;18/07/2026 07:17
2026;Preta;DIVORCIADO;35 a 39 anos;FEMININO;ENSINO MÉDIO COMPLETO;Cisgênero;NÃO;ITAJAÍ;Brasil;NÃO;SUL;SC;3;0;0;3;0;;3;;18/07/2026 07:17
2026;Preta;DIVORCIADO;35 a 39 anos;FEMININO;SUPERIOR COMPLETO;Cisgênero;NÃO;ITAJAÍ;Brasil;NÃO;SUL;SC;3;1;0;3;0;;3;;18/07/2026 07:17
2026;Preta;DIVORCIADO;35 a 39 anos;FEMININO;SUPERIOR INCOMPLETO;Cisgênero;NÃO;ITAJAÍ;Brasil;NÃO;SUL;SC;1;0;0;1;0;;1;;18/07/2026 07:17
2026;Preta;DIVORCIADO;35 a 39 anos;MASCULINO;ENSINO MÉDIO COMPLETO;Cisgênero;NÃO;ITAJAÍ;Brasil;NÃO;SUL;SC;6;0;0;6;0;;6;;18/07/2026 07:17
2026;Preta;DIVORCIADO;35 a 39 anos;MASCULINO;SUPERIOR INCOMPLETO;Cisgênero;NÃO;ITAJAÍ;Brasil;NÃO;SUL;SC;1;0;0;1;0;;1;;18/07/2026 07:17
2026;Preta;DIVORCIADO;40 a 44 anos;FEMININO;ENSINO MÉDIO COMPLETO;Cisgênero;NÃO;ITAJAÍ;Brasil;NÃO;SUL;SC;4;0;0;4;0;;4;;18/07/2026 07:17
2026;Preta;DIVORCIADO;40 a 44 anos;FEMININO;ENSINO MÉDIO INCOMPLETO;Cisgênero;NÃO;ITAJAÍ;Brasil;NÃO;SUL;SC;1;0;0;1;0;;1;;18/07/2026 07:17
2026;Preta;DIVORCIADO;40 a 44 anos;FEMININO;SUPERIOR COMPLETO;Cisgênero;NÃO;ITAJAÍ;Brasil;NÃO;SUL;SC;6;0;0;6;0;;6;;18/07/2026 07:17
2026;Preta;DIVORCIADO;40 a 44 anos;FEMININO;SUPERIOR INCOMPLETO;Cisgênero;NÃO;ITAJAÍ;Brasil;NÃO;SUL;SC;2;1;0;2;0;;2;;18/07/2026 07:17
2026;Preta;DIVORCIADO;40 a 44 anos;MASCULINO;ENSINO FUNDAMENTAL COMPLETO;Cisgênero;NÃO;ITAJAÍ;Brasil;NÃO;SUL;SC;1;0;0;1;0;;1;;18/07/2026 07:17
2026;Preta;DIVORCIADO;40 a 44 anos;MASCULINO;ENSINO MÉDIO COMPLETO;Cisgênero;NÃO;ITAJAÍ;Brasil;NÃO;SUL;SC;6;0;0;6;0;;6;;18/07/2026 07:17
2026;Preta;DIVORCIADO;40 a 44 anos;MASCULINO;ENSINO MÉDIO INCOMPLETO;Cisgênero;NÃO;ITAJAÍ;Brasil;NÃO;SUL;SC;2;0;0;2;0;;2;;18/07/2026 07:17
2026;Preta;DIVORCIADO;40 a 44 anos;MASCULINO;SUPERIOR COMPLETO;Cisgênero;NÃO;ITAJAÍ;Brasil;NÃO;SUL;SC;3;0;0;3;0;;3;;18/07/2026 07:17
2026;Preta;DIVORCIADO;45 a 49 anos;FEMININO;ENSINO FUNDAMENTAL INCOMPLETO;Cisgênero;NÃO;ITAJAÍ;Brasil;NÃO;SUL;SC;2;0;0;3;0;;3;;18/07/2026 07:17
2026;Preta;DIVORCIADO;45 a 49 anos;FEMININO;ENSINO MÉDIO COMPLETO;Cisgênero;NÃO;ITAJAÍ;Brasil;NÃO;SUL;SC;7;0;0;7;0;;7;;18/07/2026 07:17
2026;Preta;DIVORCIADO;45 a 49 anos;FEMININO;ENSINO MÉDIO INCOMPLETO;Cisgênero;NÃO;ITAJAÍ;Brasil;NÃO;SUL;SC;1;0;0;1;0;;1;;18/07/2026 07:17
2026;Preta;DIVORCIADO;45 a 49 anos;FEMININO;SUPERIOR COMPLETO;Cisgênero;NÃO;ITAJAÍ;Brasil;NÃO;SUL;SC;3;0;0;3;0;;3;;18/07/2026 07:17
2026;Preta;DIVORCIADO;45 a 49 anos;FEMININO;SUPERIOR INCOMPLETO;Cisgênero;NÃO;ITAJAÍ;Brasil;NÃO;SUL;SC;2;0;0;2;0;;2;;18/07/2026 07:17
2026;Preta;DIVORCIADO;45 a 49 anos;MASCULINO;ENSINO FUNDAMENTAL INCOMPLETO;Cisgênero;NÃO;ITAJAÍ;Brasil;NÃO;SUL;SC;2;0;0;2;0;;2;;18/07/2026 07:17
2026;Preta;DIVORCIADO;45 a 49 anos;MASCULINO;ENSINO MÉDIO COMPLETO;Cisgênero;NÃO;ITAJAÍ;Brasil;NÃO;SUL;SC;2;0;0;2;0;;2;;18/07/2026 07:17
2026;Preta;DIVORCIADO;45 a 49 anos;MASCULINO;ENSINO MÉDIO INCOMPLETO;Cisgênero;NÃO;ITAJAÍ;Brasil;NÃO;SUL;SC;1;0;0;1;0;;1;;18/07/2026 07:17
2026;Preta;DIVORCIADO;50 a 54 anos;FEMININO;ENSINO FUNDAMENTAL INCOMPLETO;Cisgênero;NÃO;ITAJAÍ;Brasil;NÃO;SUL;SC;4;0;0;4;0;;4;;18/07/2026 07:17
2026;Preta;DIVORCIADO;50 a 54 anos;FEMININO;ENSINO FUNDAMENTAL INCOMPLETO;Prefere não informar;NÃO;ITAJAÍ;Brasil;NÃO;SUL;SC;1;0;0;1;0;;1;;18/07/2026 07:17
2026;Preta;DIVORCIADO;50 a 54 anos;FEMININO;ENSINO MÉDIO COMPLETO;Cisgênero;NÃO;ITAJAÍ;Brasil;NÃO;SUL;SC;2;0;0;3;0;;3;;18/07/2026 07:17
2026;Preta;DIVORCIADO;50 a 54 anos;FEMININO;SUPERIOR COMPLETO;Cisgênero;NÃO;ITAJAÍ;Brasil;NÃO;SUL;SC;2;0;0;2;0;;2;;18/07/2026 07:17
2026;Preta;DIVORCIADO;50 a 54 anos;FEMININO;SUPERIOR INCOMPLETO;Cisgênero;NÃO;ITAJAÍ;Brasil;NÃO;SUL;SC;3;0;0;3;0;;3;;18/07/2026 07:17
2026;Preta;DIVORCIADO;50 a 54 anos;MASCULINO;ENSINO FUNDAMENTAL COMPLETO;Cisgênero;NÃO;ITAJAÍ;Brasil;NÃO;SUL;SC;1;0;0;1;0;;1;;18/07/2026 07:17
2026;Preta;DIVORCIADO;50 a 54 anos;MASCULINO;ENSINO FUNDAMENTAL INCOMPLETO;Cisgênero;NÃO;ITAJAÍ;Brasil;NÃO;SUL;SC;4;0;0;4;0;;4;;18/07/2026 07:17
2026;Preta;DIVORCIADO;50 a 54 anos;MASCULINO;ENSINO MÉDIO COMPLETO;Cisgênero;NÃO;ITAJAÍ;Brasil;NÃO;SUL;SC;3;0;0;3;0;;3;;18/07/2026 07:17
2026;Preta;DIVORCIADO;50 a 54 anos;MASCULINO;SUPERIOR COMPLETO;Cisgênero;NÃO;ITAJAÍ;Brasil;NÃO;SUL;SC;5;0;0;5;0;;5;;18/07/2026 07:17
2026;Preta;DIVORCIADO;55 a 59 anos;FEMININO;ENSINO FUNDAMENTAL COMPLETO;Cisgênero;NÃO;ITAJAÍ;Brasil;NÃO;SUL;SC;1;0;0;1;0;;1;;18/07/2026 07:17
2026;Preta;DIVORCIADO;55 a 59 anos;FEMININO;ENSINO FUNDAMENTAL INCOMPLETO;Cisgênero;NÃO;ITAJAÍ;Brasil;NÃO;SUL;SC;3;0;0;3;0;;3;;18/07/2026 07:17
2026;Preta;DIVORCIADO;55 a 59 anos;FEMININO;ENSINO MÉDIO COMPLETO;Cisgênero;NÃO;ITAJAÍ;Brasil;NÃO;SUL;SC;5;0;0;5;0;;5;;18/07/2026 07:17
2026;Preta;DIVORCIADO;55 a 59 anos;FEMININO;ENSINO MÉDIO INCOMPLETO;Cisgênero;NÃO;ITAJAÍ;Brasil;NÃO;SUL;SC;2;0;0;2;0;;2;;18/07/2026 07:17
2026;Preta;DIVORCIADO;55 a 59 anos;FEMININO;SUPERIOR COMPLETO;Cisgênero;NÃO;ITAJAÍ;Brasil;NÃO;SUL;SC;1;0;0;1;0;;1;;18/07/2026 07:17
2026;Preta;DIVORCIADO;55 a 59 anos;FEMININO;SUPERIOR COMPLETO;Transgênero;NÃO;ITAJAÍ;Brasil;NÃO;SUL;SC;1;0;0;1;0;;1;;18/07/2026 07:17
2026;Preta;DIVORCIADO;55 a 59 anos;MASCULINO;ENSINO FUNDAMENTAL COMPLETO;Cisgênero;NÃO;ITAJAÍ;Brasil;NÃO;SUL;SC;1;0;0;1;0;;1;;18/07/2026 07:17
2026;Preta;DIVORCIADO;55 a 59 anos;MASCULINO;ENSINO FUNDAMENTAL INCOMPLETO;Cisgênero;NÃO;ITAJAÍ;Brasil;NÃO;SUL;SC;1;0;0;1;0;;1;;18/07/2026 07:17
2026;Preta;DIVORCIADO;55 a 59 anos;MASCULINO;ENSINO MÉDIO COMPLETO;Cisgênero;NÃO;ITAJAÍ;Brasil;NÃO;SUL;SC;5;1;0;5;0;;5;;18/07/2026 07:17
2026;Preta;DIVORCIADO;55 a 59 anos;MASCULINO;LÊ E ESCREVE;Cisgênero;NÃO;ITAJAÍ;Brasil;NÃO;SUL;SC;1;0;0;1;0;;1;;18/07/2026 07:17
2026;Preta;DIVORCIADO;55 a 59 anos;MASCULINO;SUPERIOR COMPLETO;Cisgênero;NÃO;ITAJAÍ;Brasil;NÃO;SUL;SC;2;0;0;2;0;;2;;18/07/2026 07:17
2026;Preta;DIVORCIADO;55 a 59 anos;MASCULINO;SUPERIOR INCOMPLETO;Cisgênero;NÃO;ITAJAÍ;Brasil;NÃO;SUL;SC;2;0;0;2;0;;2;;18/07/2026 07:17
2026;Preta;DIVORCIADO;60 a 64 anos;FEMININO;ANALFABETO;Cisgênero;NÃO;ITAJAÍ;Brasil;NÃO;SUL;SC;1;0;0;1;1;;0;;18/07/2026 07:17
2026;Preta;DIVORCIADO;60 a 64 anos;FEMININO;ENSINO FUNDAMENTAL INCOMPLETO;Cisgênero;NÃO;ITAJAÍ;Brasil;NÃO;SUL;SC;2;0;0;2;0;;2;;18/07/2026 07:17
2026;Preta;DIVORCIADO;60 a 64 anos;FEMININO;ENSINO MÉDIO COMPLETO;Cisgênero;NÃO;ITAJAÍ;Brasil;NÃO;SUL;SC;3;0;0;3;0;;3;;18/07/2026 07:17
2026;Preta;DIVORCIADO;60 a 64 anos;FEMININO;ENSINO MÉDIO INCOMPLETO;Cisgênero;NÃO;ITAJAÍ;Brasil;NÃO;SUL;SC;1;1;0;1;0;;1;;18/07/2026 07:17
2026;Preta;DIVORCIADO;60 a 64 anos;FEMININO;SUPERIOR COMPLETO;Cisgênero;NÃO;ITAJAÍ;Brasil;NÃO;SUL;SC;1;0;0;1;0;;1;;18/07/2026 07:17
2026;Preta;DIVORCIADO;60 a 64 anos;FEMININO;SUPERIOR INCOMPLETO;Cisgênero;NÃO;ITAJAÍ;Brasil;NÃO;SUL;SC;1;0;0;1;0;;1;;18/07/2026 07:17
2026;Preta;DIVORCIADO;60 a 64 anos;MASCULINO;ENSINO MÉDIO COMPLETO;Cisgênero;NÃO;ITAJAÍ;Brasil;NÃO;SUL;SC;2;0;0;2;0;;2;;18/07/2026 07:17
2026;Preta;DIVORCIADO;65 a 69 anos;FEMININO;ENSINO FUNDAMENTAL COMPLETO;Cisgênero;NÃO;ITAJAÍ;Brasil;NÃO;SUL;SC;1;0;0;1;0;;1;;18/07/2026 07:17
2026;Preta;DIVORCIADO;65 a 69 anos;FEMININO;ENSINO FUNDAMENTAL INCOMPLETO;Cisgênero;NÃO;ITAJAÍ;Brasil;NÃO;SUL;SC;2;0;0;2;0;;2;;18/07/2026 07:17
2026;Preta;DIVORCIADO;65 a 69 anos;FEMININO;ENSINO MÉDIO COMPLETO;Cisgênero;NÃO;ITAJAÍ;Brasil;NÃO;SUL;SC;3;0;0;3;0;;3;;18/07/2026 07:17
2026;Preta;DIVORCIADO;65 a 69 anos;FEMININO;SUPERIOR COMPLETO;Prefere não informar;SIM;ITAJAÍ;Brasil;NÃO;SUL;SC;1;0;0;1;0;;1;;18/07/2026 07:17
2026;Preta;DIVORCIADO;65 a 69 anos;MASCULINO;ENSINO FUNDAMENTAL INCOMPLETO;Cisgênero;NÃO;ITAJAÍ;Brasil;NÃO;SUL;SC;3;0;0;3;0;;3;;18/07/2026 07:17
2026;Preta;DIVORCIADO;65 a 69 anos;MASCULINO;ENSINO MÉDIO COMPLETO;Cisgênero;NÃO;ITAJAÍ;Brasil;NÃO;SUL;SC;1;0;0;1;0;;1;;18/07/2026 07:17
2026;Preta;DIVORCIADO;70 a 74 anos;MASCULINO;ENSINO FUNDAMENTAL COMPLETO;Cisgênero;NÃO;ITAJAÍ;Brasil;NÃO;SUL;SC;1;0;0;1;1;;0;;18/07/2026 07:17
2026;Preta;DIVORCIADO;70 a 74 anos;MASCULINO;ENSINO MÉDIO COMPLETO;Cisgênero;NÃO;ITAJAÍ;Brasil;NÃO;SUL;SC;1;0;0;1;1;;0;;18/07/2026 07:17
2026;Preta;DIVORCIADO;75 a 79 anos;FEMININO;ANALFABETO;Cisgênero;NÃO;ITAJAÍ;Brasil;NÃO;SUL;SC;1;1;0;1;1;;0;;18/07/2026 07:17
2026;Preta;DIVORCIADO;75 a 79 anos;FEMININO;LÊ E ESCREVE;Cisgênero;NÃO;ITAJAÍ;Brasil;NÃO;SUL;SC;1;0;0;1;1;;0;;18/07/2026 07:17
2026;Preta;DIVORCIADO;75 a 79 anos;FEMININO;LÊ E ESCREVE;Prefere não informar;NÃO;ITAJAÍ;Brasil;NÃO;SUL;SC;1;0;0;1;1;;0;;18/07/2026 07:17
2026;Preta;DIVORCIADO;75 a 79 anos;MASCULINO;ENSINO FUNDAMENTAL INCOMPLETO;Cisgênero;NÃO;ITAJAÍ;Brasil;NÃO;SUL;SC;1;0;0;1;1;;0;;18/07/2026 07:17
2026;Preta;DIVORCIADO;75 a 79 anos;MASCULINO;LÊ E ESCREVE;Cisgênero;NÃO;ITAJAÍ;Brasil;NÃO;SUL;SC;2;0;0;2;2;;0;;18/07/2026 07:17
2026;Preta;DIVORCIADO;80 a 84 anos;FEMININO;LÊ E ESCREVE;Cisgênero;NÃO;ITAJAÍ;Brasil;NÃO;SUL;SC;1;0;0;1;1;;0;;18/07/2026 07:17
2026;Preta;DIVORCIADO;85 a 89 anos;FEMININO;LÊ E ESCREVE;Cisgênero;NÃO;ITAJAÍ;Brasil;NÃO;SUL;SC;1;0;0;1;1;;0;;18/07/2026 07:17
2026;Preta;SEPARADO JUDICIALMENTE;35 a 39 anos;FEMININO;ENSINO MÉDIO COMPLETO;Cisgênero;NÃO;ITAJAÍ;Brasil;NÃO;SUL;SC;2;0;0;2;0;;2;;18/07/2026 07:17
2026;Preta;SEPARADO JUDICIALMENTE;35 a 39 anos;FEMININO;SUPERIOR INCOMPLETO;Cisgênero;NÃO;ITAJAÍ;Brasil;NÃO;SUL;SC;1;0;0;1;0;;1;;18/07/2026 07:17
2026;Preta;SEPARADO JUDICIALMENTE;45 a 49 anos;FEMININO;ENSINO MÉDIO COMPLETO;Cisgênero;NÃO;ITAJAÍ;Brasil;NÃO;SUL;SC;2;0;0;2;0;;2;;18/07/2026 07:17
2026;Preta;SEPARADO JUDICIALMENTE;50 a 54 anos;FEMININO;SUPERIOR INCOMPLETO;Cisgênero;NÃO;ITAJAÍ;Brasil;NÃO;SUL;SC;1;0;0;1;0;;1;;18/07/2026 07:17
2026;Preta;SEPARADO JUDICIALMENTE;55 a 59 anos;FEMININO;ENSINO FUNDAMENTAL INCOMPLETO;Cisgênero;NÃO;ITAJAÍ;Brasil;NÃO;SUL;SC;1;0;0;1;0;;1;;18/07/2026 07:17
2026;Preta;SEPARADO JUDICIALMENTE;55 a 59 anos;FEMININO;ENSINO MÉDIO COMPLETO;Cisgênero;NÃO;ITAJAÍ;Brasil;NÃO;SUL;SC;1;0;0;1;0;;1;;18/07/2026 07:17
2026;Preta;SEPARADO JUDICIALMENTE;60 a 64 anos;FEMININO;ENSINO FUNDAMENTAL INCOMPLETO;Cisgênero;NÃO;ITAJAÍ;Brasil;NÃO;SUL;SC;0;0;0;1;0;;1;;18/07/2026 07:17
2026;Preta;SEPARADO JUDICIALMENTE;65 a 69 anos;FEMININO;ENSINO FUNDAMENTAL INCOMPLETO;Cisgênero;NÃO;ITAJAÍ;Brasil;NÃO;SUL;SC;1;1;0;1;0;;1;;18/07/2026 07:17
2026;Preta;SEPARADO JUDICIALMENTE;75 a 79 anos;FEMININO;ENSINO FUNDAMENTAL INCOMPLETO;Cisgênero;NÃO;ITAJAÍ;Brasil;NÃO;SUL;SC;1;0;0;1;1;;0;;18/07/2026 07:17
2026;Preta;SOLTEIRO;16 anos;FEMININO;ENSINO MÉDIO INCOMPLETO;Cisgênero;NÃO;ITAJAÍ;Brasil;NÃO;SUL;SC;8;0;0;8;8;;0;;18/07/2026 07:17
2026;Preta;SOLTEIRO;16 anos;MASCULINO;ENSINO MÉDIO INCOMPLETO;Cisgênero;NÃO;ITAJAÍ;Brasil;NÃO;SUL;SC;8;0;0;8;8;;0;;18/07/2026 07:17
2026;Preta;SOLTEIRO;17 anos;FEMININO;ENSINO FUNDAMENTAL INCOMPLETO;Cisgênero;NÃO;ITAJAÍ;Brasil;NÃO;SUL;SC;1;0;0;1;1;;0;;18/07/2026 07:17
2026;Preta;SOLTEIRO;17 anos;FEMININO;ENSINO MÉDIO INCOMPLETO;Cisgênero;NÃO;ITAJAÍ;Brasil;NÃO;SUL;SC;14;1;0;14;14;;0;;18/07/2026 07:17
2026;Preta;SOLTEIRO;17 anos;FEMININO;ENSINO MÉDIO INCOMPLETO;Cisgênero;NÃO;ITAJAÍ;Brasil;SIM;SUL;SC;1;0;0;1;1;;0;;18/07/2026 07:17
2026;Preta;SOLTEIRO;17 anos;MASCULINO;ENSINO FUNDAMENTAL INCOMPLETO;Cisgênero;NÃO;ITAJAÍ;Brasil;NÃO;SUL;SC;1;0;0;1;1;;0;;18/07/2026 07:17
2026;Preta;SOLTEIRO;17 anos;MASCULINO;ENSINO MÉDIO INCOMPLETO;Cisgênero;NÃO;ITAJAÍ;Brasil;NÃO;SUL;SC;13;1;0;13;13;;0;;18/07/2026 07:17
2026;Preta;SOLTEIRO;18 anos;FEMININO;ANALFABETO;Cisgênero;NÃO;ITAJAÍ;Brasil;NÃO;SUL;SC;1;1;0;1;1;;0;;18/07/2026 07:17
2026;Preta;SOLTEIRO;18 anos;FEMININO;ENSINO FUNDAMENTAL COMPLETO;Cisgênero;NÃO;ITAJAÍ;Brasil;NÃO;SUL;SC;3;0;0;3;0;;3;;18/07/2026 07:17
2026;Preta;SOLTEIRO;18 anos;FEMININO;ENSINO FUNDAMENTAL INCOMPLETO;Cisgênero;NÃO;ITAJAÍ;Brasil;NÃO;SUL;SC;1;0;0;1;0;;1;;18/07/2026 07:17
2026;Preta;SOLTEIRO;18 anos;FEMININO;ENSINO MÉDIO COMPLETO;Cisgênero;NÃO;ITAJAÍ;Brasil;NÃO;SUL;SC;17;0;0;17;0;;17;;18/07/2026 07:17
2026;Preta;SOLTEIRO;18 anos;FEMININO;ENSINO MÉDIO COMPLETO;Prefere não informar;NÃO;ITAJAÍ;Brasil;NÃO;SUL;SC;1;0;0;1;0;;1;;18/07/2026 07:17
2026;Preta;SOLTEIRO;18 anos;FEMININO;ENSINO MÉDIO INCOMPLETO;Cisgênero;NÃO;ITAJAÍ;Brasil;NÃO;SUL;SC;35;0;0;35;0;;35;;18/07/2026 07:17
2026;Preta;SOLTEIRO;18 anos;FEMININO;SUPERIOR INCOMPLETO;Cisgênero;NÃO;ITAJAÍ;Brasil;NÃO;SUL;SC;7;0;0;7;0;;7;;18/07/2026 07:17
2026;Preta;SOLTEIRO;18 anos;MASCULINO;ENSINO FUNDAMENTAL INCOMPLETO;Cisgênero;NÃO;ITAJAÍ;Brasil;NÃO;SUL;SC;2;0;0;2;0;;2;;18/07/2026 07:17
2026;Preta;SOLTEIRO;18 anos;MASCULINO;ENSINO MÉDIO COMPLETO;Cisgênero;NÃO;ITAJAÍ;Brasil;NÃO;SUL;SC;13;0;0;13;0;;13;;18/07/2026 07:17
2026;Preta;SOLTEIRO;18 anos;MASCULINO;ENSINO MÉDIO INCOMPLETO;Cisgênero;NÃO;ITAJAÍ;Brasil;NÃO;SUL;SC;59;0;0;59;0;;59;;18/07/2026 07:17
2026;Preta;SOLTEIRO;18 anos;MASCULINO;ENSINO MÉDIO INCOMPLETO;Prefere não informar;NÃO;ITAJAÍ;Brasil;NÃO;SUL;SC;1;0;0;1;0;;1;;18/07/2026 07:17
2026;Preta;SOLTEIRO;18 anos;MASCULINO;SUPERIOR INCOMPLETO;Cisgênero;NÃO;ITAJAÍ;Brasil;NÃO;SUL;SC;2;0;0;2;0;;2;;18/07/2026 07:17
2026;Preta;SOLTEIRO;19 anos;FEMININO;ENSINO FUNDAMENTAL INCOMPLETO;Cisgênero;NÃO;ITAJAÍ;Brasil;NÃO;SUL;SC;2;0;0;2;0;;2;;18/07/2026 07:17
2026;Preta;SOLTEIRO;19 anos;FEMININO;ENSINO MÉDIO COMPLETO;Cisgênero;NÃO;ITAJAÍ;Brasil;NÃO;SUL;SC;33;1;0;33;0;;33;;18/07/2026 07:17
2026;Preta;SOLTEIRO;19 anos;FEMININO;ENSINO MÉDIO COMPLETO;Prefere não informar;NÃO;ITAJAÍ;Brasil;NÃO;SUL;SC;1;0;0;1;0;;1;;18/07/2026 07:17
2026;Preta;SOLTEIRO;19 anos;FEMININO;ENSINO MÉDIO COMPLETO;Transgênero;NÃO;ITAJAÍ;Brasil;NÃO;SUL;SC;1;1;0;1;0;;1;;18/07/2026 07:17
2026;Preta;SOLTEIRO;19 anos;FEMININO;ENSINO MÉDIO INCOMPLETO;Cisgênero;NÃO;ITAJAÍ;Brasil;NÃO;SUL;SC;40;0;0;40;0;;40;;18/07/2026 07:17
2026;Preta;SOLTEIRO;19 anos;FEMININO;SUPERIOR INCOMPLETO;Cisgênero;NÃO;ITAJAÍ;Brasil;NÃO;SUL;SC;6;0;0;6;0;;6;;18/07/2026 07:17
2026;Preta;SOLTEIRO;19 anos;MASCULINO;ENSINO FUNDAMENTAL COMPLETO;Cisgênero;NÃO;ITAJAÍ;Brasil;NÃO;SUL;SC;3;1;0;3;0;;3;;18/07/2026 07:17
2026;Preta;SOLTEIRO;19 anos;MASCULINO;ENSINO FUNDAMENTAL INCOMPLETO;Cisgênero;NÃO;ITAJAÍ;Brasil;NÃO;SUL;SC;5;0;0;5;0;;5;;18/07/2026 07:17
2026;Preta;SOLTEIRO;19 anos;MASCULINO;ENSINO MÉDIO COMPLETO;Cisgênero;NÃO;ITAJAÍ;Brasil;NÃO;SUL;SC;24;2;0;24;0;;24;;18/07/2026 07:17
2026;Preta;SOLTEIRO;19 anos;MASCULINO;ENSINO MÉDIO INCOMPLETO;Cisgênero;NÃO;ITAJAÍ;Brasil;NÃO;SUL;SC;61;1;0;61;0;;61;;18/07/2026 07:17
2026;Preta;SOLTEIRO;19 anos;MASCULINO;ENSINO MÉDIO INCOMPLETO;Prefere não informar;NÃO;ITAJAÍ;Brasil;NÃO;SUL;SC;1;0;0;1;0;;1;;18/07/2026 07:17
2026;Preta;SOLTEIRO;19 anos;MASCULINO;SUPERIOR INCOMPLETO;Cisgênero;NÃO;ITAJAÍ;Brasil;NÃO;SUL;SC;4;0;0;4;0;;4;;18/07/2026 07:17
2026;Preta;SOLTEIRO;19 anos;MASCULINO;SUPERIOR INCOMPLETO;Prefere não informar;NÃO;ITAJAÍ;Brasil;NÃO;SUL;SC;1;0;0;1;0;;1;;18/07/2026 07:17
2026;Preta;SOLTEIRO;20 anos;FEMININO;ANALFABETO;Cisgênero;NÃO;ITAJAÍ;Brasil;NÃO;SUL;SC;1;0;0;1;1;;0;;18/07/2026 07:17
2026;Preta;SOLTEIRO;20 anos;FEMININO;ENSINO FUNDAMENTAL COMPLETO;Cisgênero;NÃO;ITAJAÍ;Brasil;NÃO;SUL;SC;4;0;0;4;0;;4;;18/07/2026 07:17
2026;Preta;SOLTEIRO;20 anos;FEMININO;ENSINO FUNDAMENTAL COMPLETO;Prefere não informar;NÃO;ITAJAÍ;Brasil;NÃO;SUL;SC;1;0;0;1;0;;1;;18/07/2026 07:17
2026;Preta;SOLTEIRO;20 anos;FEMININO;ENSINO FUNDAMENTAL INCOMPLETO;Cisgênero;NÃO;ITAJAÍ;Brasil;NÃO;SUL;SC;4;0;0;4;0;;4;;18/07/2026 07:17
2026;Preta;SOLTEIRO;20 anos;FEMININO;ENSINO MÉDIO COMPLETO;Cisgênero;NÃO;ITAJAÍ;Brasil;NÃO;SUL;SC;24;0;0;25;0;;25;;18/07/2026 07:17
2026;Preta;SOLTEIRO;20 anos;FEMININO;ENSINO MÉDIO COMPLETO;Prefere não informar;NÃO;ITAJAÍ;Brasil;NÃO;SUL;SC;1;0;0;1;0;;1;;18/07/2026 07:17
2026;Preta;SOLTEIRO;20 anos;FEMININO;ENSINO MÉDIO INCOMPLETO;Cisgênero;NÃO;ITAJAÍ;Brasil;NÃO;SUL;SC;34;0;0;35;0;;35;;18/07/2026 07:17
2026;Preta;SOLTEIRO;20 anos;FEMININO;SUPERIOR INCOMPLETO;Cisgênero;NÃO;ITAJAÍ;Brasil;NÃO;SUL;SC;7;1;0;7;0;;7;;18/07/2026 07:17
2026;Preta;SOLTEIRO;20 anos;MASCULINO;ENSINO FUNDAMENTAL COMPLETO;Cisgênero;NÃO;ITAJAÍ;Brasil;NÃO;SUL;SC;3;0;0;3;0;;3;;18/07/2026 07:17
2026;Preta;SOLTEIRO;20 anos;MASCULINO;ENSINO FUNDAMENTAL INCOMPLETO;Cisgênero;NÃO;ITAJAÍ;Brasil;NÃO;SUL;SC;9;0;0;9;0;;9;;18/07/2026 07:17
2026;Preta;SOLTEIRO;20 anos;MASCULINO;ENSINO MÉDIO COMPLETO;Cisgênero;NÃO;ITAJAÍ;Brasil;NÃO;SUL;SC;29;0;0;29;0;;29;;18/07/2026 07:17
2026;Preta;SOLTEIRO;20 anos;MASCULINO;ENSINO MÉDIO COMPLETO;Prefere não informar;NÃO;ITAJAÍ;Brasil;NÃO;SUL;SC;2;0;0;2;0;;2;;18/07/2026 07:17
2026;Preta;SOLTEIRO;20 anos;MASCULINO;ENSINO MÉDIO COMPLETO;Transgênero;NÃO;ITAJAÍ;Brasil;NÃO;SUL;SC;1;0;0;1;0;;1;;18/07/2026 07:17
2026;Preta;SOLTEIRO;20 anos;MASCULINO;ENSINO MÉDIO INCOMPLETO;Cisgênero;NÃO;ITAJAÍ;Brasil;NÃO;SUL;SC;59;0;0;59;0;;59;;18/07/2026 07:17
2026;Preta;SOLTEIRO;20 anos;MASCULINO;ENSINO MÉDIO INCOMPLETO;Prefere não informar;NÃO;ITAJAÍ;Brasil;NÃO;SUL;SC;1;0;0;1;0;;1;;18/07/2026 07:17
2026;Preta;SOLTEIRO;20 anos;MASCULINO;SUPERIOR INCOMPLETO;Cisgênero;NÃO;ITAJAÍ;Brasil;NÃO;SUL;SC;2;0;0;2;0;;2;;18/07/2026 07:17
2026;Preta;SOLTEIRO;21 a 24 anos;FEMININO;ANALFABETO;Cisgênero;NÃO;ITAJAÍ;Brasil;NÃO;SUL;SC;1;1;0;1;1;;0;;18/07/2026 07:17
2026;Preta;SOLTEIRO;21 a 24 anos;FEMININO;ENSINO FUNDAMENTAL COMPLETO;Cisgênero;NÃO;ITAJAÍ;Brasil;NÃO;SUL;SC;8;0;0;9;0;;9;;18/07/2026 07:17
2026;Preta;SOLTEIRO;21 a 24 anos;FEMININO;ENSINO FUNDAMENTAL COMPLETO;Prefere não informar;NÃO;ITAJAÍ;Brasil;NÃO;SUL;SC;0;0;0;1;0;;1;;18/07/2026 07:17
2026;Preta;SOLTEIRO;21 a 24 anos;FEMININO;ENSINO FUNDAMENTAL INCOMPLETO;Cisgênero;NÃO;ITAJAÍ;Brasil;NÃO;SUL;SC;6;0;0;8;0;;8;;18/07/2026 07:17
2026;Preta;SOLTEIRO;21 a 24 anos;FEMININO;ENSINO MÉDIO COMPLETO;Cisgênero;NÃO;ITAJAÍ;Brasil;NÃO;SUL;SC;89;2;0;97;0;;97;;18/07/2026 07:17
2026;Preta;SOLTEIRO;21 a 24 anos;FEMININO;ENSINO MÉDIO COMPLETO;Cisgênero;SIM;ITAJAÍ;Brasil;NÃO;SUL;SC;2;0;0;2;0;;2;;18/07/2026 07:17
2026;Preta;SOLTEIRO;21 a 24 anos;FEMININO;ENSINO MÉDIO COMPLETO;Prefere não informar;NÃO;ITAJAÍ;Brasil;NÃO;SUL;SC;0;0;0;1;0;;1;;18/07/2026 07:17
2026;Preta;SOLTEIRO;21 a 24 anos;FEMININO;ENSINO MÉDIO INCOMPLETO;Cisgênero;NÃO;ITAJAÍ;Brasil;NÃO;SUL;SC;52;0;0;57;0;;57;;18/07/2026 07:17
2026;Preta;SOLTEIRO;21 a 24 anos;FEMININO;ENSINO MÉDIO INCOMPLETO;Cisgênero;SIM;ITAJAÍ;Brasil;NÃO;SUL;SC;1;1;0;1;0;;1;;18/07/2026 07:17
2026;Preta;SOLTEIRO;21 a 24 anos;FEMININO;ENSINO MÉDIO INCOMPLETO;Prefere não informar;NÃO;ITAJAÍ;Brasil;NÃO;SUL;SC;3;0;0;3;0;;3;;18/07/2026 07:17
2026;Preta;SOLTEIRO;21 a 24 anos;FEMININO;LÊ E ESCREVE;Prefere não informar;NÃO;ITAJAÍ;Brasil;NÃO;SUL;SC;0;0;0;1;0;;1;;18/07/2026 07:17
2026;Preta;SOLTEIRO;21 a 24 anos;FEMININO;SUPERIOR COMPLETO;Cisgênero;NÃO;ITAJAÍ;Brasil;NÃO;SUL;SC;1;0;0;1;0;;1;;18/07/2026 07:17
2026;Preta;SOLTEIRO;21 a 24 anos;FEMININO;SUPERIOR INCOMPLETO;Cisgênero;NÃO;ITAJAÍ;Brasil;NÃO;SUL;SC;32;0;0;33;0;;33;;18/07/2026 07:17
2026;Preta;SOLTEIRO;21 a 24 anos;FEMININO;SUPERIOR INCOMPLETO;Prefere não informar;NÃO;ITAJAÍ;Brasil;NÃO;SUL;SC;1;0;0;1;0;;1;;18/07/2026 07:17
2026;Preta;SOLTEIRO;21 a 24 anos;MASCULINO;ANALFABETO;Cisgênero;NÃO;ITAJAÍ;Brasil;NÃO;SUL;SC;1;0;0;1;1;;0;;18/07/2026 07:17
2026;Preta;SOLTEIRO;21 a 24 anos;MASCULINO;ENSINO FUNDAMENTAL COMPLETO;Cisgênero;NÃO;ITAJAÍ;Brasil;NÃO;SUL;SC;12;0;0;17;0;;17;;18/07/2026 07:17
2026;Preta;SOLTEIRO;21 a 24 anos;MASCULINO;ENSINO FUNDAMENTAL INCOMPLETO;Cisgênero;NÃO;ITAJAÍ;Brasil;NÃO;SUL;SC;30;1;0;37;0;;37;;18/07/2026 07:17
2026;Preta;SOLTEIRO;21 a 24 anos;MASCULINO;ENSINO FUNDAMENTAL INCOMPLETO;Prefere não informar;NÃO;ITAJAÍ;Brasil;NÃO;SUL;SC;2;0;0;2;0;;2;;18/07/2026 07:17
2026;Preta;SOLTEIRO;21 a 24 anos;MASCULINO;ENSINO MÉDIO COMPLETO;Cisgênero;NÃO;ITAJAÍ;Brasil;NÃO;SUL;SC;93;2;0;104;0;;104;;18/07/2026 07:17
2026;Preta;SOLTEIRO;21 a 24 anos;MASCULINO;ENSINO MÉDIO COMPLETO;Prefere não informar;NÃO;ITAJAÍ;Brasil;NÃO;SUL;SC;1;0;0;1;0;;1;;18/07/2026 07:17
2026;Preta;SOLTEIRO;21 a 24 anos;MASCULINO;ENSINO MÉDIO INCOMPLETO;Cisgênero;NÃO;ITAJAÍ;Brasil;NÃO;SUL;SC;88;1;0;103;0;;103;;18/07/2026 07:17
2026;Preta;SOLTEIRO;21 a 24 anos;MASCULINO;ENSINO MÉDIO INCOMPLETO;Cisgênero;SIM;ITAJAÍ;Brasil;NÃO;SUL;SC;2;0;0;2;0;;2;;18/07/2026 07:17
2026;Preta;SOLTEIRO;21 a 24 anos;MASCULINO;ENSINO MÉDIO INCOMPLETO;Prefere não informar;NÃO;ITAJAÍ;Brasil;NÃO;SUL;SC;6;0;0;8;0;;8;;18/07/2026 07:17
2026;Preta;SOLTEIRO;21 a 24 anos;MASCULINO;ENSINO MÉDIO INCOMPLETO;Prefere não informar;SIM;ITAJAÍ;Brasil;NÃO;SUL;SC;1;0;0;1;0;;1;;18/07/2026 07:17
2026;Preta;SOLTEIRO;21 a 24 anos;MASCULINO;LÊ E ESCREVE;Prefere não informar;NÃO;ITAJAÍ;Brasil;NÃO;SUL;SC;0;0;0;1;0;;1;;18/07/2026 07:17
2026;Preta;SOLTEIRO;21 a 24 anos;MASCULINO;SUPERIOR INCOMPLETO;Cisgênero;NÃO;ITAJAÍ;Brasil;NÃO;SUL;SC;16;0;0;19;0;;19;;18/07/2026 07:17
2026;Preta;SOLTEIRO;21 a 24 anos;MASCULINO;SUPERIOR INCOMPLETO;Prefere não informar;NÃO;ITAJAÍ;Brasil;NÃO;SUL;SC;2;0;0;2;0;;2;;18/07/2026 07:17
2026;Preta;SOLTEIRO;25 a 29 anos;FEMININO;ENSINO FUNDAMENTAL COMPLETO;Cisgênero;NÃO;ITAJAÍ;Brasil;NÃO;SUL;SC;7;0;0;7;0;;7;;18/07/2026 07:17
2026;Preta;SOLTEIRO;25 a 29 anos;FEMININO;ENSINO FUNDAMENTAL INCOMPLETO;Cisgênero;NÃO;ITAJAÍ;Brasil;NÃO;SUL;SC;8;0;0;8;0;;8;;18/07/2026 07:17
2026;Preta;SOLTEIRO;25 a 29 anos;FEMININO;ENSINO FUNDAMENTAL INCOMPLETO;Cisgênero;SIM;ITAJAÍ;Brasil;NÃO;SUL;SC;1;0;0;1;0;;1;;18/07/2026 07:17
2026;Preta;SOLTEIRO;25 a 29 anos;FEMININO;ENSINO MÉDIO COMPLETO;Cisgênero;NÃO;ITAJAÍ;Brasil;NÃO;SUL;SC;72;0;0;72;0;;72;;18/07/2026 07:17
2026;Preta;SOLTEIRO;25 a 29 anos;FEMININO;ENSINO MÉDIO COMPLETO;Cisgênero;SIM;ITAJAÍ;Brasil;NÃO;SUL;SC;1;0;0;1;0;;1;;18/07/2026 07:17
2026;Preta;SOLTEIRO;25 a 29 anos;FEMININO;ENSINO MÉDIO COMPLETO;Prefere não informar;NÃO;ITAJAÍ;Brasil;NÃO;SUL;SC;1;0;0;1;0;;1;;18/07/2026 07:17
2026;Preta;SOLTEIRO;25 a 29 anos;FEMININO;ENSINO MÉDIO COMPLETO;Transgênero;NÃO;ITAJAÍ;Brasil;NÃO;SUL;SC;1;0;0;1;0;;1;;18/07/2026 07:17
2026;Preta;SOLTEIRO;25 a 29 anos;FEMININO;ENSINO MÉDIO INCOMPLETO;Cisgênero;NÃO;ITAJAÍ;Brasil;NÃO;SUL;SC;27;1;0;27;0;;27;;18/07/2026 07:17
2026;Preta;SOLTEIRO;25 a 29 anos;FEMININO;ENSINO MÉDIO INCOMPLETO;Prefere não informar;NÃO;ITAJAÍ;Brasil;NÃO;SUL;SC;3;0;0;3;0;;3;;18/07/2026 07:17
2026;Preta;SOLTEIRO;25 a 29 anos;FEMININO;SUPERIOR COMPLETO;Cisgênero;NÃO;ITAJAÍ;Brasil;NÃO;SUL;SC;10;0;0;10;0;;10;;18/07/2026 07:17
2026;Preta;SOLTEIRO;25 a 29 anos;FEMININO;SUPERIOR INCOMPLETO;Cisgênero;NÃO;ITAJAÍ;Brasil;NÃO;SUL;SC;8;1;0;8;0;;8;;18/07/2026 07:17
2026;Preta;SOLTEIRO;25 a 29 anos;MASCULINO;ANALFABETO;Cisgênero;NÃO;ITAJAÍ;Brasil;NÃO;SUL;SC;1;1;0;1;1;;0;;18/07/2026 07:17
2026;Preta;SOLTEIRO;25 a 29 anos;MASCULINO;ENSINO FUNDAMENTAL COMPLETO;Cisgênero;NÃO;ITAJAÍ;Brasil;NÃO;SUL;SC;11;0;0;11;0;;11;;18/07/2026 07:17
2026;Preta;SOLTEIRO;25 a 29 anos;MASCULINO;ENSINO FUNDAMENTAL INCOMPLETO;Cisgênero;NÃO;ITAJAÍ;Brasil;NÃO;SUL;SC;18;0;0;19;0;;19;;18/07/2026 07:17
2026;Preta;SOLTEIRO;25 a 29 anos;MASCULINO;ENSINO FUNDAMENTAL INCOMPLETO;Cisgênero;SIM;ITAJAÍ;Brasil;NÃO;SUL;SC;1;0;0;1;0;;1;;18/07/2026 07:17
2026;Preta;SOLTEIRO;25 a 29 anos;MASCULINO;ENSINO FUNDAMENTAL INCOMPLETO;Prefere não informar;NÃO;ITAJAÍ;Brasil;NÃO;SUL;SC;2;0;0;2;0;;2;;18/07/2026 07:17
2026;Preta;SOLTEIRO;25 a 29 anos;MASCULINO;ENSINO MÉDIO COMPLETO;Cisgênero;NÃO;ITAJAÍ;Brasil;NÃO;SUL;SC;68;3;0;69;0;;69;;18/07/2026 07:17
2026;Preta;SOLTEIRO;25 a 29 anos;MASCULINO;ENSINO MÉDIO COMPLETO;Cisgênero;SIM;ITAJAÍ;Brasil;NÃO;SUL;SC;2;0;0;2;0;;2;;18/07/2026 07:17
2026;Preta;SOLTEIRO;25 a 29 anos;MASCULINO;ENSINO MÉDIO COMPLETO;Prefere não informar;NÃO;ITAJAÍ;Brasil;NÃO;SUL;SC;8;0;0;8;0;;8;;18/07/2026 07:17
2026;Preta;SOLTEIRO;25 a 29 anos;MASCULINO;ENSINO MÉDIO COMPLETO;Transgênero;NÃO;ITAJAÍ;Brasil;NÃO;SUL;SC;1;0;0;1;0;;1;;18/07/2026 07:17
2026;Preta;SOLTEIRO;25 a 29 anos;MASCULINO;ENSINO MÉDIO INCOMPLETO;Cisgênero;NÃO;ITAJAÍ;Brasil;NÃO;SUL;SC;44;0;0;46;0;;46;;18/07/2026 07:17
2026;Preta;SOLTEIRO;25 a 29 anos;MASCULINO;ENSINO MÉDIO INCOMPLETO;Cisgênero;SIM;ITAJAÍ;Brasil;NÃO;SUL;SC;1;0;0;1;0;;1;;18/07/2026 07:17
2026;Preta;SOLTEIRO;25 a 29 anos;MASCULINO;ENSINO MÉDIO INCOMPLETO;Prefere não informar;NÃO;ITAJAÍ;Brasil;NÃO;SUL;SC;4;0;0;5;0;;5;;18/07/2026 07:17
2026;Preta;SOLTEIRO;25 a 29 anos;MASCULINO;SUPERIOR COMPLETO;Cisgênero;NÃO;ITAJAÍ;Brasil;NÃO;SUL;SC;3;0;0;3;0;;3;;18/07/2026 07:17
2026;Preta;SOLTEIRO;25 a 29 anos;MASCULINO;SUPERIOR COMPLETO;Prefere não informar;NÃO;ITAJAÍ;Brasil;NÃO;SUL;SC;0;0;0;1;0;;1;;18/07/2026 07:17
2026;Preta;SOLTEIRO;25 a 29 anos;MASCULINO;SUPERIOR INCOMPLETO;Cisgênero;NÃO;ITAJAÍ;Brasil;NÃO;SUL;SC;18;0;0;18;0;;18;;18/07/2026 07:17
2026;Preta;SOLTEIRO;25 a 29 anos;MASCULINO;SUPERIOR INCOMPLETO;Prefere não informar;SIM;ITAJAÍ;Brasil;NÃO;SUL;SC;1;0;0;1;0;;1;;18/07/2026 07:17
2026;Preta;SOLTEIRO;30 a 34 anos;FEMININO;ANALFABETO;Cisgênero;NÃO;ITAJAÍ;Brasil;NÃO;SUL;SC;1;0;0;1;1;;0;;18/07/2026 07:17
2026;Preta;SOLTEIRO;30 a 34 anos;FEMININO;ENSINO FUNDAMENTAL COMPLETO;Cisgênero;NÃO;ITAJAÍ;Brasil;NÃO;SUL;SC;6;0;0;6;0;;6;;18/07/2026 07:17
2026;Preta;SOLTEIRO;30 a 34 anos;FEMININO;ENSINO FUNDAMENTAL INCOMPLETO;Cisgênero;NÃO;ITAJAÍ;Brasil;NÃO;SUL;SC;9;0;0;9;0;;9;;18/07/2026 07:17
2026;Preta;SOLTEIRO;30 a 34 anos;FEMININO;ENSINO MÉDIO COMPLETO;Cisgênero;NÃO;ITAJAÍ;Brasil;NÃO;SUL;SC;50;0;0;50;0;;50;;18/07/2026 07:17
2026;Preta;SOLTEIRO;30 a 34 anos;FEMININO;ENSINO MÉDIO COMPLETO;Cisgênero;NÃO;ITAJAÍ;Brasil;SIM;SUL;SC;1;0;0;1;0;;1;;18/07/2026 07:17
2026;Preta;SOLTEIRO;30 a 34 anos;FEMININO;ENSINO MÉDIO COMPLETO;Prefere não informar;NÃO;ITAJAÍ;Brasil;NÃO;SUL;SC;1;0;0;1;0;;1;;18/07/2026 07:17
2026;Preta;SOLTEIRO;30 a 34 anos;FEMININO;ENSINO MÉDIO INCOMPLETO;Cisgênero;NÃO;ITAJAÍ;Brasil;NÃO;SUL;SC;14;0;0;15;0;;15;;18/07/2026 07:17
2026;Preta;SOLTEIRO;30 a 34 anos;FEMININO;ENSINO MÉDIO INCOMPLETO;Prefere não informar;NÃO;ITAJAÍ;Brasil;NÃO;SUL;SC;2;0;0;2;0;;2;;18/07/2026 07:17
2026;Preta;SOLTEIRO;30 a 34 anos;FEMININO;SUPERIOR COMPLETO;Cisgênero;NÃO;ITAJAÍ;Brasil;NÃO;SUL;SC;8;0;0;8;0;;8;;18/07/2026 07:17
2026;Preta;SOLTEIRO;30 a 34 anos;FEMININO;SUPERIOR COMPLETO;Cisgênero;NÃO;ITAJAÍ;Brasil;SIM;SUL;SC;1;0;0;1;0;;1;;18/07/2026 07:17
2026;Preta;SOLTEIRO;30 a 34 anos;FEMININO;SUPERIOR COMPLETO;Transgênero;NÃO;ITAJAÍ;Brasil;NÃO;SUL;SC;1;1;1;1;0;;1;;18/07/2026 07:17
2026;Preta;SOLTEIRO;30 a 34 anos;FEMININO;SUPERIOR INCOMPLETO;Cisgênero;NÃO;ITAJAÍ;Brasil;NÃO;SUL;SC;19;0;0;19;0;;19;;18/07/2026 07:17
2026;Preta;SOLTEIRO;30 a 34 anos;FEMININO;SUPERIOR INCOMPLETO;Cisgênero;NÃO;ITAJAÍ;Brasil;SIM;SUL;SC;1;0;0;1;0;;1;;18/07/2026 07:17
2026;Preta;SOLTEIRO;30 a 34 anos;FEMININO;SUPERIOR INCOMPLETO;Prefere não informar;NÃO;ITAJAÍ;Brasil;NÃO;SUL;SC;2;0;0;2;0;;2;;18/07/2026 07:17
2026;Preta;SOLTEIRO;30 a 34 anos;MASCULINO;ANALFABETO;Cisgênero;NÃO;ITAJAÍ;Brasil;NÃO;SUL;SC;2;1;0;2;2;;0;;18/07/2026 07:17
2026;Preta;SOLTEIRO;30 a 34 anos;MASCULINO;ENSINO FUNDAMENTAL COMPLETO;Cisgênero;NÃO;ITAJAÍ;Brasil;NÃO;SUL;SC;6;0;0;6;0;;6;;18/07/2026 07:17
2026;Preta;SOLTEIRO;30 a 34 anos;MASCULINO;ENSINO FUNDAMENTAL COMPLETO;Prefere não informar;NÃO;ITAJAÍ;Brasil;NÃO;SUL;SC;1;0;0;1;0;;1;;18/07/2026 07:17
2026;Preta;SOLTEIRO;30 a 34 anos;MASCULINO;ENSINO FUNDAMENTAL INCOMPLETO;Cisgênero;NÃO;ITAJAÍ;Brasil;NÃO;SUL;SC;25;0;0;25;0;;25;;18/07/2026 07:17
2026;Preta;SOLTEIRO;30 a 34 anos;MASCULINO;ENSINO FUNDAMENTAL INCOMPLETO;Prefere não informar;NÃO;ITAJAÍ;Brasil;NÃO;SUL;SC;1;0;0;1;0;;1;;18/07/2026 07:17
2026;Preta;SOLTEIRO;30 a 34 anos;MASCULINO;ENSINO MÉDIO COMPLETO;Cisgênero;NÃO;ITAJAÍ;Brasil;NÃO;SUL;SC;48;0;0;50;0;;50;;18/07/2026 07:17
2026;Preta;SOLTEIRO;30 a 34 anos;MASCULINO;ENSINO MÉDIO COMPLETO;Prefere não informar;NÃO;ITAJAÍ;Brasil;NÃO;SUL;SC;4;0;0;4;0;;4;;18/07/2026 07:17
2026;Preta;SOLTEIRO;30 a 34 anos;MASCULINO;ENSINO MÉDIO INCOMPLETO;Cisgênero;NÃO;ITAJAÍ;Brasil;NÃO;SUL;SC;20;0;0;20;0;;20;;18/07/2026 07:17
2026;Preta;SOLTEIRO;30 a 34 anos;MASCULINO;ENSINO MÉDIO INCOMPLETO;Prefere não informar;NÃO;ITAJAÍ;Brasil;NÃO;SUL;SC;1;0;0;1;0;;1;;18/07/2026 07:17
2026;Preta;SOLTEIRO;30 a 34 anos;MASCULINO;SUPERIOR COMPLETO;Cisgênero;NÃO;ITAJAÍ;Brasil;NÃO;SUL;SC;11;0;0;11;0;;11;;18/07/2026 07:17
2026;Preta;SOLTEIRO;30 a 34 anos;MASCULINO;SUPERIOR COMPLETO;Cisgênero;SIM;ITAJAÍ;Brasil;NÃO;SUL;SC;2;0;0;2;0;;2;;18/07/2026 07:17
2026;Preta;SOLTEIRO;30 a 34 anos;MASCULINO;SUPERIOR INCOMPLETO;Cisgênero;NÃO;ITAJAÍ;Brasil;NÃO;SUL;SC;11;0;0;11;0;;11;;18/07/2026 07:17
2026;Preta;SOLTEIRO;30 a 34 anos;MASCULINO;SUPERIOR INCOMPLETO;Transgênero;NÃO;ITAJAÍ;Brasil;NÃO;SUL;SC;1;0;0;1;0;;1;;18/07/2026 07:17
2026;Preta;SOLTEIRO;35 a 39 anos;FEMININO;ENSINO FUNDAMENTAL COMPLETO;Cisgênero;NÃO;ITAJAÍ;Brasil;NÃO;SUL;SC;1;0;0;1;0;;1;;18/07/2026 07:17
2026;Preta;SOLTEIRO;35 a 39 anos;FEMININO;ENSINO FUNDAMENTAL INCOMPLETO;Cisgênero;NÃO;ITAJAÍ;Brasil;NÃO;SUL;SC;9;0;0;9;0;;9;;18/07/2026 07:17
2026;Preta;SOLTEIRO;35 a 39 anos;FEMININO;ENSINO FUNDAMENTAL INCOMPLETO;Prefere não informar;NÃO;ITAJAÍ;Brasil;NÃO;SUL;SC;1;0;0;1;0;;1;;18/07/2026 07:17
2026;Preta;SOLTEIRO;35 a 39 anos;FEMININO;ENSINO MÉDIO COMPLETO;Cisgênero;NÃO;ITAJAÍ;Brasil;NÃO;SUL;SC;39;1;0;39;0;;39;;18/07/2026 07:17
2026;Preta;SOLTEIRO;35 a 39 anos;FEMININO;ENSINO MÉDIO COMPLETO;Cisgênero;SIM;ITAJAÍ;Brasil;NÃO;SUL;SC;1;0;0;1;0;;1;;18/07/2026 07:17
2026;Preta;SOLTEIRO;35 a 39 anos;FEMININO;ENSINO MÉDIO COMPLETO;Prefere não informar;SIM;ITAJAÍ;Brasil;NÃO;SUL;SC;1;0;0;1;0;;1;;18/07/2026 07:17
2026;Preta;SOLTEIRO;35 a 39 anos;FEMININO;ENSINO MÉDIO COMPLETO;Transgênero;NÃO;ITAJAÍ;Brasil;NÃO;SUL;SC;2;0;1;2;0;;2;;18/07/2026 07:17
2026;Preta;SOLTEIRO;35 a 39 anos;FEMININO;ENSINO MÉDIO INCOMPLETO;Cisgênero;NÃO;ITAJAÍ;Brasil;NÃO;SUL;SC;7;0;0;7;0;;7;;18/07/2026 07:17
2026;Preta;SOLTEIRO;35 a 39 anos;FEMININO;ENSINO MÉDIO INCOMPLETO;Cisgênero;SIM;ITAJAÍ;Brasil;NÃO;SUL;SC;1;0;0;1;0;;1;;18/07/2026 07:17
2026;Preta;SOLTEIRO;35 a 39 anos;FEMININO;ENSINO MÉDIO INCOMPLETO;Prefere não informar;NÃO;ITAJAÍ;Brasil;NÃO;SUL;SC;1;0;0;1;0;;1;;18/07/2026 07:17
2026;Preta;SOLTEIRO;35 a 39 anos;FEMININO;SUPERIOR COMPLETO;Cisgênero;NÃO;ITAJAÍ;Brasil;NÃO;SUL;SC;14;0;0;14;0;;14;;18/07/2026 07:17
2026;Preta;SOLTEIRO;35 a 39 anos;FEMININO;SUPERIOR COMPLETO;Cisgênero;SIM;ITAJAÍ;Brasil;NÃO;SUL;SC;1;0;0;1;0;;1;;18/07/2026 07:17
2026;Preta;SOLTEIRO;35 a 39 anos;FEMININO;SUPERIOR COMPLETO;Prefere não informar;NÃO;ITAJAÍ;Brasil;NÃO;SUL;SC;1;0;0;1;0;;1;;18/07/2026 07:17
2026;Preta;SOLTEIRO;35 a 39 anos;FEMININO;SUPERIOR INCOMPLETO;Cisgênero;NÃO;ITAJAÍ;Brasil;NÃO;SUL;SC;11;0;0;11;0;;11;;18/07/2026 07:17
2026;Preta;SOLTEIRO;35 a 39 anos;FEMININO;SUPERIOR INCOMPLETO;Cisgênero;SIM;ITAJAÍ;Brasil;NÃO;SUL;SC;1;0;0;1;0;;1;;18/07/2026 07:17
2026;Preta;SOLTEIRO;35 a 39 anos;MASCULINO;ENSINO FUNDAMENTAL COMPLETO;Cisgênero;NÃO;ITAJAÍ;Brasil;NÃO;SUL;SC;8;0;0;8;0;;8;;18/07/2026 07:17
2026;Preta;SOLTEIRO;35 a 39 anos;MASCULINO;ENSINO FUNDAMENTAL COMPLETO;Prefere não informar;NÃO;ITAJAÍ;Brasil;NÃO;SUL;SC;2;0;0;2;0;;2;;18/07/2026 07:17
2026;Preta;SOLTEIRO;35 a 39 anos;MASCULINO;ENSINO FUNDAMENTAL INCOMPLETO;Cisgênero;NÃO;ITAJAÍ;Brasil;NÃO;SUL;SC;23;2;0;23;0;;23;;18/07/2026 07:17
2026;Preta;SOLTEIRO;35 a 39 anos;MASCULINO;ENSINO FUNDAMENTAL INCOMPLETO;Prefere não informar;NÃO;ITAJAÍ;Brasil;NÃO;SUL;SC;2;0;0;2;0;;2;;18/07/2026 07:17
2026;Preta;SOLTEIRO;35 a 39 anos;MASCULINO;ENSINO FUNDAMENTAL INCOMPLETO;Prefere não informar;SIM;ITAJAÍ;Brasil;NÃO;SUL;SC;1;0;0;1;0;;1;;18/07/2026 07:17
2026;Preta;SOLTEIRO;35 a 39 anos;MASCULINO;ENSINO MÉDIO COMPLETO;Cisgênero;NÃO;ITAJAÍ;Brasil;NÃO;SUL;SC;47;0;0;48;0;;48;;18/07/2026 07:17
2026;Preta;SOLTEIRO;35 a 39 anos;MASCULINO;ENSINO MÉDIO COMPLETO;Cisgênero;SIM;ITAJAÍ;Brasil;NÃO;SUL;SC;2;0;0;2;0;;2;;18/07/2026 07:17
2026;Preta;SOLTEIRO;35 a 39 anos;MASCULINO;ENSINO MÉDIO COMPLETO;Prefere não informar;NÃO;ITAJAÍ;Brasil;NÃO;SUL;SC;3;0;0;3;0;;3;;18/07/2026 07:17
2026;Preta;SOLTEIRO;35 a 39 anos;MASCULINO;ENSINO MÉDIO INCOMPLETO;Cisgênero;NÃO;ITAJAÍ;Brasil;NÃO;SUL;SC;17;1;0;19;0;;19;;18/07/2026 07:17
2026;Preta;SOLTEIRO;35 a 39 anos;MASCULINO;ENSINO MÉDIO INCOMPLETO;Prefere não informar;NÃO;ITAJAÍ;Brasil;NÃO;SUL;SC;1;0;0;1;0;;1;;18/07/2026 07:17
2026;Preta;SOLTEIRO;35 a 39 anos;MASCULINO;ENSINO MÉDIO INCOMPLETO;Prefere não informar;SIM;ITAJAÍ;Brasil;NÃO;SUL;SC;1;0;0;1;0;;1;;18/07/2026 07:17
2026;Preta;SOLTEIRO;35 a 39 anos;MASCULINO;SUPERIOR COMPLETO;Cisgênero;NÃO;ITAJAÍ;Brasil;NÃO;SUL;SC;12;0;0;12;0;;12;;18/07/2026 07:17
2026;Preta;SOLTEIRO;35 a 39 anos;MASCULINO;SUPERIOR COMPLETO;Prefere não informar;NÃO;ITAJAÍ;Brasil;NÃO;SUL;SC;1;0;0;1;0;;1;;18/07/2026 07:17
2026;Preta;SOLTEIRO;35 a 39 anos;MASCULINO;SUPERIOR INCOMPLETO;Cisgênero;NÃO;ITAJAÍ;Brasil;NÃO;SUL;SC;13;0;0;13;0;;13;;18/07/2026 07:17
2026;Preta;SOLTEIRO;40 a 44 anos;FEMININO;ANALFABETO;Cisgênero;NÃO;ITAJAÍ;Brasil;NÃO;SUL;SC;1;0;0;1;1;;0;;18/07/2026 07:17
2026;Preta;SOLTEIRO;40 a 44 anos;FEMININO;ENSINO FUNDAMENTAL COMPLETO;Cisgênero;NÃO;ITAJAÍ;Brasil;NÃO;SUL;SC;2;0;0;2;0;;2;;18/07/2026 07:17
2026;Preta;SOLTEIRO;40 a 44 anos;FEMININO;ENSINO FUNDAMENTAL COMPLETO;Transgênero;NÃO;ITAJAÍ;Brasil;NÃO;SUL;SC;1;0;1;1;0;;1;;18/07/2026 07:17
2026;Preta;SOLTEIRO;40 a 44 anos;FEMININO;ENSINO FUNDAMENTAL INCOMPLETO;Cisgênero;NÃO;ITAJAÍ;Brasil;NÃO;SUL;SC;11;0;0;11;0;;11;;18/07/2026 07:17
2026;Preta;SOLTEIRO;40 a 44 anos;FEMININO;ENSINO FUNDAMENTAL INCOMPLETO;Prefere não informar;NÃO;ITAJAÍ;Brasil;NÃO;SUL;SC;1;0;0;1;0;;1;;18/07/2026 07:17
2026;Preta;SOLTEIRO;40 a 44 anos;FEMININO;ENSINO MÉDIO COMPLETO;Cisgênero;NÃO;ITAJAÍ;Brasil;NÃO;SUL;SC;31;1;0;33;0;;33;;18/07/2026 07:17
2026;Preta;SOLTEIRO;40 a 44 anos;FEMININO;ENSINO MÉDIO COMPLETO;Prefere não informar;NÃO;ITAJAÍ;Brasil;NÃO;SUL;SC;1;0;0;1;0;;1;;18/07/2026 07:17
2026;Preta;SOLTEIRO;40 a 44 anos;FEMININO;ENSINO MÉDIO INCOMPLETO;Cisgênero;NÃO;ITAJAÍ;Brasil;NÃO;SUL;SC;8;0;0;8;0;;8;;18/07/2026 07:17
2026;Preta;SOLTEIRO;40 a 44 anos;FEMININO;ENSINO MÉDIO INCOMPLETO;Prefere não informar;NÃO;ITAJAÍ;Brasil;NÃO;SUL;SC;1;0;0;1;0;;1;;18/07/2026 07:17
2026;Preta;SOLTEIRO;40 a 44 anos;FEMININO;SUPERIOR COMPLETO;Cisgênero;NÃO;ITAJAÍ;Brasil;NÃO;SUL;SC;3;0;0;3;0;;3;;18/07/2026 07:17
2026;Preta;SOLTEIRO;40 a 44 anos;FEMININO;SUPERIOR COMPLETO;Prefere não informar;NÃO;ITAJAÍ;Brasil;NÃO;SUL;SC;2;0;0;2;0;;2;;18/07/2026 07:17
2026;Preta;SOLTEIRO;40 a 44 anos;FEMININO;SUPERIOR INCOMPLETO;Cisgênero;NÃO;ITAJAÍ;Brasil;NÃO;SUL;SC;6;0;0;7;0;;7;;18/07/2026 07:17
2026;Preta;SOLTEIRO;40 a 44 anos;FEMININO;SUPERIOR INCOMPLETO;Prefere não informar;NÃO;ITAJAÍ;Brasil;NÃO;SUL;SC;2;0;0;2;0;;2;;18/07/2026 07:17
2026;Preta;SOLTEIRO;40 a 44 anos;MASCULINO;ANALFABETO;Cisgênero;NÃO;ITAJAÍ;Brasil;NÃO;SUL;SC;1;0;0;1;1;;0;;18/07/2026 07:17
2026;Preta;SOLTEIRO;40 a 44 anos;MASCULINO;ENSINO FUNDAMENTAL COMPLETO;Cisgênero;NÃO;ITAJAÍ;Brasil;NÃO;SUL;SC;4;0;0;5;0;;5;;18/07/2026 07:17
2026;Preta;SOLTEIRO;40 a 44 anos;MASCULINO;ENSINO FUNDAMENTAL INCOMPLETO;Cisgênero;NÃO;ITAJAÍ;Brasil;NÃO;SUL;SC;18;0;0;18;0;;18;;18/07/2026 07:17
2026;Preta;SOLTEIRO;40 a 44 anos;MASCULINO;ENSINO FUNDAMENTAL INCOMPLETO;Prefere não informar;NÃO;ITAJAÍ;Brasil;NÃO;SUL;SC;1;0;0;1;0;;1;;18/07/2026 07:17
2026;Preta;SOLTEIRO;40 a 44 anos;MASCULINO;ENSINO FUNDAMENTAL INCOMPLETO;Prefere não informar;SIM;ITAJAÍ;Brasil;NÃO;SUL;SC;1;0;0;1;0;;1;;18/07/2026 07:17
2026;Preta;SOLTEIRO;40 a 44 anos;MASCULINO;ENSINO MÉDIO COMPLETO;Cisgênero;NÃO;ITAJAÍ;Brasil;NÃO;SUL;SC;42;0;0;43;0;;43;;18/07/2026 07:17
2026;Preta;SOLTEIRO;40 a 44 anos;MASCULINO;ENSINO MÉDIO COMPLETO;Prefere não informar;NÃO;ITAJAÍ;Brasil;NÃO;SUL;SC;2;0;0;2;0;;2;;18/07/2026 07:17
2026;Preta;SOLTEIRO;40 a 44 anos;MASCULINO;ENSINO MÉDIO INCOMPLETO;Cisgênero;NÃO;ITAJAÍ;Brasil;NÃO;SUL;SC;17;1;0;17;0;;17;;18/07/2026 07:17
2026;Preta;SOLTEIRO;40 a 44 anos;MASCULINO;ENSINO MÉDIO INCOMPLETO;Prefere não informar;SIM;ITAJAÍ;Brasil;NÃO;SUL;SC;1;0;0;1;0;;1;;18/07/2026 07:17
2026;Preta;SOLTEIRO;40 a 44 anos;MASCULINO;LÊ E ESCREVE;Cisgênero;NÃO;ITAJAÍ;Brasil;NÃO;SUL;SC;4;0;0;4;0;;4;;18/07/2026 07:17
2026;Preta;SOLTEIRO;40 a 44 anos;MASCULINO;SUPERIOR COMPLETO;Cisgênero;NÃO;ITAJAÍ;Brasil;NÃO;SUL;SC;7;0;0;7;0;;7;;18/07/2026 07:17
2026;Preta;SOLTEIRO;40 a 44 anos;MASCULINO;SUPERIOR COMPLETO;Prefere não informar;NÃO;ITAJAÍ;Brasil;NÃO;SUL;SC;2;0;0;2;0;;2;;18/07/2026 07:17
2026;Preta;SOLTEIRO;40 a 44 anos;MASCULINO;SUPERIOR INCOMPLETO;Cisgênero;NÃO;ITAJAÍ;Brasil;NÃO;SUL;SC;9;0;0;10;0;;10;;18/07/2026 07:17
2026;Preta;SOLTEIRO;45 a 49 anos;FEMININO;ANALFABETO;Cisgênero;NÃO;ITAJAÍ;Brasil;NÃO;SUL;SC;2;1;0;2;2;;0;;18/07/2026 07:17
2026;Preta;SOLTEIRO;45 a 49 anos;FEMININO;ENSINO FUNDAMENTAL COMPLETO;Cisgênero;NÃO;ITAJAÍ;Brasil;NÃO;SUL;SC;4;0;0;4;0;;4;;18/07/2026 07:17
2026;Preta;SOLTEIRO;45 a 49 anos;FEMININO;ENSINO FUNDAMENTAL INCOMPLETO;Cisgênero;NÃO;ITAJAÍ;Brasil;NÃO;SUL;SC;14;0;0;14;0;;14;;18/07/2026 07:17
2026;Preta;SOLTEIRO;45 a 49 anos;FEMININO;ENSINO FUNDAMENTAL INCOMPLETO;Prefere não informar;NÃO;ITAJAÍ;Brasil;NÃO;SUL;SC;2;0;0;2;0;;2;;18/07/2026 07:17
2026;Preta;SOLTEIRO;45 a 49 anos;FEMININO;ENSINO MÉDIO COMPLETO;Cisgênero;NÃO;ITAJAÍ;Brasil;NÃO;SUL;SC;26;0;0;26;0;;26;;18/07/2026 07:17
2026;Preta;SOLTEIRO;45 a 49 anos;FEMININO;ENSINO MÉDIO COMPLETO;Prefere não informar;NÃO;ITAJAÍ;Brasil;NÃO;SUL;SC;2;0;0;2;0;;2;;18/07/2026 07:17
2026;Preta;SOLTEIRO;45 a 49 anos;FEMININO;ENSINO MÉDIO INCOMPLETO;Cisgênero;NÃO;ITAJAÍ;Brasil;NÃO;SUL;SC;6;0;0;6;0;;6;;18/07/2026 07:17
2026;Preta;SOLTEIRO;45 a 49 anos;FEMININO;LÊ E ESCREVE;Cisgênero;NÃO;ITAJAÍ;Brasil;NÃO;SUL;SC;1;0;0;1;0;;1;;18/07/2026 07:17
2026;Preta;SOLTEIRO;45 a 49 anos;FEMININO;SUPERIOR COMPLETO;Cisgênero;NÃO;ITAJAÍ;Brasil;NÃO;SUL;SC;6;0;0;6;0;;6;;18/07/2026 07:17
2026;Preta;SOLTEIRO;45 a 49 anos;FEMININO;SUPERIOR COMPLETO;Prefere não informar;NÃO;ITAJAÍ;Brasil;NÃO;SUL;SC;1;0;0;1;0;;1;;18/07/2026 07:17
2026;Preta;SOLTEIRO;45 a 49 anos;FEMININO;SUPERIOR INCOMPLETO;Cisgênero;NÃO;ITAJAÍ;Brasil;NÃO;SUL;SC;8;0;0;8;0;;8;;18/07/2026 07:17
2026;Preta;SOLTEIRO;45 a 49 anos;MASCULINO;ANALFABETO;Cisgênero;NÃO;ITAJAÍ;Brasil;NÃO;SUL;SC;1;0;0;1;1;;0;;18/07/2026 07:17
2026;Preta;SOLTEIRO;45 a 49 anos;MASCULINO;ENSINO FUNDAMENTAL COMPLETO;Cisgênero;NÃO;ITAJAÍ;Brasil;NÃO;SUL;SC;3;0;0;3;0;;3;;18/07/2026 07:17
2026;Preta;SOLTEIRO;45 a 49 anos;MASCULINO;ENSINO FUNDAMENTAL INCOMPLETO;Cisgênero;NÃO;ITAJAÍ;Brasil;NÃO;SUL;SC;17;0;0;17;0;;17;;18/07/2026 07:17
2026;Preta;SOLTEIRO;45 a 49 anos;MASCULINO;ENSINO FUNDAMENTAL INCOMPLETO;Prefere não informar;NÃO;ITAJAÍ;Brasil;NÃO;SUL;SC;1;0;0;1;0;;1;;18/07/2026 07:17
2026;Preta;SOLTEIRO;45 a 49 anos;MASCULINO;ENSINO FUNDAMENTAL INCOMPLETO;Prefere não informar;SIM;ITAJAÍ;Brasil;NÃO;SUL;SC;1;0;0;1;0;;1;;18/07/2026 07:17
2026;Preta;SOLTEIRO;45 a 49 anos;MASCULINO;ENSINO MÉDIO COMPLETO;Cisgênero;NÃO;ITAJAÍ;Brasil;NÃO;SUL;SC;27;2;0;27;0;;27;;18/07/2026 07:17
2026;Preta;SOLTEIRO;45 a 49 anos;MASCULINO;ENSINO MÉDIO COMPLETO;Cisgênero;SIM;ITAJAÍ;Brasil;NÃO;SUL;SC;1;0;0;1;0;;1;;18/07/2026 07:17
2026;Preta;SOLTEIRO;45 a 49 anos;MASCULINO;ENSINO MÉDIO INCOMPLETO;Cisgênero;NÃO;ITAJAÍ;Brasil;NÃO;SUL;SC;6;0;0;6;0;;6;;18/07/2026 07:17
2026;Preta;SOLTEIRO;45 a 49 anos;MASCULINO;SUPERIOR COMPLETO;Cisgênero;NÃO;ITAJAÍ;Brasil;NÃO;SUL;SC;4;0;0;4;0;;4;;18/07/2026 07:17
2026;Preta;SOLTEIRO;45 a 49 anos;MASCULINO;SUPERIOR COMPLETO;Prefere não informar;NÃO;ITAJAÍ;Brasil;NÃO;SUL;SC;1;0;0;1;0;;1;;18/07/2026 07:17
2026;Preta;SOLTEIRO;45 a 49 anos;MASCULINO;SUPERIOR INCOMPLETO;Cisgênero;NÃO;ITAJAÍ;Brasil;NÃO;SUL;SC;6;0;0;6;0;;6;;18/07/2026 07:17
2026;Preta;SOLTEIRO;50 a 54 anos;FEMININO;ENSINO FUNDAMENTAL COMPLETO;Cisgênero;NÃO;ITAJAÍ;Brasil;NÃO;SUL;SC;2;0;0;3;0;;3;;18/07/2026 07:17
2026;Preta;SOLTEIRO;50 a 54 anos;FEMININO;ENSINO FUNDAMENTAL INCOMPLETO;Cisgênero;NÃO;ITAJAÍ;Brasil;NÃO;SUL;SC;12;0;0;12;0;;12;;18/07/2026 07:17
2026;Preta;SOLTEIRO;50 a 54 anos;FEMININO;ENSINO FUNDAMENTAL INCOMPLETO;Prefere não informar;NÃO;ITAJAÍ;Brasil;NÃO;SUL;SC;2;0;0;2;0;;2;;18/07/2026 07:17
2026;Preta;SOLTEIRO;50 a 54 anos;FEMININO;ENSINO MÉDIO COMPLETO;Cisgênero;NÃO;ITAJAÍ;Brasil;NÃO;SUL;SC;13;0;0;13;0;;13;;18/07/2026 07:17
2026;Preta;SOLTEIRO;50 a 54 anos;FEMININO;ENSINO MÉDIO COMPLETO;Prefere não informar;NÃO;ITAJAÍ;Brasil;NÃO;SUL;SC;1;0;0;1;0;;1;;18/07/2026 07:17
2026;Preta;SOLTEIRO;50 a 54 anos;FEMININO;ENSINO MÉDIO INCOMPLETO;Cisgênero;NÃO;ITAJAÍ;Brasil;NÃO;SUL;SC;6;0;0;6;0;;6;;18/07/2026 07:17
2026;Preta;SOLTEIRO;50 a 54 anos;FEMININO;LÊ E ESCREVE;Cisgênero;NÃO;ITAJAÍ;Brasil;NÃO;SUL;SC;2;0;0;2;0;;2;;18/07/2026 07:17
2026;Preta;SOLTEIRO;50 a 54 anos;FEMININO;SUPERIOR COMPLETO;Cisgênero;NÃO;ITAJAÍ;Brasil;NÃO;SUL;SC;2;1;0;2;0;;2;;18/07/2026 07:17
2026;Preta;SOLTEIRO;50 a 54 anos;FEMININO;SUPERIOR INCOMPLETO;Cisgênero;NÃO;ITAJAÍ;Brasil;NÃO;SUL;SC;3;0;0;3;0;;3;;18/07/2026 07:17
2026;Preta;SOLTEIRO;50 a 54 anos;MASCULINO;ANALFABETO;Cisgênero;NÃO;ITAJAÍ;Brasil;NÃO;SUL;SC;2;1;0;2;2;;0;;18/07/2026 07:17
2026;Preta;SOLTEIRO;50 a 54 anos;MASCULINO;ENSINO FUNDAMENTAL COMPLETO;Cisgênero;NÃO;ITAJAÍ;Brasil;NÃO;SUL;SC;2;0;0;2;0;;2;;18/07/2026 07:17
2026;Preta;SOLTEIRO;50 a 54 anos;MASCULINO;ENSINO FUNDAMENTAL INCOMPLETO;Cisgênero;NÃO;ITAJAÍ;Brasil;NÃO;SUL;SC;11;0;0;11;0;;11;;18/07/2026 07:17
2026;Preta;SOLTEIRO;50 a 54 anos;MASCULINO;ENSINO MÉDIO COMPLETO;Cisgênero;NÃO;ITAJAÍ;Brasil;NÃO;SUL;SC;7;0;0;7;0;;7;;18/07/2026 07:17
2026;Preta;SOLTEIRO;50 a 54 anos;MASCULINO;ENSINO MÉDIO INCOMPLETO;Cisgênero;NÃO;ITAJAÍ;Brasil;NÃO;SUL;SC;7;0;0;7;0;;7;;18/07/2026 07:17
2026;Preta;SOLTEIRO;50 a 54 anos;MASCULINO;LÊ E ESCREVE;Cisgênero;NÃO;ITAJAÍ;Brasil;NÃO;SUL;SC;2;0;0;2;0;;2;;18/07/2026 07:17
2026;Preta;SOLTEIRO;50 a 54 anos;MASCULINO;SUPERIOR COMPLETO;Cisgênero;NÃO;ITAJAÍ;Brasil;NÃO;SUL;SC;2;0;0;2;0;;2;;18/07/2026 07:17
2026;Preta;SOLTEIRO;55 a 59 anos;FEMININO;ANALFABETO;Cisgênero;NÃO;ITAJAÍ;Brasil;NÃO;SUL;SC;1;0;0;1;1;;0;;18/07/2026 07:17
2026;Preta;SOLTEIRO;55 a 59 anos;FEMININO;ENSINO FUNDAMENTAL INCOMPLETO;Cisgênero;NÃO;ITAJAÍ;Brasil;NÃO;SUL;SC;7;0;0;7;0;;7;;18/07/2026 07:17
2026;Preta;SOLTEIRO;55 a 59 anos;FEMININO;ENSINO FUNDAMENTAL INCOMPLETO;Prefere não informar;NÃO;ITAJAÍ;Brasil;NÃO;SUL;SC;1;0;0;1;0;;1;;18/07/2026 07:17
2026;Preta;SOLTEIRO;55 a 59 anos;FEMININO;ENSINO MÉDIO COMPLETO;Cisgênero;NÃO;ITAJAÍ;Brasil;NÃO;SUL;SC;7;0;0;7;0;;7;;18/07/2026 07:17
2026;Preta;SOLTEIRO;55 a 59 anos;FEMININO;ENSINO MÉDIO INCOMPLETO;Cisgênero;NÃO;ITAJAÍ;Brasil;NÃO;SUL;SC;1;0;0;1;0;;1;;18/07/2026 07:17
2026;Preta;SOLTEIRO;55 a 59 anos;FEMININO;LÊ E ESCREVE;Cisgênero;NÃO;ITAJAÍ;Brasil;NÃO;SUL;SC;1;0;0;1;0;;1;;18/07/2026 07:17
2026;Preta;SOLTEIRO;55 a 59 anos;MASCULINO;ANALFABETO;Cisgênero;NÃO;ITAJAÍ;Brasil;NÃO;SUL;SC;1;0;0;1;1;;0;;18/07/2026 07:17
2026;Preta;SOLTEIRO;55 a 59 anos;MASCULINO;ENSINO FUNDAMENTAL COMPLETO;Cisgênero;NÃO;ITAJAÍ;Brasil;NÃO;SUL;SC;4;0;0;4;0;;4;;18/07/2026 07:17
2026;Preta;SOLTEIRO;55 a 59 anos;MASCULINO;ENSINO FUNDAMENTAL INCOMPLETO;Cisgênero;NÃO;ITAJAÍ;Brasil;NÃO;SUL;SC;9;0;0;9;0;;9;;18/07/2026 07:17
2026;Preta;SOLTEIRO;55 a 59 anos;MASCULINO;ENSINO MÉDIO COMPLETO;Cisgênero;NÃO;ITAJAÍ;Brasil;NÃO;SUL;SC;7;1;0;7;0;;7;;18/07/2026 07:17
2026;Preta;SOLTEIRO;55 a 59 anos;MASCULINO;ENSINO MÉDIO COMPLETO;Prefere não informar;SIM;ITAJAÍ;Brasil;NÃO;SUL;SC;1;0;0;1;0;;1;;18/07/2026 07:17
2026;Preta;SOLTEIRO;55 a 59 anos;MASCULINO;ENSINO MÉDIO INCOMPLETO;Cisgênero;NÃO;ITAJAÍ;Brasil;NÃO;SUL;SC;2;0;0;2;0;;2;;18/07/2026 07:17
2026;Preta;SOLTEIRO;55 a 59 anos;MASCULINO;LÊ E ESCREVE;Cisgênero;NÃO;ITAJAÍ;Brasil;NÃO;SUL;SC;1;0;0;1;0;;1;;18/07/2026 07:17
2026;Preta;SOLTEIRO;55 a 59 anos;MASCULINO;SUPERIOR COMPLETO;Cisgênero;NÃO;ITAJAÍ;Brasil;NÃO;SUL;SC;3;0;0;3;0;;3;;18/07/2026 07:17
2026;Preta;SOLTEIRO;60 a 64 anos;FEMININO;ANALFABETO;Cisgênero;NÃO;ITAJAÍ;Brasil;NÃO;SUL;SC;3;1;0;3;3;;0;;18/07/2026 07:17
2026;Preta;SOLTEIRO;60 a 64 anos;FEMININO;ENSINO FUNDAMENTAL COMPLETO;Cisgênero;NÃO;ITAJAÍ;Brasil;NÃO;SUL;SC;3;0;0;3;0;;3;;18/07/2026 07:17
2026;Preta;SOLTEIRO;60 a 64 anos;FEMININO;ENSINO FUNDAMENTAL INCOMPLETO;Cisgênero;NÃO;ITAJAÍ;Brasil;NÃO;SUL;SC;7;0;0;7;0;;7;;18/07/2026 07:17
2026;Preta;SOLTEIRO;60 a 64 anos;FEMININO;ENSINO FUNDAMENTAL INCOMPLETO;Prefere não informar;NÃO;ITAJAÍ;Brasil;NÃO;SUL;SC;1;0;0;1;0;;1;;18/07/2026 07:17
2026;Preta;SOLTEIRO;60 a 64 anos;FEMININO;ENSINO MÉDIO COMPLETO;Cisgênero;NÃO;ITAJAÍ;Brasil;NÃO;SUL;SC;5;0;0;5;0;;5;;18/07/2026 07:17
2026;Preta;SOLTEIRO;60 a 64 anos;FEMININO;ENSINO MÉDIO INCOMPLETO;Cisgênero;NÃO;ITAJAÍ;Brasil;NÃO;SUL;SC;5;0;0;5;0;;5;;18/07/2026 07:17
2026;Preta;SOLTEIRO;60 a 64 anos;FEMININO;LÊ E ESCREVE;Cisgênero;NÃO;ITAJAÍ;Brasil;NÃO;SUL;SC;1;0;0;1;0;;1;;18/07/2026 07:17
2026;Preta;SOLTEIRO;60 a 64 anos;MASCULINO;ANALFABETO;Cisgênero;NÃO;ITAJAÍ;Brasil;NÃO;SUL;SC;1;0;0;1;1;;0;;18/07/2026 07:17
2026;Preta;SOLTEIRO;60 a 64 anos;MASCULINO;ENSINO FUNDAMENTAL COMPLETO;Cisgênero;NÃO;ITAJAÍ;Brasil;NÃO;SUL;SC;1;0;0;1;0;;1;;18/07/2026 07:17
2026;Preta;SOLTEIRO;60 a 64 anos;MASCULINO;ENSINO FUNDAMENTAL INCOMPLETO;Cisgênero;NÃO;ITAJAÍ;Brasil;NÃO;SUL;SC;5;0;0;5;0;;5;;18/07/2026 07:17
2026;Preta;SOLTEIRO;60 a 64 anos;MASCULINO;ENSINO MÉDIO COMPLETO;Cisgênero;NÃO;ITAJAÍ;Brasil;NÃO;SUL;SC;3;0;0;3;0;;3;;18/07/2026 07:17
2026;Preta;SOLTEIRO;60 a 64 anos;MASCULINO;ENSINO MÉDIO INCOMPLETO;Cisgênero;NÃO;ITAJAÍ;Brasil;NÃO;SUL;SC;1;0;0;1;0;;1;;18/07/2026 07:17
2026;Preta;SOLTEIRO;60 a 64 anos;MASCULINO;LÊ E ESCREVE;Cisgênero;NÃO;ITAJAÍ;Brasil;NÃO;SUL;SC;1;0;0;1;0;;1;;18/07/2026 07:17
2026;Preta;SOLTEIRO;60 a 64 anos;MASCULINO;SUPERIOR INCOMPLETO;Cisgênero;NÃO;ITAJAÍ;Brasil;NÃO;SUL;SC;1;0;0;1;0;;1;;18/07/2026 07:17
2026;Preta;SOLTEIRO;65 a 69 anos;FEMININO;ANALFABETO;Cisgênero;NÃO;ITAJAÍ;Brasil;NÃO;SUL;SC;2;0;0;2;2;;0;;18/07/2026 07:17
2026;Preta;SOLTEIRO;65 a 69 anos;FEMININO;ENSINO FUNDAMENTAL INCOMPLETO;Cisgênero;NÃO;ITAJAÍ;Brasil;NÃO;SUL;SC;7;0;0;7;0;;7;;18/07/2026 07:17
2026;Preta;SOLTEIRO;65 a 69 anos;FEMININO;ENSINO MÉDIO COMPLETO;Cisgênero;NÃO;ITAJAÍ;Brasil;NÃO;SUL;SC;3;0;0;3;0;;3;;18/07/2026 07:17
2026;Preta;SOLTEIRO;65 a 69 anos;FEMININO;ENSINO MÉDIO INCOMPLETO;Cisgênero;NÃO;ITAJAÍ;Brasil;NÃO;SUL;SC;1;0;0;1;0;;1;;18/07/2026 07:17
2026;Preta;SOLTEIRO;65 a 69 anos;FEMININO;LÊ E ESCREVE;Cisgênero;NÃO;ITAJAÍ;Brasil;NÃO;SUL;SC;2;1;0;2;0;;2;;18/07/2026 07:17
2026;Preta;SOLTEIRO;65 a 69 anos;FEMININO;SUPERIOR COMPLETO;Cisgênero;NÃO;ITAJAÍ;Brasil;NÃO;SUL;SC;2;0;0;2;0;;2;;18/07/2026 07:17
2026;Preta;SOLTEIRO;65 a 69 anos;MASCULINO;ANALFABETO;Cisgênero;NÃO;ITAJAÍ;Brasil;NÃO;SUL;SC;1;0;0;1;1;;0;;18/07/2026 07:17
2026;Preta;SOLTEIRO;65 a 69 anos;MASCULINO;ENSINO FUNDAMENTAL INCOMPLETO;Cisgênero;NÃO;ITAJAÍ;Brasil;NÃO;SUL;SC;2;0;0;2;0;;2;;18/07/2026 07:17
2026;Preta;SOLTEIRO;65 a 69 anos;MASCULINO;ENSINO MÉDIO COMPLETO;Cisgênero;NÃO;ITAJAÍ;Brasil;NÃO;SUL;SC;1;0;0;1;0;;1;;18/07/2026 07:17
2026;Preta;SOLTEIRO;65 a 69 anos;MASCULINO;ENSINO MÉDIO INCOMPLETO;Cisgênero;NÃO;ITAJAÍ;Brasil;NÃO;SUL;SC;1;0;0;1;0;;1;;18/07/2026 07:17
2026;Preta;SOLTEIRO;70 a 74 anos;FEMININO;ENSINO FUNDAMENTAL INCOMPLETO;Cisgênero;NÃO;ITAJAÍ;Brasil;NÃO;SUL;SC;1;0;0;1;1;;0;;18/07/2026 07:17
2026;Preta;SOLTEIRO;70 a 74 anos;FEMININO;LÊ E ESCREVE;Cisgênero;NÃO;ITAJAÍ;Brasil;NÃO;SUL;SC;1;0;0;1;1;;0;;18/07/2026 07:17
2026;Preta;SOLTEIRO;70 a 74 anos;FEMININO;SUPERIOR INCOMPLETO;Cisgênero;NÃO;ITAJAÍ;Brasil;NÃO;SUL;SC;1;0;0;1;1;;0;;18/07/2026 07:17
2026;Preta;SOLTEIRO;70 a 74 anos;MASCULINO;ANALFABETO;Cisgênero;NÃO;ITAJAÍ;Brasil;NÃO;SUL;SC;1;1;0;1;1;;0;;18/07/2026 07:17
2026;Preta;SOLTEIRO;70 a 74 anos;MASCULINO;ENSINO FUNDAMENTAL INCOMPLETO;Cisgênero;NÃO;ITAJAÍ;Brasil;NÃO;SUL;SC;4;1;0;4;4;;0;;18/07/2026 07:17
2026;Preta;SOLTEIRO;70 a 74 anos;MASCULINO;ENSINO MÉDIO INCOMPLETO;Cisgênero;NÃO;ITAJAÍ;Brasil;NÃO;SUL;SC;1;0;0;1;1;;0;;18/07/2026 07:17
2026;Preta;SOLTEIRO;75 a 79 anos;FEMININO;ENSINO FUNDAMENTAL INCOMPLETO;Cisgênero;NÃO;ITAJAÍ;Brasil;NÃO;SUL;SC;1;0;0;1;1;;0;;18/07/2026 07:17
2026;Preta;SOLTEIRO;75 a 79 anos;MASCULINO;ENSINO MÉDIO COMPLETO;Cisgênero;NÃO;ITAJAÍ;Brasil;NÃO;SUL;SC;1;0;0;1;1;;0;;18/07/2026 07:17
2026;Preta;SOLTEIRO;80 a 84 anos;FEMININO;ANALFABETO;Cisgênero;NÃO;ITAJAÍ;Brasil;NÃO;SUL;SC;1;0;0;1;1;;0;;18/07/2026 07:17
2026;Preta;VIÚVO;35 a 39 anos;MASCULINO;ENSINO FUNDAMENTAL INCOMPLETO;Cisgênero;NÃO;ITAJAÍ;Brasil;NÃO;SUL;SC;1;0;0;1;0;;1;;18/07/2026 07:17
2026;Preta;VIÚVO;45 a 49 anos;FEMININO;ENSINO FUNDAMENTAL INCOMPLETO;Cisgênero;NÃO;ITAJAÍ;Brasil;NÃO;SUL;SC;1;0;0;1;0;;1;;18/07/2026 07:17
2026;Preta;VIÚVO;45 a 49 anos;FEMININO;ENSINO MÉDIO COMPLETO;Cisgênero;NÃO;ITAJAÍ;Brasil;NÃO;SUL;SC;1;0;0;1;0;;1;;18/07/2026 07:17
2026;Preta;VIÚVO;45 a 49 anos;FEMININO;SUPERIOR COMPLETO;Cisgênero;NÃO;ITAJAÍ;Brasil;NÃO;SUL;SC;1;0;0;1;0;;1;;18/07/2026 07:17
2026;Preta;VIÚVO;45 a 49 anos;FEMININO;SUPERIOR INCOMPLETO;Cisgênero;NÃO;ITAJAÍ;Brasil;NÃO;SUL;SC;1;0;0;1;0;;1;;18/07/2026 07:17
2026;Preta;VIÚVO;45 a 49 anos;MASCULINO;ENSINO FUNDAMENTAL INCOMPLETO;Cisgênero;NÃO;ITAJAÍ;Brasil;NÃO;SUL;SC;1;0;0;1;0;;1;;18/07/2026 07:17
2026;Preta;VIÚVO;50 a 54 anos;FEMININO;ENSINO MÉDIO COMPLETO;Cisgênero;NÃO;ITAJAÍ;Brasil;NÃO;SUL;SC;1;0;0;1;0;;1;;18/07/2026 07:17
2026;Preta;VIÚVO;50 a 54 anos;MASCULINO;ENSINO FUNDAMENTAL COMPLETO;Cisgênero;NÃO;ITAJAÍ;Brasil;NÃO;SUL;SC;1;0;0;1;0;;1;;18/07/2026 07:17
2026;Preta;VIÚVO;50 a 54 anos;MASCULINO;ENSINO FUNDAMENTAL INCOMPLETO;Cisgênero;NÃO;ITAJAÍ;Brasil;NÃO;SUL;SC;1;1;0;1;0;;1;;18/07/2026 07:17
2026;Preta;VIÚVO;50 a 54 anos;MASCULINO;ENSINO MÉDIO COMPLETO;Cisgênero;NÃO;ITAJAÍ;Brasil;NÃO;SUL;SC;1;0;0;1;0;;1;;18/07/2026 07:17
2026;Preta;VIÚVO;55 a 59 anos;FEMININO;ENSINO FUNDAMENTAL INCOMPLETO;Cisgênero;NÃO;ITAJAÍ;Brasil;NÃO;SUL;SC;2;0;0;2;0;;2;;18/07/2026 07:17
2026;Preta;VIÚVO;55 a 59 anos;FEMININO;ENSINO MÉDIO COMPLETO;Cisgênero;NÃO;ITAJAÍ;Brasil;NÃO;SUL;SC;1;0;0;1;0;;1;;18/07/2026 07:17
2026;Preta;VIÚVO;55 a 59 anos;FEMININO;ENSINO MÉDIO COMPLETO;Prefere não informar;NÃO;ITAJAÍ;Brasil;NÃO;SUL;SC;1;0;0;1;0;;1;;18/07/2026 07:17
2026;Preta;VIÚVO;55 a 59 anos;FEMININO;SUPERIOR COMPLETO;Transgênero;NÃO;ITAJAÍ;Brasil;NÃO;SUL;SC;1;0;0;1;0;;1;;18/07/2026 07:17
2026;Preta;VIÚVO;60 a 64 anos;FEMININO;ENSINO FUNDAMENTAL COMPLETO;Cisgênero;NÃO;ITAJAÍ;Brasil;NÃO;SUL;SC;2;0;0;2;0;;2;;18/07/2026 07:17
2026;Preta;VIÚVO;60 a 64 anos;FEMININO;ENSINO FUNDAMENTAL INCOMPLETO;Cisgênero;NÃO;ITAJAÍ;Brasil;NÃO;SUL;SC;1;0;0;1;0;;1;;18/07/2026 07:17
2026;Preta;VIÚVO;60 a 64 anos;FEMININO;ENSINO FUNDAMENTAL INCOMPLETO;Prefere não informar;NÃO;ITAJAÍ;Brasil;NÃO;SUL;SC;1;0;0;1;0;;1;;18/07/2026 07:17
2026;Preta;VIÚVO;60 a 64 anos;FEMININO;ENSINO MÉDIO COMPLETO;Cisgênero;NÃO;ITAJAÍ;Brasil;NÃO;SUL;SC;1;0;0;1;0;;1;;18/07/2026 07:17
2026;Preta;VIÚVO;65 a 69 anos;FEMININO;ANALFABETO;Cisgênero;NÃO;ITAJAÍ;Brasil;NÃO;SUL;SC;1;0;0;1;1;;0;;18/07/2026 07:17
2026;Preta;VIÚVO;65 a 69 anos;FEMININO;ENSINO FUNDAMENTAL INCOMPLETO;Cisgênero;NÃO;ITAJAÍ;Brasil;NÃO;SUL;SC;4;1;0;4;0;;4;;18/07/2026 07:17
2026;Preta;VIÚVO;65 a 69 anos;FEMININO;ENSINO MÉDIO COMPLETO;Cisgênero;NÃO;ITAJAÍ;Brasil;NÃO;SUL;SC;1;0;0;1;0;;1;;18/07/2026 07:17
2026;Preta;VIÚVO;65 a 69 anos;FEMININO;LÊ E ESCREVE;Cisgênero;NÃO;ITAJAÍ;Brasil;NÃO;SUL;SC;1;0;0;1;0;;1;;18/07/2026 07:17
2026;Preta;VIÚVO;65 a 69 anos;MASCULINO;ENSINO FUNDAMENTAL INCOMPLETO;Cisgênero;NÃO;ITAJAÍ;Brasil;NÃO;SUL;SC;1;0;0;1;0;;1;;18/07/2026 07:17
2026;Preta;VIÚVO;65 a 69 anos;MASCULINO;ENSINO MÉDIO INCOMPLETO;Cisgênero;NÃO;ITAJAÍ;Brasil;NÃO;SUL;SC;1;1;0;1;0;;1;;18/07/2026 07:17
2026;Preta;VIÚVO;65 a 69 anos;MASCULINO;SUPERIOR INCOMPLETO;Cisgênero;NÃO;ITAJAÍ;Brasil;NÃO;SUL;SC;1;0;0;1;0;;1;;18/07/2026 07:17
2026;Preta;VIÚVO;70 a 74 anos;FEMININO;ENSINO FUNDAMENTAL INCOMPLETO;Cisgênero;NÃO;ITAJAÍ;Brasil;NÃO;SUL;SC;4;0;0;4;4;;0;;18/07/2026 07:17
2026;Preta;VIÚVO;70 a 74 anos;FEMININO;ENSINO MÉDIO COMPLETO;Cisgênero;NÃO;ITAJAÍ;Brasil;NÃO;SUL;SC;1;0;0;1;1;;0;;18/07/2026 07:17
2026;Preta;VIÚVO;70 a 74 anos;MASCULINO;ENSINO FUNDAMENTAL COMPLETO;Cisgênero;NÃO;ITAJAÍ;Brasil;NÃO;SUL;SC;1;0;0;1;1;;0;;18/07/2026 07:17
2026;Preta;VIÚVO;70 a 74 anos;MASCULINO;ENSINO FUNDAMENTAL INCOMPLETO;Cisgênero;NÃO;ITAJAÍ;Brasil;NÃO;SUL;SC;1;0;0;1;1;;0;;18/07/2026 07:17
2026;Preta;VIÚVO;70 a 74 anos;MASCULINO;ENSINO MÉDIO COMPLETO;Cisgênero;NÃO;ITAJAÍ;Brasil;NÃO;SUL;SC;1;0;0;1;1;;0;;18/07/2026 07:17
2026;Preta;VIÚVO;75 a 79 anos;FEMININO;ANALFABETO;Cisgênero;NÃO;ITAJAÍ;Brasil;NÃO;SUL;SC;1;0;0;1;1;;0;;18/07/2026 07:17
2026;Preta;VIÚVO;75 a 79 anos;FEMININO;ENSINO FUNDAMENTAL INCOMPLETO;Cisgênero;NÃO;ITAJAÍ;Brasil;NÃO;SUL;SC;1;0;0;1;1;;0;;18/07/2026 07:17
2026;Preta;VIÚVO;75 a 79 anos;MASCULINO;ENSINO FUNDAMENTAL INCOMPLETO;Cisgênero;NÃO;ITAJAÍ;Brasil;NÃO;SUL;SC;2;1;0;2;2;;0;;18/07/2026 07:17
2026;Preta;VIÚVO;80 a 84 anos;FEMININO;ANALFABETO;Cisgênero;NÃO;ITAJAÍ;Brasil;NÃO;SUL;SC;1;1;0;1;1;;0;;18/07/2026 07:17
2026;Preta;VIÚVO;80 a 84 anos;FEMININO;ENSINO FUNDAMENTAL INCOMPLETO;Cisgênero;NÃO;ITAJAÍ;Brasil;NÃO;SUL;SC;1;0;0;1;1;;0;;18/07/2026 07:17
2026;Preta;VIÚVO;80 a 84 anos;FEMININO;ENSINO MÉDIO COMPLETO;Cisgênero;NÃO;ITAJAÍ;Brasil;NÃO;SUL;SC;1;0;0;1;1;;0;;18/07/2026 07:17
2026;Preta;VIÚVO;80 a 84 anos;FEMININO;SUPERIOR COMPLETO;Cisgênero;NÃO;ITAJAÍ;Brasil;NÃO;SUL;SC;1;0;0;1;1;;0;;18/07/2026 07:17
2026;Preta;VIÚVO;85 a 89 anos;FEMININO;ENSINO FUNDAMENTAL INCOMPLETO;Cisgênero;NÃO;ITAJAÍ;Brasil;NÃO;SUL;SC;1;0;0;1;1;;0;;18/07/2026 07:17
2026;Preta;VIÚVO;85 a 89 anos;FEMININO;SUPERIOR COMPLETO;Cisgênero;NÃO;ITAJAÍ;Brasil;NÃO;SUL;SC;1;0;0;1;1;;0;;18/07/2026 07:17
2026;Preta;VIÚVO;85 a 89 anos;MASCULINO;ENSINO FUNDAMENTAL INCOMPLETO;Cisgênero;NÃO;ITAJAÍ;Brasil;NÃO;SUL;SC;1;0;0;1;1;;0;;18/07/2026 07:17
